CustomerID,Max_InvoiceDate,CountDistinct(InvoiceDate),AVG(Revenue),Recency,Frequency,Monetary,RFM_Score
,40886.43,276,17.11,5,5,3,553
12346,40561.43,2,0.00,1,2,1,121
12347,40884.66,7,23.68,5,4,4,544
12348,40811.55,4,57.98,2,3,5,235
12349,40868.41,1,24.08,4,0,4,404
12350,40576.67,1,19.67,1,0,4,104
12352,40850.61,11,16.60,3,5,3,353
12353,40682.74,1,22.25,1,0,4,104
12354,40654.55,1,18.61,1,0,3,103
12355,40672.58,1,35.34,1,0,5,105
12356,40864.36,3,47.65,4,3,5,435
12357,40853.67,1,46.75,3,0,5,305
12358,40885.43,2,61.48,5,2,5,525
12359,40879.47,6,24.59,5,4,4,544
12360,40834.64,3,20.64,3,3,4,334
12361,40599.58,1,18.99,1,0,4,104
12362,40883.65,13,19.08,5,5,4,554
12363,40777.43,2,24.00,2,2,4,224
12364,40879.43,4,15.45,5,3,2,532
12365,40595.59,3,13.94,1,3,2,132
12367,40882.70,1,15.35,5,0,2,502
12370,40835.62,4,21.34,3,3,4,334
12371,40842.43,2,29.97,3,2,5,325
12372,40815.51,3,24.96,2,3,4,234
12373,40575.55,1,26.04,1,0,4,104
12374,40861.65,1,22.51,4,0,4,404
12375,40884.48,3,25.30,5,3,4,534
12377,40571.66,2,21.14,1,2,4,124
12378,40757.44,1,18.30,2,0,3,203
12379,40805.42,3,20.74,2,3,4,234
12380,40865.48,5,25.91,4,4,4,444
12381,40882.53,6,20.21,5,4,4,544
12383,40702.33,6,18.39,1,4,3,143
12384,40858.36,3,18.87,4,3,4,434
12386,40549.53,2,40.19,1,2,5,125
12388,40871.52,6,27.81,4,4,5,445
12390,40807.40,1,17.18,2,0,3,203
12391,40865.50,1,4.73,4,0,1,401
12393,40814.65,4,24.73,2,3,4,234
12394,40823.34,2,47.13,3,2,5,325
12395,40871.51,15,18.86,4,5,3,453
12397,40851.41,2,19.13,3,2,4,324
12398,40841.44,1,19.24,3,0,4,304
12399,40767.55,4,18.79,2,3,3,233
12401,40583.58,1,16.86,1,0,3,103
12402,40563.58,1,20.51,1,0,4,104
12403,40837.46,2,85.54,3,2,5,325
12405,40738.37,1,31.67,2,0,5,205
12406,40864.81,3,30.38,4,3,5,435
12407,40837.42,5,22.18,3,4,4,344
12408,40854.52,9,25.51,3,5,4,354
12409,40808.44,7,96.99,2,4,5,245
12410,40585.66,3,24.32,1,3,4,134
12412,40812.43,3,20.11,2,3,4,234
12413,40820.38,5,19.18,3,4,4,344
12414,40669.62,3,31.25,1,3,5,135
12415,40862.60,25,160.21,4,5,5,455
12417,40883.62,12,18.07,5,5,3,553
12418,40774.46,1,19.66,2,0,4,204
12420,40823.37,1,20.70,3,0,4,304
12421,40871.38,5,17.53,4,4,3,443
12422,40791.41,3,20.60,2,3,4,234
12423,40886.42,9,14.68,5,5,2,552
12424,40724.50,1,58.70,2,0,5,205
12425,40808.73,1,21.59,2,0,4,204
12426,40692.52,1,19.42,1,0,4,104
12427,40875.45,5,21.83,4,4,4,444
12428,40861.35,12,26.48,4,5,4,454
12429,40877.72,4,38.51,5,3,5,535
12430,40843.63,1,23.31,3,0,4,304
12431,40851.50,18,26.56,3,5,4,354
12432,40844.49,5,46.85,3,4,5,345
12433,40886.42,7,32.01,5,4,5,545
12434,40802.53,4,14.17,2,3,2,232
12435,40807.38,2,217.50,2,2,5,225
12436,40787.51,1,31.81,2,0,5,205
12437,40885.48,19,24.36,5,5,4,554
12438,40872.56,2,29.66,4,2,5,425
12441,40520.45,1,15.78,1,0,3,103
12442,40883.60,1,14.34,5,0,2,502
12444,40865.56,5,28.28,4,4,5,445
12445,40864.78,1,33.35,4,0,5,405
12446,40829.53,1,17.28,3,0,3,303
12447,40643.56,1,18.33,1,0,3,103
12448,40842.57,1,20.43,3,0,4,304
12449,40864.57,4,21.29,4,3,4,434
12450,40730.61,2,24.74,2,2,4,224
12451,40876.36,6,25.52,5,4,4,544
12452,40870.44,3,19.57,4,3,4,434
12453,40752.59,1,16.44,2,0,3,203
12454,40833.63,2,52.88,3,2,5,325
12455,40813.65,6,27.41,2,4,5,245
12456,40842.61,4,24.45,3,3,4,334
12457,40828.57,11,31.30,3,5,5,355
12458,40815.64,2,24.93,2,2,4,224
12461,40792.71,2,23.63,2,2,4,224
12462,40884.58,4,15.61,5,3,3,533
12463,40840.57,7,15.05,3,4,2,342
12464,40876.56,8,41.79,5,5,5,555
12465,40879.48,3,14.39,5,3,2,532
12468,40743.57,3,18.10,2,3,3,233
12471,40884.65,49,35.86,5,5,5,555
12472,40856.48,13,16.02,4,5,3,453
12473,40857.58,9,16.24,4,5,3,453
12474,40869.61,30,15.86,4,5,3,453
12475,40833.42,1,20.09,3,0,4,304
12476,40885.59,20,24.80,5,5,4,554
12477,40864.41,9,42.59,4,5,5,455
12478,40883.41,1,18.92,5,0,4,504
12479,40883.39,3,16.17,5,3,3,533
12480,40858.62,4,21.31,4,3,4,434
12481,40864.35,11,25.69,4,5,4,454
12483,40869.71,13,30.98,4,5,5,455
12484,40854.48,8,12.85,3,5,2,352
12488,40877.37,3,23.61,5,3,4,534
12489,40550.55,1,22.33,1,0,4,104
12490,40881.67,10,22.11,5,5,4,554
12491,40848.51,1,17.71,3,0,3,303
12492,40823.64,2,13.16,3,2,2,322
12493,40721.43,3,18.12,2,3,3,233
12494,40877.39,12,13.94,5,5,2,552
12497,40805.52,1,74.51,2,0,5,205
12498,40865.54,3,17.55,4,3,3,433
12500,40863.68,13,66.00,4,5,5,455
12501,40571.58,2,13.33,1,2,2,122
12502,40791.49,5,25.33,2,4,4,244
12503,40549.49,1,,1,0,1,101
12504,40868.67,4,24.46,4,3,4,434
12505,40585.57,1,-4.50,1,0,1,101
12506,40654.37,1,3.20,1,0,1,101
12507,40752.71,4,54.70,2,3,5,235
12508,40860.65,2,5.85,4,2,1,421
12509,40602.61,1,25.21,1,0,4,104
12510,40744.43,2,29.77,2,2,5,225
12512,40820.62,2,4.06,3,2,1,321
12513,40802.53,2,16.30,2,2,3,223
12514,40619.69,1,19.95,1,0,4,104
12515,40533.65,1,23.98,1,0,4,104
12516,40809.38,2,50.46,2,2,5,225
12517,40858.59,6,8.70,4,4,1,441
12518,40886.43,5,16.50,5,4,3,543
12519,40823.39,1,18.94,3,0,4,304
12520,40807.64,6,16.66,2,4,3,243
12521,40744.45,1,15.78,2,0,3,203
12522,40847.65,2,16.06,3,2,3,323
12523,40885.49,13,16.24,5,5,3,553
12524,40877.65,8,31.15,5,5,5,555
12526,40886.51,3,18.54,5,3,3,533
12527,40805.50,3,19.37,2,3,4,234
12528,40877.61,8,20.50,5,5,4,554
12530,40827.52,5,23.88,3,4,4,344
12531,40872.47,1,7.37,4,0,1,401
12532,40856.57,1,21.86,4,0,4,404
12534,40756.43,1,17.29,2,0,3,203
12535,40795.37,2,21.07,2,2,4,224
12536,40879.53,5,15.04,5,4,2,542
12538,40857.72,1,17.33,4,0,3,403
12539,40864.56,5,14.06,4,4,2,442
12540,40867.48,19,27.67,4,5,5,455
12541,40857.44,3,18.87,4,3,4,434
12544,40857.47,2,19.62,4,2,4,424
12545,40811.57,2,20.01,2,2,4,224
12546,40840.51,3,16.83,3,3,3,333
12547,40689.53,2,25.98,1,2,4,124
12548,40720.65,1,19.04,2,0,4,204
12550,40807.61,1,16.93,2,0,3,203
12551,40529.47,1,16.80,1,0,3,103
12552,40848.42,2,21.79,3,2,4,324
12553,40878.69,14,18.59,5,5,3,553
12556,40836.55,2,5.04,3,2,1,321
12557,40870.71,5,363.36,4,4,5,445
12558,40885.43,2,3.15,5,2,1,521
12559,40576.41,3,24.37,1,3,4,134
12560,40881.58,4,18.93,5,3,4,534
12561,40584.49,1,14.93,1,0,2,102
12562,40878.72,7,22.51,5,4,4,544
12564,40625.62,1,21.76,1,0,4,104
12565,40605.49,2,13.12,1,2,2,122
12566,40814.41,2,17.34,2,2,3,223
12567,40864.46,11,20.00,4,5,4,454
12569,40884.68,33,21.70,5,5,4,554
12571,40847.43,2,15.28,3,2,2,322
12572,40878.39,3,16.21,5,3,3,533
12573,40659.66,1,5.73,1,0,1,101
12574,40571.39,1,19.86,1,0,4,104
12576,40851.42,6,14.69,3,4,2,342
12577,40851.56,4,3.84,3,3,1,331
12578,40865.56,4,22.94,4,3,4,434
12579,40813.58,3,14.29,2,3,2,232
12580,40640.43,1,17.32,1,0,3,103
12581,40847.37,1,13.18,3,0,2,302
12582,40648.36,2,23.24,1,2,4,124
12583,40884.34,18,28.82,5,5,5,555
12584,40883.40,18,15.55,5,5,3,553
12585,40652.57,4,20.83,1,3,4,134
12586,40869.68,2,17.90,4,2,3,423
12587,40879.53,1,36.00,5,0,5,505
12588,40847.63,1,21.49,3,0,4,304
12589,40858.43,2,18.48,4,2,3,423
12590,40696.60,3,140.88,1,3,5,135
12591,40569.61,1,17.42,1,0,3,103
12592,40794.63,2,24.31,2,2,4,224
12593,40778.53,3,19.91,2,3,4,234
12594,40849.51,11,28.29,3,5,5,355
12596,40835.54,2,22.90,3,2,4,324
12597,40867.56,5,17.21,4,4,3,443
12598,40877.51,9,22.58,5,5,4,554
12599,40857.57,7,16.65,4,4,3,443
12600,40858.44,11,40.61,4,5,5,455
12601,40697.43,6,19.64,1,4,4,144
12602,40828.47,1,12.76,3,0,2,302
12603,40865.45,1,246.40,4,0,5,405
12604,40807.59,2,15.89,2,2,3,223
12605,40521.65,1,-2.50,1,0,1,101
12607,40828.68,2,2.33,3,2,1,321
12609,40808.69,3,18.78,2,3,3,233
12610,40864.40,7,18.54,4,4,3,443
12611,40834.55,1,18.36,3,0,3,303
12612,40829.51,2,30.65,3,2,5,325
12613,40855.56,6,19.75,4,4,4,444
12614,40609.43,1,15.78,1,0,3,103
12615,40884.63,4,21.82,5,3,4,534
12616,40801.71,5,18.26,2,4,3,243
12617,40857.61,1,8.61,4,0,1,401
12618,40865.47,1,16.12,4,0,3,403
12619,40870.62,13,33.84,4,5,5,455
12620,40872.43,3,14.56,4,3,2,432
12621,40885.48,23,28.72,5,5,5,555
12622,40654.69,1,16.37,1,0,3,103
12623,40610.58,1,16.95,1,0,3,103
12624,40780.63,2,16.87,2,2,3,223
12625,40675.41,3,29.25,1,3,5,135
12626,40863.67,13,21.30,4,5,4,454
12627,40876.50,7,19.47,5,4,4,544
12628,40882.55,4,17.90,5,3,3,533
12630,40877.45,2,19.82,5,2,4,524
12631,40829.58,1,20.66,3,0,4,304
12633,40828.49,5,20.78,3,4,4,344
12635,40797.46,2,16.72,2,2,3,223
12637,40819.57,11,15.35,3,5,2,352
12638,40853.55,1,17.22,3,0,3,303
12639,40648.53,1,22.10,1,0,4,104
12640,40863.49,3,22.16,4,3,4,434
12641,40771.56,1,18.59,2,0,3,203
12642,40861.63,3,21.56,4,3,4,434
12643,40758.54,6,139.36,2,4,5,245
12644,40757.44,1,15.42,2,0,2,202
12645,40853.53,5,23.72,3,4,4,344
12646,40882.43,2,29.93,5,2,5,525
12647,40864.54,13,29.03,4,5,5,455
12648,40732.50,1,15.15,2,0,2,202
12649,40779.61,4,18.29,2,3,3,233
12650,40883.69,1,15.72,5,0,3,503
12651,40552.53,1,12.67,1,0,2,102
12652,40564.71,2,17.93,1,2,3,123
12653,40738.45,2,51.39,2,2,5,225
12654,40876.42,5,15.84,5,4,3,543
12656,40869.57,8,30.64,4,5,5,455
12657,40875.66,5,25.40,5,4,4,544
12658,40868.43,1,19.06,4,0,4,404
12659,40857.50,1,18.34,4,0,3,403
12660,40875.56,1,18.85,5,0,3,503
12662,40886.50,12,16.45,5,5,3,553
12664,40878.71,10,131.94,5,5,5,555
12665,40562.36,2,15.44,1,2,2,122
12666,40527.61,1,-91.44,1,0,1,101
12667,40828.71,1,18.79,3,0,3,303
12668,40879.63,6,22.50,5,4,4,544
12669,40736.41,4,15.76,2,3,3,233
12670,40876.64,6,31.77,5,4,5,545
12672,40557.39,1,22.59,1,0,4,104
12673,40881.58,2,14.54,5,2,2,522
12674,40875.52,7,21.94,4,4,4,444
12676,40862.52,6,29.59,4,4,5,445
12678,40844.54,13,106.04,3,5,5,355
12679,40834.57,9,18.90,3,5,4,354
12680,40886.53,4,16.59,5,3,3,533
12681,40872.48,27,21.29,4,5,4,454
12682,40883.42,31,23.43,5,5,4,554
12683,40882.69,20,22.98,5,5,4,554
12684,40879.41,7,21.75,5,4,4,544
12685,40858.57,6,18.24,4,4,3,443
12686,40515.41,1,12.73,1,0,2,102
12688,40773.37,1,28.50,2,0,5,205
12689,40861.35,2,17.33,4,2,3,423
12690,40681.38,1,24.31,1,0,4,104
12691,40858.70,6,32.37,4,4,5,445
12693,40766.39,6,21.15,2,4,4,244
12694,40816.55,2,23.50,3,2,4,324
12695,40879.56,4,21.56,5,3,4,534
12697,40865.68,5,21.84,4,4,4,444
12700,40879.45,6,18.43,5,4,3,543
12701,40807.45,2,15.05,2,2,2,222
12702,40867.44,1,18.25,4,0,3,403
12703,40822.81,2,12.49,3,2,2,322
12704,40879.55,10,26.60,5,5,4,554
12705,40871.55,14,19.58,4,5,4,454
12707,40595.36,1,18.29,1,0,3,103
12708,40857.41,16,15.04,4,5,2,452
12709,40883.70,26,36.19,5,5,5,555
12710,40790.50,4,14.31,2,3,2,232
12712,40864.39,17,31.77,4,5,5,455
12713,40886.51,1,21.89,5,0,4,504
12714,40877.65,5,18.18,5,4,3,543
12715,40780.64,1,16.85,2,0,3,203
12716,40883.37,2,15.27,5,2,2,522
12717,40735.62,3,18.75,2,3,3,233
12718,40815.69,1,12.54,2,0,2,202
12719,40881.57,3,14.48,5,3,2,532
12720,40884.34,29,16.01,5,5,3,553
12721,40855.51,7,16.03,3,4,3,343
12722,40801.62,6,15.87,2,4,3,243
12723,40883.43,5,10.51,5,4,2,542
12724,40881.67,4,19.46,5,3,4,534
12725,40515.66,1,17.83,1,0,3,103
12726,40858.57,7,21.04,4,4,4,444
12727,40876.49,9,28.64,5,5,5,555
12728,40815.65,4,18.18,2,3,3,233
12729,40773.49,1,17.42,2,0,3,203
12731,40863.50,14,68.65,4,5,5,455
12732,40707.48,1,19.69,1,0,4,104
12733,40652.68,1,17.45,1,0,3,103
12734,40534.53,1,27.60,1,0,5,105
12735,40571.57,2,18.13,1,2,3,123
12736,40554.33,1,58.50,1,0,5,105
12738,40514.77,1,14.12,1,0,2,102
12739,40808.54,2,26.66,2,2,4,224
12740,40823.45,1,15.84,3,0,3,303
12743,40752.68,2,4.12,2,2,1,221
12744,40835.47,10,39.83,3,5,5,355
12747,40884.61,11,40.74,5,5,5,555
12748,40886.51,225,6.95,5,5,1,551
12749,40883.41,8,16.75,5,5,3,553
12750,40758.38,1,18.39,2,0,3,203
12752,40805.56,1,82.39,2,0,5,205
12753,40883.49,11,93.23,5,5,5,555
12754,40651.38,6,45.37,1,4,5,145
12755,40637.43,4,367.20,1,3,5,135
12756,40800.40,1,28.02,2,0,5,205
12757,40871.52,19,11.35,4,5,2,452
12758,40770.43,2,28.78,2,2,5,225
12759,40834.62,3,16.12,3,3,3,333
12762,40879.43,2,27.48,5,2,5,525
12763,40748.59,2,27.45,2,2,5,225
12764,40570.43,1,37.64,1,0,5,105
12766,40883.37,7,22.55,5,4,4,544
12769,40648.43,1,35.74,1,0,5,105
12770,40676.40,1,112.62,1,0,5,105
12772,40827.39,1,16.23,3,0,3,303
12775,40869.69,6,20.17,4,4,4,444
12778,40867.49,7,16.44,4,4,3,443
12779,40865.72,12,24.64,4,5,4,454
12781,40865.66,5,24.54,4,4,4,444
12782,40882.39,6,21.87,5,4,4,544
12783,40884.66,8,18.65,5,5,3,553
12784,40877.65,2,9.35,5,2,2,522
12785,40884.53,2,20.38,5,2,4,524
12787,40877.36,3,23.18,5,3,4,534
12789,40821.57,1,22.96,3,0,4,304
12790,40694.59,1,15.47,1,0,2,102
12791,40513.48,1,96.30,0,0,5,5
12792,40630.48,1,16.02,1,0,3,103
12793,40552.51,2,22.73,1,2,4,124
12794,40833.62,2,19.12,3,2,4,324
12795,40868.44,1,30.75,4,0,5,405
12797,40526.68,3,17.08,1,3,3,133
12798,40876.66,3,872.13,5,3,5,535
12802,40703.41,2,17.10,1,2,3,123
12808,40850.42,3,17.27,3,3,3,333
12809,40718.64,2,18.63,2,2,3,223
12811,40626.40,3,16.61,1,3,3,133
12812,40842.41,1,15.31,3,0,2,302
12814,40785.51,1,62.96,2,0,5,205
12815,40739.43,2,22.63,2,2,4,224
12816,40791.53,2,19.73,2,2,4,224
12817,40605.69,1,41.51,1,0,5,105
12818,40708.58,2,94.87,1,2,5,125
12820,40883.63,4,15.97,5,3,3,533
12821,40672.66,1,15.45,1,0,2,102
12822,40816.42,3,19.55,3,3,4,334
12823,40812.32,5,351.90,2,4,5,245
12824,40827.53,1,15.88,3,0,3,303
12826,40884.43,8,15.62,5,5,3,553
12827,40881.51,3,17.21,5,3,3,533
12828,40884.36,6,18.19,5,4,3,543
12829,40564.54,3,21.09,1,3,4,134
12830,40849.50,7,173.04,3,4,5,345
12831,40624.54,1,23.89,1,0,4,104
12832,40854.56,2,14.19,3,2,2,322
12833,40741.57,1,17.39,2,0,3,203
12834,40604.41,1,17.35,1,0,3,103
12836,40827.63,5,14.93,3,4,2,342
12837,40713.67,1,11.18,2,0,2,202
12838,40853.51,2,5.56,3,2,1,321
12839,40884.52,16,17.63,5,5,3,553
12840,40743.40,6,23.40,2,4,4,244
12841,40882.47,25,8.86,5,5,1,551
12842,40816.65,2,32.91,3,2,5,325
12843,40821.51,9,15.56,3,5,3,353
12844,40857.56,2,6.27,4,2,1,421
12845,40619.57,4,13.11,1,3,2,132
12847,40864.55,1,10.03,4,0,2,402
12849,40855.57,2,21.05,4,2,4,424
12851,40790.53,1,2.70,2,0,1,201
12852,40596.62,2,14.99,1,2,2,122
12853,40779.46,9,23.59,2,5,4,254
12854,40808.51,5,11.21,2,4,2,242
12855,40514.40,1,12.70,1,0,2,102
12856,40879.45,8,6.83,5,5,1,551
12857,40676.43,2,24.05,1,2,4,124
12863,40834.59,2,104.24,3,2,5,325
12864,40748.54,1,49.04,2,0,5,205
12865,40860.60,3,16.13,4,3,3,433
12866,40603.59,1,21.50,1,0,4,104
12867,40860.65,10,7.22,4,5,1,451
12868,40701.45,6,15.02,1,4,2,142
12870,40520.60,1,-7.45,1,0,1,101
12871,40802.63,2,34.60,2,2,5,225
12872,40560.45,2,9.09,1,2,2,122
12873,40604.62,1,93.50,1,0,5,105
12875,40743.65,2,171.62,2,2,5,225
12876,40829.52,2,26.09,3,2,4,324
12877,40883.44,12,9.79,5,5,2,552
12878,40868.60,3,17.18,4,3,3,433
12879,40842.52,4,46.05,3,3,5,335
12881,40611.49,1,42.57,1,0,5,105
12882,40877.68,2,112.54,5,2,5,525
12883,40862.40,4,16.75,4,3,3,433
12884,40798.55,1,44.15,2,0,5,205
12885,40823.57,4,16.09,3,3,3,333
12886,40819.42,3,15.95,3,3,3,333
12888,40672.67,4,44.82,1,3,5,135
12890,40862.73,1,4.77,4,0,1,401
12891,40701.52,3,110.33,1,3,5,135
12893,40856.52,1,5.70,4,0,1,401
12895,40844.58,3,15.84,3,3,3,333
12897,40682.51,2,54.13,1,2,5,125
12901,40878.42,36,136.20,5,5,5,555
12902,40622.50,1,13.87,1,0,2,102
12904,40868.61,2,6.99,4,2,1,421
12906,40875.41,4,46.35,4,3,5,435
12908,40828.42,4,375.00,3,3,5,335
12909,40847.53,8,22.18,3,5,4,354
12910,40863.60,8,41.00,4,5,5,455
12912,40884.37,5,69.26,5,4,5,545
12913,40882.51,5,49.67,5,4,5,545
12915,40738.48,2,16.53,2,2,3,223
12916,40748.44,5,27.82,2,4,5,245
12917,40758.70,1,297.00,2,0,5,205
12919,40878.57,8,25.03,5,5,4,554
12920,40869.63,1,6.03,4,0,1,401
12921,40883.41,49,22.12,5,5,4,554
12922,40725.65,1,14.48,2,0,2,202
12923,40822.68,1,6.10,3,0,1,301
12924,40798.58,5,30.00,2,4,5,245
12925,40882.47,2,15.42,5,2,2,522
12928,40851.60,5,24.56,3,4,4,344
12929,40764.60,2,11.68,2,2,2,222
12930,40808.64,4,15.18,2,3,2,232
12931,40865.53,20,365.51,4,5,5,455
12933,40862.69,4,5.67,4,3,1,431
12935,40884.73,8,16.59,5,5,3,553
12936,40869.73,5,17.16,4,4,3,443
12937,40871.63,4,12.54,4,3,2,432
12938,40861.47,1,12.68,4,0,2,402
12939,40822.61,8,246.42,3,5,5,355
12940,40840.59,4,8.51,3,3,1,331
12942,40755.61,3,9.65,2,3,2,232
12943,40585.63,1,-3.75,1,0,1,101
12944,40851.46,2,20.15,3,2,4,324
12945,40598.59,1,20.13,1,0,4,104
12947,40743.42,11,15.07,2,5,2,252
12948,40870.72,8,17.40,4,5,3,453
12949,40856.48,10,19.07,4,5,4,454
12950,40884.55,3,80.13,5,3,5,535
12951,40878.51,8,16.03,5,5,3,553
12952,40881.44,5,17.29,5,4,3,543
12953,40877.39,1,19.40,5,0,4,504
12955,40885.69,14,26.11,5,5,4,554
12956,40580.67,1,5.69,1,0,1,101
12957,40882.69,12,16.48,5,5,3,553
12962,40879.66,2,16.65,5,2,3,523
12963,40878.54,9,19.18,5,5,4,554
12965,40797.65,1,7.08,2,0,1,201
12966,40877.53,1,16.02,5,0,3,503
12967,40883.60,4,37.80,5,3,5,535
12968,40774.66,1,27.19,2,0,5,205
12970,40879.60,4,3.16,5,3,1,531
12971,40883.51,86,35.72,5,5,5,555
12974,40689.40,1,18.10,1,0,3,103
12976,40675.41,1,33.57,1,0,5,105
12977,40730.69,1,4.36,2,0,1,201
12980,40731.49,12,295.50,2,5,5,255
12981,40857.50,2,18.61,4,2,3,423
12982,40647.45,2,11.09,1,2,2,122
12984,40868.53,1,24.38,4,0,4,404
12985,40886.45,3,15.99,5,3,3,533
12987,40813.50,3,18.17,2,3,3,233
12988,40594.60,1,6.09,1,0,1,101
12989,40883.64,19,100.80,5,5,5,555
12990,40855.54,3,31.50,4,3,5,435
12991,40863.65,2,16.25,4,2,3,423
12993,40863.66,4,15.36,4,3,2,432
12994,40882.65,5,12.36,5,4,2,542
12995,40809.39,2,40.14,2,2,5,225
12997,40864.66,7,17.88,4,4,3,443
12999,40690.56,3,16.28,1,3,3,133
13000,40780.45,3,17.25,2,3,3,233
13001,40882.62,14,28.72,5,5,5,555
13002,40568.64,1,17.28,1,0,3,103
13003,40781.45,3,24.84,2,3,4,234
13004,40875.48,22,13.77,4,5,2,452
13005,40713.45,3,16.17,2,3,3,233
13006,40830.58,1,20.39,3,0,4,304
13008,40563.60,2,16.39,1,2,3,123
13011,40514.72,1,16.85,1,0,3,103
13012,40877.55,11,13.32,5,5,2,552
13013,40885.63,15,21.56,5,5,4,554
13014,40884.39,16,27.14,5,5,5,555
13015,40833.55,5,19.01,3,4,4,344
13016,40813.59,3,16.81,2,3,3,233
13017,40879.66,1,204.00,5,0,5,505
13018,40870.56,27,15.82,4,5,3,453
13021,40882.69,12,19.31,5,5,4,554
13023,40822.69,2,17.25,3,2,3,323
13026,40885.71,8,22.65,5,5,4,554
13027,40773.40,6,265.85,2,4,5,245
13028,40864.47,3,14.23,4,3,2,432
13029,40856.38,3,124.75,4,3,5,435
13030,40875.60,2,8.18,5,2,1,521
13032,40848.41,3,13.29,3,3,2,332
13033,40529.60,1,17.32,1,0,3,103
13034,40832.51,2,17.37,3,2,3,323
13035,40829.52,3,29.55,3,3,5,335
13037,40748.66,3,18.36,2,3,3,233
13038,40806.61,3,32.45,2,3,5,235
13040,40878.44,2,15.74,5,2,3,523
13043,40633.51,2,33.68,1,2,5,125
13044,40595.64,1,16.98,1,0,3,103
13045,40787.63,1,16.96,2,0,3,203
13046,40856.36,2,17.98,4,2,3,423
13047,40855.51,17,15.87,3,5,3,353
13048,40872.56,5,13.48,4,4,2,442
13049,40822.65,2,46.91,3,2,5,325
13050,40877.73,28,13.51,5,5,2,552
13052,40674.59,1,19.34,1,0,4,104
13055,40822.79,4,15.41,3,3,2,332
13058,40862.53,3,33.93,4,3,5,435
13059,40637.44,1,22.93,1,0,4,104
13060,40633.48,1,20.50,1,0,4,104
13061,40814.67,1,24.86,2,0,4,204
13062,40695.63,1,31.54,1,0,5,105
13064,40874.52,4,16.26,4,3,3,433
13065,40513.70,1,14.70,1,0,2,102
13066,40862.57,3,8.79,4,3,1,431
13067,40804.57,1,7.70,2,0,1,201
13068,40876.63,2,172.00,5,2,5,525
13069,40886.36,26,8.51,5,5,1,551
13070,40694.57,1,25.42,1,0,4,104
13072,40620.34,1,25.31,1,0,4,104
13075,40757.43,1,41.80,2,0,5,205
13077,40885.81,4,6.56,5,3,1,531
13078,40885.78,43,32.72,5,5,5,555
13079,40882.70,5,36.68,5,4,5,545
13080,40707.62,1,9.68,1,0,2,102
13081,40885.55,21,26.36,5,5,4,554
13082,40760.68,10,47.94,2,5,5,255
13083,40882.63,2,16.88,5,2,3,523
13085,40729.51,3,10.80,2,3,2,232
13089,40884.38,114,30.97,5,5,5,555
13090,40878.53,18,54.41,5,5,5,555
13091,40865.70,2,13.42,4,2,2,422
13092,40816.47,6,19.11,3,4,4,344
13093,40619.72,12,45.91,1,5,5,155
13094,40865.59,16,56.96,4,5,5,455
13095,40816.50,1,12.40,3,0,2,302
13097,40854.45,14,13.53,3,5,2,352
13098,40885.59,41,47.46,5,5,5,555
13099,40787.74,1,207.36,2,0,5,205
13101,40652.61,1,12.65,1,0,2,102
13102,40885.54,26,20.56,5,5,4,554
13103,40847.40,1,30.49,3,0,5,305
13104,40883.55,6,54.92,5,4,5,545
13106,40758.49,2,76.50,2,2,5,225
13107,40842.62,5,25.40,3,4,4,344
13108,40514.44,1,35.01,1,0,5,105
13109,40884.53,5,15.34,5,4,2,542
13110,40855.60,8,9.95,4,5,2,452
13113,40886.53,39,40.84,5,5,5,555
13115,40878.40,14,16.88,5,5,3,553
13116,40769.61,2,15.65,2,2,3,223
13117,40865.50,8,12.96,4,5,2,452
13118,40867.53,6,13.72,4,4,2,442
13120,40648.43,1,30.60,1,0,5,105
13121,40617.70,2,4.81,1,2,1,121
13122,40792.66,2,16.77,2,2,3,223
13124,40797.53,3,16.70,2,3,3,233
13126,40882.42,10,14.55,5,5,2,552
13127,40809.43,1,17.28,2,0,3,203
13130,40792.65,1,32.00,2,0,5,205
13131,40863.56,4,22.59,4,3,4,434
13132,40625.53,1,25.77,1,0,4,104
13133,40613.44,2,15.69,1,2,3,123
13134,40814.39,7,16.58,2,4,3,243
13135,40690.45,1,3096.00,1,0,5,105
13136,40836.80,11,18.31,3,5,3,353
13137,40876.51,9,5.14,5,5,1,551
13138,40864.70,6,15.28,4,4,2,442
13139,40870.58,8,29.25,4,5,5,455
13140,40778.65,3,9.39,2,3,2,232
13141,40802.41,6,17.54,2,4,3,243
13142,40867.67,1,13.35,4,0,2,402
13144,40554.47,1,36.98,1,0,5,105
13145,40847.53,5,87.82,3,4,5,345
13146,40860.65,1,15.22,4,0,2,402
13147,40876.58,4,178.20,5,3,5,535
13148,40857.64,17,9.90,4,5,2,452
13149,40872.55,4,19.49,4,3,4,434
13151,40683.54,2,16.67,1,2,3,123
13153,40881.51,1,32.41,5,0,5,505
13154,40742.64,1,-611.86,2,0,0,200
13155,40853.65,4,11.43,3,3,2,332
13157,40837.58,5,19.77,3,4,4,344
13158,40792.50,4,15.20,2,3,2,232
13159,40878.47,5,11.31,5,4,2,542
13160,40864.55,1,22.95,4,0,4,404
13161,40573.59,1,14.09,1,0,2,102
13162,40764.67,5,20.06,2,4,4,244
13165,40840.63,2,24.32,3,2,4,324
13166,40604.60,2,9.87,1,2,2,122
13167,40868.52,4,12.17,4,3,2,432
13168,40850.54,5,10.08,3,4,2,342
13169,40823.51,2,54.84,3,2,5,325
13170,40860.51,1,3.72,4,0,1,401
13171,40878.63,5,8.89,5,4,1,541
13173,40882.66,2,8.22,5,2,1,521
13174,40870.61,3,9.33,4,3,2,432
13176,40840.65,1,7.19,3,0,1,301
13177,40822.41,1,16.61,3,0,3,303
13178,40860.68,11,21.61,4,5,4,454
13182,40841.57,1,11.02,3,0,2,302
13183,40879.44,9,42.10,5,5,5,555
13184,40872.50,12,9.15,4,5,2,452
13185,40619.50,1,71.40,1,0,5,105
13186,40847.49,5,18.33,3,4,3,343
13187,40549.79,1,6.38,1,0,1,101
13188,40875.64,1,57.30,5,0,5,505
13189,40868.44,2,9.15,4,2,2,422
13192,40791.59,2,14.48,2,2,2,222
13193,40825.60,1,4.06,3,0,1,301
13194,40751.38,1,20.23,2,0,4,204
13196,40875.58,4,16.24,5,3,3,533
13198,40876.64,8,14.78,5,5,2,552
13199,40883.52,37,81.70,5,5,5,555
13200,40867.65,4,18.92,4,3,4,434
13203,40877.45,4,15.07,5,3,2,532
13207,40871.62,2,31.28,4,2,5,425
13208,40828.41,6,8.23,3,4,1,341
13209,40856.58,11,17.69,4,5,3,453
13210,40793.35,1,16.07,2,0,3,203
13211,40876.61,3,21.38,5,3,4,534
13212,40877.63,4,5.49,5,3,1,531
13213,40830.49,6,16.50,3,4,3,343
13216,40619.51,1,66.75,1,0,5,105
13217,40764.65,5,19.09,2,4,4,244
13218,40759.71,1,12.53,2,0,2,202
13220,40808.57,4,39.01,2,3,5,235
13221,40646.71,2,12.84,1,2,2,122
13223,40686.54,2,32.64,1,2,5,125
13224,40826.63,3,19.73,3,3,4,334
13225,40883.56,8,190.05,5,5,5,555
13226,40613.61,1,6.76,1,0,1,101
13227,40685.49,1,28.63,1,0,5,105
13228,40805.60,1,179.00,2,0,5,205
13229,40661.50,1,16.10,1,0,3,103
13230,40882.67,17,4.61,5,5,1,551
13232,40874.44,7,6.54,4,4,1,441
13233,40812.56,2,14.07,2,2,2,222
13235,40675.41,2,1.71,1,2,1,121
13236,40862.53,3,18.65,4,3,3,433
13238,40875.65,5,21.28,5,4,4,544
13239,40625.43,1,14.98,1,0,2,102
13240,40790.59,4,9.91,2,3,2,232
13242,40774.54,3,20.80,2,3,4,234
13243,40683.55,1,10.27,1,0,2,102
13244,40794.49,1,4.51,2,0,1,201
13245,40836.49,1,26.91,3,0,4,304
13246,40868.70,7,14.27,4,4,2,442
13247,40869.46,4,20.04,4,3,4,434
13248,40762.53,2,17.91,2,2,3,223
13249,40794.56,3,30.93,2,3,5,235
13253,40730.42,2,28.62,2,2,5,225
13255,40883.46,3,27.90,5,3,5,535
13256,40872.66,1,0.00,4,0,1,401
13258,40875.40,3,18.69,4,3,3,433
13259,40825.45,1,3.36,3,0,1,301
13260,40825.56,1,69.70,3,0,5,305
13261,40618.52,2,104.90,1,2,5,125
13262,40623.63,1,18.21,1,0,3,103
13263,40885.58,35,4.46,5,5,1,551
13265,40833.63,5,23.25,3,4,4,344
13266,40875.61,19,18.86,5,5,4,554
13267,40884.47,26,19.83,5,5,4,554
13268,40869.49,15,7.11,4,5,1,451
13269,40885.62,17,16.66,5,5,3,553
13270,40520.62,1,590.00,1,0,5,105
13271,40849.61,2,1.87,3,2,1,321
13272,40855.58,2,18.44,4,2,3,423
13273,40773.58,1,8.69,2,0,1,201
13276,40823.53,2,19.70,3,2,4,324
13277,40871.39,4,32.30,4,3,5,435
13278,40846.49,1,11.80,3,0,2,302
13279,40822.79,2,11.48,3,2,2,322
13280,40764.55,3,9.74,2,3,2,232
13282,40868.65,6,26.20,4,4,4,444
13283,40827.41,2,13.38,3,2,2,322
13284,40564.43,2,14.01,1,2,2,122
13285,40863.55,4,14.49,4,3,2,432
13291,40731.44,1,8.60,2,0,1,201
13292,40848.42,2,18.68,3,2,3,323
13294,40697.37,2,16.18,1,2,3,123
13295,40527.47,2,18.00,1,2,3,123
13296,40749.57,1,17.48,2,0,3,203
13297,40879.40,4,35.42,5,3,5,535
13298,40885.55,1,180.00,5,0,5,505
13299,40618.54,1,28.50,1,0,5,105
13300,40722.50,2,16.60,2,2,3,223
13301,40783.48,4,7.63,2,3,1,231
13302,40731.75,1,63.75,2,0,5,205
13304,40535.61,1,14.31,1,0,2,102
13305,40882.64,10,24.70,5,5,4,554
13307,40766.72,1,15.00,2,0,2,202
13308,40864.40,4,23.99,4,3,4,434
13309,40879.69,5,13.61,5,4,2,542
13310,40878.35,6,14.07,5,4,2,542
13311,40882.54,2,23.02,5,2,4,524
13313,40864.70,5,19.94,4,4,4,444
13314,40885.52,4,7.72,5,3,1,531
13316,40849.57,5,64.03,3,4,5,345
13317,40822.81,8,16.01,3,5,3,353
13318,40885.79,3,32.04,5,3,5,535
13319,40881.57,35,21.41,5,5,4,554
13320,40816.54,6,13.82,3,4,2,342
13321,40814.64,2,51.58,2,2,5,225
13322,40869.60,1,7.98,4,0,1,401
13323,40883.72,5,37.52,5,4,5,545
13324,40854.66,12,91.85,3,5,5,355
13325,40805.44,1,56.28,2,0,5,205
13327,40848.43,9,33.19,3,5,5,355
13328,40570.64,1,76.97,1,0,5,105
13329,40855.44,4,38.97,3,3,5,335
13330,40794.52,3,21.53,2,3,4,234
13332,40872.56,1,16.71,4,0,3,403
13334,40804.64,3,13.21,2,3,2,232
13336,40809.59,1,15.59,2,0,3,203
13338,40732.62,3,19.43,2,3,4,234
13339,40686.35,1,15.93,1,0,3,103
13340,40841.55,7,80.12,3,4,5,345
13341,40626.41,1,18.47,1,0,3,103
13343,40714.48,2,13.82,2,2,2,222
13344,40819.41,3,21.38,3,3,4,334
13345,40610.36,2,17.16,1,2,3,123
13347,40816.56,1,42.67,3,0,5,305
13348,40822.73,1,16.70,3,0,3,303
13349,40876.34,1,15.46,5,0,2,502
13350,40870.69,3,21.18,4,3,4,434
13351,40820.54,1,23.37,3,0,4,304
13352,40879.50,2,14.42,5,2,2,522
13354,40815.55,1,14.58,2,0,2,202
13355,40764.62,1,21.08,2,0,4,204
13356,40806.61,1,18.29,2,0,3,203
13357,40629.58,1,6.85,1,0,1,101
13358,40618.49,1,15.14,1,0,2,102
13359,40827.70,2,17.97,3,2,3,323
13362,40883.58,5,18.26,5,4,3,543
13363,40869.53,2,16.54,4,2,3,423
13364,40820.41,2,2.65,3,2,1,321
13365,40878.36,3,16.60,5,3,3,533
13366,40836.57,1,56.16,3,0,5,305
13368,40630.42,2,21.50,1,2,4,124
13369,40532.58,2,16.69,1,2,3,123
13370,40520.66,2,17.17,1,2,3,123
13372,40797.53,1,16.46,2,0,3,203
13373,40826.45,3,20.96,3,3,4,334
13375,40805.67,2,20.34,2,2,4,224
13376,40787.68,3,19.24,2,3,4,234
13379,40860.57,3,5.90,4,3,1,431
13381,40865.71,7,20.93,4,4,4,444
13382,40606.42,1,14.87,1,0,2,102
13384,40856.46,9,26.60,4,5,4,454
13385,40557.41,1,15.27,1,0,2,102
13388,40765.57,2,17.42,2,2,3,223
13389,40875.58,3,15.65,5,3,3,533
13390,40812.36,1,41.85,2,0,5,205
13391,40683.45,1,59.80,1,0,5,105
13394,40885.48,10,14.28,5,5,2,552
13395,40701.63,1,14.65,1,0,2,102
13396,40865.40,4,28.33,4,3,5,435
13397,40814.46,6,39.47,2,4,5,245
13398,40694.55,1,17.59,1,0,3,103
13402,40759.66,2,15.93,2,2,3,223
13403,40869.35,1,25.00,4,0,4,404
13404,40885.65,2,22.95,5,2,4,524
13405,40812.71,3,21.20,2,3,4,234
13408,40885.38,77,55.24,5,5,5,555
13410,40878.37,7,32.96,5,4,5,545
13411,40779.58,1,11.86,2,0,2,202
13414,40753.49,3,57.94,2,3,5,235
13416,40843.37,2,37.50,3,2,5,325
13417,40882.37,2,22.89,5,2,4,524
13418,40875.43,23,18.82,4,5,3,453
13419,40823.53,1,13.82,3,0,2,302
13420,40752.51,4,14.04,2,3,2,232
13421,40846.60,3,17.78,3,3,3,333
13422,40835.57,2,20.32,3,2,4,324
13425,40778.72,3,20.82,2,3,4,234
13426,40886.37,12,23.00,5,5,4,554
13427,40867.54,3,20.09,4,3,4,434
13428,40876.60,1,2.86,5,0,1,501
13429,40876.38,4,15.03,5,3,2,532
13430,40868.35,4,12.01,4,3,2,432
13431,40819.58,2,27.59,3,2,5,325
13434,40812.60,2,53.42,2,2,5,225
13435,40881.62,9,36.84,5,5,5,555
13436,40885.44,1,16.41,5,0,3,503
13437,40872.58,7,20.41,4,4,4,444
13439,40631.60,1,5.25,1,0,1,101
13441,40795.40,1,22.82,2,0,4,204
13447,40863.57,4,17.81,4,3,3,433
13448,40870.52,10,17.42,4,5,3,453
13449,40863.35,1,15.36,4,0,2,402
13450,40860.50,6,28.78,4,4,5,445
13451,40860.67,6,6.53,4,4,1,441
13452,40627.60,2,295.00,1,2,5,125
13453,40721.40,2,21.00,2,2,4,224
13455,40862.47,4,19.01,4,3,4,434
13456,40869.39,7,26.74,4,4,4,444
13458,40879.65,22,24.21,5,5,4,554
13460,40857.72,2,10.79,4,2,2,422
13461,40848.38,3,53.52,3,3,5,335
13462,40703.83,2,14.33,1,2,2,122
13464,40828.63,1,16.46,3,0,3,303
13466,40786.65,2,16.55,2,2,3,223
13467,40876.42,2,10.94,5,2,2,522
13468,40885.44,41,18.49,5,5,3,553
13470,40787.62,2,16.50,2,2,3,223
13471,40885.66,4,9.80,5,3,2,532
13473,40826.47,3,18.98,3,3,4,334
13474,40650.58,1,3.66,1,0,1,101
13475,40695.58,4,16.65,1,3,3,133
13476,40708.50,4,20.30,1,3,4,134
13477,40849.50,8,17.80,3,5,3,353
13479,40688.70,3,18.19,1,3,3,133
13481,40841.38,8,16.14,3,5,3,353
13482,40654.71,1,16.79,1,0,3,103
13483,40821.50,1,14.03,3,0,2,302
13484,40645.69,1,39.23,1,0,5,105
13485,40653.58,1,19.75,1,0,4,104
13486,40808.55,3,16.27,2,3,3,233
13487,40829.50,3,16.92,3,3,3,333
13488,40869.61,17,20.87,4,5,4,454
13489,40781.55,4,32.11,2,3,5,235
13491,40835.36,10,14.14,3,5,2,352
13492,40750.60,3,25.40,2,3,4,234
13493,40611.65,2,77.33,1,2,5,125
13494,40575.50,1,17.57,1,0,3,103
13495,40879.47,6,38.27,5,4,5,545
13496,40876.46,3,17.16,5,3,3,533
13497,40604.38,3,18.32,1,3,3,133
13499,40869.47,7,26.18,4,4,4,444
13500,40863.65,4,17.95,4,3,3,433
13501,40644.40,2,24.73,1,2,4,124
13502,40870.44,3,16.22,4,3,3,433
13503,40815.56,1,12.76,2,0,2,202
13504,40822.56,1,13.45,3,0,2,302
13505,40819.51,8,18.87,3,5,4,354
13506,40574.64,3,15.61,1,3,3,133
13507,40883.55,4,15.30,5,3,2,532
13508,40643.50,1,9.25,1,0,2,102
13509,40878.42,7,22.27,5,4,4,544
13510,40885.57,5,15.09,5,4,2,542
13512,40626.42,1,16.75,1,0,3,103
13513,40760.49,1,20.51,2,0,4,204
13514,40813.40,1,38.05,2,0,5,205
13515,40814.48,4,15.10,2,3,2,232
13516,40865.55,3,31.58,4,3,5,435
13517,40827.49,5,14.75,3,4,2,342
13518,40801.44,1,17.35,2,0,3,203
13519,40836.66,2,12.31,3,2,2,322
13520,40828.43,8,38.38,3,5,5,355
13521,40885.58,3,2.56,5,3,1,531
13522,40856.63,1,25.16,4,0,4,404
13523,40853.63,6,22.27,3,4,4,344
13524,40846.52,5,25.19,3,4,4,344
13525,40872.50,2,104.80,4,2,5,425
13527,40853.50,8,10.08,3,5,2,352
13529,40808.39,2,20.52,2,2,4,224
13531,40681.71,2,21.99,1,2,4,124
13532,40853.52,1,3.18,3,0,1,301
13533,40704.50,3,3.59,1,3,1,131
13534,40884.62,40,16.41,5,5,3,553
13536,40885.69,7,19.35,5,4,4,544
13538,40843.69,7,51.23,3,4,5,345
13539,40801.43,4,15.94,2,3,3,233
13544,40847.50,2,3.54,3,2,1,321
13546,40874.62,3,6.40,4,3,1,431
13548,40790.62,2,5.50,2,2,1,221
13549,40861.39,8,17.62,4,5,3,453
13551,40567.62,1,22.95,1,0,4,104
13552,40820.64,16,29.70,3,5,5,355
13555,40813.53,4,30.51,2,3,5,235
13557,40858.64,2,17.18,4,2,3,423
13558,40881.48,4,3.46,5,3,1,531
13560,40879.55,1,5.36,5,0,1,501
13561,40671.53,1,10.13,1,0,2,102
13562,40805.45,3,21.94,2,3,4,234
13563,40802.61,2,15.87,2,2,3,223
13564,40742.61,5,7.51,2,4,1,241
13565,40867.61,2,6.32,4,2,1,421
13566,40846.50,2,4.97,3,2,1,321
13568,40713.61,1,4.35,2,0,1,201
13569,40869.55,2,4.30,4,2,1,421
13570,40643.57,1,8.87,1,0,1,101
13571,40874.45,12,6.14,4,5,1,451
13572,40681.50,1,41.95,1,0,5,105
13573,40836.61,2,11.61,3,2,2,322
13575,40863.55,5,15.91,4,4,3,443
13576,40876.65,20,51.56,5,5,5,555
13577,40861.64,5,19.51,4,4,4,444
13579,40872.36,2,20.31,4,2,4,424
13581,40577.61,1,11.80,1,0,2,102
13583,40731.44,1,14.74,2,0,2,202
13584,40580.53,1,5.93,1,0,1,101
13587,40855.47,3,45.89,3,3,5,335
13588,40871.45,13,13.56,4,5,2,452
13589,40872.51,2,18.08,4,2,3,423
13590,40875.54,7,22.20,4,4,4,444
13591,40822.52,3,19.26,3,3,4,334
13592,40851.41,4,15.50,3,3,2,332
13593,40778.57,5,15.35,2,4,2,242
13594,40834.43,1,15.27,3,0,2,302
13596,40881.50,2,4.55,5,2,1,521
13598,40839.61,2,4.09,3,2,1,321
13599,40885.81,31,19.31,5,5,4,554
13600,40574.64,1,11.55,1,0,2,102
13601,40841.73,2,6.98,3,2,1,321
13602,40822.49,1,18.65,3,0,3,303
13603,40860.66,1,6.09,4,0,1,401
13606,40857.74,3,6.92,4,3,1,431
13607,40846.68,1,6.97,3,0,1,301
13610,40874.65,9,4.98,4,5,1,451
13611,40797.62,4,15.24,2,3,2,232
13614,40862.62,4,8.13,4,3,1,431
13615,40574.48,2,16.67,1,2,3,123
13617,40846.58,3,12.37,3,3,2,332
13618,40713.46,1,13.64,2,0,2,202
13621,40770.35,1,11.26,2,0,2,202
13623,40856.50,7,7.86,4,4,1,441
13626,40634.42,1,13.54,1,0,2,102
13627,40827.60,7,17.28,3,4,3,343
13629,40863.56,11,132.07,4,5,5,455
13630,40881.64,11,24.95,5,5,4,554
13631,40787.41,12,251.81,2,5,5,255
13632,40862.45,6,14.48,4,4,2,442
13634,40853.57,5,8.32,3,4,1,341
13635,40819.45,1,17.27,3,0,3,303
13636,40850.44,6,14.71,3,4,2,342
13637,40834.56,3,8.12,3,3,1,331
13638,40871.44,1,15.33,4,0,2,402
13639,40812.57,1,25.83,2,0,4,204
13642,40671.52,1,5.48,1,0,1,101
13643,40855.65,3,18.55,4,3,3,433
13644,40878.35,5,17.84,5,4,3,543
13645,40766.67,1,50.42,2,0,5,205
13647,40877.50,5,20.76,5,4,4,544
13649,40630.49,2,15.07,1,2,2,122
13650,40870.52,6,18.46,4,4,3,443
13651,40851.62,2,15.70,3,2,3,323
13652,40841.37,3,17.38,3,3,3,333
13654,40843.68,6,16.32,3,4,3,343
13655,40772.60,2,16.66,2,2,3,223
13656,40722.44,2,7.75,2,2,1,221
13657,40876.52,2,23.88,5,2,4,524
13658,40877.43,7,23.32,5,4,4,544
13659,40689.83,3,14.40,1,3,2,132
13662,40801.50,7,15.13,2,4,2,242
13663,40707.66,1,14.57,1,0,2,102
13666,40826.65,3,7.05,3,3,1,331
13667,40737.65,1,3.60,2,0,1,201
13668,40884.51,29,12.47,5,5,2,552
13669,40836.40,2,24.28,3,2,4,324
13670,40811.64,1,13.99,2,0,2,202
13672,40585.58,6,0.73,1,4,1,141
13673,40868.51,2,6.46,4,2,1,421
13675,40735.54,2,19.47,2,2,4,224
13678,40735.43,1,14.54,2,0,2,202
13680,40885.57,5,14.90,5,4,2,542
13681,40869.47,4,14.52,4,3,2,432
13682,40699.59,1,19.83,1,0,4,104
13684,40601.43,2,2.25,1,2,1,121
13685,40884.49,7,79.99,5,4,5,545
13686,40704.38,1,9.00,1,0,2,102
13689,40823.56,1,151.67,3,0,5,305
13690,40827.63,1,19.14,3,0,4,304
13692,40862.47,5,26.67,4,4,4,444
13693,40561.64,2,-8.00,1,2,1,121
13694,40883.40,60,111.81,5,5,5,555
13695,40855.60,15,27.82,4,5,5,455
13697,40848.38,1,12.61,3,0,2,302
13699,40731.70,1,22.04,2,0,4,204
13700,40860.54,10,11.59,4,5,2,452
13703,40568.55,1,99.50,1,0,5,105
13704,40881.63,10,17.00,5,5,3,553
13705,40879.52,3,25.42,5,3,4,534
13706,40584.39,1,16.54,1,0,3,103
13707,40619.75,2,16.80,1,2,3,123
13708,40615.57,1,5.82,1,0,1,101
13709,40883.44,17,18.12,5,5,3,553
13710,40855.34,1,22.56,3,0,4,304
13711,40668.44,2,19.39,1,2,4,124
13712,40640.52,1,22.88,1,0,4,104
13715,40605.81,7,9.97,1,4,2,142
13716,40617.58,1,6.58,1,0,1,101
13717,40854.59,7,13.91,3,4,2,342
13718,40640.56,2,25.55,1,2,4,124
13719,40871.64,5,17.36,4,4,3,443
13720,40770.53,4,18.60,2,3,3,233
13721,40850.59,1,18.72,3,0,3,303
13722,40766.64,4,27.55,2,3,5,235
13723,40669.71,1,33.31,1,0,5,105
13725,40837.42,11,15.76,3,5,3,353
13726,40848.45,2,25.71,3,2,4,324
13727,40858.41,2,16.67,4,2,3,423
13728,40850.45,6,16.13,3,4,3,343
13730,40751.36,2,17.50,2,2,3,223
13731,40667.61,2,16.07,1,2,3,123
13732,40858.66,1,14.90,4,0,2,402
13735,40862.47,8,13.16,4,5,2,452
13736,40881.64,3,3.73,5,3,1,531
13737,40686.69,1,11.32,1,0,2,102
13739,40868.57,1,72.30,4,0,5,405
13740,40646.44,1,15.25,1,0,2,102
13741,40815.39,4,19.04,2,3,4,234
13742,40870.46,14,9.78,4,5,2,452
13743,40884.42,8,31.91,5,5,5,555
13744,40791.64,2,17.15,2,2,3,223
13745,40735.60,2,11.21,2,2,2,222
13747,40513.44,1,79.60,0,0,5,5
13748,40791.41,4,33.87,2,3,5,235
13750,40833.51,5,68.64,3,4,5,345
13751,40598.66,1,32.92,1,0,5,105
13752,40762.59,6,15.67,2,4,3,243
13753,40599.53,1,21.18,1,0,4,104
13754,40735.49,2,23.55,2,2,4,224
13755,40883.52,10,6.35,5,5,1,551
13756,40884.70,15,35.98,5,5,5,555
13758,40875.47,7,27.27,4,4,5,445
13759,40853.62,2,26.38,3,2,4,324
13760,40832.68,2,5.03,3,2,1,321
13761,40836.58,2,15.30,3,2,2,322
13762,40682.64,2,12.00,1,2,2,122
13763,40823.63,3,106.65,3,3,5,335
13764,40816.50,3,7.34,3,3,1,331
13767,40884.63,51,42.47,5,5,5,555
13769,40884.63,16,19.38,5,5,4,554
13771,40822.60,5,21.93,3,4,4,344
13772,40853.49,3,6.47,3,3,1,331
13774,40805.50,1,15.68,2,0,3,203
13777,40886.52,40,119.49,5,5,5,555
13778,40783.64,1,19.86,2,0,4,204
13780,40879.58,2,6.32,5,2,1,521
13781,40636.51,1,7.52,1,0,1,101
13782,40874.50,6,8.04,4,4,1,441
13784,40877.40,11,79.44,5,5,5,555
13786,40519.58,1,32.91,1,0,5,105
13787,40811.50,2,9.97,2,2,2,222
13790,40882.66,1,7.75,5,0,1,501
13791,40843.61,3,61.63,3,3,5,335
13792,40820.60,2,15.04,3,2,2,322
13798,40885.66,63,84.26,5,5,5,555
13799,40770.50,2,17.66,2,2,3,223
13800,40577.52,1,16.92,1,0,3,103
13801,40820.43,1,14.12,3,0,2,302
13802,40748.56,6,70.34,2,4,5,245
13803,40631.54,1,16.30,1,0,3,103
13804,40856.52,7,19.24,4,4,4,444
13805,40834.62,2,71.12,3,2,5,325
13806,40823.49,1,25.64,3,0,4,304
13807,40519.66,1,16.09,1,0,3,103
13808,40881.51,5,23.00,5,4,4,544
13809,40581.55,1,12.92,1,0,2,102
13810,40858.36,4,24.45,4,3,4,434
13811,40703.41,4,42.27,1,3,5,135
13812,40844.60,3,14.97,3,3,2,332
13813,40847.44,5,19.06,3,4,4,344
13814,40830.71,3,27.70,3,3,5,335
13815,40864.60,5,22.68,4,4,4,444
13816,40863.36,4,16.82,4,3,3,433
13817,40857.74,2,15.96,4,2,3,423
13819,40585.44,3,31.68,1,3,5,135
13821,40742.41,2,6.54,2,2,1,221
13822,40881.51,2,6.58,5,2,1,521
13823,40868.43,2,23.94,4,2,4,424
13824,40854.53,5,36.93,3,4,5,345
13826,40728.69,2,14.55,2,2,2,222
13827,40829.53,3,4.43,3,3,1,331
13828,40864.67,1,13.97,4,0,2,402
13829,40527.69,1,,1,0,1,101
13831,40870.65,6,30.53,4,4,5,445
13832,40869.52,2,10.24,4,2,2,422
13833,40727.56,1,13.71,2,0,2,202
13835,40861.65,4,15.17,4,3,2,432
13837,40675.51,2,14.81,1,2,2,122
13838,40881.46,4,4.09,5,3,1,531
13841,40634.51,1,85.00,1,0,5,105
13842,40828.45,9,16.44,3,5,3,353
13844,40875.56,1,18.08,5,0,3,503
13845,40822.35,1,34.78,3,0,5,305
13846,40862.50,4,14.61,4,3,2,432
13848,40794.54,3,251.00,2,3,5,235
13849,40835.46,2,15.23,3,2,2,322
13850,40798.75,2,16.88,2,2,3,223
13851,40791.53,3,32.73,2,3,5,235
13853,40878.34,2,44.04,5,2,5,525
13854,40878.38,29,71.32,5,5,5,555
13856,40718.42,5,21.38,2,4,4,244
13858,40829.68,1,19.65,3,0,4,304
13859,40560.68,1,7.18,1,0,1,101
13860,40885.54,5,16.10,5,4,3,543
13862,40868.68,10,15.40,4,5,2,452
13863,40641.71,2,13.62,1,2,2,122
13865,40828.56,4,16.72,3,3,3,333
13866,40812.62,1,20.81,2,0,4,204
13867,40855.66,3,16.64,4,3,3,433
13868,40879.69,2,96.74,5,2,5,525
13869,40763.58,4,10.13,2,3,2,232
13870,40884.56,10,23.32,5,5,4,554
13871,40864.45,13,18.90,4,5,4,454
13873,40767.42,4,15.90,2,3,3,233
13874,40528.76,1,30.03,1,0,5,105
13875,40833.40,5,17.18,3,4,3,343
13876,40823.43,1,17.53,3,0,3,303
13877,40800.66,1,39.08,2,0,5,205
13878,40832.51,1,35.60,3,0,5,305
13880,40865.57,13,19.51,4,5,4,454
13881,40883.53,22,96.40,5,5,5,555
13882,40884.47,6,17.14,5,4,3,543
13883,40885.81,9,16.44,5,5,3,553
13884,40879.69,6,13.02,5,4,2,542
13885,40697.63,2,18.10,1,2,3,123
13886,40815.55,1,15.22,2,0,2,202
13887,40682.72,1,18.40,1,0,3,103
13888,40767.43,2,15.27,2,2,2,222
13889,40794.38,1,27.79,2,0,5,205
13890,40885.65,14,16.32,5,5,3,553
13892,40860.49,4,23.44,4,3,4,434
13893,40589.48,1,39.10,1,0,5,105
13894,40864.57,5,17.87,4,4,3,443
13895,40865.72,5,21.75,4,4,4,444
13897,40836.60,1,18.25,3,0,3,303
13898,40561.44,1,12.99,1,0,2,102
13899,40870.57,2,20.45,4,2,4,424
13900,40703.81,3,17.23,1,3,3,133
13901,40814.62,5,19.24,2,4,4,244
13904,40849.57,2,12.79,3,2,2,322
13908,40807.49,5,18.63,2,4,3,243
13911,40829.65,9,17.44,3,5,3,353
13914,40883.45,3,18.06,5,3,3,533
13917,40837.41,2,15.11,3,2,2,322
13918,40837.52,2,40.43,3,2,5,325
13919,40833.64,3,10.61,3,3,2,332
13922,40535.44,1,24.61,1,0,4,104
13923,40833.52,1,17.56,3,0,3,303
13924,40885.40,11,12.66,5,5,2,552
13925,40850.54,5,13.70,3,4,2,342
13926,40863.55,1,20.35,4,0,4,404
13927,40812.50,1,16.62,2,0,3,203
13928,40876.44,4,17.21,5,3,3,533
13929,40717.64,3,80.29,2,3,5,235
13930,40829.41,2,19.84,3,2,4,324
13931,40801.42,3,20.86,2,3,4,234
13932,40592.50,1,19.21,1,0,4,104
13933,40777.59,2,26.47,2,2,4,224
13934,40623.36,1,29.75,1,0,5,105
13936,40715.74,2,13.38,2,2,2,222
13937,40717.69,1,17.65,2,0,3,203
13938,40851.61,1,10.24,3,0,2,302
13939,40863.56,4,12.10,4,3,2,432
13940,40869.64,4,17.13,4,3,3,433
13941,40865.40,7,102.71,4,4,5,445
13946,40807.56,3,51.05,2,3,5,235
13947,40821.61,1,18.12,3,0,3,303
13948,40526.43,1,34.00,1,0,5,105
13949,40884.40,6,15.20,5,4,2,542
13950,40875.61,5,20.24,5,4,4,544
13951,40710.70,3,17.29,2,3,3,233
13952,40675.81,3,23.52,1,3,4,134
13953,40879.67,7,175.78,5,4,5,545
13954,40885.53,3,12.62,5,3,2,532
13955,40732.72,2,9.79,2,2,2,222
13956,40881.56,5,6.93,5,4,1,541
13958,40514.71,1,-20.49,1,0,1,101
13959,40807.63,3,6.50,2,3,1,231
13960,40865.64,2,19.19,4,2,4,424
13962,40865.37,2,15.41,4,2,2,422
13963,40578.61,4,18.99,1,3,4,134
13967,40741.50,1,40.35,2,0,5,205
13969,40879.63,20,14.21,5,5,2,552
13971,40878.35,11,17.10,5,5,3,553
13972,40816.50,2,12.68,3,2,2,322
13973,40599.64,1,24.06,1,0,4,104
13974,40837.61,1,14.77,3,0,2,302
13975,40855.55,7,7.37,4,4,1,441
13976,40680.38,1,35.80,1,0,5,105
13978,40872.48,2,13.12,4,2,2,422
13979,40813.56,1,16.11,2,0,3,203
13980,40826.57,1,18.19,3,0,3,303
13982,40847.68,5,16.18,3,4,3,343
13983,40857.46,13,23.13,4,5,4,454
13984,40860.53,6,28.71,4,4,5,445
13985,40882.71,16,19.90,5,5,4,554
13986,40869.63,1,24.65,4,0,4,404
13988,40867.43,9,17.15,4,5,3,453
13989,40821.41,2,30.88,3,2,5,325
13990,40673.64,1,19.46,1,0,4,104
13991,40874.68,7,9.89,4,4,2,442
13992,40856.64,1,15.36,4,0,2,402
13993,40854.54,12,27.28,3,5,5,355
13994,40883.46,6,14.92,5,4,2,542
13995,40871.60,6,15.90,4,4,3,443
13999,40876.57,15,18.23,5,5,3,553
14000,40680.57,2,39.61,1,2,5,125
14001,40841.44,4,50.76,3,3,5,335
14002,40752.66,2,11.27,2,2,2,222
14004,40843.61,7,26.80,3,4,4,344
14005,40877.53,5,34.22,5,4,5,545
14006,40771.40,3,32.07,2,3,5,235
14009,40688.66,3,15.59,1,3,3,133
14012,40609.52,1,29.89,1,0,5,105
14013,40776.63,3,13.91,2,3,2,232
14014,40809.55,1,12.95,2,0,2,202
14015,40834.42,1,45.87,3,0,5,305
14016,40732.60,5,26.72,2,4,4,244
14019,40840.43,4,20.57,3,3,4,334
14020,40870.39,2,16.48,4,2,3,423
14021,40731.66,3,28.72,2,3,5,235
14022,40661.61,1,15.71,1,0,3,103
14023,40879.58,2,18.84,5,2,3,523
14024,40765.48,2,20.48,2,2,4,224
14027,40826.38,1,17.47,3,0,3,303
14029,40823.62,2,31.18,3,2,5,325
14030,40868.70,8,9.75,4,5,2,452
14031,40879.72,23,62.45,5,5,5,555
14032,40884.64,18,19.28,5,5,4,554
14034,40864.58,4,7.06,4,3,1,431
14035,40858.42,5,21.64,4,4,4,444
14036,40602.39,1,16.49,1,0,3,103
14037,40710.58,2,5.26,2,2,1,221
14038,40808.57,4,16.71,2,3,3,233
14039,40853.58,1,25.37,3,0,4,304
14040,40846.53,15,14.91,3,5,2,352
14041,40620.56,1,6.73,1,0,1,101
14044,40860.50,4,3.13,4,3,1,431
14045,40777.64,4,276.63,2,3,5,235
14046,40602.62,1,11.07,1,0,2,102
14047,40878.49,7,37.94,5,4,5,545
14048,40609.58,2,4.26,1,2,1,121
14049,40870.51,6,11.15,4,4,2,442
14050,40855.42,2,13.82,3,2,2,322
14051,40886.43,26,72.80,5,5,5,555
14052,40867.52,1,4.02,4,0,1,401
14053,40762.60,2,65.06,2,2,5,225
14054,40821.66,1,15.41,3,0,2,302
14055,40780.63,1,72.56,2,0,5,205
14056,40885.57,29,7.27,5,5,1,551
14057,40863.44,18,21.18,4,5,4,454
14059,40620.42,1,22.95,1,0,4,104
14060,40882.52,20,30.10,5,5,5,555
14062,40877.42,12,94.28,5,5,5,555
14064,40857.55,7,14.62,4,4,2,442
14066,40620.51,1,21.79,1,0,4,104
14067,40823.43,2,7.21,3,2,1,321
14068,40566.67,1,11.08,1,0,2,102
14071,40883.52,9,3.93,5,5,1,551
14073,40865.68,2,9.97,4,2,2,422
14075,40882.36,3,21.91,5,3,4,534
14076,40757.64,1,2.70,2,0,1,201
14077,40846.52,5,11.89,3,4,2,342
14078,40785.51,6,16.14,2,4,3,243
14079,40762.51,1,31.26,2,0,5,205
14080,40854.46,1,11.40,3,0,2,302
14081,40619.60,4,5.83,1,3,1,131
14082,40522.46,1,6.28,1,0,1,101
14083,40882.55,9,5.64,5,5,1,551
14085,40884.57,18,9.82,5,5,2,552
14087,40884.53,2,2.59,5,2,1,521
14088,40876.68,14,85.45,5,5,5,555
14089,40830.44,1,11.50,3,0,2,302
14090,40562.45,1,76.32,1,0,5,105
14092,40879.51,17,18.72,5,5,3,553
14093,40874.69,1,4.34,4,0,1,401
14096,40882.72,18,11.24,5,5,2,552
14098,40850.43,1,7.02,3,0,1,301
14099,40870.58,12,12.27,4,5,2,452
14100,40749.46,1,7.68,2,0,1,201
14101,40813.52,6,170.77,2,4,5,245
14102,40881.65,8,16.83,5,5,3,553
14104,40732.53,2,10.30,2,2,2,222
14105,40801.68,2,16.58,2,2,3,223
14107,40835.51,8,21.68,3,5,4,354
14108,40856.45,3,16.98,4,3,3,433
14109,40863.58,2,9.35,4,2,2,422
14110,40883.52,13,36.11,5,5,5,555
14111,40872.57,5,62.60,4,4,5,445
14112,40864.52,12,16.50,4,5,3,453
14113,40883.51,8,48.73,5,5,5,555
14114,40613.40,2,25.77,1,2,4,124
14116,40867.44,5,19.20,4,4,4,444
14117,40743.41,1,30.00,2,0,5,205
14119,40532.58,1,-19.90,1,0,1,101
14121,40883.51,6,17.28,5,4,3,543
14124,40802.56,1,83.92,2,0,5,205
14125,40876.53,3,16.32,5,3,3,533
14126,40879.49,3,40.23,5,3,5,535
14127,40764.45,3,16.13,2,3,3,233
14128,40826.50,2,13.86,3,2,2,322
14129,40885.46,4,21.61,5,3,4,534
14130,40567.67,1,7.29,1,0,1,101
14132,40884.57,12,17.81,5,5,3,553
14133,40757.48,5,19.68,2,4,4,244
14135,40885.48,15,35.00,5,5,5,555
14138,40885.53,2,20.90,5,2,4,524
14139,40840.57,1,15.99,3,0,3,303
14140,40883.38,3,14.17,5,3,2,532
14141,40884.41,6,19.87,5,4,4,544
14142,40513.69,1,14.17,1,0,2,102
14143,40753.41,1,16.54,2,0,3,203
14145,40840.51,5,340.20,3,4,5,345
14146,40878.43,6,13.86,5,4,2,542
14147,40837.57,3,96.68,3,3,5,335
14148,40653.50,1,52.40,1,0,5,105
14149,40674.52,3,7.04,1,3,1,131
14150,40851.42,2,25.33,3,2,4,324
14152,40811.54,3,12.22,2,3,2,232
14154,40647.68,2,25.88,1,2,4,124
14155,40620.59,1,19.79,1,0,4,104
14156,40877.45,65,82.08,5,5,5,555
14157,40867.48,3,8.35,4,3,1,431
14158,40846.63,1,12.38,3,0,2,302
14159,40867.53,14,3.89,4,5,1,451
14161,40671.49,3,10.55,1,3,2,132
14162,40713.48,2,11.57,2,2,2,222
14163,40799.64,4,47.04,2,3,5,235
14164,40816.52,2,56.27,3,2,5,325
14165,40611.53,1,5.02,1,0,1,101
14167,40847.60,4,11.25,3,3,2,332
14171,40788.70,1,6.27,2,0,1,201
14173,40876.50,4,15.55,5,3,3,533
14174,40853.55,1,5.17,3,0,1,301
14175,40835.57,7,18.95,3,4,4,344
14176,40589.55,5,17.94,1,4,3,143
14177,40802.41,5,12.96,2,4,2,242
14178,40878.50,7,5.03,5,4,1,541
14179,40846.50,2,4.39,3,2,1,321
14180,40876.46,31,18.71,5,5,3,553
14184,40820.53,1,18.87,3,0,4,304
14185,40555.58,1,65.88,1,0,5,105
14188,40878.41,10,28.44,5,5,5,555
14189,40884.66,24,16.67,5,5,3,553
14191,40885.39,14,17.77,5,5,3,553
14193,40819.40,2,20.32,3,2,4,324
14194,40882.44,31,18.63,5,5,3,553
14195,40685.44,3,120.34,1,3,5,135
14196,40780.43,1,55.92,2,0,5,205
14198,40882.69,7,15.08,5,4,2,542
14199,40668.57,1,92.70,1,0,5,105
14201,40826.56,9,17.64,3,5,3,353
14204,40884.57,1,3.86,5,0,1,501
14205,40876.50,4,7.33,5,3,1,531
14206,40647.69,2,14.68,1,2,2,122
14208,40792.53,1,15.17,2,0,2,202
14209,40876.43,7,23.49,5,4,4,544
14210,40795.54,7,18.46,2,4,3,243
14211,40833.56,13,18.71,3,5,3,353
14212,40797.53,1,118.94,2,0,5,205
14213,40515.41,1,-238.44,1,0,0,100
14214,40856.44,7,14.29,4,4,2,442
14215,40875.51,7,16.31,4,4,3,443
14216,40883.62,4,31.17,5,3,5,535
14217,40885.50,24,18.38,5,5,3,553
14218,40844.42,1,14.12,3,0,2,302
14219,40882.68,1,12.85,5,0,2,502
14220,40639.56,2,30.11,1,2,5,125
14221,40844.57,10,17.60,3,5,3,353
14222,40709.70,1,16.66,2,0,3,203
14223,40794.57,4,15.99,2,3,3,233
14224,40776.56,4,8.95,2,3,2,232
14226,40858.48,7,30.34,4,4,5,445
14227,40860.66,13,18.12,4,5,3,453
14229,40835.42,6,34.90,3,4,5,345
14231,40707.65,5,15.22,1,4,2,142
14232,40855.51,8,17.32,3,5,3,353
14233,40843.39,5,40.21,3,4,5,345
14234,40864.75,4,4.88,4,3,1,431
14235,40876.56,6,39.81,5,4,5,545
14236,40806.38,2,32.72,2,2,5,225
14237,40513.56,1,17.89,1,0,3,103
14238,40560.61,1,18.36,1,0,3,103
14239,40843.61,14,20.03,3,5,4,354
14240,40856.57,2,21.20,4,2,4,424
14241,40703.49,1,21.37,1,0,4,104
14242,40652.49,2,17.53,1,2,3,123
14243,40878.47,14,17.35,5,5,3,553
14245,40710.61,5,14.98,2,4,2,242
14246,40776.49,3,19.65,2,3,4,234
14247,40608.64,1,6.84,1,0,1,101
14248,40568.61,1,37.82,1,0,5,105
14250,40879.60,3,17.15,5,3,3,533
14251,40885.36,5,36.92,5,4,5,545
14256,40632.69,3,18.28,1,3,3,133
14257,40835.57,6,28.85,3,4,5,345
14258,40877.64,10,112.95,5,5,5,555
14259,40745.45,1,24.00,2,0,4,204
14261,40836.42,2,22.37,3,2,4,324
14262,40878.60,8,18.31,5,5,3,553
14264,40732.43,3,16.81,2,3,3,233
14265,40777.56,2,17.10,2,2,3,223
14267,40736.47,7,20.92,2,4,4,244
14270,40555.40,1,16.99,1,0,3,103
14271,40661.53,1,11.23,1,0,2,102
14272,40813.42,2,13.27,2,2,2,222
14273,40835.56,4,19.31,3,3,4,334
14276,40798.74,5,13.59,2,4,2,242
14277,40871.63,4,17.46,4,3,3,433
14280,40690.44,1,16.76,1,0,3,103
14282,40883.71,15,24.04,5,5,4,554
14284,40856.34,3,17.01,4,3,3,433
14285,40865.62,4,70.74,4,3,5,435
14286,40863.44,5,16.03,4,4,3,443
14287,40878.56,4,15.62,5,3,3,533
14288,40674.64,2,24.34,1,2,4,124
14289,40878.49,6,19.39,5,4,4,544
14290,40875.58,6,22.40,5,4,4,544
14291,40885.43,11,16.27,5,5,3,553
14292,40879.49,14,44.62,5,5,5,555
14293,40883.64,4,17.16,5,3,3,533
14295,40846.66,2,26.28,3,2,4,324
14297,40869.38,5,20.06,4,4,4,444
14298,40883.63,45,31.03,5,5,5,555
14299,40878.67,18,17.63,5,5,3,553
14300,40868.37,1,14.40,4,0,2,402
14301,40779.38,2,39.50,2,2,5,225
14304,40664.49,2,11.83,1,2,2,122
14305,40815.65,5,16.40,2,4,3,243
14306,40835.56,3,59.53,3,3,5,335
14307,40798.40,6,16.64,2,4,3,243
14309,40878.56,10,18.86,5,5,4,554
14311,40661.83,2,8.51,1,2,1,121
14312,40840.41,6,18.52,3,4,3,343
14314,40780.44,1,15.00,2,0,2,202
14315,40865.65,7,23.62,4,4,4,444
14317,40822.45,1,21.19,3,0,4,304
14320,40680.39,3,9.33,1,3,2,132
14321,40876.41,5,12.39,5,4,2,542
14323,40772.48,4,14.01,2,3,2,232
14326,40652.46,2,22.98,1,2,4,124
14327,40723.58,1,25.97,2,0,4,204
14329,40878.35,14,18.24,5,5,3,553
14331,40762.55,2,16.52,2,2,3,223
14332,40864.50,3,33.32,4,3,5,435
14333,40822.81,2,18.50,3,2,3,323
14334,40870.42,9,15.58,4,5,3,453
14335,40870.57,2,7.53,4,2,1,421
14336,40870.49,4,17.94,4,3,3,433
14338,40728.67,4,16.30,2,3,3,233
14339,40652.48,4,17.35,1,3,3,133
14340,40668.41,1,22.45,1,0,4,104
14341,40841.66,8,16.50,3,5,3,353
14342,40865.56,6,26.47,4,4,4,444
14344,40759.58,8,12.53,2,5,2,252
14345,40848.41,1,18.16,3,0,3,303
14346,40766.41,2,17.03,2,2,3,223
14348,40626.68,1,22.75,1,0,4,104
14349,40876.65,1,4.31,5,0,1,501
14350,40616.52,2,12.32,1,2,2,122
14351,40722.50,1,51.00,2,0,5,205
14352,40729.65,4,22.96,2,3,4,234
14353,40671.67,1,15.10,1,0,2,102
14354,40881.48,2,18.18,5,2,3,523
14355,40521.51,1,15.85,1,0,3,103
14356,40826.72,4,17.55,3,3,3,333
14357,40843.68,1,5.63,3,0,1,301
14359,40867.55,6,15.75,4,4,3,443
14360,40855.38,4,18.04,3,3,3,333
14362,40864.63,1,4.09,4,0,1,401
14364,40778.46,8,53.87,2,5,5,255
14367,40878.55,19,17.21,5,5,3,553
14368,40567.41,1,19.38,1,0,4,104
14371,40591.69,1,25.13,1,0,4,104
14373,40528.65,1,19.14,1,0,4,104
14375,40701.57,1,3.57,1,0,1,101
14377,40695.56,2,56.10,1,2,5,125
14379,40842.70,2,7.57,3,2,1,321
14381,40834.72,1,3.62,3,0,1,301
14382,40860.68,1,4.86,4,0,1,401
14383,40848.66,3,21.15,3,3,4,334
14385,40877.65,3,14.44,5,3,2,532
14386,40590.41,1,20.34,1,0,4,104
14387,40854.52,3,12.43,3,3,2,332
14388,40878.47,10,16.61,5,5,3,553
14389,40878.39,5,16.12,5,4,3,543
14390,40876.58,13,15.86,5,5,3,553
14393,40668.76,1,13.59,1,0,2,102
14395,40884.61,12,9.77,5,5,2,552
14396,40821.67,2,6.68,3,2,1,321
14397,40886.41,23,27.25,5,5,5,555
14400,40745.75,2,22.99,2,2,4,224
14401,40882.56,14,22.09,5,5,4,554
14403,40756.54,5,54.86,2,4,5,245
14404,40853.52,7,13.96,3,4,2,342
14406,40767.70,1,19.59,2,0,4,204
14407,40779.58,9,27.78,2,5,5,255
14408,40876.49,7,24.52,5,4,4,544
14409,40815.76,7,34.70,2,4,5,245
14410,40871.47,15,2.33,4,5,1,451
14411,40576.46,1,75.93,1,0,5,105
14412,40851.55,3,16.92,3,3,3,333
14413,40524.57,1,5.50,1,0,1,101
14414,40795.51,8,15.15,2,5,2,252
14415,40885.61,18,9.58,5,5,2,552
14416,40864.64,2,35.02,4,2,5,425
14418,40883.49,3,15.49,5,3,2,532
14419,40876.47,6,5.21,5,4,1,541
14420,40801.71,2,12.86,2,2,2,222
14421,40829.56,2,30.12,3,2,5,325
14422,40886.48,6,19.21,5,4,4,544
14423,40668.63,1,88.40,1,0,5,105
14424,40869.49,1,322.08,4,0,5,405
14426,40868.49,16,16.18,4,5,3,453
14427,40836.60,2,21.37,3,2,4,324
14428,40879.55,7,8.58,5,4,1,541
14431,40588.46,2,20.16,1,2,4,124
14432,40877.34,6,5.92,5,4,1,541
14434,40865.37,6,114.40,4,4,5,445
14436,40788.43,1,9.90,2,0,2,202
14437,40743.62,2,-7.23,2,2,1,221
14438,40580.62,1,14.66,1,0,2,102
14439,40567.49,1,83.16,1,0,5,105
14440,40878.65,5,42.87,5,4,5,545
14441,40886.38,10,27.63,5,5,5,555
14442,40885.50,5,23.31,5,4,4,544
14443,40833.42,7,14.29,3,4,2,342
14446,40886.48,4,3.60,5,3,1,531
14447,40868.35,5,16.62,4,4,3,443
14448,40877.58,2,18.77,5,2,3,523
14449,40868.50,4,3.53,4,3,1,431
14450,40706.45,3,12.08,1,3,2,132
14451,40826.57,2,6.08,3,2,1,321
14452,40876.50,2,4.32,5,2,1,521
14453,40696.59,1,5.45,1,0,1,101
14456,40881.58,14,3.13,5,5,1,551
14457,40576.40,1,28.41,1,0,5,105
14459,40731.57,1,49.67,2,0,5,205
14460,40776.60,4,27.15,2,3,5,235
14461,40738.72,3,11.68,2,3,2,232
14462,40823.39,14,8.28,3,5,1,351
14463,40788.64,3,88.27,2,3,5,235
14465,40640.53,3,8.44,1,3,1,131
14466,40857.59,7,31.56,4,4,5,445
14467,40869.53,4,6.70,4,3,1,431
14470,40875.44,2,10.73,4,2,2,422
14472,40783.46,8,6.91,2,5,1,251
14473,40812.63,2,33.48,2,2,5,225
14474,40843.54,2,17.92,3,2,3,323
14475,40815.45,6,17.02,2,4,3,243
14476,40629.65,1,11.35,1,0,2,102
14477,40867.47,5,118.89,4,4,5,445
14479,40633.38,2,17.57,1,2,3,123
14480,40875.69,1,21.47,5,0,4,504
14481,40722.44,2,21.22,2,2,4,224
14482,40868.55,6,14.77,4,4,2,442
14483,40737.41,2,12.92,2,2,2,222
14484,40836.59,1,22.99,3,0,4,304
14485,40848.52,1,3.54,3,0,1,301
14487,40860.51,7,8.16,4,4,1,441
14488,40835.61,2,21.38,3,2,4,324
14489,40679.62,1,15.45,1,0,2,102
14491,40711.64,2,20.05,2,2,4,224
14493,40879.68,7,19.49,5,4,4,544
14494,40861.39,1,19.94,4,0,4,404
14495,40836.52,2,20.63,3,2,4,324
14496,40575.38,2,28.36,1,2,5,125
14497,40585.64,2,14.76,1,2,2,122
14498,40844.51,5,10.14,3,4,2,342
14499,40860.54,3,4.25,4,3,1,431
14500,40798.70,3,50.98,2,3,5,235
14501,40822.84,3,15.86,3,3,3,333
14502,40867.49,14,3.74,4,5,1,451
14503,40883.56,6,21.61,5,4,4,544
14504,40839.67,4,6.29,3,3,1,331
14505,40869.66,11,7.37,4,5,1,451
14506,40869.54,5,6.44,4,4,1,441
14507,40863.51,7,13.95,4,4,2,442
14508,40864.83,2,4.87,4,2,1,421
14511,40875.71,6,17.85,5,4,3,543
14512,40699.53,2,11.97,1,2,2,122
14513,40786.48,4,24.36,2,3,4,234
14514,40825.67,4,14.46,3,3,2,332
14515,40869.48,6,20.81,4,4,4,444
14517,40853.60,2,18.36,3,2,3,323
14518,40822.61,1,10.90,3,0,2,302
14520,40885.41,2,67.65,5,2,5,525
14522,40862.56,4,57.33,4,3,5,435
14523,40778.55,1,20.09,2,0,4,204
14524,40855.52,9,9.36,4,5,2,452
14525,40878.37,13,14.41,5,5,2,552
14527,40884.51,85,7.76,5,5,1,551
14528,40849.71,1,20.23,3,0,4,304
14529,40826.64,3,2.71,3,3,1,331
14530,40861.44,6,13.44,4,4,2,442
14532,40650.55,4,14.58,1,3,2,132
14533,40862.50,9,29.63,4,5,5,455
14534,40884.51,25,7.34,5,5,1,551
14535,40827.68,4,8.55,3,3,1,331
14536,40627.51,1,9.50,1,0,2,102
14537,40829.45,1,35.56,3,0,5,305
14538,40822.44,2,20.43,3,2,4,324
14539,40871.41,2,16.80,4,2,3,423
14540,40877.43,3,13.11,5,3,2,532
14541,40828.42,8,13.84,3,5,2,352
14542,40701.35,1,20.65,1,0,4,104
14543,40883.44,21,29.74,5,5,5,555
14544,40862.63,2,18.06,4,2,3,423
14546,40882.69,9,6.03,5,5,1,551
14547,40883.46,9,11.03,5,5,2,552
14548,40736.51,2,163.20,2,2,5,225
14549,40575.57,1,5.17,1,0,1,101
14550,40876.51,2,16.11,5,2,3,523
14551,40868.57,2,18.62,4,2,3,423
14552,40735.53,1,2.88,2,0,1,201
14553,40867.56,5,7.49,4,4,1,441
14554,40876.70,4,11.09,5,3,2,532
14555,40829.68,2,16.45,3,2,3,323
14557,40822.86,2,7.86,3,2,1,321
14560,40879.64,24,28.61,5,5,5,555
14561,40811.53,3,15.66,2,3,3,233
14562,40883.46,22,10.86,5,5,2,552
14565,40791.53,6,23.83,2,4,4,244
14566,40776.46,1,358.00,2,0,5,205
14567,40851.58,3,44.84,3,3,5,335
14569,40885.62,1,18.95,5,0,4,504
14570,40606.46,2,7.52,1,2,1,121
14572,40883.61,10,10.40,5,5,2,552
14573,40707.47,12,6.82,1,5,1,151
14576,40514.74,1,35.40,1,0,5,105
14577,40874.53,4,6.99,4,3,1,431
14578,40883.72,1,7.03,5,0,1,501
14581,40870.53,1,8.15,4,0,1,401
14582,40846.50,1,19.02,3,0,4,304
14583,40881.52,5,3.27,5,4,1,541
14584,40717.77,5,10.54,2,4,2,242
14585,40836.61,1,5.42,3,0,1,301
14586,40659.73,3,4.97,1,3,1,131
14587,40868.48,10,4.24,4,5,1,451
14589,40515.49,1,13.25,1,0,2,102
14591,40871.58,4,7.50,4,3,1,431
14592,40851.69,3,3.48,3,3,1,331
14593,40865.53,3,4.09,4,3,1,431
14594,40879.56,2,6.99,5,2,1,521
14595,40867.51,6,17.06,4,4,3,443
14597,40875.55,2,18.43,4,2,3,423
14598,40842.55,1,4.44,3,0,1,301
14600,40581.41,1,15.73,1,0,3,103
14601,40876.41,1,30.57,5,0,5,505
14603,40612.44,1,330.00,1,0,5,105
14606,40885.81,129,4.22,5,5,1,551
14607,40871.44,17,152.39,4,5,5,455
14608,40882.70,4,89.26,5,3,5,535
14609,40814.54,4,150.39,2,3,5,235
14616,40644.41,3,135.36,1,3,5,135
14618,40877.57,4,31.68,5,3,5,535
14619,40647.72,2,17.25,1,2,3,123
14620,40682.59,3,13.11,1,3,2,132
14621,40885.68,6,18.39,5,4,3,543
14622,40702.53,1,15.27,1,0,2,102
14623,40854.58,6,6.47,3,4,1,341
14624,40829.57,2,17.37,3,2,3,323
14625,40701.65,5,14.89,1,4,2,142
14626,40878.37,7,22.18,5,4,4,544
14627,40575.45,1,-4.37,1,0,1,101
14628,40795.62,2,28.00,2,2,5,225
14629,40882.70,3,6.17,5,3,1,531
14631,40836.47,3,24.56,3,3,4,334
14632,40624.37,1,14.32,1,0,2,102
14633,40620.71,1,17.25,1,0,3,103
14636,40850.68,2,21.78,3,2,4,324
14638,40836.42,1,27.73,3,0,5,305
14639,40834.63,8,16.87,3,5,3,353
14640,40871.46,8,18.08,4,5,3,453
14641,40865.45,1,15.78,4,0,3,403
14642,40828.46,1,48.06,3,0,5,305
14643,40716.61,3,19.67,2,3,4,234
14644,40877.62,4,26.91,5,3,4,534
14645,40730.39,2,19.90,2,2,4,224
14646,40885.51,77,134.09,5,5,5,555
14647,40685.57,1,8.43,1,0,1,101
14649,40882.52,4,7.34,5,3,1,531
14651,40819.66,2,6.47,3,2,1,321
14652,40809.60,1,3.94,2,0,1,201
14653,40885.57,8,8.23,5,5,1,551
14655,40883.45,5,38.60,5,4,5,545
14656,40717.58,2,3.64,2,2,1,221
14657,40869.53,5,6.60,4,4,1,441
14658,40881.65,2,8.52,5,2,1,521
14659,40878.51,12,9.48,5,5,2,552
14660,40800.48,2,9.52,2,2,2,222
14661,40860.49,1,26.99,4,0,4,404
14662,40858.51,4,4.71,4,3,1,431
14664,40867.46,2,6.49,4,2,1,421
14665,40826.50,7,12.99,3,4,2,342
14666,40862.54,1,13.95,4,0,2,402
14667,40876.48,27,16.06,5,5,3,553
14669,40645.49,3,7.59,1,3,1,131
14670,40606.59,2,3.19,1,2,1,121
14672,40652.43,2,12.55,1,2,2,122
14673,40883.60,5,23.46,5,4,4,544
14675,40870.54,1,6.15,4,0,1,401
14676,40855.56,8,57.80,4,5,5,455
14679,40515.42,1,-2.55,1,0,1,101
14680,40861.71,23,86.80,4,5,5,455
14681,40815.66,3,71.28,2,3,5,235
14682,40699.51,2,26.00,1,2,4,124
14684,40861.48,5,3.08,4,4,1,441
14687,40780.50,1,41.89,2,0,5,205
14688,40879.52,27,14.36,5,5,2,552
14689,40678.47,1,8.68,1,0,1,101
14690,40842.65,3,6.58,3,3,1,331
14691,40856.52,5,29.78,4,4,5,445
14692,40749.63,5,8.44,2,4,1,241
14693,40622.53,1,21.61,1,0,4,104
14696,40882.57,9,15.57,5,5,3,553
14697,40668.65,2,8.57,1,2,1,121
14698,40885.52,5,6.02,5,4,1,541
14699,40672.62,1,13.64,1,0,2,102
14700,40854.61,3,19.60,3,3,4,334
14701,40876.53,12,7.20,5,5,1,551
14702,40885.81,18,9.36,5,5,2,552
14703,40872.39,1,14.46,4,0,2,402
14704,40875.54,9,3.74,4,5,1,451
14705,40688.53,1,179.00,1,0,5,105
14708,40884.35,4,37.82,5,3,5,535
14709,40871.65,14,24.93,4,5,4,454
14710,40872.62,4,4.41,4,3,1,431
14711,40876.62,12,8.08,5,5,1,551
14712,40857.54,3,36.68,4,3,5,435
14713,40877.68,12,7.82,5,5,1,551
14714,40862.55,1,16.02,4,0,3,403
14715,40862.51,4,12.22,4,3,2,432
14716,40843.73,2,6.03,3,2,1,321
14719,40885.53,6,6.71,5,4,1,541
14720,40881.50,3,17.94,5,3,3,533
14722,40739.62,1,6.44,2,0,1,201
14723,40876.64,6,4.33,5,4,1,541
14725,40862.53,1,13.95,4,0,2,402
14727,40612.61,1,26.86,1,0,4,104
14729,40513.53,1,4.42,1,0,1,101
14730,40885.61,7,4.01,5,4,1,541
14731,40839.66,3,8.44,3,3,1,331
14732,40878.61,10,18.03,5,5,3,553
14733,40877.62,15,44.30,5,5,5,555
14735,40883.51,32,28.76,5,5,5,555
14737,40883.43,3,68.50,5,3,5,535
14738,40847.54,9,23.03,3,5,4,354
14739,40884.61,8,63.92,5,5,5,555
14740,40695.64,4,15.30,1,3,2,132
14741,40875.37,6,23.73,4,4,4,444
14744,40870.54,9,38.88,4,5,5,455
14745,40774.42,6,16.67,2,4,3,243
14747,40639.43,2,15.49,1,2,2,122
14748,40857.77,6,14.26,4,4,2,442
14752,40843.50,1,77.93,3,0,5,305
14753,40799.62,1,18.77,2,0,3,203
14754,40842.50,2,15.56,3,2,3,323
14755,40877.48,12,20.95,5,5,4,554
14756,40871.76,1,19.45,4,0,4,404
14757,40811.61,1,22.13,2,0,4,204
14758,40742.35,4,20.90,2,3,4,234
14759,40882.50,3,15.94,5,3,3,533
14760,40592.61,2,7.69,1,2,1,121
14761,40828.51,2,23.26,3,2,4,324
14762,40623.35,1,14.31,1,0,2,102
14764,40843.45,2,35.79,3,2,5,325
14765,40857.83,3,6.52,4,3,1,431
14766,40878.67,8,17.69,5,5,3,553
14768,40869.54,3,23.25,4,3,4,434
14769,40884.43,11,9.73,5,5,2,552
14770,40654.60,2,16.85,1,2,3,123
14772,40774.63,1,15.47,2,0,2,202
14775,40828.64,3,16.87,3,3,3,333
14776,40835.65,13,17.90,3,5,3,353
14777,40882.56,2,-5.82,5,2,1,521
14778,40759.64,2,20.88,2,2,4,224
14779,40606.53,3,9.42,1,3,2,132
14780,40832.53,2,16.58,3,2,3,323
14782,40567.47,1,33.35,1,0,5,105
14784,40860.56,2,18.41,4,2,3,423
14785,40876.56,2,25.80,5,2,4,524
14788,40879.71,2,22.65,5,2,4,524
14789,40858.37,1,32.94,4,0,5,405
14790,40870.39,4,16.20,4,3,3,433
14792,40823.39,2,0.00,3,2,1,321
14793,40882.68,2,14.28,5,2,2,522
14794,40884.42,9,15.51,5,5,2,552
14795,40720.54,1,21.91,2,0,4,204
14796,40885.65,27,6.73,5,5,1,551
14798,40834.46,3,14.48,3,3,2,332
14799,40835.68,1,12.13,3,0,2,302
14800,40839.53,15,11.09,3,5,2,352
14801,40825.64,1,3.27,3,0,1,301
14803,40724.58,3,19.22,2,3,4,234
14804,40878.47,1,29.44,5,0,5,505
14805,40871.68,4,11.80,4,3,2,432
14806,40811.65,1,17.58,2,0,3,203
14808,40847.51,14,9.91,3,5,2,352
14810,40846.47,11,8.20,3,5,1,351
14813,40517.50,2,5.27,1,2,1,121
14815,40850.48,2,14.49,3,2,2,322
14816,40689.55,1,67.96,1,0,5,105
14817,40686.57,2,17.62,1,2,3,123
14818,40813.46,3,13.70,2,3,2,232
14819,40822.57,2,20.93,3,2,4,324
14820,40865.65,4,17.49,4,3,3,433
14821,40520.36,1,24.40,1,0,4,104
14823,40706.55,3,4.59,1,3,1,131
14824,40876.60,4,38.89,5,3,5,535
14825,40883.48,12,18.51,5,5,3,553
14828,40690.43,3,125.87,1,3,5,135
14829,40857.68,6,16.04,4,4,3,443
14830,40833.60,1,4.93,3,0,1,301
14834,40869.44,8,24.26,4,5,4,454
14836,40876.70,3,17.08,5,3,3,533
14837,40797.46,5,15.10,2,4,2,242
14840,40619.50,1,15.71,1,0,3,103
14841,40833.63,6,23.88,3,4,4,344
14842,40851.55,8,17.53,3,5,3,353
14844,40823.45,4,24.54,3,3,4,334
14847,40738.45,1,23.80,2,0,4,204
14849,40865.46,25,20.16,4,5,4,454
14850,40575.47,2,12.64,1,2,2,122
14851,40863.60,2,18.26,4,2,3,423
14852,40828.56,6,19.84,3,4,4,344
14853,40878.41,3,46.31,5,3,5,535
14854,40808.71,8,21.00,2,5,4,254
14855,40767.58,2,32.28,2,2,5,225
14856,40850.62,3,19.87,3,3,4,334
14857,40827.39,3,19.11,3,3,4,334
14859,40874.47,5,22.92,4,4,4,444
14860,40878.41,2,14.05,5,2,2,522
14861,40834.54,1,20.97,3,0,4,304
14862,40861.42,2,17.53,4,2,3,423
14863,40857.63,1,24.25,4,0,4,404
14865,40879.68,2,13.05,5,2,2,522
14866,40876.49,13,137.84,5,5,5,555
14867,40701.49,4,18.95,1,3,4,134
14868,40883.62,9,20.00,5,5,4,554
14869,40883.45,3,10.03,5,3,2,532
14870,40625.45,1,25.17,1,0,4,104
14871,40883.57,4,5.39,5,3,1,531
14873,40676.58,1,18.56,1,0,3,103
14875,40877.61,5,28.97,5,4,5,545
14878,40874.47,9,11.98,4,5,2,452
14880,40809.57,3,15.01,2,3,2,232
14881,40867.46,1,15.02,4,0,2,402
14882,40860.53,2,53.61,4,2,5,425
14883,40868.43,6,14.01,4,4,2,442
14885,40755.50,1,51.02,2,0,5,205
14886,40634.37,1,20.27,1,0,4,104
14887,40807.65,1,310.33,2,0,5,205
14888,40679.62,1,18.46,1,0,3,103
14889,40550.64,1,13.59,1,0,2,102
14890,40633.50,1,17.95,1,0,3,103
14891,40738.76,2,16.80,2,2,3,223
14893,40877.52,2,16.96,5,2,3,523
14894,40801.58,1,28.51,2,0,5,205
14895,40879.39,24,21.87,5,5,4,554
14896,40682.43,2,10.90,1,2,2,122
14897,40879.44,4,24.84,5,3,4,534
14898,40863.62,8,10.66,4,5,2,452
14901,40875.71,10,14.44,5,5,2,552
14902,40865.71,2,13.87,4,2,2,422
14903,40865.67,10,7.60,4,5,1,451
14904,40884.54,2,14.86,5,2,2,522
14905,40732.57,3,33.33,2,3,5,235
14907,40883.59,10,20.71,5,5,4,554
14908,40812.54,1,30.87,2,0,5,205
14910,40884.42,6,11.14,5,4,2,542
14911,40885.66,248,23.02,5,5,4,554
14912,40870.52,3,29.99,4,3,5,435
14913,40851.35,4,14.11,3,3,2,332
14915,40801.44,3,19.91,2,3,4,234
14916,40816.39,5,16.01,2,4,3,243
14918,40771.49,2,35.78,2,2,5,225
14920,40674.44,2,17.15,1,2,3,123
14921,40856.55,2,16.87,4,2,3,423
14923,40836.49,1,17.03,3,0,3,303
14924,40641.39,1,31.01,1,0,5,105
14929,40854.72,1,20.35,3,0,4,304
14930,40778.44,3,18.54,2,3,3,233
14931,40882.43,6,30.68,5,4,5,545
14932,40521.49,1,21.38,1,0,4,104
14934,40814.41,3,21.46,2,3,4,234
14935,40589.61,1,178.47,1,0,5,105
14936,40877.63,9,22.18,5,5,4,554
14937,40830.52,4,46.22,3,3,5,335
14944,40857.38,13,33.97,4,5,5,455
14946,40872.56,1,33.63,4,0,5,405
14947,40814.66,2,20.77,2,2,4,224
14948,40863.72,7,16.67,4,4,3,443
14950,40878.40,2,18.06,5,2,3,523
14951,40807.64,1,15.58,2,0,3,203
14952,40840.58,15,53.67,3,5,5,355
14953,40861.62,1,5.29,4,0,1,401
14954,40874.60,1,3.83,4,0,1,401
14957,40633.75,1,4.87,1,0,1,101
14958,40739.60,3,11.80,2,3,2,232
14959,40827.69,5,11.23,3,4,2,342
14960,40878.54,2,8.08,5,2,1,521
14961,40876.40,12,22.10,5,5,4,554
14962,40616.40,1,25.34,1,0,4,104
14963,40877.51,5,7.64,5,4,1,541
14964,40639.59,1,15.86,1,0,3,103
14965,40790.56,2,7.22,2,2,1,221
14966,40872.51,1,5.20,4,0,1,401
14967,40837.46,1,77.30,3,0,5,305
14968,40856.58,1,3.99,4,0,1,401
14970,40818.57,4,46.83,3,3,5,335
14971,40851.71,3,7.08,3,3,1,331
14972,40758.62,1,6.38,2,0,1,201
14973,40779.66,3,41.08,2,3,5,235
14974,40849.54,1,5.29,3,0,1,301
14975,40829.59,1,25.45,3,0,4,304
14976,40829.69,8,10.98,3,5,2,352
14978,40814.55,5,8.98,2,4,2,242
14981,40640.57,1,12.77,1,0,2,102
14984,40867.60,2,5.15,4,2,1,421
14985,40688.60,2,3.52,1,2,1,121
14987,40871.42,2,81.60,4,2,5,425
14988,40675.50,1,8.36,1,0,1,101
14995,40848.49,2,3.87,3,2,1,321
14997,40840.56,4,20.04,3,3,4,334
14998,40716.73,2,5.61,2,2,1,221
15000,40839.49,1,6.43,3,0,1,301
15002,40771.45,4,14.28,2,3,2,232
15004,40739.59,1,7.93,2,0,1,201
15005,40871.52,36,5.35,4,5,1,451
15006,40835.63,1,3.49,3,0,1,301
15007,40727.67,1,13.08,2,0,2,202
15009,40874.57,3,6.93,4,3,1,431
15010,40851.53,1,15.45,3,0,2,302
15012,40833.52,2,3.34,3,2,1,321
15014,40843.84,2,7.81,3,2,1,321
15016,40714.50,1,8.50,2,0,1,201
15017,40853.44,1,6.28,3,0,1,301
15018,40848.53,4,14.26,3,3,2,332
15019,40620.52,1,3.83,1,0,1,101
15021,40878.50,13,4.07,5,5,1,551
15022,40875.52,4,7.04,4,3,1,431
15023,40883.72,12,12.05,5,5,2,552
15024,40877.50,10,10.74,5,5,2,552
15025,40853.64,1,5.40,3,0,1,301
15026,40806.58,3,7.69,2,3,1,231
15027,40856.43,6,28.43,4,4,5,445
15028,40878.59,4,13.07,5,3,2,532
15030,40815.45,2,74.04,2,2,5,225
15031,40882.60,4,5.94,5,3,1,531
15032,40630.65,5,95.37,1,4,5,145
15033,40882.53,11,5.03,5,5,1,551
15034,40871.51,11,10.69,4,5,2,452
15035,40797.46,1,9.36,2,0,2,202
15036,40814.65,3,3.57,2,3,1,231
15038,40843.61,7,5.05,3,4,1,341
15039,40877.48,52,13.25,5,5,2,552
15041,40716.68,1,2.73,2,0,1,201
15042,40687.68,1,27.19,1,0,5,105
15043,40855.60,1,179.00,4,0,5,405
15044,40867.56,22,16.73,4,5,3,453
15045,40735.48,3,61.31,2,3,5,235
15046,40877.66,16,24.46,5,5,4,554
15047,40617.45,1,15.62,1,0,3,103
15048,40821.62,5,3.97,3,4,1,341
15049,40613.51,1,40.39,1,0,5,105
15050,40861.68,5,21.59,4,4,4,444
15051,40863.65,3,9.74,4,3,2,432
15052,40567.66,1,7.42,1,0,1,101
15053,40882.51,3,10.06,5,3,2,532
15054,40874.63,2,2.61,4,2,1,421
15057,40611.64,2,59.58,1,2,5,125
15058,40861.62,11,7.90,4,5,1,451
15059,40846.48,11,5.55,3,5,1,351
15060,40878.57,4,2.56,5,3,1,531
15061,40883.50,52,132.74,5,5,5,555
15062,40815.70,4,17.33,2,3,3,233
15063,40673.56,1,74.16,1,0,5,105
15065,40849.41,6,19.85,3,4,4,344
15066,40855.41,2,15.01,3,2,2,322
15067,40808.56,3,21.28,2,3,4,234
15068,40840.62,2,5.32,3,2,1,321
15069,40707.59,1,15.85,1,0,3,103
15070,40514.47,1,106.20,1,0,5,105
15071,40793.49,2,37.77,2,2,5,225
15073,40877.45,4,10.15,5,3,2,532
15074,40781.61,1,17.83,2,0,3,203
15075,40809.52,1,28.63,2,0,5,205
15076,40714.35,1,17.98,2,0,3,203
15078,40879.65,36,21.57,5,5,4,554
15079,40674.53,5,18.62,1,4,3,143
15081,40864.71,6,13.92,4,4,2,442
15083,40630.51,1,17.64,1,0,3,103
15087,40605.44,1,20.46,1,0,4,104
15088,40865.55,3,19.00,4,3,4,434
15089,40876.69,6,16.70,5,4,3,543
15090,40578.59,1,16.58,1,0,3,103
15091,40833.45,2,15.39,3,2,2,322
15092,40671.59,2,17.61,1,2,3,123
15093,40868.55,9,39.38,4,5,5,455
15095,40783.50,5,27.85,2,4,5,245
15096,40844.44,1,19.94,3,0,4,304
15097,40882.59,1,9.92,5,0,2,502
15098,40704.65,5,13305.50,1,4,5,145
15099,40802.55,1,17.85,2,0,3,203
15100,40556.71,6,105.85,1,4,5,145
15101,40878.43,3,34.45,5,3,5,535
15103,40855.62,2,20.10,4,2,4,424
15104,40720.48,3,14.04,2,3,2,232
15105,40868.70,7,22.76,4,4,4,444
15106,40869.39,7,13.80,4,4,2,442
15107,40575.62,8,15.72,1,5,3,153
15108,40745.43,5,21.18,2,4,4,244
15109,40646.41,2,14.96,1,2,2,122
15110,40863.47,7,24.95,4,4,4,444
15111,40857.71,3,18.66,4,3,3,433
15113,40877.35,4,34.05,5,3,5,535
15114,40856.63,10,14.01,4,5,2,452
15115,40868.62,1,16.20,4,0,3,403
15116,40869.52,4,30.06,4,3,5,435
15117,40872.34,6,19.38,4,4,4,444
15118,40752.62,1,244.80,2,0,5,205
15119,40641.38,1,19.03,1,0,4,104
15120,40757.42,2,17.09,2,2,3,223
15121,40836.62,2,16.35,3,2,3,323
15122,40801.69,6,18.53,2,4,3,243
15123,40879.55,2,20.75,5,2,4,524
15124,40864.42,2,12.28,4,2,2,422
15125,40861.58,23,81.27,4,5,5,455
15127,40821.44,1,25.41,3,0,4,304
15128,40826.58,8,12.79,3,5,2,352
15129,40836.61,10,41.04,3,5,5,355
15130,40717.43,1,15.01,2,0,2,202
15132,40868.72,5,18.81,4,4,3,443
15133,40759.45,3,33.88,2,3,5,235
15134,40872.37,8,19.01,4,5,4,454
15135,40653.67,2,12.72,1,2,2,122
15136,40884.52,4,18.59,5,3,3,533
15139,40647.49,2,13.77,1,2,2,122
15140,40834.59,8,29.01,3,5,5,355
15142,40840.54,1,19.18,3,0,4,304
15143,40661.50,1,18.53,1,0,3,103
15144,40878.63,18,29.95,5,5,5,555
15145,40882.72,4,17.83,5,3,3,533
15146,40722.51,3,13.83,2,3,2,232
15147,40668.47,2,20.99,1,2,4,124
15148,40876.35,1,15.06,5,0,2,502
15149,40753.46,1,22.64,2,0,4,204
15150,40869.54,11,15.42,4,5,2,452
15152,40877.52,16,16.85,5,5,3,553
15153,40855.71,1,14.97,4,0,2,402
15154,40812.70,2,2.61,2,2,1,221
15156,40885.77,3,17.26,5,3,3,533
15157,40883.48,5,14.06,5,4,2,542
15158,40841.58,1,57.34,3,0,5,305
15159,40885.50,34,25.80,5,5,4,554
15160,40529.59,1,39.54,1,0,5,105
15163,40868.55,2,10.50,4,2,2,422
15164,40818.50,3,8.22,3,3,1,331
15165,40513.59,1,18.06,1,0,3,103
15167,40566.53,1,4.07,1,0,1,101
15168,40861.48,1,21.31,4,0,4,404
15171,40562.53,2,147.79,1,2,5,125
15172,40878.49,5,14.76,5,4,2,542
15174,40564.38,1,12.34,1,0,2,102
15175,40815.48,1,9.75,2,0,2,202
15178,40626.63,1,13.50,1,0,2,102
15179,40868.54,7,23.01,4,4,4,444
15180,40519.62,1,14.58,1,0,2,102
15181,40820.58,5,37.79,3,4,5,345
15182,40732.57,2,21.48,2,2,4,224
15184,40857.57,2,6.49,4,2,1,421
15185,40816.59,1,14.79,3,0,2,302
15186,40872.62,2,21.65,4,2,4,424
15187,40885.50,18,50.22,5,5,5,555
15189,40885.56,53,68.11,5,5,5,555
15192,40767.49,3,20.48,2,3,4,234
15193,40826.35,1,26.28,3,0,4,304
15194,40883.63,22,23.07,5,5,4,554
15195,40884.51,1,3861.00,5,0,5,505
15197,40878.34,5,18.23,5,4,3,543
15198,40794.61,2,19.36,2,2,4,224
15199,40827.63,4,97.59,3,3,5,335
15201,40808.41,11,9.57,2,5,2,252
15203,40861.34,6,12.82,4,4,2,442
15204,40529.58,1,35.18,1,0,5,105
15205,40801.82,3,17.07,2,3,3,233
15206,40876.57,4,46.70,5,3,5,535
15208,40885.73,6,20.18,5,4,4,544
15210,40661.67,1,16.56,1,0,3,103
15211,40826.56,2,17.20,3,2,3,323
15212,40647.55,2,12.71,1,2,2,122
15213,40568.52,3,13.00,1,3,2,132
15214,40885.50,8,15.01,5,5,2,552
15215,40842.52,6,14.33,3,4,2,342
15216,40799.49,1,48.30,2,0,5,205
15218,40876.49,11,34.68,5,5,5,555
15219,40710.71,1,33.97,2,0,5,205
15220,40835.53,7,15.03,3,4,2,342
15221,40520.55,2,13.11,1,2,2,122
15222,40568.34,1,117.00,1,0,5,105
15223,40661.48,3,19.06,1,3,4,134
15224,40528.63,3,19.41,1,3,4,134
15225,40652.62,1,17.80,1,0,3,103
15226,40576.49,1,19.30,1,0,4,104
15227,40850.50,5,21.02,3,4,4,344
15228,40820.58,5,26.80,3,4,4,344
15230,40647.61,2,18.68,1,2,3,123
15232,40773.69,2,19.74,2,2,4,224
15234,40610.37,1,14.07,1,0,2,102
15235,40669.41,11,15.72,1,5,3,153
15236,40588.45,1,21.40,1,0,4,104
15237,40885.41,4,14.27,5,3,2,532
15238,40857.60,5,20.32,4,4,4,444
15239,40876.59,3,14.70,5,3,2,532
15240,40842.41,7,20.31,3,4,4,344
15241,40820.38,9,15.66,3,5,3,353
15243,40812.59,1,14.39,2,0,2,202
15244,40821.55,2,18.58,3,2,3,323
15245,40752.79,3,28.27,2,3,5,235
15246,40648.61,2,15.58,1,2,3,123
15247,40764.54,1,59.33,2,0,5,205
15249,40855.49,15,18.60,3,5,3,353
15251,40877.63,15,85.35,5,5,5,555
15252,40850.56,2,16.84,3,2,3,323
15253,40870.68,5,16.64,4,4,3,443
15254,40759.63,1,16.69,2,0,3,203
15255,40820.53,1,18.95,3,0,4,304
15256,40738.49,1,16.41,2,0,3,203
15257,40605.58,2,45.31,1,2,5,125
15258,40718.52,2,18.33,2,2,3,223
15260,40786.58,7,23.52,2,4,4,244
15261,40751.64,1,13.41,2,0,2,202
15262,40563.51,1,17.90,1,0,3,103
15263,40780.43,1,13.04,2,0,2,202
15264,40822.58,1,17.12,3,0,3,303
15265,40735.62,2,18.37,2,2,3,223
15266,40548.57,1,19.88,1,0,4,104
15267,40864.67,5,156.12,4,4,5,445
15269,40863.40,1,204.40,4,0,5,405
15270,40871.39,9,47.88,4,5,5,455
15271,40879.59,16,9.33,5,5,2,552
15272,40829.54,2,11.46,3,2,2,322
15274,40882.71,2,15.25,5,2,2,522
15275,40855.75,2,14.28,4,2,2,422
15276,40820.69,1,2.60,3,0,1,301
15277,40840.42,1,20.07,3,0,4,304
15279,40532.45,2,13.21,1,2,2,122
15280,40714.72,1,7.07,2,0,1,201
15281,40828.38,12,14.93,3,5,2,352
15286,40837.46,1,80.18,3,0,5,305
15287,40864.65,3,23.11,4,3,4,434
15288,40843.71,5,26.21,3,4,4,344
15289,40857.58,4,15.85,4,3,3,433
15290,40882.49,21,37.38,5,5,5,555
15291,40861.46,20,42.17,4,5,5,455
15292,40685.63,1,7.43,1,0,1,101
15296,40842.69,10,18.05,3,5,3,353
15297,40876.69,4,15.49,5,3,2,532
15298,40884.72,14,24.68,5,5,4,554
15299,40819.60,11,443.51,3,5,5,355
15300,40822.71,1,17.73,3,0,3,303
15301,40836.41,14,20.50,3,5,4,354
15303,40596.58,1,18.52,1,0,3,103
15304,40826.43,10,26.17,3,5,4,354
15306,40822.54,3,20.25,3,3,4,334
15307,40791.48,1,17.11,2,0,3,203
15308,40616.52,2,14.39,1,2,2,122
15311,40886.50,118,24.09,5,5,4,554
15312,40811.55,5,19.19,2,4,4,244
15313,40776.67,1,52.00,2,0,5,205
15314,40687.61,1,13.67,1,0,2,102
15315,40822.54,3,14.51,3,3,2,332
15316,40560.48,1,165.00,1,0,5,105
15318,40883.48,1,9.47,5,0,2,502
15319,40603.53,1,12.78,1,0,2,102
15320,40842.56,1,7.42,3,0,1,301
15321,40837.58,4,25.37,3,3,4,334
15322,40822.86,2,13.47,3,2,2,322
15325,40783.50,1,3.31,2,0,1,201
15326,40553.48,1,10.75,1,0,2,102
15327,40834.50,1,20.88,3,0,4,304
15329,40851.54,5,17.04,3,4,3,343
15330,40854.74,2,54.53,3,2,5,325
15332,40520.61,4,47.46,1,3,5,135
15333,40678.56,1,64.29,1,0,5,105
15334,40730.47,3,3.58,2,3,1,231
15335,40833.53,1,4.83,3,0,1,301
15339,40820.54,3,6.34,3,3,1,331
15341,40806.40,1,118.85,2,0,5,205
15342,40770.68,2,15.07,2,2,2,222
15343,40799.58,1,17.36,2,0,3,203
15344,40886.45,5,14.89,5,4,2,542
15345,40851.56,2,15.99,3,2,3,323
15346,40554.47,1,14.85,1,0,2,102
15347,40520.64,1,40.32,1,0,5,105
15348,40814.55,1,17.56,2,0,3,203
15349,40728.67,2,6.53,2,2,1,221
15350,40513.56,1,23.13,1,0,4,104
15351,40874.54,10,8.13,4,5,1,451
15353,40632.51,2,12.62,1,2,2,122
15355,40857.57,2,19.79,4,2,4,424
15356,40855.55,10,5.45,4,5,1,451
15358,40882.38,28,14.71,5,5,2,552
15360,40847.40,1,32.92,3,0,5,305
15361,40525.41,1,59.85,1,0,5,105
15363,40645.66,2,18.71,1,2,3,123
15364,40791.41,2,31.49,2,2,5,225
15365,40861.35,9,10.47,4,5,2,452
15366,40811.63,2,13.69,2,2,2,222
15367,40829.59,5,19.46,3,4,4,344
15368,40865.61,1,111.74,4,0,5,405
15369,40742.63,1,-1592.49,2,0,0,200
15370,40846.46,8,24.85,3,5,4,354
15372,40749.69,1,74.35,2,0,5,205
15373,40878.63,13,16.70,5,5,3,553
15374,40758.42,1,56.00,2,0,5,205
15376,40846.63,3,10.53,3,3,2,332
15379,40717.55,8,18.53,2,5,3,253
15380,40878.51,6,45.47,5,4,5,545
15381,40673.50,2,74.61,1,2,5,125
15382,40872.46,8,19.37,4,5,4,454
15384,40717.46,3,14.79,2,3,2,232
15385,40846.63,1,26.41,3,0,4,304
15386,40700.57,1,12.71,1,0,2,102
15388,40616.58,1,14.05,1,0,2,102
15389,40714.68,1,500.00,2,0,5,205
15392,40882.46,5,17.83,5,4,3,543
15393,40870.70,2,19.32,4,2,4,424
15394,40877.49,4,25.69,5,3,4,534
15395,40561.53,1,15.35,1,0,2,102
15396,40774.46,1,20.58,2,0,4,204
15397,40597.39,1,15.67,1,0,3,103
15398,40870.70,3,18.10,4,3,3,433
15399,40885.54,3,16.32,5,3,3,533
15400,40794.58,6,51.28,2,4,5,245
15402,40738.51,2,14.92,2,2,2,222
15405,40697.61,1,43.64,1,0,5,105
15406,40868.68,5,7.36,4,4,1,441
15407,40853.50,4,7.07,3,3,1,331
15408,40622.63,1,7.86,1,0,1,101
15410,40802.62,9,28.29,2,5,5,255
15411,40860.64,5,13.50,4,4,2,442
15412,40715.64,1,19.05,2,0,4,204
15414,40877.41,3,19.87,5,3,4,534
15415,40573.59,1,11.91,1,0,2,102
15416,40822.40,5,20.59,3,4,4,344
15417,40801.64,1,18.17,2,0,3,203
15419,40862.39,1,16.98,4,0,3,403
15421,40828.39,4,17.93,3,3,3,333
15422,40563.68,2,16.28,1,2,3,123
15423,40848.58,1,21.75,3,0,4,304
15424,40632.54,2,22.55,1,2,4,124
15426,40867.65,7,4.90,4,4,1,441
15427,40853.60,3,4.90,3,3,1,331
15428,40871.70,1,15.63,4,0,3,403
15429,40860.52,3,4.40,4,3,1,431
15432,40863.69,1,17.12,4,0,3,403
15433,40807.68,3,7.88,2,3,1,231
15434,40878.56,6,17.85,5,4,3,543
15435,40864.69,1,5.15,4,0,1,401
15436,40874.67,3,3.65,4,3,1,431
15437,40624.55,1,4.45,1,0,1,101
15438,40755.60,1,6.26,2,0,1,201
15440,40832.51,3,6.19,3,3,1,331
15442,40638.52,1,297.00,1,0,5,105
15443,40885.44,8,8.50,5,5,1,551
15444,40877.73,2,6.57,5,2,1,521
15445,40622.63,1,22.70,1,0,4,104
15447,40556.48,1,17.24,1,0,3,103
15448,40574.45,1,17.67,1,0,3,103
15449,40860.63,5,15.66,4,4,3,443
15450,40856.72,1,14.33,4,0,2,402
15452,40857.51,3,9.44,4,3,2,432
15453,40885.46,7,4.90,5,4,1,541
15454,40524.60,1,7.16,1,0,1,101
15456,40603.58,3,7.49,1,3,1,131
15457,40624.65,1,4.09,1,0,1,101
15458,40861.55,1,23.09,4,0,4,404
15460,40532.67,1,3.83,1,0,1,101
15462,40792.55,3,21.33,2,3,4,234
15463,40857.54,1,18.02,4,0,3,403
15464,40548.66,1,6.74,1,0,1,101
15465,40867.42,23,66.78,4,5,5,455
15466,40801.59,1,5.87,2,0,1,201
15467,40877.60,4,10.09,5,3,2,532
15468,40851.55,5,15.12,3,4,2,342
15469,40843.80,4,18.69,3,3,3,333
15471,40884.59,1,6.23,5,0,1,501
15472,40773.64,1,4.89,2,0,1,201
15473,40872.64,10,161.02,4,5,5,455
15475,40809.64,1,15.66,2,0,3,203
15478,40846.60,2,31.82,3,2,5,325
15480,40770.61,1,20.12,2,0,4,204
15482,40871.45,16,78.58,4,5,5,455
15483,40725.55,4,2.68,2,3,1,231
15484,40885.63,5,18.85,5,4,3,543
15485,40856.60,3,29.88,4,3,5,435
15488,40794.42,1,45.66,2,0,5,205
15489,40864.37,4,19.82,4,3,4,434
15491,40791.66,7,19.94,2,4,4,244
15492,40858.62,2,18.84,4,2,3,423
15493,40854.50,7,6.59,3,4,1,341
15494,40865.62,2,10.50,4,2,2,422
15497,40869.49,3,78.73,4,3,5,435
15498,40886.44,35,24.29,5,5,4,554
15500,40878.57,4,16.64,5,3,3,533
15502,40871.53,21,23.23,4,5,4,454
15503,40524.46,1,2.14,1,0,1,101
15504,40805.57,1,4.06,2,0,1,201
15505,40834.33,7,35.32,3,4,5,345
15506,40864.51,3,6.00,4,3,1,431
15507,40715.47,1,10.57,2,0,2,202
15508,40697.65,6,10.87,1,4,2,142
15510,40556.51,1,250.00,1,0,5,105
15511,40875.40,5,5.70,4,4,1,441
15512,40731.43,2,17.29,2,2,3,223
15513,40855.68,22,46.13,4,5,5,455
15514,40874.61,12,16.16,4,5,3,453
15516,40842.45,3,4.16,3,3,1,331
15517,40653.58,1,9.89,1,0,2,102
15518,40822.55,13,8.75,3,5,1,351
15520,40885.46,1,19.08,5,0,4,504
15521,40850.58,11,13.71,3,5,2,352
15522,40854.48,2,7.00,3,2,1,321
15523,40802.69,1,41.20,2,0,5,205
15524,40862.51,1,440.00,4,0,5,405
15525,40884.65,4,4.55,5,3,1,531
15526,40853.63,2,37.11,3,2,5,325
15527,40868.51,10,14.23,4,5,2,452
15528,40632.68,1,8.82,1,0,1,101
15529,40864.48,12,5.92,4,5,1,451
15530,40865.52,4,13.99,4,3,2,432
15531,40878.78,2,8.88,5,2,1,521
15532,40861.62,6,5.82,4,4,1,441
15533,40867.65,5,8.60,4,4,1,441
15535,40713.67,7,6.45,2,4,1,241
15537,40723.55,1,4.62,2,0,1,201
15539,40879.57,1,13.13,5,0,2,502
15540,40875.58,1,14.22,5,0,2,502
15541,40772.62,1,2.94,2,0,1,201
15543,40598.64,1,4.57,1,0,1,101
15544,40878.39,11,13.57,5,5,2,552
15545,40832.56,2,3.61,3,2,1,321
15547,40879.54,14,7.06,5,5,1,551
15549,40809.68,4,14.30,2,3,2,232
15550,40882.65,4,9.44,5,3,2,532
15551,40850.53,1,15.04,3,0,2,302
15552,40669.62,1,5.30,1,0,1,101
15553,40826.58,1,7.81,3,0,1,301
15554,40609.38,1,15.51,1,0,2,102
15555,40874.68,20,5.20,4,5,1,451
15556,40862.67,1,9.02,4,0,2,402
15557,40858.53,1,24.68,4,0,4,404
15561,40875.46,5,23.31,4,4,4,444
15562,40535.41,1,134.55,1,0,5,105
15563,40878.40,7,11.64,5,4,2,542
15565,40836.61,2,21.65,3,2,4,324
15567,40868.45,1,26.57,4,0,4,404
15568,40884.48,3,14.31,5,3,2,532
15569,40783.43,5,44.38,2,4,5,245
15570,40879.62,13,12.65,5,5,2,552
15571,40875.42,4,11.41,4,3,2,432
15572,40882.42,7,11.95,5,4,2,542
15573,40855.48,2,6.04,3,2,1,321
15574,40709.50,4,4.45,2,3,1,231
15576,40849.50,1,21.43,3,0,4,304
15577,40735.71,3,6.64,2,3,1,231
15578,40724.54,1,9.78,2,0,2,202
15579,40818.53,2,6.89,3,2,1,321
15581,40766.40,14,25.01,2,5,4,254
15582,40862.41,3,15.52,4,3,3,433
15584,40863.45,5,5.79,4,4,1,441
15585,40710.36,1,14.69,2,0,2,202
15587,40836.57,4,101.52,3,3,5,335
15589,40634.47,4,15.22,1,3,2,132
15590,40597.69,1,-30.19,1,0,1,101
15592,40840.37,1,16.19,3,0,3,303
15593,40816.49,1,39.96,3,0,5,305
15594,40871.37,6,17.00,4,4,3,443
15596,40786.45,9,15.99,2,5,3,253
15597,40857.49,2,13.73,4,2,2,422
15598,40851.55,3,14.73,3,3,2,332
15599,40860.49,2,14.65,4,2,2,422
15601,40875.64,17,16.29,5,5,3,553
15602,40878.59,14,24.58,5,5,4,554
15603,40808.42,1,24.24,2,0,4,204
15604,40834.62,1,12.73,3,0,2,302
15605,40850.60,5,17.88,3,4,3,343
15606,40829.56,11,30.36,3,5,5,355
15607,40550.53,1,8.06,1,0,1,101
15608,40858.56,4,18.23,4,3,3,433
15609,40704.41,2,15.00,1,2,2,122
15610,40835.44,1,18.74,3,0,3,303
15611,40877.53,15,34.85,5,5,5,555
15612,40850.62,2,32.53,3,2,5,325
15615,40876.61,27,24.15,5,5,4,554
15618,40854.36,5,15.25,3,4,2,342
15619,40876.34,1,112.13,5,0,5,505
15620,40836.80,6,14.95,3,4,2,342
15621,40882.58,6,64.38,5,4,5,545
15622,40883.62,16,15.54,5,5,3,553
15623,40745.73,1,15.84,2,0,3,203
15624,40770.48,4,17.30,2,3,3,233
15625,40786.68,8,22.68,2,5,4,254
15626,40812.42,2,13.79,2,2,2,222
15628,40882.43,10,18.25,5,5,3,553
15630,40841.65,3,19.35,3,3,4,334
15632,40871.41,10,18.16,4,5,3,453
15634,40869.69,1,16.24,4,0,3,403
15636,40797.47,2,28.99,2,2,5,225
15637,40834.35,1,14.89,3,0,2,302
15638,40585.63,1,,1,0,1,101
15639,40752.60,1,17.01,2,0,3,203
15640,40882.61,17,25.46,5,5,4,554
15641,40781.59,4,15.86,2,3,3,233
15643,40707.72,6,17.98,1,4,3,143
15644,40720.62,4,3.46,2,3,1,231
15645,40868.50,1,11.77,4,0,2,402
15646,40729.41,4,11.81,2,3,2,232
15648,40682.66,4,24.35,1,3,4,134
15649,40550.57,2,408.00,1,2,5,125
15651,40850.36,3,20.20,3,3,4,334
15652,40795.60,1,16.08,2,0,3,203
15653,40794.45,2,146.24,2,2,5,225
15654,40877.55,2,43.93,5,2,5,525
15655,40653.69,2,13.82,1,2,2,122
15656,40841.62,4,15.93,3,3,3,333
15657,40864.51,1,30.00,4,0,5,405
15658,40696.64,8,17.12,1,5,3,153
15659,40843.39,1,27.86,3,0,5,305
15660,40861.71,11,16.52,4,5,3,453
15661,40569.58,2,61.96,1,2,5,125
15663,40780.66,1,15.35,2,0,2,202
15664,40836.46,2,18.88,3,2,4,324
15665,40718.62,2,19.32,2,2,4,224
15667,40847.46,1,23.18,3,0,4,304
15668,40669.44,1,76.32,1,0,5,105
15669,40846.67,5,19.36,3,4,4,344
15670,40590.45,1,14.42,1,0,2,102
15671,40868.53,10,32.54,4,5,5,455
15673,40798.68,4,19.66,2,3,4,234
15674,40813.64,8,13.34,2,5,2,252
15675,40805.58,3,15.41,2,3,2,232
15676,40877.74,5,15.39,5,4,2,542
15677,40837.65,1,19.92,3,0,4,304
15678,40834.39,1,29.39,3,0,5,305
15679,40862.68,4,7.10,4,3,1,431
15680,40877.57,3,17.10,5,3,3,533
15681,40868.56,6,16.27,4,4,3,443
15683,40769.54,1,19.38,2,0,4,204
15687,40878.36,11,17.75,5,5,3,553
15689,40767.40,2,28.23,2,2,5,225
15690,40882.67,2,12.62,5,2,2,522
15691,40634.63,1,68.40,1,0,5,105
15692,40858.59,1,15.92,4,0,3,403
15694,40886.41,15,81.31,5,5,5,555
15695,40620.36,2,18.64,1,2,3,123
15696,40853.58,12,15.05,3,5,2,352
15699,40869.35,1,17.20,4,0,3,403
15700,40714.70,3,7.46,2,3,1,231
15701,40884.61,4,6.51,5,3,1,531
15703,40622.45,1,42.30,1,0,5,105
15704,40746.57,4,19.60,2,3,4,234
15705,40685.65,1,23.85,1,0,4,104
15706,40827.43,7,16.98,3,4,3,343
15707,40851.61,4,4.48,3,3,1,331
15708,40846.45,11,11.35,3,5,2,352
15709,40603.44,1,22.21,1,0,4,104
15712,40877.59,5,20.23,5,4,4,544
15713,40743.57,3,17.34,2,3,3,233
15714,40875.48,2,9.71,4,2,2,422
15716,40741.50,4,9.41,2,3,2,232
15717,40652.56,1,21.47,1,0,4,104
15719,40854.52,14,5.40,3,5,1,351
15720,40862.62,1,4.68,4,0,1,401
15721,40875.51,1,5.61,4,0,1,401
15722,40851.49,6,31.00,3,4,5,345
15723,40522.47,1,5.02,1,0,1,101
15724,40685.61,3,17.69,1,3,3,133
15725,40871.62,1,12.98,4,0,2,402
15727,40870.53,7,17.14,4,4,3,443
15728,40837.59,1,-33.70,3,0,1,301
15729,40688.70,2,17.00,1,2,3,123
15730,40821.52,4,15.18,3,3,2,332
15732,40674.60,2,21.01,1,2,4,124
15733,40604.38,1,16.23,1,0,3,103
15734,40772.45,2,51.52,2,2,5,225
15737,40872.47,12,15.40,4,5,2,452
15738,40868.35,19,27.21,4,5,5,455
15739,40820.57,1,56.14,3,0,5,305
15740,40837.60,1,17.21,3,0,3,303
15743,40870.72,4,9.02,4,3,2,432
15744,40809.41,1,11.60,2,0,2,202
15745,40878.47,6,16.48,5,4,3,543
15746,40752.64,2,6.31,2,2,1,221
15747,40874.52,3,10.52,4,3,2,432
15748,40846.54,1,7.22,3,0,1,301
15749,40651.56,4,2196.22,1,3,5,135
15750,40884.52,9,8.37,5,5,1,551
15752,40847.48,8,6.45,3,5,1,351
15753,40582.53,1,79.20,1,0,5,105
15754,40836.49,4,15.71,3,3,3,333
15755,40885.79,8,15.56,5,5,3,553
15756,40825.56,4,2.76,3,3,1,331
15757,40821.51,2,15.88,3,2,3,323
15758,40862.45,1,22.81,4,0,4,404
15759,40668.63,3,36.15,1,3,5,135
15762,40821.68,2,15.78,3,2,3,323
15763,40855.41,3,16.65,3,3,3,333
15764,40805.68,10,17.26,2,5,3,253
15766,40822.71,1,28.64,3,0,5,305
15768,40771.45,4,23.03,2,3,4,234
15769,40879.58,28,379.55,5,5,5,555
15773,40881.53,1,63.57,5,0,5,505
15774,40818.50,1,10.83,3,0,2,302
15775,40641.54,1,14.99,1,0,2,102
15776,40753.57,1,13.42,2,0,2,202
15777,40645.70,5,46.44,1,4,5,145
15780,40703.50,3,16.39,1,3,3,133
15781,40861.62,4,15.88,4,3,3,433
15782,40877.45,4,58.95,5,3,5,535
15783,40876.41,1,17.59,5,0,3,503
15785,40857.51,8,26.48,4,5,4,454
15786,40843.45,5,17.28,3,4,3,343
15787,40860.62,3,4.64,4,3,1,431
15789,40528.61,1,14.05,1,0,2,102
15790,40876.62,1,6.43,5,0,1,501
15791,40843.43,3,21.11,3,3,4,334
15793,40877.63,4,73.00,5,3,5,535
15795,40737.45,1,14.52,2,0,2,202
15796,40885.83,10,20.34,5,5,4,554
15797,40773.71,4,275.93,2,3,5,235
15799,40811.53,3,9.02,2,3,2,232
15800,40779.60,2,5.87,2,2,1,221
15801,40840.58,4,15.10,3,3,2,332
15802,40744.49,3,-150.47,2,3,1,231
15803,40835.62,1,51.98,3,0,5,305
15804,40886.52,19,15.01,5,5,2,552
15805,40863.69,20,17.75,4,5,3,453
15806,40840.61,3,25.31,3,3,4,334
15807,40836.59,3,18.83,3,3,3,333
15808,40580.61,5,18.48,1,4,3,143
15809,40851.50,6,9.86,3,4,2,342
15810,40808.40,6,10.23,2,4,2,242
15811,40869.65,9,15.62,4,5,3,453
15812,40779.60,5,43.93,2,4,5,245
15813,40679.34,2,32.60,1,2,5,125
15814,40883.63,6,24.90,5,4,4,544
15815,40823.53,5,42.87,3,4,5,345
15819,40837.62,4,15.49,3,3,2,332
15820,40567.50,1,12.18,1,0,2,102
15821,40842.66,2,9.21,3,2,2,322
15822,40883.62,2,26.83,5,2,4,524
15823,40549.54,2,-49.88,1,2,1,121
15825,40714.56,1,26.65,2,0,4,204
15826,40835.56,4,23.90,3,3,4,334
15827,40813.65,19,12.70,2,5,2,252
15829,40787.70,2,12.47,2,2,2,222
15830,40857.57,2,13.36,4,2,2,422
15831,40828.55,4,11.79,3,3,2,332
15832,40632.65,1,15.50,1,0,2,102
15834,40816.61,6,8.12,3,4,1,341
15835,40842.66,4,19.08,3,3,4,334
15836,40841.65,2,9.79,3,2,2,322
15837,40822.38,1,16.33,3,0,3,303
15838,40875.58,21,197.34,5,5,5,555
15839,40861.56,5,15.70,4,4,3,443
15840,40828.38,3,12.35,3,3,2,332
15841,40822.77,6,24.18,3,4,4,344
15843,40583.43,1,14.87,1,0,2,102
15844,40840.64,1,11.89,3,0,2,302
15845,40869.40,10,26.63,4,5,4,454
15847,40848.61,2,17.69,3,2,3,323
15850,40867.59,2,2.57,4,2,1,421
15852,40700.47,2,7.31,1,2,1,121
15853,40835.44,1,3.69,3,0,1,301
15854,40882.57,11,21.39,5,5,4,554
15855,40750.43,5,8.90,2,4,1,241
15856,40882.71,30,24.93,5,5,4,554
15857,40868.51,1,21.21,4,0,4,404
15858,40871.53,5,7.59,4,4,1,441
15860,40846.48,8,6.88,3,5,1,351
15861,40874.67,10,5.83,4,5,1,451
15862,40878.56,4,5.67,5,3,1,531
15863,40861.53,2,3.82,4,2,1,421
15864,40864.56,8,73.74,4,5,5,455
15865,40846.53,3,22.38,3,3,4,334
15866,40785.59,1,5.12,2,0,1,201
15867,40881.57,16,8.23,5,5,1,551
15869,40609.72,2,9.98,1,2,2,122
15870,40854.46,1,4.75,3,0,1,301
15872,40872.50,2,2.93,4,2,1,421
15874,40823.54,9,31.61,3,5,5,355
15877,40885.50,3,3.78,5,3,1,531
15880,40517.55,2,3.43,1,2,1,121
15881,40574.71,8,13.70,1,5,2,152
15882,40688.48,4,22.45,1,3,4,134
15883,40884.71,2,7.97,5,2,1,521
15885,40794.45,3,21.08,2,3,4,234
15886,40826.60,1,15.09,3,0,2,302
15888,40807.41,2,10.09,2,2,2,222
15889,40730.47,2,4.94,2,2,1,221
15891,40660.52,1,8.53,1,0,1,101
15894,40633.58,2,6.98,1,2,1,121
15895,40737.44,1,16.29,2,0,3,203
15897,40692.58,2,9.48,1,2,2,122
15898,40885.64,6,16.23,5,4,3,543
15899,40518.44,1,14.06,1,0,2,102
15900,40863.51,1,7.18,4,0,1,401
15901,40870.53,3,3.18,4,3,1,431
15903,40877.34,8,68.35,5,5,5,555
15904,40878.62,1,5.49,5,0,1,501
15906,40867.52,8,10.08,4,5,2,452
15907,40883.51,3,3.91,5,3,1,531
15909,40713.44,1,27.42,2,0,5,205
15910,40886.45,8,4.62,5,5,1,551
15912,40708.60,2,13.93,1,2,2,122
15916,40870.57,10,9.36,4,5,2,452
15917,40639.44,1,10.26,1,0,2,102
15918,40696.49,2,8.36,1,2,1,121
15919,40867.48,2,4.32,4,2,1,421
15920,40732.65,4,2.79,2,3,1,231
15921,40714.46,1,13.46,2,0,2,202
15922,40514.55,2,30.30,1,2,5,125
15923,40514.51,1,6.05,1,0,1,101
15925,40692.65,1,17.26,1,0,3,103
15930,40819.62,1,20.32,3,0,4,304
15932,40882.72,11,20.69,5,5,4,554
15933,40865.55,3,14.97,4,3,2,432
15935,40647.56,2,34.74,1,2,5,125
15937,40822.66,1,20.76,3,0,4,304
15938,40774.54,5,22.48,2,4,4,244
15939,40797.48,16,79.25,2,5,5,255
15940,40575.68,2,35.80,1,2,5,125
15942,40753.38,1,24.10,2,0,4,204
15944,40610.44,1,54.18,1,0,5,105
15945,40521.55,1,90.50,1,0,5,105
15947,40804.45,1,58.90,2,0,5,205
15948,40878.65,2,15.92,5,2,3,523
15949,40870.38,2,19.20,4,2,4,424
15950,40885.44,5,16.99,5,4,3,543
15951,40885.79,3,15.57,5,3,3,533
15952,40853.47,4,9.25,3,3,2,332
15953,40871.65,10,16.00,4,5,3,453
15955,40862.59,14,23.73,4,5,4,454
15957,40855.51,1,10.21,3,0,2,302
15958,40812.57,1,14.91,2,0,2,202
15963,40867.48,2,16.81,4,2,3,423
15965,40869.70,4,7.29,4,3,1,431
15967,40863.65,2,4.92,4,2,1,421
15969,40884.46,4,27.76,5,3,5,535
15970,40583.51,1,28.55,1,0,5,105
15971,40869.53,12,120.00,4,5,5,455
15973,40651.40,3,16.63,1,3,3,133
15974,40847.55,8,19.37,3,5,4,354
15975,40802.56,1,15.46,2,0,2,202
15976,40721.54,2,4.45,2,2,1,221
15977,40869.56,2,16.23,4,2,3,423
15978,40809.64,1,22.42,2,0,4,204
15980,40798.40,3,55.79,2,3,5,235
15981,40862.33,8,35.14,4,5,5,455
15983,40864.73,4,13.08,4,3,2,432
15984,40884.51,11,10.31,5,5,2,552
15985,40763.69,3,30.88,2,3,5,235
15986,40856.64,1,12.01,4,0,2,402
15987,40874.65,7,11.14,4,4,2,442
15988,40867.56,1,6.03,4,0,1,401
15990,40842.67,2,15.23,3,2,2,322
15992,40883.46,1,14.00,5,0,2,502
15993,40878.45,10,4.96,5,5,1,551
15994,40832.52,1,12.20,3,0,2,302
15996,40798.63,7,7.94,2,4,1,241
15998,40850.53,6,6.06,3,4,1,341
16000,40884.51,3,1377.08,5,3,5,535
16003,40857.41,5,26.56,4,4,4,444
16005,40874.57,4,2.88,4,3,1,431
16006,40675.55,1,12.68,1,0,2,102
16007,40839.46,4,4.43,3,3,1,331
16008,40863.44,3,14.51,4,3,2,432
16009,40864.70,4,11.86,4,3,2,432
16010,40641.43,3,4.97,1,3,1,131
16011,40878.69,16,15.97,5,5,3,553
16012,40851.56,3,15.06,3,3,2,332
16013,40883.44,51,253.58,5,5,5,555
16014,40851.47,4,4.52,3,3,1,331
16015,40883.46,4,3.77,5,3,1,531
16016,40883.61,10,6.37,5,5,1,551
16017,40839.54,1,6.62,3,0,1,301
16018,40847.59,2,14.60,3,2,2,322
16019,40885.42,10,22.25,5,5,4,554
16020,40870.47,2,18.50,4,2,3,423
16022,40626.55,1,8.49,1,0,1,101
16023,40840.69,3,7.13,3,3,1,331
16024,40874.56,1,3.98,4,0,1,401
16025,40857.49,1,15.70,4,0,3,403
16026,40843.58,1,7.38,3,0,1,301
16027,40795.45,7,50.12,2,4,5,245
16029,40848.44,73,253.92,3,5,5,355
16030,40577.48,1,11.42,1,0,2,102
16031,40794.55,2,5.49,2,2,1,221
16033,40881.53,27,7.58,5,5,1,551
16034,40690.68,3,19.90,1,3,4,134
16036,40799.62,2,13.80,2,2,2,222
16037,40617.38,3,21.92,1,3,4,134
16038,40879.53,4,16.23,5,3,3,533
16040,40821.57,3,20.21,3,3,4,334
16041,40856.52,3,527.73,4,3,5,435
16042,40864.74,7,16.18,4,4,3,443
16043,40849.53,4,19.85,3,3,4,334
16045,40767.53,4,16.15,2,3,3,233
16048,40801.43,3,27.08,2,3,4,234
16049,40846.55,3,3.57,3,3,1,331
16050,40713.49,1,13.79,2,0,2,202
16052,40832.63,1,10.65,3,0,2,302
16053,40854.47,2,18.00,3,2,3,323
16054,40741.55,1,11.20,2,0,2,202
16055,40666.39,1,16.85,1,0,3,103
16056,40841.64,1,9.86,3,0,2,302
16057,40882.69,9,16.20,5,5,3,553
16059,40821.41,6,8.16,3,4,1,341
16061,40617.61,1,-29.95,1,0,1,101
16062,40877.51,4,18.03,5,3,3,533
16063,40626.62,2,14.58,1,2,2,122
16065,40521.54,1,5.03,1,0,1,101
16066,40870.50,5,14.92,4,4,2,442
16070,40864.66,2,25.82,4,2,4,424
16071,40842.47,1,15.54,3,0,3,303
16072,40598.61,1,25.41,1,0,4,104
16073,40595.52,2,47.18,1,2,5,125
16076,40883.62,11,16.59,5,5,3,553
16078,40603.41,1,79.20,1,0,5,105
16079,40870.53,3,64.38,4,3,5,435
16080,40805.45,3,16.05,2,3,3,233
16081,40830.55,5,12.37,3,4,2,342
16083,40786.45,2,42.50,2,2,5,225
16084,40587.67,1,11.48,1,0,2,102
16085,40863.56,5,5.88,4,4,1,441
16086,40827.55,6,27.98,3,4,5,345
16091,40732.36,2,17.50,2,2,3,223
16092,40788.49,5,15.56,2,4,3,243
16093,40780.46,1,17.00,2,0,3,203
16094,40875.53,5,15.55,4,4,3,443
16096,40622.57,1,26.72,1,0,4,104
16097,40646.57,1,18.51,1,0,3,103
16098,40799.42,8,29.93,2,5,5,255
16099,40836.55,3,18.77,3,3,3,333
16101,40877.70,3,15.38,5,3,2,532
16102,40844.55,3,32.32,3,3,5,335
16103,40879.59,6,29.78,5,4,5,545
16104,40825.43,1,10.43,3,0,2,302
16105,40638.43,1,25.92,1,0,4,104
16106,40821.44,1,18.06,3,0,3,303
16107,40869.40,7,103.36,4,4,5,445
16108,40802.49,2,16.66,2,2,3,223
16109,40668.39,2,33.99,1,2,5,125
16110,40841.61,3,3.86,3,3,1,331
16112,40743.60,4,12.23,2,3,2,232
16113,40703.68,1,5.38,1,0,1,101
16114,40716.43,1,16.97,2,0,3,203
16115,40877.48,8,5.95,5,5,1,551
16116,40681.39,2,16.94,1,2,3,123
16117,40697.49,1,7.74,1,0,1,101
16119,40878.63,2,26.46,5,2,4,524
16120,40827.60,5,40.44,3,4,5,345
16121,40829.54,2,4.14,3,2,1,321
16122,40813.65,4,18.01,2,3,3,233
16123,40835.39,1,19.24,3,0,4,304
16124,40570.67,2,11.70,1,2,2,122
16125,40519.66,1,22.26,1,0,4,104
16126,40857.67,4,53.74,4,3,5,435
16127,40847.58,1,16.41,3,0,3,303
16128,40869.47,5,21.13,4,4,4,444
16131,40835.50,5,44.96,3,4,5,345
16133,40883.48,46,39.50,5,5,5,555
16134,40865.42,3,15.89,4,3,3,433
16135,40624.52,1,24.65,1,0,4,104
16136,40827.38,3,19.17,3,3,4,334
16138,40518.63,1,-7.95,1,0,1,101
16139,40868.36,3,20.50,4,3,4,434
16140,40834.46,4,20.02,3,3,4,334
16141,40798.55,1,20.68,2,0,4,204
16142,40637.43,1,14.47,1,0,2,102
16143,40883.59,7,20.51,5,4,4,544
16144,40640.42,1,175.20,1,0,5,105
16145,40878.44,18,15.88,5,5,3,553
16146,40729.60,3,25.31,2,3,4,234
16147,40753.41,1,17.05,2,0,3,203
16148,40590.58,1,76.32,1,0,5,105
16149,40882.48,2,15.58,5,2,3,523
16150,40848.40,11,14.16,3,5,2,352
16152,40618.41,1,63.07,1,0,5,105
16153,40837.45,5,20.50,3,4,4,344
16156,40878.53,13,21.86,5,5,4,554
16157,40871.49,4,33.91,4,3,5,435
16159,40605.52,1,24.87,1,0,4,104
16160,40822.77,4,45.88,3,3,5,335
16161,40885.51,25,10.75,5,5,2,552
16162,40634.63,1,18.70,1,0,3,103
16163,40661.82,3,142.77,1,3,5,135
16164,40869.63,4,22.93,4,3,4,434
16168,40876.53,27,38.65,5,5,5,555
16169,40878.64,4,21.45,5,3,4,534
16170,40836.35,7,14.81,3,4,2,342
16171,40827.62,1,24.40,3,0,4,304
16172,40791.56,4,16.52,2,3,3,233
16173,40871.45,7,16.17,4,4,3,443
16174,40760.56,3,43.89,2,3,5,235
16175,40792.61,4,17.89,2,3,3,233
16177,40836.54,1,22.13,3,0,4,304
16178,40748.67,1,24.74,2,0,4,204
16179,40826.40,1,19.62,3,0,4,304
16180,40786.69,10,58.05,2,5,5,255
16181,40813.57,1,27.78,2,0,5,205
16182,40814.56,4,236.34,2,3,5,235
16183,40819.62,1,22.58,3,0,4,304
16184,40822.74,7,25.12,3,4,4,344
16185,40870.40,2,17.08,4,2,3,423
16186,40864.53,13,18.38,4,5,3,453
16187,40855.41,17,23.03,3,5,4,354
16188,40842.51,4,14.65,3,3,2,332
16189,40871.49,2,19.59,4,2,4,424
16190,40846.67,1,35.85,3,0,5,305
16191,40884.48,25,32.54,5,5,5,555
16193,40650.49,1,16.55,1,0,3,103
16198,40811.62,1,26.71,2,0,4,204
16200,40882.61,2,6.21,5,2,1,521
16201,40883.67,5,15.84,5,4,3,543
16202,40526.45,1,20.29,1,0,4,104
16203,40828.52,5,16.37,3,4,3,343
16204,40863.57,1,7.68,4,0,1,401
16205,40856.40,4,7.77,4,3,1,431
16206,40832.45,4,8.52,3,3,1,331
16207,40861.58,1,20.76,4,0,4,404
16208,40842.48,2,10.06,3,2,2,322
16209,40798.50,5,49.19,2,4,5,245
16210,40885.53,18,171.43,5,5,5,555
16211,40805.68,2,22.62,2,2,4,224
16212,40867.54,3,15.84,4,3,3,433
16213,40808.42,1,26.50,2,0,4,204
16214,40716.48,3,24.15,2,3,4,234
16215,40806.43,1,17.31,2,0,3,203
16216,40619.65,1,24.73,1,0,4,104
16217,40651.56,4,13.65,1,3,2,132
16218,40857.42,8,33.94,4,5,5,455
16221,40850.49,3,9.06,3,3,2,332
16222,40568.57,1,6.34,1,0,1,101
16224,40829.74,4,13.49,3,3,2,332
16225,40842.35,5,8.18,3,4,1,341
16226,40683.61,3,31.89,1,3,5,135
16227,40667.69,2,44.05,1,2,5,125
16229,40799.72,2,21.50,2,2,4,224
16230,40697.42,2,15.49,1,2,2,122
16232,40854.47,5,25.87,3,4,4,344
16233,40815.73,5,16.89,2,4,3,243
16235,40846.46,6,17.88,3,4,3,343
16236,40808.59,1,21.61,2,0,4,204
16239,40830.35,3,17.76,3,3,3,333
16240,40878.58,5,26.01,5,4,4,544
16241,40877.46,13,3.95,5,5,1,551
16242,40878.63,8,12.17,5,5,2,552
16243,40853.52,2,8.02,3,2,1,321
16244,40675.43,2,16.73,1,2,3,123
16245,40863.43,5,14.54,4,4,2,442
16247,40716.60,1,7.16,2,0,1,201
16248,40825.48,1,21.85,3,0,4,304
16249,40834.42,5,26.09,3,4,4,344
16250,40625.63,2,16.23,1,2,3,123
16252,40520.68,1,-12.92,1,0,1,101
16253,40855.47,3,29.56,3,3,5,335
16255,40870.53,10,9.52,4,5,2,452
16256,40629.51,2,52.33,1,2,5,125
16257,40710.42,1,23.48,2,0,4,204
16258,40841.56,5,38.54,3,4,5,345
16260,40836.40,1,57.53,3,0,5,305
16261,40869.72,4,6.10,4,3,1,431
16262,40526.50,1,-10.55,1,0,1,101
16265,40877.70,11,20.84,5,5,4,554
16266,40813.51,7,14.13,2,4,2,242
16268,40815.77,1,14.84,2,0,2,202
16270,40533.60,1,21.13,1,0,4,104
16271,40884.53,6,10.68,5,4,2,542
16272,40770.45,2,16.47,2,2,3,223
16274,40513.65,1,5.41,1,0,1,101
16275,40690.53,1,16.97,1,0,3,103
16276,40710.40,1,135.10,2,0,5,205
16278,40863.67,3,21.51,4,3,4,434
16279,40865.63,4,13.73,4,3,2,432
16281,40814.62,1,121.30,2,0,5,205
16282,40547.49,1,15.30,1,0,2,102
16283,40881.51,7,9.12,5,4,2,542
16284,40855.68,2,7.89,4,2,1,421
16287,40717.38,1,17.81,2,0,3,203
16292,40769.60,2,14.78,2,2,2,222
16293,40878.38,10,18.64,5,5,3,553
16295,40877.35,4,16.82,5,3,3,533
16297,40674.47,4,11.97,1,3,2,132
16298,40864.50,3,22.16,4,3,4,434
16302,40779.39,2,17.74,2,2,3,223
16303,40861.45,4,32.40,4,3,5,435
16305,40748.51,1,16.42,2,0,3,203
16306,40673.51,8,13.69,1,5,2,152
16308,40849.48,4,640.00,3,3,5,335
16309,40795.52,3,15.61,2,3,3,233
16311,40869.37,2,16.66,4,2,3,423
16313,40883.54,2,17.13,5,2,3,523
16315,40556.50,1,16.17,1,0,3,103
16316,40822.58,12,18.58,3,5,3,353
16317,40767.53,3,19.44,2,3,4,234
16318,40851.55,1,17.27,3,0,3,303
16319,40669.48,1,134.80,1,0,5,105
16320,40714.64,2,18.54,2,2,3,223
16321,40814.62,6,14.42,2,4,2,242
16322,40885.65,2,8.83,5,2,1,521
16323,40690.62,1,207.50,1,0,5,105
16324,40758.54,3,3.68,2,3,1,231
16325,40842.69,5,25.53,3,4,4,344
16326,40881.42,15,9.91,5,5,2,552
16327,40872.56,6,12.05,4,4,2,442
16330,40869.52,4,5.91,4,3,1,431
16332,40858.60,8,10.43,4,5,2,452
16333,40879.51,21,591.71,5,5,5,555
16337,40850.42,1,15.11,3,0,2,302
16338,40729.58,1,19.53,2,0,4,204
16339,40602.57,1,5.23,1,0,1,101
16340,40779.62,1,3.59,2,0,1,201
16341,40862.38,6,23.33,4,4,4,444
16342,40811.61,4,21.49,2,3,4,234
16343,40870.74,2,7.64,4,2,1,421
16344,40728.66,1,50.55,2,0,5,205
16345,40842.67,1,14.62,3,0,2,302
16347,40875.55,2,9.90,4,2,2,422
16348,40854.66,7,6.38,3,4,1,341
16349,40596.53,1,5.94,1,0,1,101
16350,40865.66,5,18.34,4,4,3,443
16351,40554.43,1,19.24,1,0,4,104
16352,40869.44,2,17.66,4,2,3,423
16353,40883.52,22,71.02,5,5,5,555
16354,40823.60,2,10.15,3,2,2,322
16356,40689.49,4,6.57,1,3,1,131
16357,40853.67,3,19.38,3,3,4,334
16358,40885.63,5,18.41,5,4,3,543
16359,40879.71,12,25.15,5,5,4,554
16360,40882.51,8,5.14,5,5,1,551
16361,40877.52,4,8.57,5,3,1,531
16362,40854.54,9,7.25,3,5,1,351
16363,40833.59,1,21.87,3,0,4,304
16364,40875.48,2,13.57,4,2,2,422
16365,40869.48,9,30.20,4,5,5,455
16366,40868.35,1,18.18,4,0,3,403
16367,40849.55,2,6.29,3,2,1,321
16368,40884.55,2,6.96,5,2,1,521
16369,40868.68,3,13.17,4,3,2,432
16370,40804.66,4,5.88,2,3,1,231
16372,40853.55,2,3.87,3,2,1,321
16374,40820.64,2,4.28,3,2,1,321
16376,40878.48,3,7.72,5,3,1,531
16377,40619.65,1,135.24,1,0,5,105
16378,40639.63,3,15.78,1,3,3,133
16379,40882.65,5,19.56,5,4,4,544
16380,40825.65,1,55.64,3,0,5,305
16383,40812.53,2,6.55,2,2,1,221
16384,40797.47,2,17.71,2,2,3,223
16385,40826.55,3,9.73,3,3,2,332
16386,40858.52,2,3.74,4,2,1,421
16387,40564.48,1,23.59,1,0,4,104
16389,40833.61,5,38.92,3,4,5,345
16392,40617.51,1,5.07,1,0,1,101
16393,40884.54,20,8.32,5,5,1,551
16394,40836.80,9,14.12,3,5,2,352
16395,40826.53,5,7.08,3,4,1,341
16398,40742.43,4,18.97,2,3,4,234
16399,40867.68,2,5.67,4,2,1,421
16400,40792.52,1,10.48,2,0,2,202
16401,40885.76,20,20.51,5,5,4,554
16402,40622.52,2,5.15,1,2,1,121
16403,40584.69,2,10.74,1,2,2,122
16404,40816.62,1,19.26,3,0,4,304
16405,40584.64,2,33.45,1,2,5,125
16406,40868.50,1,2.62,4,0,1,401
16407,40874.46,9,12.41,4,5,2,452
16409,40850.70,5,8.76,3,4,1,341
16411,40867.56,2,4.81,4,2,1,421
16412,40833.52,1,4.34,3,0,1,301
16413,40830.51,1,8.46,3,0,1,301
16414,40865.40,2,18.04,4,2,3,423
16415,40842.57,1,4.26,3,0,1,301
16416,40860.53,4,14.54,4,3,2,432
16418,40842.53,3,6.64,3,3,1,331
16419,40774.52,7,18.45,2,4,3,243
16422,40869.58,74,85.20,4,5,5,455
16423,40862.39,1,19.23,4,0,4,404
16424,40695.57,2,26.71,1,2,4,124
16425,40584.60,1,14.41,1,0,2,102
16426,40884.58,10,5.28,5,5,1,551
16427,40623.72,2,26.78,1,2,4,124
16428,40805.69,1,-2.95,2,0,1,201
16429,40780.58,1,142.28,2,0,5,205
16430,40829.62,1,50.14,3,0,5,305
16431,40673.59,3,8.20,1,3,1,131
16432,40822.58,1,35.93,3,0,5,305
16433,40858.59,1,10.52,4,0,2,402
16434,40857.60,7,14.13,4,4,2,442
16438,40881.45,5,6.05,5,4,1,541
16440,40879.50,5,12.91,5,4,2,542
16441,40819.74,2,15.88,3,2,3,323
16442,40885.49,3,3.56,5,3,1,531
16444,40840.58,5,7.43,3,4,1,341
16445,40853.52,1,3.66,3,0,1,301
16446,40886.39,3,33694.50,5,3,5,535
16447,40751.53,1,7.53,2,0,1,201
16448,40688.69,1,9.63,1,0,2,102
16449,40696.46,3,15.69,1,3,3,133
16450,40737.49,1,28.36,2,0,5,205
16451,40799.39,1,19.07,2,0,4,204
16454,40842.49,3,-2.72,3,3,1,331
16455,40823.51,7,18.60,3,4,3,343
16456,40787.58,5,19.62,2,4,4,244
16457,40668.55,1,23.15,1,0,4,104
16458,40884.40,18,17.24,5,5,3,553
16460,40858.57,3,6.03,4,3,1,431
16461,40709.50,1,4.47,2,0,1,201
16462,40822.76,4,45.33,3,3,5,335
16463,40865.58,7,16.71,4,4,3,443
16464,40867.51,3,5.62,4,3,1,431
16466,40853.48,7,10.89,3,4,2,342
16468,40812.59,1,37.45,2,0,5,205
16469,40863.52,4,3.63,4,3,1,431
16470,40835.51,5,4.43,3,4,1,341
16471,40612.40,1,17.23,1,0,3,103
16473,40722.38,4,16.57,2,3,3,233
16474,40879.54,11,5.12,5,5,1,551
16475,40798.61,4,19.44,2,3,4,234
16477,40823.41,7,17.09,3,4,3,343
16478,40861.66,3,19.47,4,3,4,434
16479,40876.57,2,8.60,5,2,1,521
16480,40811.49,1,14.51,2,0,2,202
16482,40871.52,1,12.26,4,0,2,402
16483,40694.55,1,7.33,1,0,1,101
16484,40713.50,3,14.59,2,3,2,232
16485,40809.66,1,8.66,2,0,1,201
16488,40853.57,4,15.88,3,3,3,333
16491,40840.43,1,18.76,3,0,3,303
16493,40814.47,6,21.45,2,4,4,244
16494,40590.53,1,16.53,1,0,3,103
16495,40883.56,3,7.31,5,3,1,531
16496,40878.44,4,16.11,5,3,3,533
16497,40837.45,6,21.90,3,4,4,344
16498,40725.63,3,5.38,2,3,1,231
16499,40526.64,5,14.50,1,4,2,142
16500,40882.50,6,36.44,5,4,5,545
16503,40780.49,5,16.53,2,4,3,243
16504,40861.64,1,5.61,4,0,1,401
16505,40855.51,1,194.40,3,0,5,305
16506,40867.51,2,30.10,4,2,5,425
16509,40590.39,1,27.98,1,0,5,105
16510,40514.57,1,19.08,1,0,4,104
16511,40865.45,3,5.78,4,3,1,431
16513,40882.43,4,24.99,5,3,4,534
16515,40834.55,5,14.63,3,4,2,342
16516,40856.62,1,16.95,4,0,3,403
16517,40609.58,1,9.57,1,0,2,102
16518,40825.63,3,11.45,3,3,2,332
16519,40861.65,2,16.54,4,2,3,423
16520,40700.56,4,6.60,1,3,1,131
16523,40885.38,27,31.19,5,5,5,555
16525,40884.63,29,62.23,5,5,5,555
16526,40715.50,1,19.36,2,0,4,204
16527,40805.68,1,16.29,2,0,3,203
16528,40883.53,1,14.38,5,0,2,502
16529,40696.72,1,15.18,1,0,2,102
16531,40864.69,7,16.16,4,4,3,443
16532,40869.46,3,1687.20,4,3,5,435
16533,40867.55,5,5.67,4,4,1,441
16535,40881.64,1,18.71,5,0,3,503
16536,40779.56,2,9.63,2,2,2,222
16539,40884.36,4,30.86,5,3,5,535
16542,40833.45,1,23.92,3,0,4,304
16545,40722.44,1,113.10,2,0,5,205
16546,40596.47,3,-3.09,1,3,1,131
16549,40876.63,10,4.35,5,5,1,551
16550,40778.47,9,8.68,2,5,1,251
16551,40791.40,3,28.82,2,3,5,235
16552,40644.42,2,22.34,1,2,4,124
16553,40723.65,14,67.24,2,5,5,255
16554,40883.62,7,8.99,5,4,2,542
16555,40851.60,2,16.82,3,2,3,323
16556,40820.48,7,16.01,3,4,3,343
16557,40862.59,2,25.62,4,2,4,424
16558,40886.43,24,17.47,5,5,3,553
16560,40865.71,3,14.08,4,3,2,432
16561,40881.49,2,16.49,5,2,3,523
16563,40833.49,1,56.72,3,0,5,305
16565,40522.64,1,57.90,1,0,5,105
16566,40871.69,6,32.32,4,4,5,445
16567,40692.58,2,24.73,1,2,4,124
16569,40883.65,1,24.84,5,0,4,504
16570,40878.37,15,27.55,5,5,5,555
16571,40883.59,5,12.12,5,4,2,542
16572,40759.69,4,17.24,2,3,3,233
16573,40813.47,4,14.10,2,3,2,232
16574,40815.57,1,16.12,2,0,3,203
16579,40521.63,1,-30.60,1,0,1,101
16581,40731.66,2,6.40,2,2,1,221
16582,40773.71,1,52.27,2,0,5,205
16583,40513.50,1,16.68,1,0,3,103
16584,40806.57,3,29.29,2,3,5,235
16586,40638.40,1,57.99,1,0,5,105
16587,40654.66,1,17.32,1,0,3,103
16589,40815.62,3,13.92,2,3,2,232
16591,40818.45,1,21.35,3,0,4,304
16592,40882.58,19,18.34,5,5,3,553
16593,40836.53,3,11.95,3,3,2,332
16594,40811.59,1,3.42,2,0,1,201
16595,40825.55,1,4.24,3,0,1,301
16596,40871.42,2,20.85,4,2,4,424
16597,40882.66,1,12.86,5,0,2,502
16598,40609.57,2,12.79,1,2,2,122
16600,40882.67,6,13.16,5,4,2,542
16601,40846.46,1,8.09,3,0,1,301
16602,40855.68,2,16.44,4,2,3,423
16603,40812.42,2,14.19,2,2,2,222
16607,40869.43,16,19.27,4,5,4,454
16609,40871.56,9,19.47,4,5,4,454
16610,40667.55,1,12.61,1,0,2,102
16611,40700.66,2,11.00,1,2,2,122
16612,40854.32,4,17.99,3,3,3,333
16613,40816.66,1,20.62,3,0,4,304
16614,40704.48,1,19.47,1,0,4,104
16616,40871.69,2,15.16,4,2,2,422
16617,40651.44,1,30.37,1,0,5,105
16618,40855.58,6,27.12,4,4,5,445
16619,40633.51,2,12.78,1,2,2,122
16620,40883.51,2,19.88,5,2,4,524
16621,40835.48,4,28.05,3,3,5,335
16623,40641.42,1,25.89,1,0,4,104
16624,40806.53,2,16.89,2,2,3,223
16625,40612.53,1,14.48,1,0,2,102
16626,40886.50,20,23.80,5,5,4,554
16627,40807.61,1,16.14,2,0,3,203
16628,40857.53,6,18.34,4,4,3,443
16629,40813.44,2,6.53,2,2,1,221
16633,40869.57,7,18.81,4,4,3,443
16634,40664.51,2,24.21,1,2,4,124
16637,40854.55,5,15.62,3,4,3,343
16638,40864.46,11,17.65,4,5,3,453
16639,40861.57,4,22.49,4,3,4,434
16641,40781.53,1,19.26,2,0,4,204
16642,40882.48,3,19.42,5,3,4,534
16643,40641.35,1,18.06,1,0,3,103
16644,40709.53,2,13.45,2,2,2,222
16647,40717.49,2,15.29,2,2,2,222
16648,40848.41,2,12.54,3,2,2,322
16650,40815.41,1,21.60,2,0,4,204
16652,40833.49,10,54.10,3,5,5,355
16653,40870.62,3,15.35,4,3,2,432
16654,40745.64,5,19.19,2,4,4,244
16655,40869.48,6,14.64,4,4,2,442
16656,40864.61,21,107.10,4,5,5,455
16657,40877.49,4,4.55,5,3,1,531
16658,40518.57,1,15.41,1,0,2,102
16659,40697.63,1,19.56,1,0,4,104
16660,40870.62,5,47.67,4,4,5,445
16665,40524.59,1,15.04,1,0,2,102
16666,40867.58,1,3.72,4,0,1,401
16667,40818.64,2,10.91,3,2,2,322
16668,40871.74,6,15.34,4,4,2,442
16669,40863.52,3,8.62,4,3,1,431
16670,40870.40,17,15.47,4,5,2,452
16671,40858.57,3,282.05,4,3,5,435
16672,40884.69,23,69.18,5,5,5,555
16674,40832.48,2,3.26,3,2,1,321
16676,40853.50,5,17.32,3,4,3,343
16678,40884.51,17,18.56,5,5,3,553
16679,40520.58,1,43.25,1,0,5,105
16680,40843.73,1,18.37,3,0,3,303
16681,40814.47,6,40.24,2,4,5,245
16682,40882.51,5,34.27,5,4,5,545
16684,40882.59,30,233.97,5,5,5,555
16685,40825.58,2,5.23,3,2,1,321
16686,40839.58,9,5.29,3,5,1,351
16688,40885.64,4,20.34,5,3,4,534
16689,40811.49,3,23.22,2,3,4,234
16690,40843.46,3,16.05,3,3,3,333
16692,40630.62,2,425.33,1,2,5,125
16693,40818.47,2,8.10,3,2,1,321
16696,40751.60,4,65.79,2,3,5,235
16697,40645.72,1,5.37,1,0,1,101
16698,40660.45,2,399.60,1,2,5,125
16700,40878.46,17,16.15,5,5,3,553
16701,40878.47,18,33.44,5,5,5,555
16705,40886.51,29,49.11,5,5,5,555
16706,40849.58,3,4.32,3,3,1,331
16708,40841.51,1,24.32,3,0,4,304
16709,40802.46,5,38.35,2,4,5,245
16710,40867.62,10,6.26,4,5,1,451
16711,40883.69,5,75.05,5,4,5,545
16712,40877.58,10,8.24,5,5,1,551
16713,40868.53,21,10.90,4,5,2,452
16714,40668.46,4,12.98,1,3,2,132
16715,40808.76,1,15.88,2,0,3,203
16716,40620.42,3,106.60,1,3,5,135
16717,40877.74,9,14.13,5,5,2,552
16718,40517.54,1,13.77,1,0,2,102
16719,40872.39,8,8.83,4,5,1,451
16720,40860.68,1,6.12,4,0,1,401
16721,40624.67,1,7.90,1,0,1,101
16722,40869.56,16,20.66,4,5,4,454
16723,40795.54,2,13.70,2,2,2,222
16725,40584.70,8,5.15,1,5,1,151
16726,40860.62,5,7.63,4,4,1,441
16727,40522.58,1,5.83,1,0,1,101
16728,40840.61,5,3.99,3,4,1,341
16729,40850.80,26,10.80,3,5,2,352
16730,40834.59,4,8.37,3,3,1,331
16732,40855.41,1,21.56,3,0,4,304
16734,40834.57,3,12.44,3,3,2,332
16735,40808.49,7,18.62,2,4,3,243
16737,40833.54,1,417.60,3,0,5,305
16738,40589.41,1,3.75,1,0,1,101
16739,40714.72,2,19.53,2,2,4,224
16742,40840.50,2,9.67,3,2,2,322
16743,40857.55,8,11.50,4,5,2,452
16744,40875.55,7,5.42,4,4,1,441
16745,40800.50,18,20.10,2,5,4,254
16746,40882.52,19,14.94,5,5,2,552
16747,40861.57,4,18.38,4,3,3,433
16748,40869.43,5,21.97,4,4,4,444
16750,40842.53,5,6.57,3,4,1,341
16751,40856.45,1,70.59,4,0,5,405
16752,40514.51,1,23.06,1,0,4,104
16753,40828.55,1,6.59,3,0,1,301
16754,40514.73,1,1001.20,1,0,5,105
16755,40772.56,5,8.56,2,4,1,241
16756,40672.40,1,18.42,1,0,3,103
16757,40568.50,1,15.26,1,0,2,102
16758,40821.62,1,16.79,3,0,3,303
16759,40879.53,4,17.97,5,3,3,533
16761,40790.47,1,24.36,2,0,4,204
16762,40867.49,3,19.16,4,3,4,434
16763,40701.60,2,24.79,1,2,4,124
16764,40883.49,18,3.84,5,5,1,551
16765,40592.65,1,34.00,1,0,5,105
16766,40613.64,2,33.69,1,2,5,125
16767,40856.40,11,25.23,4,5,4,454
16768,40839.44,5,7.90,3,4,1,341
16769,40626.57,1,9.51,1,0,2,102
16770,40829.51,6,5.20,3,4,1,341
16771,40853.56,5,8.81,3,4,1,341
16773,40829.61,1,6.60,3,0,1,301
16774,40819.53,5,13.37,3,4,2,342
16775,40876.64,11,10.73,5,5,2,552
16776,40826.54,1,5.11,3,0,1,301
16777,40806.57,2,4.64,2,2,1,221
16778,40812.58,2,15.37,2,2,2,222
16779,40884.62,28,30.95,5,5,5,555
16780,40786.67,2,7.09,2,2,1,221
16781,40521.64,2,15.51,1,2,2,122
16782,40876.56,19,11.74,5,5,2,552
16784,40867.51,1,35.87,4,0,5,405
16788,40763.62,2,4.02,2,2,1,221
16789,40878.63,1,16.16,5,0,3,503
16790,40883.50,8,16.00,5,5,3,553
16791,40857.80,8,5.35,4,5,1,451
16792,40604.61,2,9.20,1,2,2,122
16793,40829.63,1,15.24,3,0,2,302
16794,40885.75,12,4.18,5,5,1,551
16795,40521.59,1,6.29,1,0,1,101
16796,40797.58,1,16.98,2,0,3,203
16800,40875.59,1,7.45,5,0,1,501
16801,40723.65,5,9.60,2,4,2,242
16803,40821.60,1,13.85,3,0,2,302
16804,40863.70,3,8.95,4,3,2,432
16805,40713.47,2,4.70,2,2,1,221
16806,40783.64,4,7.92,2,3,1,231
16807,40744.50,3,16.74,2,3,3,233
16808,40787.82,2,12.54,2,2,2,222
16809,40863.66,6,6.08,4,4,1,441
16810,40694.65,2,17.23,1,2,3,123
16811,40882.49,2,19.54,5,2,4,524
16812,40526.52,1,31.96,1,0,5,105
16813,40878.59,10,3.87,5,5,1,551
16814,40872.56,22,20.02,4,5,4,454
16816,40783.59,4,14.90,2,3,2,232
16817,40884.46,13,15.23,5,5,2,552
16818,40876.45,13,17.37,5,5,3,553
16820,40791.50,1,19.14,2,0,4,204
16823,40659.63,1,9.43,1,0,2,102
16824,40871.53,2,17.72,4,2,3,423
16825,40848.49,2,27.69,3,2,5,325
16826,40835.59,1,15.53,3,0,3,303
16828,40793.63,2,16.06,2,2,3,223
16829,40730.45,1,17.93,2,0,3,203
16830,40848.48,1,14.17,3,0,2,302
16832,40702.65,3,16.60,1,3,3,133
16833,40885.61,4,23.54,5,3,4,534
16834,40659.40,1,17.23,1,0,3,103
16835,40758.58,2,18.09,2,2,3,223
16836,40847.42,2,22.90,3,2,4,324
16837,40855.60,12,19.08,4,5,4,454
16838,40689.55,3,22.42,1,3,4,134
16839,40878.38,39,51.97,5,5,5,555
16841,40850.49,7,15.17,3,4,2,342
16842,40822.73,4,19.69,3,3,4,334
16843,40844.38,17,26.87,3,5,4,354
16846,40836.58,1,19.48,3,0,4,304
16847,40843.56,1,16.12,3,0,3,303
16848,40834.36,1,20.10,3,0,4,304
16849,40700.39,1,15.57,1,0,3,103
16850,40553.46,1,17.50,1,0,3,103
16851,40882.56,3,17.12,5,3,3,533
16852,40876.56,2,16.10,5,2,3,523
16855,40863.50,2,17.28,4,2,3,423
16856,40872.37,1,17.70,4,0,3,403
16858,40520.62,2,26.61,1,2,4,124
16859,40780.59,5,7.61,2,4,1,241
16861,40827.38,3,18.96,3,3,4,334
16863,40857.64,4,18.57,4,3,3,433
16866,40746.42,3,18.89,2,3,4,234
16869,40864.50,5,6.16,4,4,1,441
16871,40864.81,7,19.87,4,4,4,444
16872,40809.67,3,97.15,2,3,5,235
16873,40882.50,10,24.59,5,5,4,554
16875,40822.81,9,16.45,3,5,3,353
16877,40874.57,6,5.43,4,4,1,441
16878,40862.37,2,0.00,4,2,1,421
16880,40856.48,7,8.57,4,4,1,441
16881,40820.44,1,432.00,3,0,5,305
16882,40820.45,3,18.08,3,3,3,333
16883,40699.54,2,7.36,1,2,1,121
16884,40849.49,2,16.53,3,2,3,323
16885,40871.57,3,4.65,4,3,1,431
16887,40851.59,1,5.34,3,0,1,301
16889,40692.46,3,11.69,1,3,2,132
16891,40885.47,5,3.99,5,4,1,541
16892,40885.55,7,4.94,5,4,1,541
16893,40520.50,1,3.24,1,0,1,101
16895,40822.51,1,3.18,3,0,1,301
16897,40587.66,3,4.84,1,3,1,131
16898,40860.66,4,2.76,4,3,1,431
16899,40879.50,6,10.25,5,4,2,542
16900,40875.45,5,2.29,4,4,1,441
16902,40770.60,1,38.79,2,0,5,205
16903,40857.65,1,6.49,4,0,1,401
16904,40882.55,16,5.47,5,5,1,551
16905,40881.58,8,15.10,5,5,2,552
16906,40805.49,4,6.28,2,3,1,231
16907,40857.75,5,6.63,4,4,1,441
16909,40822.75,2,21.06,3,2,4,324
16910,40882.54,8,2.76,5,5,1,551
16912,40863.66,12,24.12,4,5,4,454
16913,40596.54,1,14.18,1,0,2,102
16914,40850.64,1,6.13,3,0,1,301
16915,40877.69,6,10.91,5,4,2,542
16916,40863.51,2,4.14,4,2,1,421
16917,40610.50,1,43.50,1,0,5,105
16918,40837.53,7,8.03,3,4,1,341
16919,40730.57,11,7.95,2,5,1,251
16921,40825.68,1,2.83,3,0,1,301
16923,40874.54,26,10.48,4,5,2,452
16924,40865.54,4,8.31,4,3,1,431
16926,40515.57,1,16.45,1,0,3,103
16927,40771.47,3,90.51,2,3,5,235
16928,40806.63,19,13.36,2,5,2,252
16929,40883.36,7,16.82,5,4,3,543
16930,40860.68,3,6.85,4,3,1,431
16931,40881.55,21,5.14,5,5,1,551
16932,40833.59,1,3.06,3,0,1,301
16933,40885.54,5,10.82,5,4,2,542
16934,40832.53,2,15.34,3,2,2,322
16936,40861.46,1,4.68,4,0,1,401
16938,40878.43,5,7.96,5,4,1,541
16940,40834.55,3,10.00,3,3,2,332
16942,40874.53,10,6.73,4,5,1,451
16943,40675.50,3,24.75,1,3,4,134
16945,40865.49,18,17.45,4,5,3,453
16947,40651.40,1,19.36,1,0,4,104
16948,40748.53,3,22.90,2,3,4,234
16949,40883.46,7,21.44,5,4,4,544
16950,40830.38,3,28.06,3,3,5,335
16951,40763.56,4,14.86,2,3,2,232
16952,40777.54,2,10.48,2,2,2,222
16953,40856.66,1,20.80,4,0,4,404
16954,40886.41,9,38.61,5,5,5,555
16955,40702.44,5,20.75,1,4,4,144
16956,40877.60,2,16.24,5,2,3,523
16957,40647.58,2,26.04,1,2,4,124
16959,40799.63,1,16.76,2,0,3,203
16960,40848.48,3,5.02,3,3,1,331
16961,40770.57,1,16.73,2,0,3,203
16963,40699.58,1,15.79,1,0,3,103
16965,40660.51,1,7.74,1,0,1,101
16966,40878.57,10,69.31,5,5,5,555
16967,40697.60,1,15.19,1,0,2,102
16968,40882.63,2,14.18,5,2,2,522
16969,40847.55,3,15.49,3,3,2,332
16971,40884.39,2,8.71,5,2,1,521
16976,40619.69,1,125.76,1,0,5,105
16978,40809.53,1,8.83,2,0,1,201
16979,40883.51,8,20.47,5,5,4,554
16980,40631.69,2,12.78,1,2,2,122
16982,40826.52,1,17.46,3,0,3,303
16983,40874.51,8,13.10,4,5,2,452
16984,40808.76,5,10.55,2,4,2,242
16985,40869.56,11,45.14,4,5,5,455
16986,40857.50,2,624.40,4,2,5,425
16987,40883.73,7,12.63,5,4,2,542
16988,40881.67,1,18.02,5,0,3,503
16989,40879.69,6,94.44,5,4,5,545
16990,40668.35,1,179.00,1,0,5,105
16992,40876.49,6,16.86,5,4,3,543
16995,40514.71,1,-1.25,1,0,1,101
16996,40856.70,9,34.82,4,5,5,455
16997,40598.73,3,58.50,1,3,5,135
16998,40737.41,6,47.84,2,4,5,245
16999,40863.58,2,21.08,4,2,4,424
17001,40886.40,11,23.61,5,5,4,554
17002,40813.70,4,29.76,2,3,5,235
17004,40840.60,2,32.11,3,2,5,325
17006,40882.51,4,17.77,5,3,3,533
17007,40836.45,7,16.56,3,4,3,343
17010,40870.46,2,15.46,4,2,2,422
17011,40856.56,1,18.06,4,0,3,403
17014,40878.59,4,7.71,5,3,1,531
17015,40858.45,3,8.59,4,3,1,431
17017,40884.40,27,32.37,5,5,5,555
17018,40846.49,2,57.51,3,2,5,325
17019,40875.55,4,5.51,4,3,1,431
17022,40855.71,1,10.14,4,0,2,402
17024,40841.57,3,31.95,3,3,5,335
17025,40826.38,3,39.75,3,3,5,335
17026,40701.60,2,38.71,1,2,5,125
17027,40808.52,7,5.55,2,4,1,241
17029,40776.46,2,358.00,2,2,5,225
17030,40823.37,1,13.35,3,0,2,302
17031,40875.43,2,17.29,4,2,3,423
17033,40800.61,3,36.79,2,3,5,235
17034,40870.63,4,22.96,4,3,4,434
17035,40641.47,3,12.14,1,3,2,132
17037,40808.72,2,16.28,2,2,3,223
17038,40856.58,1,5.11,4,0,1,401
17040,40749.43,1,29.98,2,0,5,205
17041,40860.47,4,15.08,4,3,2,432
17042,40884.52,5,10.69,5,4,2,542
17043,40854.65,4,17.01,3,3,3,333
17044,40878.37,3,89.74,5,3,5,535
17045,40773.71,3,15.43,2,3,2,232
17046,40729.60,1,29.18,2,0,5,205
17047,40801.56,3,16.94,2,3,3,233
17048,40771.62,6,18.01,2,4,3,243
17049,40884.45,11,17.38,5,5,3,553
17050,40790.58,6,10.33,2,4,2,242
17051,40692.59,1,5.74,1,0,1,101
17052,40858.62,1,4.81,4,0,1,401
17053,40758.45,2,35.46,2,2,5,225
17054,40858.54,6,16.12,4,4,3,443
17058,40805.43,3,19.03,2,3,4,234
17059,40857.52,5,5.99,4,4,1,441
17060,40620.56,1,46.85,1,0,5,105
17061,40813.48,12,50.65,2,5,5,255
17062,40573.46,5,7.56,1,4,1,141
17063,40878.37,11,17.86,5,5,3,553
17064,40828.43,3,14.02,3,3,2,332
17065,40743.61,1,-112.35,2,0,1,201
17068,40874.55,22,15.26,4,5,2,452
17069,40858.72,13,17.24,4,5,3,453
17070,40772.71,1,4.91,2,0,1,201
17071,40878.38,14,16.12,5,5,3,553
17073,40869.49,4,8.31,4,3,1,431
17075,40869.50,5,10.17,4,4,2,442
17076,40850.75,3,33.64,3,3,5,335
17078,40850.80,2,15.10,3,2,2,322
17079,40808.65,1,59.40,2,0,5,205
17080,40864.54,3,31.72,4,3,5,435
17081,40861.54,2,4.59,4,2,1,421
17082,40853.64,2,24.74,3,2,4,324
17083,40777.65,3,27.03,2,3,4,234
17084,40851.62,2,18.44,3,2,3,323
17085,40763.59,6,8.25,2,4,1,241
17086,40879.58,6,21.36,5,4,4,544
17088,40858.60,4,17.31,4,3,3,433
17090,40882.57,8,31.90,5,5,5,555
17091,40884.45,9,19.21,5,5,4,554
17092,40836.83,4,14.31,3,3,2,332
17094,40568.73,2,18.01,1,2,3,123
17095,40864.69,6,14.13,4,4,2,442
17096,40877.63,7,19.09,5,4,4,544
17097,40884.71,9,4.41,5,5,1,551
17100,40868.69,1,14.95,4,0,2,402
17101,40876.58,4,38.61,5,3,5,535
17102,40625.42,1,25.50,1,0,4,104
17105,40727.66,2,7.40,2,2,1,221
17107,40854.36,7,25.93,3,4,4,344
17109,40857.71,8,7.17,4,5,1,451
17110,40721.54,1,13.61,2,0,2,202
17111,40839.67,1,7.99,3,0,1,301
17114,40881.51,10,5.65,5,5,1,551
17115,40878.60,5,18.77,5,4,3,543
17117,40598.58,1,12.91,1,0,2,102
17118,40569.51,1,15.70,1,0,3,103
17119,40883.61,3,15.62,5,3,3,533
17120,40653.64,1,17.08,1,0,3,103
17122,40767.61,1,19.76,2,0,4,204
17123,40725.45,1,38.37,2,0,5,205
17124,40701.58,1,9.49,1,0,2,102
17125,40836.61,1,6.59,3,0,1,301
17126,40734.58,7,3.91,2,4,1,241
17128,40552.50,1,11.22,1,0,2,102
17131,40881.54,5,18.38,5,4,3,543
17133,40871.52,7,181.19,4,4,5,445
17134,40780.41,2,17.97,2,2,3,223
17135,40870.70,7,21.92,4,4,4,444
17138,40611.50,1,15.85,1,0,3,103
17139,40871.43,15,21.74,4,5,4,454
17140,40639.56,1,25.23,1,0,4,104
17142,40647.77,1,38.60,1,0,5,105
17144,40885.75,2,20.51,5,2,4,524
17146,40781.53,3,21.42,2,3,4,234
17147,40864.52,6,19.76,4,4,4,444
17148,40835.42,1,13.88,3,0,2,302
17152,40692.51,4,120.68,1,3,5,135
17153,40862.57,1,15.27,4,0,2,402
17154,40811.57,1,14.32,2,0,2,202
17155,40869.53,2,12.59,4,2,2,422
17157,40879.38,3,20.44,5,3,4,534
17158,40854.64,3,18.91,3,3,4,334
17159,40865.45,4,15.05,4,3,2,432
17160,40855.59,6,15.36,4,4,2,442
17162,40858.48,10,16.25,4,5,3,453
17163,40865.37,2,58.62,4,2,5,425
17164,40854.38,8,17.01,3,5,3,353
17165,40602.69,1,15.87,1,0,3,103
17166,40848.41,3,13.54,3,3,2,332
17169,40836.80,4,13.61,3,3,2,332
17171,40597.69,1,14.06,1,0,2,102
17172,40812.50,2,19.58,2,2,4,224
17173,40881.61,9,43.17,5,5,5,555
17174,40669.49,1,14.98,1,0,2,102
17175,40842.65,5,22.36,3,4,4,344
17176,40685.53,1,20.41,1,0,4,104
17179,40708.70,3,8.90,2,3,1,231
17180,40830.66,6,6.00,3,4,1,341
17181,40829.62,2,10.43,3,2,2,322
17183,40879.42,8,43.25,5,5,5,555
17186,40840.43,2,72.00,3,2,5,325
17187,40660.53,1,20.40,1,0,4,104
17188,40875.58,9,25.57,5,5,4,554
17189,40780.82,2,6.40,2,2,1,221
17190,40828.48,3,23.41,3,3,4,334
17191,40858.71,7,8.84,4,4,1,441
17193,40851.53,9,47.84,3,5,5,355
17194,40613.50,2,9.06,1,2,2,122
17197,40857.44,1,34.93,4,0,5,405
17198,40863.44,3,7.21,4,3,1,431
17201,40833.50,1,8.57,3,0,1,301
17203,40851.52,6,23.90,3,4,4,344
17204,40717.58,9,21.01,2,5,4,254
17205,40833.53,1,29.54,3,0,5,305
17206,40833.56,1,29.18,3,0,5,305
17211,40860.50,9,10.92,4,5,2,452
17212,40633.82,1,56.71,1,0,5,105
17213,40846.62,11,16.71,3,5,3,353
17214,40826.55,7,10.46,3,4,2,342
17217,40652.72,1,12.61,1,0,2,102
17218,40882.58,10,7.20,5,5,1,551
17219,40855.48,1,4.57,3,0,1,301
17220,40862.57,14,6.80,4,5,1,451
17221,40879.57,2,5.39,5,2,1,521
17222,40821.58,1,12.65,3,0,2,302
17223,40576.66,2,8.69,1,2,1,121
17226,40578.49,1,18.74,1,0,3,103
17227,40868.45,6,19.99,4,4,4,444
17228,40871.43,8,9.19,4,5,2,452
17229,40790.58,2,6.78,2,2,1,221
17230,40622.68,11,47.49,1,5,5,155
17231,40874.64,14,5.73,4,5,1,451
17232,40884.51,2,11.94,5,2,2,522
17233,40851.59,1,7.64,3,0,1,301
17234,40704.47,1,10.71,1,0,2,102
17235,40861.66,2,18.97,4,2,4,424
17236,40874.50,6,8.73,4,4,1,441
17237,40875.63,2,16.56,5,2,3,523
17238,40884.48,17,6.70,5,5,1,551
17239,40574.40,2,23.75,1,2,4,124
17242,40778.62,2,28.38,2,2,5,225
17243,40885.56,30,21.49,5,5,4,554
17244,40833.64,1,30.80,3,0,5,305
17245,40682.45,1,19.05,1,0,4,104
17247,40871.64,1,5.19,4,0,1,401
17248,40766.57,1,4.62,2,0,1,201
17250,40883.51,2,6.82,5,2,1,521
17251,40524.46,1,7.29,1,0,1,101
17252,40770.41,2,4.06,2,2,1,221
17253,40868.54,1,9.90,4,0,2,402
17254,40882.53,2,2.44,5,2,1,521
17255,40846.51,2,3.94,3,2,1,321
17256,40779.56,2,15.00,2,2,2,222
17259,40738.63,2,5.01,2,2,1,221
17262,40834.54,5,104.45,3,4,5,345
17263,40678.61,1,2.76,1,0,1,101
17265,40748.45,2,4.51,2,2,1,221
17266,40884.59,3,4.06,5,3,1,531
17267,40759.72,2,8.57,2,2,1,221
17268,40779.42,4,127.27,2,3,5,235
17272,40844.69,5,18.49,3,4,3,343
17274,40851.55,1,4.31,3,0,1,301
17277,40659.53,2,15.44,1,2,2,122
17278,40645.55,1,16.40,1,0,3,103
17279,40829.50,1,20.87,3,0,4,304
17282,40756.60,3,18.94,2,3,4,234
17284,40826.61,7,5.59,3,4,1,341
17286,40865.53,1,3.44,4,0,1,401
17287,40860.56,7,8.60,4,4,1,441
17288,40877.67,7,10.06,5,4,2,542
17289,40855.50,4,8.79,3,3,1,331
17290,40883.53,2,5.42,5,2,1,521
17291,40578.54,1,550.80,1,0,5,105
17293,40878.61,9,14.05,5,5,2,552
17295,40858.45,3,8.04,4,3,1,431
17297,40869.61,1,2.59,4,0,1,401
17298,40785.70,2,16.61,2,2,3,223
17299,40875.50,4,11.74,4,3,2,432
17301,40865.57,1,2.77,4,0,1,401
17302,40872.40,6,13.83,4,4,2,442
17303,40525.56,1,4.72,1,0,1,101
17306,40876.51,20,124.65,5,5,5,555
17307,40521.64,1,-152.64,1,0,1,101
17309,40791.64,1,6.90,2,0,1,201
17311,40808.59,2,25.18,2,2,4,224
17312,40748.49,3,46.02,2,3,5,235
17313,40869.39,2,81.72,4,2,5,425
17314,40862.40,11,18.49,4,5,3,453
17315,40886.50,43,12.77,5,5,2,552
17317,40840.73,5,229.46,3,4,5,345
17320,40786.56,3,16.45,2,3,3,233
17321,40878.57,2,6.55,5,2,1,521
17323,40871.73,9,4.49,4,5,1,451
17324,40869.44,4,20.13,4,3,4,434
17325,40606.55,1,16.13,1,0,3,103
17329,40872.60,2,15.85,4,2,3,423
17330,40864.37,2,60.65,4,2,5,425
17331,40763.50,1,175.20,2,0,5,205
17333,40801.42,1,17.65,2,0,3,203
17334,40585.69,3,25.55,1,3,4,134
17337,40735.62,7,3.61,2,4,1,241
17338,40869.60,10,8.91,4,5,1,451
17339,40792.56,2,27.04,2,2,4,224
17340,40877.72,14,28.00,5,5,5,555
17341,40730.52,3,4.35,2,3,1,231
17343,40531.63,1,11.39,1,0,2,102
17344,40840.54,1,5.08,3,0,1,301
17345,40871.63,5,6.26,4,4,1,441
17346,40883.51,16,5.26,5,5,1,551
17347,40800.55,1,228.96,2,0,5,205
17348,40872.48,5,5.43,4,4,1,441
17349,40707.60,1,12.28,1,0,2,102
17350,40878.66,5,17.63,5,4,3,543
17351,40850.78,3,21.75,3,3,4,334
17353,40757.72,2,217.50,2,2,5,225
17354,40836.44,1,87.07,3,0,5,305
17356,40575.46,1,9.38,1,0,2,102
17357,40862.69,2,8.74,4,2,1,421
17358,40583.71,2,6.22,1,2,1,121
17359,40875.61,1,8.52,5,0,1,501
17360,40869.55,3,4.55,4,3,1,431
17361,40837.65,3,16.83,3,3,3,333
17362,40647.61,2,8.92,1,2,2,122
17364,40886.38,12,10.83,5,5,2,552
17365,40874.51,8,10.25,4,5,2,452
17367,40648.60,1,5.08,1,0,1,101
17368,40863.64,9,10.61,4,5,2,452
17370,40814.43,4,13.52,2,3,2,232
17371,40869.56,3,4.87,4,3,1,431
17372,40846.48,8,5.33,3,5,1,351
17373,40846.64,4,11.35,3,3,2,332
17374,40668.38,2,17.71,1,2,3,123
17375,40696.73,4,5.25,1,3,1,131
17376,40816.53,2,8.47,3,2,1,321
17377,40863.47,21,9.87,4,5,2,452
17379,40875.58,1,5.00,5,0,1,501
17381,40878.50,30,184.29,5,5,5,555
17382,40821.55,1,32.70,3,0,5,305
17383,40882.73,1,3.95,5,0,1,501
17384,40867.66,2,22.43,4,2,4,424
17385,40872.46,1,5.69,4,0,1,401
17386,40879.48,6,95.94,5,4,5,545
17387,40867.46,2,9.83,4,2,2,422
17388,40809.44,4,83.97,2,3,5,235
17389,40886.40,43,139.73,5,5,5,555
17391,40723.42,2,169.60,2,2,5,225
17392,40580.53,2,7.45,1,2,1,121
17394,40667.56,1,50.97,1,0,5,105
17396,40847.59,6,271.51,3,4,5,345
17397,40864.59,2,7.66,4,2,1,421
17398,40772.41,3,17.19,2,3,3,233
17400,40760.65,5,10.18,2,4,2,242
17402,40882.43,13,44.16,5,5,5,555
17403,40850.64,1,8.25,3,0,1,301
17404,40882.68,17,161.15,5,5,5,555
17405,40885.72,5,10.29,5,4,2,542
17406,40556.54,5,16.78,1,4,3,143
17408,40723.54,1,16.33,2,0,3,203
17409,40702.44,2,59.37,1,2,5,125
17410,40870.66,5,18.98,4,4,4,444
17411,40874.60,4,19.00,4,3,4,434
17412,40884.48,7,19.06,5,4,4,544
17414,40843.51,2,129.67,3,2,5,325
17415,40807.53,1,36.27,2,0,5,205
17416,40857.53,9,25.49,4,5,4,454
17418,40844.54,2,15.45,3,2,2,322
17419,40875.57,14,20.20,5,5,4,554
17420,40836.62,3,19.96,3,3,4,334
17422,40870.56,10,13.87,4,5,2,452
17423,40841.70,4,23.70,3,3,4,334
17425,40867.65,2,17.66,4,2,3,423
17426,40882.68,7,18.59,5,4,3,543
17427,40815.48,1,50.40,2,0,5,205
17428,40886.41,32,49.79,5,5,5,555
17429,40766.43,4,12.19,2,3,2,232
17430,40854.39,2,18.98,3,2,4,324
17431,40573.61,1,9.38,1,0,2,102
17432,40868.73,2,7.62,4,2,1,421
17433,40798.60,1,5.61,2,0,1,201
17434,40884.55,9,17.14,5,5,3,553
17436,40885.52,2,24.03,5,2,4,524
17438,40639.72,2,19.91,1,2,4,124
17440,40739.44,5,22.14,2,4,4,244
17442,40857.62,10,16.02,4,5,3,453
17443,40667.45,1,534.24,1,0,5,105
17444,40739.50,3,21.78,2,3,4,234
17446,40710.45,2,13.43,2,2,2,222
17447,40846.60,2,15.04,3,2,2,322
17448,40742.52,1,-4287.63,2,0,0,200
17449,40884.71,8,8.98,5,5,2,552
17450,40878.56,55,541.02,5,5,5,555
17451,40885.63,8,15.41,5,5,2,552
17453,40869.40,2,25.62,4,2,4,424
17454,40694.58,4,8.48,1,3,1,131
17455,40683.52,1,16.46,1,0,3,103
17456,40521.64,1,14.70,1,0,2,102
17457,40760.53,5,91.46,2,4,5,245
17458,40871.54,1,5.86,4,0,1,401
17459,40843.56,2,5.92,3,2,1,321
17460,40808.46,8,12.23,2,5,2,252
17461,40864.43,3,6.94,4,3,1,431
17462,40835.57,3,23.68,3,3,4,334
17463,40870.57,6,8.78,4,4,1,441
17464,40728.55,1,32.22,2,0,5,205
17466,40876.55,2,18.62,5,2,3,523
17468,40876.65,2,27.40,5,2,5,525
17469,40870.55,6,20.48,4,4,4,444
17470,40842.53,5,14.42,3,4,2,342
17472,40695.62,3,4.01,1,3,1,131
17475,40807.62,1,13.88,2,0,2,202
17480,40813.43,2,16.34,2,2,3,223
17481,40883.52,5,15.05,5,4,2,542
17483,40821.55,3,19.72,3,3,4,334
17486,40625.58,1,16.54,1,0,3,103
17489,40828.37,2,12.99,3,2,2,322
17490,40886.38,11,22.41,5,5,4,554
17491,40885.68,11,31.90,5,5,5,555
17492,40638.64,1,31.21,1,0,5,105
17495,40879.51,2,18.43,5,2,3,523
17496,40528.36,1,27.11,1,0,5,105
17498,40811.52,1,16.01,2,0,3,203
17499,40597.38,1,15.57,1,0,3,103
17500,40869.60,3,227.60,4,3,5,435
17501,40666.41,2,16.03,1,2,3,123
17502,40877.55,4,24.61,5,3,4,534
17503,40884.39,2,14.46,5,2,2,522
17504,40680.54,10,20.24,1,5,4,154
17505,40725.53,2,22.04,2,2,4,224
17506,40816.54,2,18.39,3,2,3,323
17507,40625.49,2,6.88,1,2,1,121
17508,40606.34,1,17.61,1,0,3,103
17509,40829.51,11,16.53,3,5,3,353
17510,40862.42,1,15.42,4,0,2,402
17511,40884.43,47,85.34,5,5,5,555
17512,40858.51,11,27.55,4,5,5,455
17513,40814.70,1,85.53,2,0,5,205
17514,40758.66,1,5.22,2,0,1,201
17515,40855.59,4,7.35,4,3,1,431
17516,40871.70,5,5.67,4,4,1,441
17517,40578.49,1,13.99,1,0,2,102
17519,40869.70,7,22.16,4,4,4,444
17520,40833.50,1,18.23,3,0,3,303
17521,40862.58,4,15.69,4,3,3,433
17522,40885.52,5,14.67,5,4,2,542
17523,40875.56,4,19.78,4,3,4,434
17524,40525.61,1,24.17,1,0,4,104
17525,40527.50,1,46.97,1,0,5,105
17526,40885.79,7,32.80,5,4,5,545
17527,40833.52,6,18.14,3,4,3,343
17528,40885.56,11,13.79,5,5,2,552
17530,40885.78,11,6.07,5,5,1,551
17531,40766.43,2,19.56,2,2,4,224
17534,40833.53,1,24.82,3,0,4,304
17535,40606.64,1,12.65,1,0,2,102
17536,40709.56,1,25.50,2,0,4,204
17537,40857.46,2,12.00,4,2,2,422
17538,40861.51,1,10.94,4,0,2,402
17540,40878.38,3,21.94,5,3,4,534
17542,40617.49,1,6.83,1,0,1,101
17545,40843.59,3,4.62,3,3,1,331
17547,40514.60,1,-5.90,1,0,1,101
17548,40669.42,3,-6.97,1,3,1,131
17549,40863.42,2,24.81,4,2,4,424
17550,40689.59,3,6.36,1,3,1,131
17551,40527.59,1,7.44,1,0,1,101
17552,40844.51,5,17.84,3,4,3,343
17553,40757.42,1,743.80,2,0,5,205
17554,40885.59,5,22.19,5,4,4,544
17555,40867.52,2,4.57,4,2,1,421
17556,40681.45,1,26.32,1,0,4,104
17557,40872.54,3,15.93,4,3,3,433
17560,40792.39,5,31.66,2,4,5,245
17561,40867.54,1,3.69,4,0,1,401
17562,40872.60,8,17.82,4,5,3,453
17564,40862.56,3,9.27,4,3,2,432
17566,40878.83,2,6.12,5,2,1,521
17567,40879.66,10,22.67,5,5,4,554
17569,40554.59,1,11.87,1,0,2,102
17571,40836.66,4,5.26,3,3,1,331
17572,40815.75,4,18.90,2,3,4,234
17573,40857.54,3,13.96,4,3,2,432
17574,40644.41,1,23.21,1,0,4,104
17576,40878.76,21,8.44,5,5,1,551
17578,40696.49,2,20.79,1,2,4,124
17579,40882.52,4,8.47,5,3,1,531
17580,40634.53,3,4.79,1,3,1,131
17581,40886.51,30,24.24,5,5,4,554
17582,40650.55,1,6.04,1,0,1,101
17584,40879.72,3,35.49,5,3,5,535
17585,40777.56,4,5.32,2,3,1,231
17588,40786.57,3,53.92,2,3,5,235
17589,40826.71,4,9.50,3,3,2,332
17590,40884.54,3,7.48,5,3,1,531
17591,40813.57,8,13.88,2,5,2,252
17593,40883.44,6,18.42,5,4,3,543
17594,40801.69,2,19.86,2,2,4,224
17595,40874.67,2,4.72,4,2,1,421
17596,40863.59,7,10.56,4,4,2,442
17597,40673.50,1,37.17,1,0,5,105
17600,40869.40,1,12.44,4,0,2,402
17601,40647.75,1,12.89,1,0,2,102
17602,40884.58,9,9.02,5,5,2,552
17603,40836.80,5,-77.69,3,4,1,341
17604,40669.57,2,4.91,1,2,1,121
17608,40853.55,2,3.43,3,2,1,321
17609,40846.52,6,4.69,3,4,1,341
17611,40883.41,19,6.85,5,5,1,551
17612,40833.62,10,14.24,3,5,2,352
17613,40864.45,16,14.49,4,5,2,452
17614,40829.67,1,3.90,3,0,1,301
17615,40756.59,3,23.54,2,3,4,234
17616,40713.42,3,190.40,2,3,5,235
17618,40881.49,3,13.88,5,3,2,532
17619,40574.60,1,2.90,1,0,1,101
17620,40827.51,1,20.36,3,0,4,304
17621,40865.72,4,49.49,4,3,5,435
17623,40854.48,1,15.97,3,0,3,303
17624,40872.45,2,16.87,4,2,3,423
17625,40868.57,4,6.59,4,3,1,431
17628,40805.64,1,15.15,2,0,2,202
17629,40881.46,9,14.75,5,5,2,552
17630,40717.50,2,19.37,2,2,4,224
17631,40885.41,3,13.55,5,3,2,532
17633,40855.56,6,17.74,4,4,3,443
17634,40850.55,9,7.97,3,5,1,351
17636,40878.35,2,11.08,5,2,2,522
17637,40855.54,2,15.63,4,2,3,423
17639,40610.64,1,15.50,1,0,2,102
17640,40800.38,1,124.33,2,0,5,205
17642,40767.38,2,17.81,2,2,3,223
17643,40513.61,1,12.69,1,0,2,102
17644,40885.57,17,16.38,5,5,3,553
17646,40667.55,4,18.44,1,3,3,133
17647,40821.65,1,19.01,3,0,4,304
17648,40826.40,5,19.45,3,4,4,344
17649,40752.45,2,16.26,2,2,3,223
17650,40865.62,1,20.76,4,0,4,404
17651,40875.44,14,16.26,4,5,3,453
17652,40861.54,18,17.54,4,5,3,453
17653,40857.60,5,23.52,4,4,4,444
17654,40609.55,1,5.34,1,0,1,101
17655,40876.48,8,27.65,5,5,5,555
17656,40813.54,5,20.42,2,4,4,244
17658,40876.49,3,23.22,5,3,4,534
17659,40883.40,14,18.35,5,5,3,553
17660,40745.57,1,4.70,2,0,1,201
17663,40861.37,9,19.87,4,5,4,454
17664,40868.48,2,14.06,4,2,2,422
17666,40883.38,2,40.45,5,2,5,525
17667,40820.61,5,17.57,3,4,3,343
17668,40885.56,2,23.18,5,2,4,524
17669,40844.37,7,50.10,3,4,5,345
17670,40659.38,1,18.70,1,0,3,103
17671,40871.51,6,24.21,4,4,4,444
17672,40843.46,4,27.01,3,3,4,334
17673,40885.55,7,7.25,5,4,1,541
17674,40812.57,2,20.41,2,2,4,224
17675,40885.75,41,27.88,5,5,5,555
17676,40882.64,7,17.51,5,4,3,543
17677,40885.41,43,50.63,5,5,5,555
17678,40623.49,1,18.63,1,0,3,103
17679,40834.32,2,66.40,3,2,5,325
17680,40863.53,1,16.76,4,0,3,403
17682,40876.67,7,20.97,5,4,4,544
17684,40843.47,1,15.96,3,0,3,303
17685,40870.48,7,24.55,4,4,4,444
17686,40879.65,7,20.07,5,4,4,544
17690,40856.64,16,18.57,4,5,3,453
17691,40528.72,2,15.28,1,2,2,122
17692,40759.58,5,15.61,2,4,3,243
17693,40750.72,3,10.39,2,3,2,232
17694,40745.50,1,18.87,2,0,4,204
17695,40755.44,2,21.87,2,2,4,224
17696,40848.57,14,17.47,3,5,3,353
17697,40650.65,1,17.84,1,0,3,103
17698,40626.48,1,19.37,1,0,4,104
17700,40870.49,6,17.18,4,4,3,443
17701,40634.52,1,17.41,1,0,3,103
17702,40856.67,6,21.98,4,4,4,444
17703,40851.66,3,14.52,3,3,2,332
17704,40718.40,2,28.55,2,2,5,225
17705,40883.57,10,16.79,5,5,3,553
17706,40882.57,20,25.63,5,5,4,554
17707,40701.63,2,30.48,1,2,5,125
17708,40699.43,2,7.75,1,2,1,121
17709,40717.50,1,19.64,2,0,4,204
17711,40876.49,2,16.74,5,2,3,523
17712,40842.52,1,18.03,3,0,3,303
17714,40566.44,1,15.30,1,0,2,102
17715,40686.52,1,326.40,1,0,5,105
17716,40864.50,12,22.68,4,5,4,454
17718,40654.57,1,23.23,1,0,4,104
17719,40849.44,18,19.43,3,5,4,354
17720,40860.63,4,23.92,4,3,4,434
17722,40790.64,6,20.26,2,4,4,244
17723,40759.78,6,327.64,2,4,5,245
17724,40829.45,4,22.13,3,3,4,334
17725,40870.69,14,17.03,4,5,3,453
17727,40877.64,2,15.56,5,2,3,523
17728,40883.37,5,14.89,5,4,2,542
17730,40883.65,15,24.04,5,5,4,554
17731,40807.63,5,12.02,2,4,2,242
17732,40514.40,1,16.89,1,0,3,103
17733,40848.34,2,19.78,3,2,4,324
17734,40833.52,3,16.29,3,3,3,333
17735,40884.70,19,19.00,5,5,4,554
17736,40877.65,4,12.98,5,3,2,532
17737,40877.64,2,16.82,5,2,3,523
17738,40867.63,5,18.82,4,4,3,443
17739,40875.38,8,58.04,4,5,5,455
17742,40773.64,2,23.67,2,2,4,224
17744,40883.51,7,16.72,5,4,3,543
17746,40652.48,2,12.35,1,2,2,122
17747,40786.56,2,32.33,2,2,5,225
17749,40708.66,2,19.27,1,2,4,124
17750,40881.59,9,9.28,5,5,2,552
17752,40527.68,1,80.64,1,0,5,105
17754,40886.47,6,18.14,5,4,3,543
17757,40885.65,31,7.52,5,5,1,551
17758,40867.61,9,8.40,4,5,1,451
17759,40869.67,3,9.11,4,3,2,432
17760,40865.46,2,11.50,4,2,2,422
17761,40854.43,1,37.51,3,0,5,305
17763,40623.60,1,15.00,1,0,2,102
17764,40836.46,2,10.88,3,2,2,322
17765,40728.53,3,6.56,2,3,1,231
17767,40871.61,1,12.91,4,0,2,402
17768,40878.56,3,21.24,5,3,4,534
17769,40874.47,12,12.77,4,5,2,452
17770,40688.52,5,30.09,1,4,5,145
17771,40830.49,2,4.55,3,2,1,321
17772,40876.46,2,3.47,5,2,1,521
17774,40790.53,5,7.82,2,4,1,241
17775,40632.45,1,18.80,1,0,3,103
17777,40862.50,3,3.40,4,3,1,431
17779,40865.59,5,7.64,4,4,1,441
17781,40727.67,2,15.67,2,2,3,223
17783,40814.67,2,4.23,2,2,1,221
17785,40833.57,1,10.15,3,0,2,302
17786,40801.54,2,3.87,2,2,1,221
17787,40734.48,4,14.20,2,3,2,232
17788,40813.42,2,223.58,2,2,5,225
17789,40605.55,1,16.14,1,0,3,103
17790,40860.48,14,10.35,4,5,2,452
17791,40857.51,1,10.61,4,0,2,402
17793,40861.60,1,5.78,4,0,1,401
17795,40707.53,2,7.62,1,2,1,121
17796,40846.65,4,8.52,3,3,1,331
17797,40864.56,3,7.14,4,3,1,431
17799,40864.64,12,7.39,4,5,1,451
17800,40849.54,9,11.53,3,5,2,352
17802,40804.62,4,8.52,2,3,1,231
17805,40813.49,1,51.23,2,0,5,205
17806,40875.59,1,12.28,5,0,2,502
17809,40870.54,15,74.50,4,5,5,455
17811,40882.57,51,8.90,5,5,1,551
17812,40874.49,4,5.26,4,3,1,431
17813,40872.68,7,4.55,4,4,1,441
17816,40850.48,4,2.15,3,3,1,331
17817,40882.61,3,11.75,5,3,2,532
17819,40815.45,8,74.72,2,5,5,255
17820,40695.63,2,-4.81,1,2,1,121
17824,40835.59,1,22.95,3,0,4,304
17827,40881.63,5,9.24,5,4,2,542
17828,40878.40,9,21.36,5,5,4,554
17829,40588.53,1,29.64,1,0,5,105
17830,40885.52,3,17.33,5,3,3,533
17831,40853.63,1,17.70,3,0,3,303
17832,40837.49,1,2.61,3,0,1,301
17835,40884.49,3,5.78,5,3,1,531
17836,40839.68,1,4.59,3,0,1,301
17837,40844.68,10,9.01,3,5,2,352
17838,40860.48,6,19.54,4,4,4,444
17839,40844.73,1,6.12,3,0,1,301
17841,40885.50,168,5.09,5,5,1,551
17843,40583.65,1,5.55,1,0,1,101
17844,40780.48,1,10.31,2,0,2,202
17846,40801.64,1,2033.10,2,0,5,205
17848,40805.70,9,17.67,2,5,3,253
17849,40668.57,4,23.30,1,3,4,134
17850,40584.61,34,17.16,1,5,3,153
17852,40875.53,2,4.76,4,2,1,421
17854,40701.68,2,20.75,1,2,4,124
17855,40514.41,1,12.29,1,0,2,102
17856,40885.40,6,81.99,5,4,5,545
17857,40883.57,25,477.92,5,5,5,555
17858,40881.50,12,26.09,5,5,4,554
17859,40582.44,1,6.17,1,0,1,101
17860,40518.53,1,4.35,1,0,1,101
17861,40883.68,9,9.35,5,5,2,552
17862,40563.52,1,30.08,1,0,5,105
17863,40827.57,6,21.35,3,4,4,344
17864,40874.47,3,5.84,4,3,1,431
17865,40856.51,27,26.41,4,5,4,454
17866,40744.46,2,32.57,2,2,5,225
17867,40856.59,8,8.34,4,5,1,451
17869,40779.68,5,10.70,2,4,2,242
17870,40884.63,13,6.84,5,5,1,551
17871,40682.48,1,15.59,1,0,3,103
17873,40806.70,6,38.36,2,4,5,245
17874,40701.54,7,14.01,1,4,2,142
17877,40716.54,1,19.80,2,0,4,204
17878,40843.48,1,14.59,3,0,2,302
17879,40713.53,1,29.75,2,0,5,205
17880,40522.43,1,17.65,1,0,3,103
17881,40582.72,1,16.67,1,0,3,103
17883,40883.74,4,4.68,5,3,1,531
17884,40883.48,4,6.15,5,3,1,531
17885,40874.61,1,2.95,4,0,1,401
17886,40855.42,3,8.52,3,3,1,331
17887,40757.73,1,11.14,2,0,2,202
17888,40868.43,10,7.54,4,5,1,451
17889,40674.68,2,10.07,1,2,2,122
17890,40564.47,2,6.45,1,2,1,121
17891,40724.84,1,6.00,2,0,1,201
17892,40830.70,3,8.72,3,3,1,331
17893,40661.58,1,7.15,1,0,1,101
17894,40815.39,8,5.83,2,5,1,251
17895,40842.71,1,6.36,3,0,1,301
17896,40863.58,1,128.16,4,0,5,405
17897,40714.47,4,4.74,2,3,1,231
17898,40801.62,2,5.43,2,2,1,221
17899,40727.62,1,4.99,2,0,1,201
17900,40722.51,4,7.50,2,3,1,231
17901,40857.73,1,5.81,4,0,1,401
17904,40865.58,2,4.81,4,2,1,421
17905,40815.73,4,24.21,2,3,4,234
17906,40639.73,1,6.08,1,0,1,101
17908,40513.49,1,4.30,0,0,1,1
17911,40877.62,1,9.39,5,0,2,502
17912,40576.60,6,7.56,1,4,1,141
17913,40828.45,2,6.98,3,2,1,321
17914,40883.50,1,4.39,5,0,1,501
17917,40841.56,3,3.64,3,3,1,331
17919,40798.57,1,56.70,2,0,5,205
17920,40882.60,17,6.19,5,5,1,551
17921,40822.79,4,5.78,3,3,1,331
17923,40604.64,1,207.50,1,0,5,105
17924,40885.81,13,76.17,5,5,5,555
17925,40514.42,1,244.08,1,0,5,105
17926,40753.61,2,18.92,2,2,4,224
17928,40841.58,2,9.24,3,2,2,322
17929,40875.67,5,139.08,5,4,5,545
17930,40851.43,5,44.63,3,4,5,345
17931,40752.77,2,6.28,2,2,1,221
17932,40857.83,3,14.80,4,3,2,432
17934,40835.47,2,33.54,3,2,5,325
17935,40748.55,2,5.03,2,2,1,221
17936,40881.56,1,5.28,5,0,1,501
17937,40878.49,7,100.03,5,4,5,545
17939,40727.52,1,8.26,2,0,1,201
17940,40837.56,14,113.27,3,5,5,355
17941,40756.35,1,152.28,2,0,5,205
17942,40879.45,1,38.75,5,0,5,505
17946,40653.71,2,7.48,1,2,1,121
17947,40849.55,1,19.63,3,0,4,304
17948,40739.54,1,358.56,2,0,5,205
17949,40885.78,52,682.45,5,5,5,555
17950,40814.64,4,6.56,2,3,1,231
17951,40847.52,4,47.18,3,3,5,335
17954,40881.59,16,4.73,5,5,1,551
17955,40688.50,4,29.33,1,3,5,135
17956,40637.57,1,12.75,1,0,2,102
17957,40820.62,1,3.60,3,0,1,301
17958,40770.51,1,72.64,2,0,5,205
17960,40715.59,1,2.84,2,0,1,201
17961,40865.70,39,5.21,4,5,1,451
17962,40744.59,1,3.01,2,0,1,201
17964,40855.45,2,4.73,3,2,1,321
17965,40849.40,14,7.99,3,5,1,351
17966,40849.43,5,16.15,3,4,3,343
17967,40515.47,1,2.67,1,0,1,101
17968,40513.52,1,3.27,1,0,1,101
17969,40720.54,2,16.30,2,2,3,223
17970,40675.84,1,19.41,1,0,4,104
17972,40645.51,1,4.51,1,0,1,101
17973,40835.44,1,22.47,3,0,4,304
17974,40862.48,3,4.27,4,3,1,431
17975,40871.56,14,14.93,4,5,2,452
17976,40514.58,1,5.65,1,0,1,101
17977,40857.56,1,13.72,4,0,2,402
17978,40521.59,1,25.08,1,0,4,104
17979,40851.50,4,5.13,3,3,1,331
17980,40721.50,3,27.05,2,3,4,234
17984,40741.67,1,3.18,2,0,1,201
17985,40864.60,1,30.06,4,0,5,405
17986,40830.60,1,20.80,3,0,4,304
17987,40701.60,1,15.27,1,0,2,102
17988,40875.46,8,4.90,4,5,1,451
17990,40650.49,3,21.75,1,3,4,134
17991,40661.67,2,18.67,1,2,3,123
17994,40765.49,6,8.04,2,4,1,241
17995,40605.52,1,38.05,1,0,5,105
17997,40812.68,12,8.44,2,5,1,251
17999,40849.66,2,4.14,3,2,1,321
18001,40874.67,2,7.19,4,2,1,421
18004,40524.57,1,4.27,1,0,1,101
18005,40883.49,2,4.23,5,2,1,521
18006,40863.70,1,20.21,4,0,4,404
18008,40816.64,9,70.54,3,5,5,355
18009,40651.58,2,7.57,1,2,1,121
18010,40630.52,1,12.49,1,0,2,102
18011,40513.73,1,3.67,1,0,1,101
18013,40731.59,2,6.04,2,2,1,221
18014,40858.64,1,5.41,4,0,1,401
18015,40882.62,1,2.61,5,0,1,501
18016,40854.56,5,12.11,3,4,2,342
18017,40805.68,3,174.33,2,3,5,235
18018,40778.73,2,4.21,2,2,1,221
18019,40835.51,1,7.69,3,0,1,301
18022,40851.53,1,3.74,3,0,1,301
18024,40734.53,3,18.56,2,3,3,233
18027,40788.44,1,5.49,2,0,1,201
18030,40882.69,3,22.07,5,3,4,534
18032,40552.65,1,14.70,1,0,2,102
18033,40821.73,1,2.88,3,0,1,301
18034,40865.52,2,3.78,4,2,1,421
18035,40851.53,3,14.38,3,3,2,332
18036,40854.61,3,4.29,3,3,1,331
18037,40732.57,6,3.69,2,4,1,241
18040,40867.60,2,18.80,4,2,3,423
18041,40875.49,22,8.92,4,5,1,451
18042,40833.49,1,23.58,3,0,4,304
18043,40862.53,3,4.60,4,3,1,431
18044,40882.60,11,16.29,5,5,3,553
18045,40841.55,1,4.15,3,0,1,301
18048,40683.62,2,24.61,1,2,4,124
18050,40527.60,1,14.88,1,0,2,102
18053,40820.73,2,14.15,3,2,2,322
18055,40879.60,11,18.64,5,5,3,553
18056,40598.60,1,19.14,1,0,4,104
18058,40877.36,1,56.72,5,0,5,505
18059,40877.71,4,14.13,5,3,2,532
18061,40865.47,10,46.07,4,5,5,455
18062,40713.62,3,26.69,2,3,4,234
18064,40753.69,2,116.29,2,2,5,225
18065,40881.44,12,17.25,5,5,3,553
18066,40811.65,1,31.80,2,0,5,205
18067,40846.67,1,10.71,3,0,2,302
18068,40597.62,1,101.70,1,0,5,105
18069,40860.67,7,4.34,4,4,1,441
18071,40629.50,2,18.12,1,2,3,123
18072,40731.72,2,3.30,2,2,1,221
18073,40772.58,13,51.29,2,5,5,255
18074,40513.41,1,37.66,0,0,5,5
18075,40863.64,14,16.59,4,5,3,453
18077,40878.56,11,11.58,5,5,2,552
18078,40669.61,2,11.59,1,2,2,122
18079,40841.64,4,29.18,3,3,5,335
18080,40868.33,2,615.75,4,2,5,425
18081,40850.69,3,20.20,3,3,4,334
18082,40861.53,1,9.73,4,0,2,402
18084,40870.58,2,43.77,4,2,5,425
18085,40556.64,2,23.79,1,2,4,124
18086,40612.57,1,14.48,1,0,2,102
18087,40788.63,4,538.59,2,3,5,235
18088,40825.57,1,4.30,3,0,1,301
18092,40884.55,12,100.73,5,5,5,555
18093,40793.65,5,54.83,2,4,5,245
18094,40805.39,7,43.10,2,4,5,245
18095,40574.53,2,27.62,1,2,5,125
18096,40875.53,3,4.30,4,3,1,431
18097,40879.47,7,24.84,5,4,4,544
18099,40759.66,1,8.86,2,0,1,201
18101,40875.57,2,5.56,5,2,1,521
18102,40886.49,57,592.24,5,5,5,555
18104,40849.59,1,19.86,3,0,4,304
18105,40849.50,1,6.30,3,0,1,301
18106,40557.52,1,11.40,1,0,2,102
18108,40638.35,2,13.93,1,2,2,122
18109,40885.48,31,17.45,5,5,3,553
18110,40867.54,2,4.21,4,2,1,421
18112,40874.61,2,13.57,4,2,2,422
18113,40518.52,1,76.32,1,0,5,105
18114,40596.56,1,7.86,1,0,1,101
18116,40819.46,8,3.78,3,5,1,351
18117,40861.53,1,4.52,4,0,1,401
18118,40876.48,31,4.39,5,5,1,551
18119,40519.50,1,6.23,1,0,1,101
18120,40672.57,1,6.54,1,0,1,101
18121,40737.54,2,21.07,2,2,4,224
18122,40878.55,6,5.02,5,4,1,541
18123,40862.60,2,16.90,4,2,3,423
18125,40857.52,5,5.88,4,4,1,441
18126,40826.51,1,3.69,3,0,1,301
18127,40867.59,3,7.66,4,3,1,431
18129,40643.59,1,8.04,1,0,1,101
18130,40878.36,4,14.70,5,3,2,532
18133,40675.64,2,931.50,1,2,5,125
18135,40857.81,5,34.10,4,4,5,445
18136,40823.65,4,19.53,3,3,4,334
18138,40591.62,1,19.08,1,0,4,104
18139,40869.68,8,51.36,4,5,5,455
18141,40526.46,1,-35.40,1,0,1,101
18142,40735.57,4,56.38,2,3,5,235
18143,40770.50,2,16.40,2,2,3,223
18144,40879.53,12,67.18,5,5,5,555
18145,40874.47,4,12.95,4,3,2,432
18146,40746.51,2,16.04,2,2,3,223
18147,40841.49,2,25.62,3,2,4,324
18149,40836.50,3,38.26,3,3,5,335
18150,40854.70,3,15.31,3,3,2,332
18151,40752.48,2,17.19,2,2,3,223
18154,40883.70,2,19.01,5,2,4,524
18155,40811.56,4,12.42,2,3,2,232
18156,40874.52,2,5.65,4,2,1,421
18158,40877.68,3,12.91,5,3,2,532
18159,40585.60,1,23.05,1,0,4,104
18160,40829.66,2,16.36,3,2,3,323
18161,40876.65,6,19.91,5,4,4,544
18164,40855.74,2,15.79,4,2,3,423
18165,40709.56,1,30.25,2,0,5,205
18167,40883.41,6,33.35,5,4,5,545
18168,40710.81,8,8.08,2,5,1,251
18169,40826.51,1,22.52,3,0,4,304
18170,40853.61,3,25.80,3,3,4,334
18171,40828.38,7,21.58,3,4,4,344
18172,40872.47,22,38.02,4,5,5,455
18173,40800.48,4,67.96,2,3,5,235
18174,40879.71,1,104.00,5,0,5,505
18176,40533.52,2,13.60,1,2,2,122
18177,40855.61,6,17.75,4,4,3,443
18178,40773.27,6,15.89,2,4,3,243
18179,40877.68,6,19.92,5,4,4,544
18180,40882.36,6,15.49,5,4,2,542
18181,40862.63,1,8.95,4,0,2,402
18183,40668.74,6,13.65,1,4,2,142
18184,40871.64,1,49.80,4,0,5,405
18185,40637.57,1,17.90,1,0,3,103
18188,40871.70,4,27.76,4,3,5,435
18189,40809.53,3,15.72,2,3,3,233
18190,40694.62,3,17.16,1,3,3,133
18191,40625.51,1,29.69,1,0,5,105
18192,40815.41,1,21.29,2,0,4,204
18193,40736.46,3,11.83,2,3,2,232
18194,40822.83,2,115.25,3,2,5,325
18196,40791.68,2,4.89,2,2,1,221
18198,40882.62,21,30.62,5,5,5,555
18200,40780.78,1,5.12,2,0,1,201
18202,40687.51,3,20.54,1,3,4,134
18203,40729.55,1,8.44,2,0,1,201
18204,40815.70,4,10.00,2,3,2,232
18205,40850.56,2,16.17,3,2,3,323
18209,40858.50,1,17.39,4,0,3,403
18210,40885.46,6,19.56,5,4,4,544
18211,40861.34,5,14.29,4,4,2,442
18212,40560.68,1,6.36,1,0,1,101
18213,40650.43,1,15.50,1,0,2,102
18215,40797.67,1,23.03,2,0,4,204
18216,40855.70,1,18.53,4,0,3,403
18217,40857.55,2,20.06,4,2,4,424
18218,40680.59,4,26.36,1,3,4,134
18219,40884.49,11,18.16,5,5,3,553
18220,40667.47,2,100.93,1,2,5,125
18221,40864.61,6,15.90,4,4,3,443
18222,40794.45,1,23.32,2,0,4,204
18223,40885.49,27,21.12,5,5,4,554
18224,40623.44,1,15.90,1,0,3,103
18225,40883.56,17,18.86,5,5,4,554
18226,40848.41,14,21.19,3,5,4,354
18227,40669.52,1,18.75,1,0,3,103
18228,40836.81,3,24.04,3,3,4,334
18229,40875.41,20,44.37,4,5,5,455
18230,40877.56,10,30.52,5,5,5,555
18231,40694.60,6,16.69,1,4,3,143
18232,40805.49,5,14.56,2,4,2,242
18233,40561.36,1,440.00,1,0,5,105
18235,40815.35,3,17.27,2,3,3,233
18236,40857.34,6,18.00,4,4,3,443
18237,40884.53,5,16.18,5,4,3,543
18239,40668.53,5,17.75,1,4,3,143
18240,40840.55,1,70.43,3,0,5,305
18241,40877.51,18,19.93,5,5,4,554
18242,40814.57,4,28.62,2,3,5,235
18245,40879.62,8,14.47,5,5,2,552
18246,40863.49,2,149.03,4,2,5,425
18248,40773.26,4,15.98,2,3,3,233
18249,40869.63,1,11.92,4,0,2,402
18250,40585.58,2,15.59,1,2,3,123
18251,40799.63,1,269.67,2,0,5,205
18252,40836.53,2,5.51,3,2,1,321
18255,40797.55,1,17.22,2,0,3,203
18256,40532.35,1,-12.53,1,0,1,101
18257,40847.62,12,18.69,3,5,3,353
18259,40862.52,3,55.68,4,3,5,435
18260,40714.53,8,18.56,2,5,3,253
18261,40843.65,2,15.44,3,2,2,322
18262,40746.67,1,11.50,2,0,2,202
18263,40863.68,4,19.53,4,3,4,434
18265,40814.59,2,17.42,2,2,3,223
18268,40752.80,2,0.00,2,2,1,221
18269,40528.65,2,17.36,1,2,3,123
18270,40848.58,3,18.38,3,3,3,333
18272,40884.53,7,18.03,5,4,3,543
18273,40884.55,3,63.75,5,3,5,535
18274,40869.43,2,1.50,4,2,1,421
18276,40865.71,3,20.21,4,3,4,434
18277,40828.64,2,10.85,3,2,2,322
18278,40813.50,1,19.32,2,0,4,204
18280,40609.41,1,18.06,1,0,3,103
18281,40706.45,1,11.55,1,0,2,102
18282,40879.49,3,13.58,5,3,2,532
18283,40883.50,16,2.84,5,5,1,551
18287,40844.40,3,26.25,3,3,4,334
