12346,2,2011-01-18 10:01:00.0000000,2011-01-18 10:17:00.0000000,325,63,At Risk - Repeat Customer
12347,7,2010-12-07 14:57:00.0000000,2011-12-07 15:52:00.0000000,367,63,At Risk - Repeat Customer
12348,4,2010-12-16 19:09:00.0000000,2011-09-25 13:13:00.0000000,358,63,At Risk - Repeat Customer
12349,1,2011-11-21 09:51:00.0000000,2011-11-21 09:51:00.0000000,18,63,Grace Period
12350,1,2011-02-02 16:01:00.0000000,2011-02-02 16:01:00.0000000,310,63,At Risk - First_Customer
12352,11,2011-02-16 12:33:00.0000000,2011-11-03 14:37:00.0000000,296,63,At Risk - Repeat Customer
12353,1,2011-05-19 17:47:00.0000000,2011-05-19 17:47:00.0000000,204,63,At Risk - First_Customer
12354,1,2011-04-21 13:11:00.0000000,2011-04-21 13:11:00.0000000,232,63,At Risk - First_Customer
12355,1,2011-05-09 13:49:00.0000000,2011-05-09 13:49:00.0000000,214,63,At Risk - First_Customer
12356,3,2011-01-18 09:50:00.0000000,2011-11-17 08:40:00.0000000,325,63,At Risk - Repeat Customer
12357,1,2011-11-06 16:07:00.0000000,2011-11-06 16:07:00.0000000,33,63,Grace Period
12358,2,2011-07-12 10:04:00.0000000,2011-12-08 10:26:00.0000000,150,63,At Risk - Repeat Customer
12359,6,2011-01-12 12:43:00.0000000,2011-12-02 11:21:00.0000000,331,63,At Risk - Repeat Customer
12360,3,2011-05-23 09:43:00.0000000,2011-10-18 15:22:00.0000000,200,63,At Risk - Repeat Customer
12361,1,2011-02-25 13:51:00.0000000,2011-02-25 13:51:00.0000000,287,63,At Risk - First_Customer
12362,13,2011-02-17 10:30:00.0000000,2011-12-06 15:40:00.0000000,295,63,At Risk - Repeat Customer
12363,2,2011-04-11 13:29:00.0000000,2011-08-22 10:18:00.0000000,242,63,At Risk - Repeat Customer
12364,4,2011-08-19 15:24:00.0000000,2011-12-02 10:22:00.0000000,112,63,At Risk - Repeat Customer
12365,3,2011-02-21 13:51:00.0000000,2011-02-21 14:04:00.0000000,291,63,At Risk - Repeat Customer
12367,1,2011-12-05 16:48:00.0000000,2011-12-05 16:48:00.0000000,4,63,Grace Period
12370,4,2010-12-14 12:58:00.0000000,2011-10-19 14:51:00.0000000,360,63,At Risk - Repeat Customer
12371,2,2011-10-11 10:43:00.0000000,2011-10-26 10:16:00.0000000,59,63,Approaching At-Risk - Repeat Customer
12372,3,2011-02-16 12:46:00.0000000,2011-09-29 12:12:00.0000000,296,63,At Risk - Repeat Customer
12373,1,2011-02-01 13:10:00.0000000,2011-02-01 13:10:00.0000000,311,63,At Risk - First_Customer
12374,1,2011-11-14 15:37:00.0000000,2011-11-14 15:37:00.0000000,25,63,Grace Period
12375,3,2011-09-02 14:23:00.0000000,2011-12-07 11:27:00.0000000,98,63,At Risk - Repeat Customer
12377,2,2010-12-20 09:37:00.0000000,2011-01-28 15:45:00.0000000,354,63,At Risk - Repeat Customer
12378,1,2011-08-02 10:34:00.0000000,2011-08-02 10:34:00.0000000,129,63,At Risk - First_Customer
12379,3,2011-06-22 16:32:00.0000000,2011-09-19 10:09:00.0000000,170,63,At Risk - Repeat Customer
12380,5,2011-06-07 09:49:00.0000000,2011-11-18 11:27:00.0000000,185,63,At Risk - Repeat Customer
12381,6,2011-08-12 09:57:00.0000000,2011-12-05 12:44:00.0000000,119,63,At Risk - Repeat Customer
12383,6,2010-12-22 14:28:00.0000000,2011-06-08 08:02:00.0000000,352,63,At Risk - Repeat Customer
12384,3,2011-08-10 11:23:00.0000000,2011-11-11 08:39:00.0000000,121,63,At Risk - Repeat Customer
12386,2,2010-12-08 09:53:00.0000000,2011-01-06 12:37:00.0000000,366,63,At Risk - Repeat Customer
12388,6,2011-01-17 11:12:00.0000000,2011-11-24 12:30:00.0000000,326,63,At Risk - Repeat Customer
12390,1,2011-09-21 09:33:00.0000000,2011-09-21 09:33:00.0000000,79,63,At Risk - First_Customer
12391,1,2011-11-18 12:07:00.0000000,2011-11-18 12:07:00.0000000,21,63,Grace Period
12393,4,2011-01-11 09:47:00.0000000,2011-09-28 15:41:00.0000000,332,63,At Risk - Repeat Customer
12394,2,2011-05-06 14:01:00.0000000,2011-10-07 08:08:00.0000000,217,63,At Risk - Repeat Customer
12395,15,2010-12-03 16:35:00.0000000,2011-11-24 12:20:00.0000000,371,63,At Risk - Repeat Customer
12397,2,2011-07-27 14:21:00.0000000,2011-11-04 09:52:00.0000000,135,63,At Risk - Repeat Customer
12398,1,2011-10-25 10:27:00.0000000,2011-10-25 10:27:00.0000000,45,63,Grace Period
12399,4,2011-03-23 09:42:00.0000000,2011-08-12 13:15:00.0000000,261,63,At Risk - Repeat Customer
12401,1,2011-02-09 13:50:00.0000000,2011-02-09 13:50:00.0000000,303,63,At Risk - First_Customer
12402,1,2011-01-20 13:49:00.0000000,2011-01-20 13:49:00.0000000,323,63,At Risk - First_Customer
12403,2,2011-10-21 10:51:00.0000000,2011-10-21 11:00:00.0000000,49,63,Approaching At-Risk - Repeat Customer
12405,1,2011-07-14 08:52:00.0000000,2011-07-14 08:52:00.0000000,148,63,At Risk - First_Customer
12406,3,2011-06-09 10:23:00.0000000,2011-11-17 19:22:00.0000000,183,63,At Risk - Repeat Customer
12407,5,2011-03-20 13:21:00.0000000,2011-10-21 10:11:00.0000000,264,63,At Risk - Repeat Customer
12408,9,2011-03-24 14:46:00.0000000,2011-11-07 12:30:00.0000000,260,63,At Risk - Repeat Customer
12409,7,2011-06-10 12:19:00.0000000,2011-09-22 10:38:00.0000000,182,63,At Risk - Repeat Customer
12410,3,2011-02-04 10:38:00.0000000,2011-02-11 15:47:00.0000000,308,63,At Risk - Repeat Customer
12412,3,2011-06-23 13:51:00.0000000,2011-09-26 10:16:00.0000000,169,63,At Risk - Repeat Customer
12413,5,2011-01-06 16:12:00.0000000,2011-10-04 09:00:00.0000000,337,63,At Risk - Repeat Customer
12414,3,2011-02-02 14:51:00.0000000,2011-05-06 14:51:00.0000000,310,63,At Risk - Repeat Customer
12415,25,2011-01-06 11:12:00.0000000,2011-11-15 14:22:00.0000000,337,63,At Risk - Repeat Customer
12417,12,2010-12-17 11:51:00.0000000,2011-12-06 14:52:00.0000000,357,63,At Risk - Repeat Customer
12418,1,2011-08-19 11:08:00.0000000,2011-08-19 11:08:00.0000000,112,63,At Risk - First_Customer
12420,1,2011-10-07 08:55:00.0000000,2011-10-07 08:55:00.0000000,63,63,At Risk - First_Customer
12421,5,2011-01-24 15:09:00.0000000,2011-11-24 09:07:00.0000000,319,63,At Risk - Repeat Customer
12422,3,2011-01-19 09:13:00.0000000,2011-09-05 09:48:00.0000000,324,63,At Risk - Repeat Customer
12423,9,2010-12-21 10:54:00.0000000,2011-12-09 10:10:00.0000000,353,63,At Risk - Repeat Customer
12424,1,2011-06-30 12:06:00.0000000,2011-06-30 12:06:00.0000000,162,63,At Risk - First_Customer
12425,1,2011-09-22 17:31:00.0000000,2011-09-22 17:31:00.0000000,78,63,At Risk - First_Customer
12426,1,2011-05-29 12:26:00.0000000,2011-05-29 12:26:00.0000000,194,63,At Risk - First_Customer
12427,5,2010-12-03 10:44:00.0000000,2011-11-28 10:48:00.0000000,371,63,At Risk - Repeat Customer
12428,12,2011-03-01 09:33:00.0000000,2011-11-14 08:22:00.0000000,283,63,At Risk - Repeat Customer
12429,4,2010-12-09 12:05:00.0000000,2011-11-30 17:22:00.0000000,365,63,At Risk - Repeat Customer
12430,1,2011-10-27 15:09:00.0000000,2011-10-27 15:09:00.0000000,43,63,Grace Period
12431,18,2010-12-01 10:03:00.0000000,2011-11-04 11:55:00.0000000,373,63,At Risk - Repeat Customer
12432,5,2011-06-20 13:27:00.0000000,2011-10-28 11:43:00.0000000,172,63,At Risk - Repeat Customer
12433,7,2010-12-01 13:24:00.0000000,2011-12-09 10:02:00.0000000,373,63,At Risk - Repeat Customer
12434,4,2010-12-14 11:12:00.0000000,2011-09-16 12:38:00.0000000,360,63,At Risk - Repeat Customer
12435,2,2011-03-17 07:40:00.0000000,2011-09-21 09:06:00.0000000,267,63,At Risk - Repeat Customer
12436,1,2011-09-01 12:09:00.0000000,2011-09-01 12:09:00.0000000,99,63,At Risk - First_Customer
12437,19,2011-01-12 14:13:00.0000000,2011-12-08 11:35:00.0000000,331,63,At Risk - Repeat Customer
12438,2,2011-07-22 13:29:00.0000000,2011-11-25 13:28:00.0000000,140,63,At Risk - Repeat Customer
12441,1,2010-12-08 10:45:00.0000000,2010-12-08 10:45:00.0000000,366,63,At Risk - First_Customer
12442,1,2011-12-06 14:22:00.0000000,2011-12-06 14:22:00.0000000,3,63,Grace Period
12444,5,2011-06-21 14:00:00.0000000,2011-11-18 13:23:00.0000000,171,63,At Risk - Repeat Customer
12445,1,2011-11-17 18:43:00.0000000,2011-11-17 18:43:00.0000000,22,63,Grace Period
12446,1,2011-10-13 12:50:00.0000000,2011-10-13 12:50:00.0000000,57,63,Grace Period
12447,1,2011-04-10 13:25:00.0000000,2011-04-10 13:25:00.0000000,243,63,At Risk - First_Customer
12448,1,2011-10-26 13:46:00.0000000,2011-10-26 13:46:00.0000000,44,63,Grace Period
12449,4,2011-06-05 15:37:00.0000000,2011-11-17 13:46:00.0000000,187,63,At Risk - Repeat Customer
12450,2,2011-06-19 14:36:00.0000000,2011-07-06 14:41:00.0000000,173,63,At Risk - Repeat Customer
12451,6,2011-01-19 09:05:00.0000000,2011-11-29 08:40:00.0000000,324,63,At Risk - Repeat Customer
12452,3,2011-11-23 08:05:00.0000000,2011-11-23 10:28:00.0000000,16,63,Healthy
12453,1,2011-07-28 14:08:00.0000000,2011-07-28 14:08:00.0000000,134,63,At Risk - First_Customer
12454,2,2011-10-14 17:13:00.0000000,2011-10-17 15:07:00.0000000,56,63,Approaching At-Risk - Repeat Customer
12455,6,2011-02-16 09:56:00.0000000,2011-09-27 15:31:00.0000000,296,63,At Risk - Repeat Customer
12456,4,2011-03-30 09:12:00.0000000,2011-10-26 14:41:00.0000000,254,63,At Risk - Repeat Customer
12457,11,2011-04-14 18:57:00.0000000,2011-10-12 13:46:00.0000000,239,63,At Risk - Repeat Customer
12458,2,2011-02-28 10:55:00.0000000,2011-09-29 15:25:00.0000000,284,63,At Risk - Repeat Customer
12461,2,2011-07-08 10:23:00.0000000,2011-09-06 16:57:00.0000000,154,63,At Risk - Repeat Customer
12462,4,2011-02-09 14:44:00.0000000,2011-12-07 14:02:00.0000000,303,63,At Risk - Repeat Customer
12463,7,2011-04-12 12:47:00.0000000,2011-10-24 13:43:00.0000000,241,63,At Risk - Repeat Customer
12464,8,2011-02-03 13:30:00.0000000,2011-11-29 13:33:00.0000000,309,63,At Risk - Repeat Customer
12465,3,2011-06-23 13:37:00.0000000,2011-12-02 11:34:00.0000000,169,63,At Risk - Repeat Customer
12468,3,2011-01-27 13:29:00.0000000,2011-07-19 13:42:00.0000000,316,63,At Risk - Repeat Customer
12471,49,2010-12-02 10:37:00.0000000,2011-12-07 15:43:00.0000000,372,63,At Risk - Repeat Customer
12472,13,2010-12-01 14:33:00.0000000,2011-11-09 11:33:00.0000000,373,63,At Risk - Repeat Customer
12473,9,2011-06-01 10:15:00.0000000,2011-11-10 13:48:00.0000000,191,63,At Risk - Repeat Customer
12474,30,2010-12-06 12:00:00.0000000,2011-11-22 14:39:00.0000000,368,63,At Risk - Repeat Customer
12475,1,2011-10-17 10:10:00.0000000,2011-10-17 10:10:00.0000000,53,63,Grace Period
12476,20,2010-12-13 14:37:00.0000000,2011-12-08 14:08:00.0000000,361,63,At Risk - Repeat Customer
12477,9,2011-02-01 11:09:00.0000000,2011-11-17 09:51:00.0000000,311,63,At Risk - Repeat Customer
12478,1,2011-12-06 09:56:00.0000000,2011-12-06 09:56:00.0000000,3,63,Grace Period
12479,3,2011-11-28 13:26:00.0000000,2011-12-06 09:25:00.0000000,11,63,Healthy
12480,4,2011-01-07 15:27:00.0000000,2011-11-11 14:52:00.0000000,336,63,At Risk - Repeat Customer
12481,11,2010-12-09 10:13:00.0000000,2011-11-17 08:29:00.0000000,365,63,At Risk - Repeat Customer
12483,13,2011-01-04 14:20:00.0000000,2011-11-22 17:03:00.0000000,339,63,At Risk - Repeat Customer
12484,8,2011-01-07 14:04:00.0000000,2011-11-07 11:37:00.0000000,336,63,At Risk - Repeat Customer
12488,3,2011-09-25 10:34:00.0000000,2011-11-30 08:50:00.0000000,75,63,At Risk - Repeat Customer
12489,1,2011-01-07 13:13:00.0000000,2011-01-07 13:13:00.0000000,336,63,At Risk - First_Customer
12490,10,2011-01-14 09:13:00.0000000,2011-12-04 16:07:00.0000000,329,63,At Risk - Repeat Customer
12491,1,2011-11-01 12:18:00.0000000,2011-11-01 12:18:00.0000000,38,63,Grace Period
12492,2,2011-08-26 14:51:00.0000000,2011-10-07 15:15:00.0000000,105,63,At Risk - Repeat Customer
12493,3,2011-05-26 14:53:00.0000000,2011-06-27 10:17:00.0000000,197,63,At Risk - Repeat Customer
12494,12,2010-12-09 11:31:00.0000000,2011-11-30 09:21:00.0000000,365,63,At Risk - Repeat Customer
12497,1,2011-09-19 12:29:00.0000000,2011-09-19 12:29:00.0000000,81,63,At Risk - First_Customer
12498,3,2011-10-13 09:30:00.0000000,2011-11-18 12:53:00.0000000,57,63,Approaching At-Risk - Repeat Customer
12500,13,2011-01-10 09:48:00.0000000,2011-11-16 16:20:00.0000000,333,63,At Risk - Repeat Customer
12501,2,2011-01-07 12:28:00.0000000,2011-01-28 13:54:00.0000000,336,63,At Risk - Repeat Customer
12502,5,2011-02-03 10:41:00.0000000,2011-09-05 11:52:00.0000000,309,63,At Risk - Repeat Customer
12503,1,2011-01-06 11:51:00.0000000,2011-01-06 11:51:00.0000000,337,63,At Risk - First_Customer
12504,4,2011-11-09 14:56:00.0000000,2011-11-21 16:02:00.0000000,30,63,Healthy
12505,1,2011-02-11 13:39:00.0000000,2011-02-11 13:39:00.0000000,301,63,At Risk - First_Customer
12506,1,2011-04-21 08:54:00.0000000,2011-04-21 08:54:00.0000000,232,63,At Risk - First_Customer
12507,4,2011-02-14 09:24:00.0000000,2011-07-28 17:09:00.0000000,298,63,At Risk - Repeat Customer
12508,2,2011-11-10 16:27:00.0000000,2011-11-13 15:37:00.0000000,29,63,Healthy
12509,1,2011-02-28 14:45:00.0000000,2011-02-28 14:45:00.0000000,284,63,At Risk - First_Customer
12510,2,2011-01-18 14:04:00.0000000,2011-07-20 10:15:00.0000000,325,63,At Risk - Repeat Customer
12512,2,2011-10-04 14:53:00.0000000,2011-10-04 14:55:00.0000000,66,63,At Risk - Repeat Customer
12513,2,2011-08-19 10:51:00.0000000,2011-09-16 12:45:00.0000000,112,63,At Risk - Repeat Customer
12514,1,2011-03-17 16:38:00.0000000,2011-03-17 16:38:00.0000000,267,63,At Risk - First_Customer
12515,1,2010-12-21 15:43:00.0000000,2010-12-21 15:43:00.0000000,353,63,At Risk - First_Customer
12516,2,2011-06-12 11:37:00.0000000,2011-09-23 09:13:00.0000000,180,63,At Risk - Repeat Customer
12517,6,2011-06-02 15:13:00.0000000,2011-11-11 14:04:00.0000000,190,63,At Risk - Repeat Customer
12518,5,2011-08-21 13:18:00.0000000,2011-12-09 10:13:00.0000000,110,63,At Risk - Repeat Customer
12519,1,2011-10-07 09:26:00.0000000,2011-10-07 09:26:00.0000000,63,63,At Risk - First_Customer
12520,6,2011-03-11 11:35:00.0000000,2011-09-21 15:23:00.0000000,273,63,At Risk - Repeat Customer
12521,1,2011-07-20 10:51:00.0000000,2011-07-20 10:51:00.0000000,142,63,At Risk - First_Customer
12522,2,2011-10-19 14:41:00.0000000,2011-10-31 15:30:00.0000000,51,63,Approaching At-Risk - Repeat Customer
12523,13,2011-01-12 09:43:00.0000000,2011-12-08 11:46:00.0000000,331,63,At Risk - Repeat Customer
12524,8,2011-01-10 10:35:00.0000000,2011-11-30 15:31:00.0000000,333,63,At Risk - Repeat Customer
12526,3,2011-09-06 14:19:00.0000000,2011-12-09 12:09:00.0000000,94,63,At Risk - Repeat Customer
12527,3,2011-01-18 12:05:00.0000000,2011-09-19 11:55:00.0000000,325,63,At Risk - Repeat Customer
12528,8,2011-01-31 09:05:00.0000000,2011-11-30 14:40:00.0000000,312,63,At Risk - Repeat Customer
12530,5,2011-01-07 10:04:00.0000000,2011-10-11 12:34:00.0000000,336,63,At Risk - Repeat Customer
12531,1,2011-11-25 11:12:00.0000000,2011-11-25 11:12:00.0000000,14,63,Grace Period
12532,1,2011-11-09 13:47:00.0000000,2011-11-09 13:47:00.0000000,30,63,Grace Period
12534,1,2011-08-01 10:26:00.0000000,2011-08-01 10:26:00.0000000,130,63,At Risk - First_Customer
12535,2,2011-06-06 12:47:00.0000000,2011-09-09 08:48:00.0000000,186,63,At Risk - Repeat Customer
12536,5,2011-10-11 14:52:00.0000000,2011-12-02 12:43:00.0000000,59,63,Approaching At-Risk - Repeat Customer
12538,1,2011-11-10 17:16:00.0000000,2011-11-10 17:16:00.0000000,29,63,Grace Period
12539,5,2011-01-10 09:11:00.0000000,2011-11-17 13:30:00.0000000,333,63,At Risk - Repeat Customer
12540,19,2010-12-13 09:39:00.0000000,2011-11-20 11:31:00.0000000,361,63,At Risk - Repeat Customer
12541,3,2011-03-04 09:32:00.0000000,2011-11-10 10:40:00.0000000,280,63,At Risk - Repeat Customer
12544,2,2011-11-03 16:15:00.0000000,2011-11-10 11:12:00.0000000,36,63,Healthy
12545,2,2011-03-25 12:04:00.0000000,2011-09-25 13:39:00.0000000,259,63,At Risk - Repeat Customer
12546,3,2011-09-23 09:44:00.0000000,2011-10-24 12:09:00.0000000,77,63,At Risk - Repeat Customer
12547,2,2011-03-04 12:46:00.0000000,2011-05-26 12:38:00.0000000,280,63,At Risk - Repeat Customer
12548,1,2011-06-26 15:35:00.0000000,2011-06-26 15:35:00.0000000,166,63,At Risk - First_Customer
12550,1,2011-09-21 14:35:00.0000000,2011-09-21 14:35:00.0000000,79,63,At Risk - First_Customer
12551,1,2010-12-17 11:23:00.0000000,2010-12-17 11:23:00.0000000,357,63,At Risk - First_Customer
12552,2,2011-10-31 12:11:00.0000000,2011-11-01 10:02:00.0000000,39,63,Healthy
12553,14,2011-01-14 10:42:00.0000000,2011-12-01 16:38:00.0000000,329,63,At Risk - Repeat Customer
12556,2,2011-07-11 13:35:00.0000000,2011-10-20 13:06:00.0000000,151,63,At Risk - Repeat Customer
12557,5,2010-12-03 12:20:00.0000000,2011-11-23 16:59:00.0000000,371,63,At Risk - Repeat Customer
12558,2,2011-12-02 10:41:00.0000000,2011-12-08 10:14:00.0000000,7,63,Healthy
12559,3,2011-01-24 10:12:00.0000000,2011-02-02 09:49:00.0000000,319,63,At Risk - Repeat Customer
12560,4,2011-07-19 15:55:00.0000000,2011-12-04 13:54:00.0000000,143,63,At Risk - Repeat Customer
12561,1,2011-02-10 11:39:00.0000000,2011-02-10 11:39:00.0000000,302,63,At Risk - First_Customer
12562,7,2011-05-25 12:44:00.0000000,2011-12-01 17:20:00.0000000,198,63,At Risk - Repeat Customer
12564,1,2011-03-23 14:55:00.0000000,2011-03-23 14:55:00.0000000,261,63,At Risk - First_Customer
12565,2,2011-02-24 10:34:00.0000000,2011-03-03 11:43:00.0000000,288,63,At Risk - Repeat Customer
12566,2,2011-09-14 14:30:00.0000000,2011-09-28 09:57:00.0000000,86,63,At Risk - Repeat Customer
12567,11,2010-12-05 11:57:00.0000000,2011-11-17 11:02:00.0000000,369,63,At Risk - Repeat Customer
12569,33,2011-04-01 13:47:00.0000000,2011-12-07 16:24:00.0000000,252,63,At Risk - Repeat Customer
12571,2,2011-08-10 12:35:00.0000000,2011-10-31 10:19:00.0000000,121,63,At Risk - Repeat Customer
12572,3,2011-10-19 08:20:00.0000000,2011-12-01 09:20:00.0000000,51,63,Approaching At-Risk - Repeat Customer
12573,1,2011-04-26 15:52:00.0000000,2011-04-26 15:52:00.0000000,227,63,At Risk - First_Customer
12574,1,2011-01-28 09:20:00.0000000,2011-01-28 09:20:00.0000000,315,63,At Risk - First_Customer
12576,6,2011-02-08 11:31:00.0000000,2011-11-04 10:11:00.0000000,304,63,At Risk - Repeat Customer
12577,4,2010-12-15 16:21:00.0000000,2011-11-04 13:28:00.0000000,359,63,At Risk - Repeat Customer
12578,4,2011-01-05 10:46:00.0000000,2011-11-18 13:30:00.0000000,338,63,At Risk - Repeat Customer
12579,3,2011-09-22 17:15:00.0000000,2011-09-27 13:57:00.0000000,78,63,At Risk - Repeat Customer
12580,1,2011-04-07 10:24:00.0000000,2011-04-07 10:24:00.0000000,246,63,At Risk - First_Customer
12581,1,2011-10-31 08:56:00.0000000,2011-10-31 08:56:00.0000000,39,63,Grace Period
12582,2,2011-02-24 11:42:00.0000000,2011-04-15 08:45:00.0000000,288,63,At Risk - Repeat Customer
12583,18,2010-12-01 08:45:00.0000000,2011-12-07 08:07:00.0000000,373,63,At Risk - Repeat Customer
12584,18,2011-03-04 15:15:00.0000000,2011-12-06 09:35:00.0000000,280,63,At Risk - Repeat Customer
12585,4,2010-12-23 12:58:00.0000000,2011-04-19 13:39:00.0000000,351,63,At Risk - Repeat Customer
12586,2,2010-12-06 09:31:00.0000000,2011-11-22 16:24:00.0000000,368,63,At Risk - Repeat Customer
12587,1,2011-12-02 12:47:00.0000000,2011-12-02 12:47:00.0000000,7,63,Grace Period
12588,1,2011-10-31 15:01:00.0000000,2011-10-31 15:01:00.0000000,39,63,Grace Period
12589,2,2011-07-18 12:05:00.0000000,2011-11-11 10:19:00.0000000,144,63,At Risk - Repeat Customer
12590,3,2011-05-12 14:46:00.0000000,2011-06-02 14:25:00.0000000,211,63,At Risk - Repeat Customer
12591,1,2011-01-26 14:35:00.0000000,2011-01-26 14:35:00.0000000,317,63,At Risk - First_Customer
12592,2,2011-05-10 13:44:00.0000000,2011-09-08 15:04:00.0000000,213,63,At Risk - Repeat Customer
12593,3,2011-05-05 09:29:00.0000000,2011-08-23 12:43:00.0000000,218,63,At Risk - Repeat Customer
12594,11,2011-01-21 09:52:00.0000000,2011-11-02 12:20:00.0000000,322,63,At Risk - Repeat Customer
12596,2,2011-04-11 13:22:00.0000000,2011-10-19 13:02:00.0000000,242,63,At Risk - Repeat Customer
12597,5,2011-03-16 14:00:00.0000000,2011-11-20 13:33:00.0000000,268,63,At Risk - Repeat Customer
12598,9,2011-02-28 11:58:00.0000000,2011-11-30 12:18:00.0000000,284,63,At Risk - Repeat Customer
12599,7,2011-02-08 13:28:00.0000000,2011-11-10 13:34:00.0000000,304,63,At Risk - Repeat Customer
12600,11,2010-12-03 12:57:00.0000000,2011-11-11 10:29:00.0000000,371,63,At Risk - Repeat Customer
12601,6,2011-01-11 10:38:00.0000000,2011-06-03 10:17:00.0000000,332,63,At Risk - Repeat Customer
12602,1,2011-10-12 11:22:00.0000000,2011-10-12 11:22:00.0000000,58,63,Grace Period
12603,1,2011-11-18 10:42:00.0000000,2011-11-18 10:42:00.0000000,21,63,Grace Period
12604,2,2011-03-23 12:06:00.0000000,2011-09-21 14:08:00.0000000,261,63,At Risk - Repeat Customer
12605,1,2010-12-09 15:41:00.0000000,2010-12-09 15:41:00.0000000,365,63,At Risk - First_Customer
12607,2,2011-10-10 16:06:00.0000000,2011-10-12 16:17:00.0000000,60,63,Approaching At-Risk - Repeat Customer
12609,3,2011-01-25 15:13:00.0000000,2011-09-22 16:34:00.0000000,318,63,At Risk - Repeat Customer
12610,7,2011-08-05 13:52:00.0000000,2011-11-17 09:34:00.0000000,126,63,At Risk - Repeat Customer
12611,1,2011-10-18 13:12:00.0000000,2011-10-18 13:12:00.0000000,52,63,Grace Period
12612,2,2011-09-26 15:35:00.0000000,2011-10-13 12:12:00.0000000,74,63,At Risk - Repeat Customer
12613,6,2011-03-22 15:42:00.0000000,2011-11-08 13:30:00.0000000,262,63,At Risk - Repeat Customer
12614,1,2011-03-07 10:22:00.0000000,2011-03-07 10:22:00.0000000,277,63,At Risk - First_Customer
12615,4,2011-06-24 13:35:00.0000000,2011-12-07 15:02:00.0000000,168,63,At Risk - Repeat Customer
12616,5,2011-02-15 14:17:00.0000000,2011-09-15 17:02:00.0000000,297,63,At Risk - Repeat Customer
12617,1,2011-11-10 14:39:00.0000000,2011-11-10 14:39:00.0000000,29,63,Grace Period
12618,1,2011-11-18 11:10:00.0000000,2011-11-18 11:10:00.0000000,21,63,Grace Period
12619,13,2011-03-31 13:10:00.0000000,2011-11-23 14:52:00.0000000,253,63,At Risk - Repeat Customer
12620,3,2011-05-19 12:10:00.0000000,2011-11-25 10:20:00.0000000,204,63,At Risk - Repeat Customer
12621,23,2010-12-09 10:16:00.0000000,2011-12-08 11:25:00.0000000,365,63,At Risk - Repeat Customer
12622,1,2011-04-21 16:39:00.0000000,2011-04-21 16:39:00.0000000,232,63,At Risk - First_Customer
12623,1,2011-03-08 13:50:00.0000000,2011-03-08 13:50:00.0000000,276,63,At Risk - First_Customer
12624,2,2011-06-15 12:34:00.0000000,2011-08-25 15:04:00.0000000,177,63,At Risk - Repeat Customer
12625,3,2011-01-24 13:27:00.0000000,2011-05-12 09:54:00.0000000,319,63,At Risk - Repeat Customer
12626,13,2011-01-17 11:01:00.0000000,2011-11-16 16:06:00.0000000,326,63,At Risk - Repeat Customer
12627,7,2011-07-22 13:59:00.0000000,2011-11-29 12:07:00.0000000,140,63,At Risk - Repeat Customer
12628,4,2011-10-06 09:28:00.0000000,2011-12-05 13:15:00.0000000,64,63,At Risk - Repeat Customer
12630,2,2011-10-27 10:41:00.0000000,2011-11-30 10:48:00.0000000,43,63,Healthy
12631,1,2011-10-13 13:53:00.0000000,2011-10-13 13:53:00.0000000,57,63,Grace Period
12633,5,2011-02-25 08:44:00.0000000,2011-10-12 11:40:00.0000000,287,63,At Risk - Repeat Customer
12635,2,2011-07-08 08:43:00.0000000,2011-09-11 11:04:00.0000000,154,63,At Risk - Repeat Customer
12637,11,2011-01-20 10:47:00.0000000,2011-10-03 13:46:00.0000000,323,63,At Risk - Repeat Customer
12638,1,2011-11-06 13:11:00.0000000,2011-11-06 13:11:00.0000000,33,63,Grace Period
12639,1,2011-04-15 12:48:00.0000000,2011-04-15 12:48:00.0000000,238,63,At Risk - First_Customer
12640,3,2011-09-19 12:01:00.0000000,2011-11-16 11:52:00.0000000,81,63,At Risk - Repeat Customer
12641,1,2011-08-16 13:26:00.0000000,2011-08-16 13:26:00.0000000,115,63,At Risk - First_Customer
12642,3,2011-08-24 09:23:00.0000000,2011-11-14 15:03:00.0000000,107,63,At Risk - Repeat Customer
12643,6,2011-01-11 11:48:00.0000000,2011-08-03 12:56:00.0000000,332,63,At Risk - Repeat Customer
12644,1,2011-08-02 10:33:00.0000000,2011-08-02 10:33:00.0000000,129,63,At Risk - First_Customer
12645,5,2011-01-27 13:08:00.0000000,2011-11-06 12:38:00.0000000,316,63,At Risk - Repeat Customer
12646,2,2011-10-21 12:52:00.0000000,2011-12-05 10:14:00.0000000,49,63,Approaching At-Risk - Repeat Customer
12647,13,2010-12-05 14:02:00.0000000,2011-11-17 12:56:00.0000000,369,63,At Risk - Repeat Customer
12648,1,2011-07-08 11:55:00.0000000,2011-07-08 11:55:00.0000000,154,63,At Risk - First_Customer
12649,4,2010-12-09 14:42:00.0000000,2011-08-24 14:41:00.0000000,365,63,At Risk - Repeat Customer
12650,1,2011-12-06 16:34:00.0000000,2011-12-06 16:34:00.0000000,3,63,Grace Period
12651,1,2011-01-09 12:46:00.0000000,2011-01-09 12:46:00.0000000,334,63,At Risk - First_Customer
12652,2,2011-01-12 15:00:00.0000000,2011-01-21 17:01:00.0000000,331,63,At Risk - Repeat Customer
12653,2,2011-02-16 10:53:00.0000000,2011-07-14 10:41:00.0000000,296,63,At Risk - Repeat Customer
12654,5,2011-02-17 13:16:00.0000000,2011-11-29 10:10:00.0000000,295,63,At Risk - Repeat Customer
12656,8,2011-04-11 09:45:00.0000000,2011-11-22 13:42:00.0000000,242,63,At Risk - Repeat Customer
12657,5,2011-09-22 11:40:00.0000000,2011-11-28 15:47:00.0000000,78,63,At Risk - Repeat Customer
12658,1,2011-11-21 10:22:00.0000000,2011-11-21 10:22:00.0000000,18,63,Grace Period
12659,1,2011-11-10 11:53:00.0000000,2011-11-10 11:53:00.0000000,29,63,Grace Period
12660,1,2011-11-28 13:26:00.0000000,2011-11-28 13:26:00.0000000,11,63,Grace Period
12662,12,2010-12-01 13:04:00.0000000,2011-12-09 11:59:00.0000000,373,63,At Risk - Repeat Customer
12664,10,2011-01-21 11:42:00.0000000,2011-12-01 17:07:00.0000000,322,63,At Risk - Repeat Customer
12665,2,2011-01-12 09:41:00.0000000,2011-01-19 08:34:00.0000000,331,63,At Risk - Repeat Customer
12666,1,2010-12-15 14:42:00.0000000,2010-12-15 14:42:00.0000000,359,63,At Risk - First_Customer
12667,1,2011-10-12 17:00:00.0000000,2011-10-12 17:00:00.0000000,58,63,Grace Period
12668,6,2010-12-19 12:46:00.0000000,2011-12-02 15:10:00.0000000,355,63,At Risk - Repeat Customer
12669,4,2011-03-28 10:15:00.0000000,2011-07-12 09:54:00.0000000,256,63,At Risk - Repeat Customer
12670,6,2011-04-21 10:16:00.0000000,2011-11-29 15:23:00.0000000,232,63,At Risk - Repeat Customer
12672,1,2011-01-14 09:20:00.0000000,2011-01-14 09:20:00.0000000,329,63,At Risk - First_Customer
12673,2,2011-01-17 11:46:00.0000000,2011-12-04 13:55:00.0000000,326,63,At Risk - Repeat Customer
12674,7,2011-05-16 09:10:00.0000000,2011-11-28 12:22:00.0000000,207,63,At Risk - Repeat Customer
12676,6,2011-02-01 15:41:00.0000000,2011-11-15 12:25:00.0000000,311,63,At Risk - Repeat Customer
12678,13,2010-12-21 11:00:00.0000000,2011-10-28 13:04:00.0000000,353,63,At Risk - Repeat Customer
12679,9,2011-03-01 12:26:00.0000000,2011-10-18 13:43:00.0000000,283,63,At Risk - Repeat Customer
12680,4,2011-08-18 15:44:00.0000000,2011-12-09 12:50:00.0000000,113,63,At Risk - Repeat Customer
12681,27,2010-12-07 10:08:00.0000000,2011-11-25 11:35:00.0000000,367,63,At Risk - Repeat Customer
12682,31,2010-12-03 13:59:00.0000000,2011-12-06 10:00:00.0000000,371,63,At Risk - Repeat Customer
12683,20,2010-12-09 10:37:00.0000000,2011-12-05 16:31:00.0000000,365,63,At Risk - Repeat Customer
12684,7,2011-05-10 12:55:00.0000000,2011-12-02 09:53:00.0000000,213,63,At Risk - Repeat Customer
12685,6,2011-09-07 10:28:00.0000000,2011-11-11 13:46:00.0000000,93,63,At Risk - Repeat Customer
12686,1,2010-12-03 09:51:00.0000000,2010-12-03 09:51:00.0000000,371,63,At Risk - First_Customer
12688,1,2011-08-18 08:49:00.0000000,2011-08-18 08:49:00.0000000,113,63,At Risk - First_Customer
12689,2,2011-08-04 10:04:00.0000000,2011-11-14 08:31:00.0000000,127,63,At Risk - Repeat Customer
12690,1,2011-05-18 09:09:00.0000000,2011-05-18 09:09:00.0000000,205,63,At Risk - First_Customer
12691,6,2010-12-17 14:46:00.0000000,2011-11-11 16:49:00.0000000,357,63,At Risk - Repeat Customer
12693,6,2011-01-24 12:58:00.0000000,2011-08-11 09:16:00.0000000,319,63,At Risk - Repeat Customer
12694,2,2011-06-09 17:48:00.0000000,2011-09-30 13:06:00.0000000,183,63,At Risk - Repeat Customer
12695,4,2011-05-13 13:15:00.0000000,2011-12-02 13:22:00.0000000,210,63,At Risk - Repeat Customer
12697,5,2011-06-23 15:44:00.0000000,2011-11-18 16:17:00.0000000,169,63,At Risk - Repeat Customer
12700,6,2011-05-08 16:10:00.0000000,2011-12-02 10:49:00.0000000,215,63,At Risk - Repeat Customer
12701,2,2011-04-11 13:02:00.0000000,2011-09-21 10:47:00.0000000,242,63,At Risk - Repeat Customer
12702,1,2011-11-20 10:36:00.0000000,2011-11-20 10:36:00.0000000,19,63,Grace Period
12703,2,2011-09-29 17:52:00.0000000,2011-10-06 19:23:00.0000000,71,63,At Risk - Repeat Customer
12704,10,2011-06-23 10:20:00.0000000,2011-12-02 13:15:00.0000000,169,63,At Risk - Repeat Customer
12705,14,2010-12-17 15:58:00.0000000,2011-11-24 13:17:00.0000000,357,63,At Risk - Repeat Customer
12707,1,2011-02-21 08:38:00.0000000,2011-02-21 08:38:00.0000000,291,63,At Risk - First_Customer
12708,16,2010-12-06 10:43:00.0000000,2011-11-10 09:52:00.0000000,368,63,At Risk - Repeat Customer
12709,26,2010-12-08 09:49:00.0000000,2011-12-06 16:42:00.0000000,366,63,At Risk - Repeat Customer
12710,4,2011-05-22 14:05:00.0000000,2011-09-04 12:00:00.0000000,201,63,At Risk - Repeat Customer
12712,17,2010-12-03 14:30:00.0000000,2011-11-17 09:15:00.0000000,371,63,At Risk - Repeat Customer
12713,1,2011-12-09 12:16:00.0000000,2011-12-09 12:16:00.0000000,0,63,Grace Period
12714,5,2011-02-18 10:53:00.0000000,2011-11-30 15:43:00.0000000,294,63,At Risk - Repeat Customer
12715,1,2011-08-25 15:22:00.0000000,2011-08-25 15:22:00.0000000,106,63,At Risk - First_Customer
12716,2,2011-07-29 13:28:00.0000000,2011-12-06 08:55:00.0000000,133,63,At Risk - Repeat Customer
12717,3,2011-04-08 10:32:00.0000000,2011-07-11 14:51:00.0000000,245,63,At Risk - Repeat Customer
12718,1,2011-09-29 16:38:00.0000000,2011-09-29 16:38:00.0000000,71,63,At Risk - First_Customer
12719,3,2011-10-05 14:50:00.0000000,2011-12-04 13:45:00.0000000,65,63,At Risk - Repeat Customer
12720,29,2010-12-05 15:21:00.0000000,2011-12-07 08:03:00.0000000,369,63,At Risk - Repeat Customer
12721,7,2010-12-09 10:14:00.0000000,2011-11-08 12:13:00.0000000,365,63,At Risk - Repeat Customer
12722,6,2011-07-12 11:55:00.0000000,2011-09-15 14:50:00.0000000,150,63,At Risk - Repeat Customer
12723,5,2011-10-05 15:52:00.0000000,2011-12-06 10:19:00.0000000,65,63,At Risk - Repeat Customer
12724,4,2011-01-11 15:00:00.0000000,2011-12-04 16:02:00.0000000,332,63,At Risk - Repeat Customer
12725,1,2010-12-03 15:45:00.0000000,2010-12-03 15:45:00.0000000,371,63,At Risk - First_Customer
12726,7,2010-12-17 12:56:00.0000000,2011-11-11 13:35:00.0000000,357,63,At Risk - Repeat Customer
12727,9,2011-01-23 15:17:00.0000000,2011-11-29 11:46:00.0000000,320,63,At Risk - Repeat Customer
12728,4,2011-01-11 13:31:00.0000000,2011-09-29 15:31:00.0000000,332,63,At Risk - Repeat Customer
12729,1,2011-08-18 11:40:00.0000000,2011-08-18 11:40:00.0000000,113,63,At Risk - First_Customer
12731,14,2010-12-10 10:56:00.0000000,2011-11-16 11:59:00.0000000,364,63,At Risk - Repeat Customer
12732,1,2011-06-13 11:33:00.0000000,2011-06-13 11:33:00.0000000,179,63,At Risk - First_Customer
12733,1,2011-04-19 16:19:00.0000000,2011-04-19 16:19:00.0000000,234,63,At Risk - First_Customer
12734,1,2010-12-22 12:47:00.0000000,2010-12-22 12:47:00.0000000,352,63,At Risk - First_Customer
12735,2,2011-01-06 14:26:00.0000000,2011-01-28 13:37:00.0000000,337,63,At Risk - Repeat Customer
12736,1,2011-01-11 07:57:00.0000000,2011-01-11 07:57:00.0000000,332,63,At Risk - First_Customer
12738,1,2010-12-02 18:27:00.0000000,2010-12-02 18:27:00.0000000,372,63,At Risk - First_Customer
12739,2,2011-09-01 17:45:00.0000000,2011-09-22 13:00:00.0000000,99,63,At Risk - Repeat Customer
12740,1,2011-10-07 10:44:00.0000000,2011-10-07 10:44:00.0000000,63,63,At Risk - First_Customer
12743,2,2011-07-28 16:06:00.0000000,2011-07-28 16:21:00.0000000,134,63,At Risk - Repeat Customer
12744,10,2011-01-25 13:26:00.0000000,2011-10-19 11:18:00.0000000,318,63,At Risk - Repeat Customer
12747,11,2010-12-05 15:38:00.0000000,2011-12-07 14:34:00.0000000,369,63,At Risk - Repeat Customer
12748,225,2010-12-01 12:48:00.0000000,2011-12-09 12:20:00.0000000,373,63,At Risk - Repeat Customer
12749,8,2011-05-10 15:25:00.0000000,2011-12-06 09:56:00.0000000,213,63,At Risk - Repeat Customer
12750,1,2011-08-03 09:13:00.0000000,2011-08-03 09:13:00.0000000,128,63,At Risk - First_Customer
12752,1,2011-09-19 13:32:00.0000000,2011-09-19 13:32:00.0000000,81,63,At Risk - First_Customer
12753,11,2010-12-12 11:44:00.0000000,2011-12-06 11:40:00.0000000,362,63,At Risk - Repeat Customer
12754,6,2011-02-04 10:31:00.0000000,2011-04-18 09:00:00.0000000,308,63,At Risk - Repeat Customer
12755,4,2010-12-09 10:44:00.0000000,2011-04-04 10:12:00.0000000,365,63,At Risk - Repeat Customer
12756,1,2011-09-14 09:31:00.0000000,2011-09-14 09:31:00.0000000,86,63,At Risk - First_Customer
12757,19,2011-05-12 19:01:00.0000000,2011-11-24 12:30:00.0000000,211,63,At Risk - Repeat Customer
12758,2,2011-03-08 12:05:00.0000000,2011-08-15 10:22:00.0000000,276,63,At Risk - Repeat Customer
12759,3,2011-03-09 08:09:00.0000000,2011-10-18 14:49:00.0000000,275,63,At Risk - Repeat Customer
12762,2,2011-11-14 14:23:00.0000000,2011-12-02 10:23:00.0000000,25,63,Healthy
12763,2,2010-12-05 15:46:00.0000000,2011-07-24 14:12:00.0000000,369,63,At Risk - Repeat Customer
12764,1,2011-01-27 10:19:00.0000000,2011-01-27 10:19:00.0000000,316,63,At Risk - First_Customer
12766,7,2010-12-08 13:53:00.0000000,2011-12-06 08:46:00.0000000,366,63,At Risk - Repeat Customer
12769,1,2011-04-15 10:25:00.0000000,2011-04-15 10:25:00.0000000,238,63,At Risk - First_Customer
12770,1,2011-05-13 09:33:00.0000000,2011-05-13 09:33:00.0000000,210,63,At Risk - First_Customer
12772,1,2011-10-11 09:19:00.0000000,2011-10-11 09:19:00.0000000,59,63,Grace Period
12775,6,2011-02-01 13:45:00.0000000,2011-11-22 16:33:00.0000000,311,63,At Risk - Repeat Customer
12778,7,2011-01-31 14:35:00.0000000,2011-11-20 11:39:00.0000000,312,63,At Risk - Repeat Customer
12779,12,2010-12-03 13:40:00.0000000,2011-11-18 17:10:00.0000000,371,63,At Risk - Repeat Customer
12781,5,2011-02-28 08:43:00.0000000,2011-11-18 15:45:00.0000000,284,63,At Risk - Repeat Customer
12782,6,2010-12-17 11:30:00.0000000,2011-12-05 09:16:00.0000000,357,63,At Risk - Repeat Customer
12783,8,2011-09-25 15:35:00.0000000,2011-12-07 15:56:00.0000000,75,63,At Risk - Repeat Customer
12784,2,2011-11-24 12:53:00.0000000,2011-11-30 15:38:00.0000000,15,63,Healthy
12785,2,2010-12-10 13:48:00.0000000,2011-12-07 12:46:00.0000000,364,63,At Risk - Repeat Customer
12787,3,2011-05-31 09:36:00.0000000,2011-11-30 08:44:00.0000000,192,63,At Risk - Repeat Customer
12789,1,2011-10-05 13:34:00.0000000,2011-10-05 13:34:00.0000000,65,63,At Risk - First_Customer
12790,1,2011-05-31 14:14:00.0000000,2011-05-31 14:14:00.0000000,192,63,At Risk - First_Customer
12791,1,2010-12-01 11:27:00.0000000,2010-12-01 11:27:00.0000000,373,63,At Risk - First_Customer
12792,1,2011-03-28 11:36:00.0000000,2011-03-28 11:36:00.0000000,256,63,At Risk - First_Customer
12793,2,2010-12-03 15:14:00.0000000,2011-01-09 12:12:00.0000000,371,63,At Risk - Repeat Customer
12794,2,2011-09-02 12:01:00.0000000,2011-10-17 14:54:00.0000000,98,63,At Risk - Repeat Customer
12795,1,2011-11-21 10:27:00.0000000,2011-11-21 10:27:00.0000000,18,63,Grace Period
12797,3,2010-12-09 10:55:00.0000000,2010-12-14 16:24:00.0000000,365,63,At Risk - Repeat Customer
12798,3,2011-06-22 10:11:00.0000000,2011-11-29 15:52:00.0000000,170,63,At Risk - Repeat Customer
12802,2,2011-06-06 09:36:00.0000000,2011-06-09 09:44:00.0000000,186,63,At Risk - Repeat Customer
12808,3,2010-12-06 10:27:00.0000000,2011-11-03 10:05:00.0000000,368,63,At Risk - Repeat Customer
12809,2,2011-06-15 10:51:00.0000000,2011-06-24 15:15:00.0000000,177,63,At Risk - Repeat Customer
12811,3,2011-02-28 15:39:00.0000000,2011-03-24 09:42:00.0000000,284,63,At Risk - Repeat Customer
12812,1,2011-10-26 09:54:00.0000000,2011-10-26 09:54:00.0000000,44,63,Grace Period
12814,1,2011-08-30 12:11:00.0000000,2011-08-30 12:11:00.0000000,101,63,At Risk - First_Customer
12815,2,2011-05-25 13:34:00.0000000,2011-07-15 10:21:00.0000000,198,63,At Risk - Repeat Customer
12816,2,2011-06-16 13:24:00.0000000,2011-09-05 12:41:00.0000000,176,63,At Risk - Repeat Customer
12817,1,2011-03-03 16:28:00.0000000,2011-03-03 16:28:00.0000000,281,63,At Risk - First_Customer
12818,2,2011-03-23 12:06:00.0000000,2011-06-14 13:54:00.0000000,261,63,At Risk - Repeat Customer
12820,4,2011-01-17 12:34:00.0000000,2011-12-06 15:12:00.0000000,326,63,At Risk - Repeat Customer
12821,1,2011-05-09 15:51:00.0000000,2011-05-09 15:51:00.0000000,214,63,At Risk - First_Customer
12822,3,2011-09-13 13:46:00.0000000,2011-09-30 10:04:00.0000000,87,63,At Risk - Repeat Customer
12823,5,2011-02-16 12:15:00.0000000,2011-09-26 07:35:00.0000000,296,63,At Risk - Repeat Customer
12824,1,2011-10-11 12:49:00.0000000,2011-10-11 12:49:00.0000000,59,63,Grace Period
12826,8,2010-12-09 15:21:00.0000000,2011-12-07 10:25:00.0000000,365,63,At Risk - Repeat Customer
12827,3,2011-10-26 15:44:00.0000000,2011-12-04 12:17:00.0000000,44,63,Healthy
12828,6,2011-08-01 16:16:00.0000000,2011-12-07 08:45:00.0000000,130,63,At Risk - Repeat Customer
12829,3,2010-12-14 14:54:00.0000000,2011-01-21 12:56:00.0000000,360,63,At Risk - Repeat Customer
12830,7,2011-06-21 10:53:00.0000000,2011-11-02 11:54:00.0000000,171,63,At Risk - Repeat Customer
12831,1,2011-03-22 13:02:00.0000000,2011-03-22 13:02:00.0000000,262,63,At Risk - First_Customer
12832,2,2011-09-02 13:48:00.0000000,2011-11-07 13:30:00.0000000,98,63,At Risk - Repeat Customer
12833,1,2011-07-17 13:46:00.0000000,2011-07-17 13:46:00.0000000,145,63,At Risk - First_Customer
12834,1,2011-03-02 09:49:00.0000000,2011-03-02 09:49:00.0000000,282,63,At Risk - First_Customer
12836,5,2011-02-01 11:19:00.0000000,2011-10-11 15:10:00.0000000,311,63,At Risk - Repeat Customer
12837,1,2011-06-19 16:07:00.0000000,2011-06-19 16:07:00.0000000,173,63,At Risk - First_Customer
12838,2,2010-12-01 11:57:00.0000000,2011-11-06 12:20:00.0000000,373,63,At Risk - Repeat Customer
12839,16,2010-12-07 15:48:00.0000000,2011-12-07 12:33:00.0000000,367,63,At Risk - Repeat Customer
12840,6,2011-04-27 12:21:00.0000000,2011-07-19 09:29:00.0000000,226,63,At Risk - Repeat Customer
12841,25,2010-12-03 10:43:00.0000000,2011-12-05 11:13:00.0000000,371,63,At Risk - Repeat Customer
12842,2,2011-02-04 12:36:00.0000000,2011-09-30 15:33:00.0000000,308,63,At Risk - Repeat Customer
12843,9,2011-03-20 14:38:00.0000000,2011-10-05 12:09:00.0000000,264,63,At Risk - Repeat Customer
12844,2,2011-08-01 13:11:00.0000000,2011-11-10 13:31:00.0000000,130,63,At Risk - Repeat Customer
12845,4,2011-02-22 14:10:00.0000000,2011-03-17 13:34:00.0000000,290,63,At Risk - Repeat Customer
12847,1,2011-11-17 13:16:00.0000000,2011-11-17 13:16:00.0000000,22,63,Grace Period
12849,2,2011-03-16 12:26:00.0000000,2011-11-08 13:41:00.0000000,268,63,At Risk - Repeat Customer
12851,1,2011-09-04 12:41:00.0000000,2011-09-04 12:41:00.0000000,96,63,At Risk - First_Customer
12852,2,2011-02-18 08:47:00.0000000,2011-02-22 14:56:00.0000000,294,63,At Risk - Repeat Customer
12853,9,2011-01-28 10:28:00.0000000,2011-08-24 11:00:00.0000000,315,63,At Risk - Repeat Customer
12854,5,2011-01-25 12:11:00.0000000,2011-09-22 12:15:00.0000000,318,63,At Risk - Repeat Customer
12855,1,2010-12-02 09:37:00.0000000,2010-12-02 09:37:00.0000000,372,63,At Risk - First_Customer
12856,8,2011-10-07 12:38:00.0000000,2011-12-02 10:52:00.0000000,63,63,Approaching At-Risk - Repeat Customer
12857,2,2011-02-10 12:32:00.0000000,2011-05-13 10:20:00.0000000,302,63,At Risk - Repeat Customer
12863,2,2011-05-24 17:17:00.0000000,2011-10-18 14:15:00.0000000,199,63,At Risk - Repeat Customer
12864,1,2011-07-24 13:03:00.0000000,2011-07-24 13:03:00.0000000,138,63,At Risk - First_Customer
12865,3,2010-12-15 11:39:00.0000000,2011-11-13 14:31:00.0000000,359,63,At Risk - Repeat Customer
12866,1,2011-03-01 14:11:00.0000000,2011-03-01 14:11:00.0000000,283,63,At Risk - First_Customer
12867,10,2010-12-14 15:16:00.0000000,2011-11-13 15:30:00.0000000,360,63,At Risk - Repeat Customer
12868,6,2010-12-01 12:50:00.0000000,2011-06-07 10:42:00.0000000,373,63,At Risk - Repeat Customer
12870,1,2010-12-08 14:27:00.0000000,2010-12-08 14:27:00.0000000,366,63,At Risk - First_Customer
12871,2,2011-05-16 13:32:00.0000000,2011-09-16 15:07:00.0000000,207,63,At Risk - Repeat Customer
12872,2,2010-12-09 14:44:00.0000000,2011-01-17 10:52:00.0000000,365,63,At Risk - Repeat Customer
12873,1,2011-03-02 14:58:00.0000000,2011-03-02 14:58:00.0000000,282,63,At Risk - First_Customer
12875,2,2010-12-12 12:03:00.0000000,2011-07-19 15:30:00.0000000,362,63,At Risk - Repeat Customer
12876,2,2011-05-27 13:34:00.0000000,2011-10-13 12:26:00.0000000,196,63,At Risk - Repeat Customer
12877,12,2010-12-16 12:23:00.0000000,2011-12-06 10:30:00.0000000,358,63,At Risk - Repeat Customer
12878,3,2011-03-18 14:02:00.0000000,2011-11-21 14:30:00.0000000,266,63,At Risk - Repeat Customer
12879,4,2011-09-09 12:11:00.0000000,2011-10-26 12:24:00.0000000,91,63,At Risk - Repeat Customer
12881,1,2011-03-09 11:44:00.0000000,2011-03-09 11:44:00.0000000,275,63,At Risk - First_Customer
12882,2,2011-11-06 11:22:00.0000000,2011-11-30 16:18:00.0000000,33,63,Healthy
12883,4,2011-09-11 15:18:00.0000000,2011-11-15 09:32:00.0000000,89,63,At Risk - Repeat Customer
12884,1,2011-09-12 13:10:00.0000000,2011-09-12 13:10:00.0000000,88,63,At Risk - First_Customer
12885,4,2011-08-08 11:45:00.0000000,2011-10-07 13:40:00.0000000,123,63,At Risk - Repeat Customer
12886,3,2011-05-04 11:21:00.0000000,2011-10-03 10:09:00.0000000,219,63,At Risk - Repeat Customer
12888,4,2011-03-29 14:31:00.0000000,2011-05-09 16:02:00.0000000,255,63,At Risk - Repeat Customer
12890,1,2011-11-15 17:26:00.0000000,2011-11-15 17:26:00.0000000,24,63,Grace Period
12891,3,2011-02-20 11:28:00.0000000,2011-06-07 12:31:00.0000000,292,63,At Risk - Repeat Customer
12893,1,2011-11-09 12:34:00.0000000,2011-11-09 12:34:00.0000000,30,63,Grace Period
12895,3,2011-09-14 08:35:00.0000000,2011-10-28 13:51:00.0000000,86,63,At Risk - Repeat Customer
12897,2,2011-02-11 11:40:00.0000000,2011-05-19 12:13:00.0000000,301,63,At Risk - Repeat Customer
12901,36,2011-03-14 10:41:00.0000000,2011-12-01 10:07:00.0000000,270,63,At Risk - Repeat Customer
12902,1,2011-03-20 12:06:00.0000000,2011-03-20 12:06:00.0000000,264,63,At Risk - First_Customer
12904,2,2011-06-20 13:18:00.0000000,2011-11-21 14:34:00.0000000,172,63,At Risk - Repeat Customer
12906,4,2011-09-22 15:03:00.0000000,2011-11-28 09:55:00.0000000,78,63,At Risk - Repeat Customer
12908,4,2011-01-31 12:36:00.0000000,2011-10-12 10:11:00.0000000,312,63,At Risk - Repeat Customer
12909,8,2011-03-31 12:51:00.0000000,2011-10-31 12:43:00.0000000,253,63,At Risk - Repeat Customer
12910,8,2011-04-12 10:01:00.0000000,2011-11-16 14:28:00.0000000,241,63,At Risk - Repeat Customer
12912,5,2011-10-30 11:35:00.0000000,2011-12-07 08:55:00.0000000,40,63,Healthy
12913,5,2010-12-06 16:36:00.0000000,2011-12-05 12:11:00.0000000,368,63,At Risk - Repeat Customer
12915,2,2010-12-02 12:33:00.0000000,2011-07-14 11:34:00.0000000,372,63,At Risk - Repeat Customer
12916,5,2011-01-23 10:43:00.0000000,2011-07-24 10:35:00.0000000,320,63,At Risk - Repeat Customer
12917,1,2011-08-03 16:42:00.0000000,2011-08-03 16:42:00.0000000,128,63,At Risk - First_Customer
12919,8,2011-06-23 09:22:00.0000000,2011-12-01 13:47:00.0000000,169,63,At Risk - Repeat Customer
12920,1,2011-11-22 15:05:00.0000000,2011-11-22 15:05:00.0000000,17,63,Grace Period
12921,49,2010-12-01 15:06:00.0000000,2011-12-06 09:56:00.0000000,373,63,At Risk - Repeat Customer
12922,1,2011-07-01 15:35:00.0000000,2011-07-01 15:35:00.0000000,161,63,At Risk - First_Customer
12923,1,2011-10-06 16:20:00.0000000,2011-10-06 16:20:00.0000000,64,63,At Risk - First_Customer
12924,5,2011-01-16 11:49:00.0000000,2011-09-12 13:55:00.0000000,327,63,At Risk - Repeat Customer
12925,2,2011-09-26 11:05:00.0000000,2011-12-05 11:11:00.0000000,74,63,At Risk - Repeat Customer
12928,5,2010-12-15 15:45:00.0000000,2011-11-04 14:24:00.0000000,359,63,At Risk - Repeat Customer
12929,2,2011-02-01 12:08:00.0000000,2011-08-09 14:30:00.0000000,311,63,At Risk - Repeat Customer
12930,4,2011-06-21 13:25:00.0000000,2011-09-22 15:18:00.0000000,171,63,At Risk - Repeat Customer
12931,20,2010-12-17 09:45:00.0000000,2011-11-18 12:39:00.0000000,357,63,At Risk - Repeat Customer
12933,4,2011-03-01 11:30:00.0000000,2011-11-15 16:38:00.0000000,283,63,At Risk - Repeat Customer
12935,8,2011-01-24 13:58:00.0000000,2011-12-07 17:25:00.0000000,319,63,At Risk - Repeat Customer
12936,5,2011-09-22 13:51:00.0000000,2011-11-22 17:32:00.0000000,78,63,At Risk - Repeat Customer
12937,4,2011-03-17 14:19:00.0000000,2011-11-24 15:05:00.0000000,267,63,At Risk - Repeat Customer
12938,1,2011-11-14 11:21:00.0000000,2011-11-14 11:21:00.0000000,25,63,Grace Period
12939,8,2011-01-09 11:20:00.0000000,2011-10-06 14:33:00.0000000,334,63,At Risk - Repeat Customer
12940,4,2011-09-13 10:16:00.0000000,2011-10-24 14:04:00.0000000,87,63,At Risk - Repeat Customer
12942,3,2010-12-09 09:34:00.0000000,2011-07-31 14:39:00.0000000,365,63,At Risk - Repeat Customer
12943,1,2011-02-11 15:13:00.0000000,2011-02-11 15:13:00.0000000,301,63,At Risk - First_Customer
12944,2,2010-12-20 10:41:00.0000000,2011-11-04 11:04:00.0000000,354,63,At Risk - Repeat Customer
12945,1,2011-02-24 14:15:00.0000000,2011-02-24 14:15:00.0000000,288,63,At Risk - First_Customer
12947,11,2010-12-01 16:21:00.0000000,2011-07-19 10:06:00.0000000,373,63,At Risk - Repeat Customer
12948,8,2011-03-20 10:17:00.0000000,2011-11-23 17:10:00.0000000,264,63,At Risk - Repeat Customer
12949,10,2011-04-01 13:20:00.0000000,2011-11-09 11:25:00.0000000,252,63,At Risk - Repeat Customer
12950,3,2011-11-15 13:48:00.0000000,2011-12-07 13:17:00.0000000,24,63,Healthy
12951,8,2011-01-13 10:33:00.0000000,2011-12-01 12:14:00.0000000,330,63,At Risk - Repeat Customer
12952,5,2011-09-22 16:37:00.0000000,2011-12-04 10:35:00.0000000,78,63,At Risk - Repeat Customer
12953,1,2011-11-30 09:24:00.0000000,2011-11-30 09:24:00.0000000,9,63,Grace Period
12955,14,2011-03-17 09:03:00.0000000,2011-12-08 16:29:00.0000000,267,63,At Risk - Repeat Customer
12956,1,2011-02-06 16:08:00.0000000,2011-02-06 16:08:00.0000000,306,63,At Risk - First_Customer
12957,12,2011-01-04 12:18:00.0000000,2011-12-05 16:32:00.0000000,339,63,At Risk - Repeat Customer
12962,2,2011-08-18 13:38:00.0000000,2011-12-02 15:55:00.0000000,113,63,At Risk - Repeat Customer
12963,9,2010-12-09 09:14:00.0000000,2011-12-01 12:55:00.0000000,365,63,At Risk - Repeat Customer
12965,1,2011-09-11 15:31:00.0000000,2011-09-11 15:31:00.0000000,89,63,At Risk - First_Customer
12966,1,2011-11-30 12:38:00.0000000,2011-11-30 12:38:00.0000000,9,63,Grace Period
12967,4,2010-12-03 09:49:00.0000000,2011-12-06 14:19:00.0000000,371,63,At Risk - Repeat Customer
12968,1,2011-08-19 15:44:00.0000000,2011-08-19 15:44:00.0000000,112,63,At Risk - First_Customer
12970,4,2011-01-21 14:04:00.0000000,2011-12-02 14:30:00.0000000,322,63,At Risk - Repeat Customer
12971,86,2010-12-02 16:42:00.0000000,2011-12-06 12:20:00.0000000,372,63,At Risk - Repeat Customer
12974,1,2011-05-26 09:33:00.0000000,2011-05-26 09:33:00.0000000,197,63,At Risk - First_Customer
12976,1,2011-05-12 09:55:00.0000000,2011-05-12 09:55:00.0000000,211,63,At Risk - First_Customer
12977,1,2011-07-06 16:40:00.0000000,2011-07-06 16:40:00.0000000,156,63,At Risk - First_Customer
12980,12,2010-12-16 11:36:00.0000000,2011-07-07 11:42:00.0000000,358,63,At Risk - Repeat Customer
12981,2,2011-07-29 14:14:00.0000000,2011-11-10 12:00:00.0000000,133,63,At Risk - Repeat Customer
12982,2,2011-04-11 11:51:00.0000000,2011-04-14 10:49:00.0000000,242,63,At Risk - Repeat Customer
12984,1,2011-11-21 12:37:00.0000000,2011-11-21 12:37:00.0000000,18,63,Grace Period
12985,3,2011-11-11 12:44:00.0000000,2011-12-09 10:46:00.0000000,28,63,Healthy
12987,3,2011-05-26 12:00:00.0000000,2011-09-27 12:03:00.0000000,197,63,At Risk - Repeat Customer
12988,1,2011-02-20 14:31:00.0000000,2011-02-20 14:31:00.0000000,292,63,At Risk - First_Customer
12989,19,2010-12-10 13:24:00.0000000,2011-12-06 15:28:00.0000000,364,63,At Risk - Repeat Customer
12990,3,2011-02-02 15:39:00.0000000,2011-11-08 13:01:00.0000000,310,63,At Risk - Repeat Customer
12991,2,2011-08-19 14:39:00.0000000,2011-11-16 15:34:00.0000000,112,63,At Risk - Repeat Customer
12993,4,2011-02-14 14:29:00.0000000,2011-11-16 15:49:00.0000000,298,63,At Risk - Repeat Customer
12994,5,2011-03-16 08:31:00.0000000,2011-12-05 15:43:00.0000000,268,63,At Risk - Repeat Customer
12995,2,2011-09-15 15:44:00.0000000,2011-09-23 09:20:00.0000000,85,63,At Risk - Repeat Customer
12997,7,2011-01-26 15:49:00.0000000,2011-11-17 15:47:00.0000000,317,63,At Risk - Repeat Customer
12999,3,2011-04-08 10:26:00.0000000,2011-05-27 13:24:00.0000000,245,63,At Risk - Repeat Customer
13000,3,2010-12-10 10:26:00.0000000,2011-08-25 10:43:00.0000000,364,63,At Risk - Repeat Customer
13001,14,2011-01-17 12:45:00.0000000,2011-12-05 14:51:00.0000000,326,63,At Risk - Repeat Customer
13002,1,2011-01-25 15:18:00.0000000,2011-01-25 15:18:00.0000000,318,63,At Risk - First_Customer
13003,3,2011-05-09 08:23:00.0000000,2011-08-26 10:50:00.0000000,214,63,At Risk - Repeat Customer
13004,22,2010-12-17 08:20:00.0000000,2011-11-28 11:27:00.0000000,357,63,At Risk - Repeat Customer
13005,3,2011-04-07 13:32:00.0000000,2011-06-19 10:53:00.0000000,246,63,At Risk - Repeat Customer
13006,1,2011-10-14 13:49:00.0000000,2011-10-14 13:49:00.0000000,56,63,Grace Period
13008,2,2010-12-14 10:28:00.0000000,2011-01-20 14:24:00.0000000,360,63,At Risk - Repeat Customer
13011,1,2010-12-02 17:22:00.0000000,2010-12-02 17:22:00.0000000,372,63,At Risk - First_Customer
13012,11,2011-02-18 09:43:00.0000000,2011-11-30 13:05:00.0000000,294,63,At Risk - Repeat Customer
13013,15,2010-12-03 12:28:00.0000000,2011-12-08 15:01:00.0000000,371,63,At Risk - Repeat Customer
13014,16,2011-03-03 18:28:00.0000000,2011-12-07 09:24:00.0000000,281,63,At Risk - Repeat Customer
13015,5,2011-04-04 14:28:00.0000000,2011-10-17 13:19:00.0000000,249,63,At Risk - Repeat Customer
13016,3,2011-08-08 15:00:00.0000000,2011-09-27 14:08:00.0000000,123,63,At Risk - Repeat Customer
13017,1,2011-12-02 15:53:00.0000000,2011-12-02 15:53:00.0000000,7,63,Grace Period
13018,27,2011-02-17 11:05:00.0000000,2011-11-23 13:28:00.0000000,295,63,At Risk - Repeat Customer
13021,12,2010-12-09 14:12:00.0000000,2011-12-05 16:37:00.0000000,365,63,At Risk - Repeat Customer
13023,2,2011-08-02 09:34:00.0000000,2011-10-06 16:27:00.0000000,129,63,At Risk - Repeat Customer
13026,8,2011-03-09 11:35:00.0000000,2011-12-08 16:58:00.0000000,275,63,At Risk - Repeat Customer
13027,6,2010-12-20 12:45:00.0000000,2011-08-18 09:39:00.0000000,354,63,At Risk - Repeat Customer
13028,3,2011-10-25 14:09:00.0000000,2011-11-17 11:10:00.0000000,45,63,Healthy
13029,3,2010-12-21 13:53:00.0000000,2011-11-09 09:13:00.0000000,353,63,At Risk - Repeat Customer
13030,2,2010-12-06 14:31:00.0000000,2011-11-28 14:30:00.0000000,368,63,At Risk - Repeat Customer
13032,3,2011-09-13 16:40:00.0000000,2011-11-01 09:56:00.0000000,87,63,At Risk - Repeat Customer
13033,1,2010-12-17 14:23:00.0000000,2010-12-17 14:23:00.0000000,357,63,At Risk - First_Customer
13034,2,2010-12-05 14:52:00.0000000,2011-10-16 12:21:00.0000000,369,63,At Risk - Repeat Customer
13035,3,2011-03-24 09:21:00.0000000,2011-10-13 12:23:00.0000000,260,63,At Risk - Repeat Customer
13037,3,2011-03-28 15:42:00.0000000,2011-07-24 15:46:00.0000000,256,63,At Risk - Repeat Customer
13038,3,2011-02-22 11:43:00.0000000,2011-09-20 14:37:00.0000000,290,63,At Risk - Repeat Customer
13040,2,2011-11-06 13:53:00.0000000,2011-12-01 10:38:00.0000000,33,63,Healthy
13043,2,2011-03-11 14:52:00.0000000,2011-03-31 12:14:00.0000000,273,63,At Risk - Repeat Customer
13044,1,2011-02-21 15:20:00.0000000,2011-02-21 15:20:00.0000000,291,63,At Risk - First_Customer
13045,1,2011-09-01 15:04:00.0000000,2011-09-01 15:04:00.0000000,99,63,At Risk - First_Customer
13046,2,2011-03-18 15:43:00.0000000,2011-11-09 08:36:00.0000000,266,63,At Risk - Repeat Customer
13047,17,2010-12-01 08:34:00.0000000,2011-11-08 12:10:00.0000000,373,63,At Risk - Repeat Customer
13048,5,2011-01-16 14:36:00.0000000,2011-11-25 13:23:00.0000000,327,63,At Risk - Repeat Customer
13049,2,2011-01-25 16:33:00.0000000,2011-10-06 15:31:00.0000000,318,63,At Risk - Repeat Customer
13050,28,2010-12-08 09:30:00.0000000,2011-11-30 17:28:00.0000000,366,63,At Risk - Repeat Customer
13052,1,2011-05-11 14:12:00.0000000,2011-05-11 14:12:00.0000000,212,63,At Risk - First_Customer
13055,4,2011-05-10 08:58:00.0000000,2011-10-06 18:57:00.0000000,213,63,At Risk - Repeat Customer
13058,3,2011-07-11 12:01:00.0000000,2011-11-15 12:43:00.0000000,151,63,At Risk - Repeat Customer
13059,1,2011-04-04 10:40:00.0000000,2011-04-04 10:40:00.0000000,249,63,At Risk - First_Customer
13060,1,2011-03-31 11:37:00.0000000,2011-03-31 11:37:00.0000000,253,63,At Risk - First_Customer
13061,1,2011-09-28 16:04:00.0000000,2011-09-28 16:04:00.0000000,72,63,At Risk - First_Customer
13062,1,2011-06-01 15:12:00.0000000,2011-06-01 15:12:00.0000000,191,63,At Risk - First_Customer
13064,4,2011-01-16 13:41:00.0000000,2011-11-27 12:31:00.0000000,327,63,At Risk - Repeat Customer
13065,1,2010-12-01 16:52:00.0000000,2010-12-01 16:52:00.0000000,373,63,At Risk - First_Customer
13066,3,2011-11-07 17:06:00.0000000,2011-11-15 13:39:00.0000000,32,63,Healthy
13067,1,2011-09-18 13:38:00.0000000,2011-09-18 13:38:00.0000000,82,63,At Risk - First_Customer
13068,2,2011-01-24 08:20:00.0000000,2011-11-29 15:00:00.0000000,319,63,At Risk - Repeat Customer
13069,26,2010-12-05 11:02:00.0000000,2011-12-09 08:39:00.0000000,369,63,At Risk - Repeat Customer
13070,1,2011-05-31 13:45:00.0000000,2011-05-31 13:45:00.0000000,192,63,At Risk - First_Customer
13072,1,2011-03-18 08:12:00.0000000,2011-03-18 08:12:00.0000000,266,63,At Risk - First_Customer
13075,1,2011-08-02 10:19:00.0000000,2011-08-02 10:19:00.0000000,129,63,At Risk - First_Customer
13077,4,2010-12-08 14:59:00.0000000,2011-12-08 19:24:00.0000000,366,63,At Risk - Repeat Customer
13078,43,2010-12-08 09:07:00.0000000,2011-12-08 18:48:00.0000000,366,63,At Risk - Repeat Customer
13079,5,2011-07-22 14:41:00.0000000,2011-12-05 16:53:00.0000000,140,63,At Risk - Repeat Customer
13080,1,2011-06-13 14:59:00.0000000,2011-06-13 14:59:00.0000000,179,63,At Risk - First_Customer
13081,21,2010-12-03 17:20:00.0000000,2011-12-08 13:13:00.0000000,371,63,At Risk - Repeat Customer
13082,10,2011-01-05 15:42:00.0000000,2011-08-05 16:16:00.0000000,338,63,At Risk - Repeat Customer
13083,2,2011-09-25 10:46:00.0000000,2011-12-05 15:01:00.0000000,75,63,At Risk - Repeat Customer
13085,3,2011-02-17 13:57:00.0000000,2011-07-05 12:11:00.0000000,295,63,At Risk - Repeat Customer
13089,114,2010-12-05 10:27:00.0000000,2011-12-07 09:02:00.0000000,369,63,At Risk - Repeat Customer
13090,18,2010-12-02 07:48:00.0000000,2011-12-01 12:39:00.0000000,372,63,At Risk - Repeat Customer
13091,2,2011-11-11 15:54:00.0000000,2011-11-18 16:48:00.0000000,28,63,Healthy
13092,6,2010-12-15 12:27:00.0000000,2011-09-30 11:18:00.0000000,359,63,At Risk - Repeat Customer
13093,12,2010-12-01 15:00:00.0000000,2011-03-17 17:16:00.0000000,373,63,At Risk - Repeat Customer
13094,16,2010-12-06 10:34:00.0000000,2011-11-18 14:07:00.0000000,368,63,At Risk - Repeat Customer
13095,1,2011-09-30 12:03:00.0000000,2011-09-30 12:03:00.0000000,70,63,At Risk - First_Customer
13097,14,2010-12-14 15:13:00.0000000,2011-11-07 10:43:00.0000000,360,63,At Risk - Repeat Customer
13098,41,2011-01-26 13:46:00.0000000,2011-12-08 14:14:00.0000000,317,63,At Risk - Repeat Customer
13099,1,2011-09-01 17:40:00.0000000,2011-09-01 17:40:00.0000000,99,63,At Risk - First_Customer
13101,1,2011-04-19 14:37:00.0000000,2011-04-19 14:37:00.0000000,234,63,At Risk - First_Customer
13102,26,2010-12-09 13:38:00.0000000,2011-12-08 12:52:00.0000000,365,63,At Risk - Repeat Customer
13103,1,2011-10-31 09:38:00.0000000,2011-10-31 09:38:00.0000000,39,63,Grace Period
13104,6,2010-12-20 11:58:00.0000000,2011-12-06 13:10:00.0000000,354,63,At Risk - Repeat Customer
13106,2,2011-07-29 15:12:00.0000000,2011-08-03 11:50:00.0000000,133,63,At Risk - Repeat Customer
13107,5,2011-01-10 12:28:00.0000000,2011-10-26 14:52:00.0000000,333,63,At Risk - Repeat Customer
13108,1,2010-12-02 10:35:00.0000000,2010-12-02 10:35:00.0000000,372,63,At Risk - First_Customer
13109,5,2011-07-05 14:56:00.0000000,2011-12-07 12:38:00.0000000,157,63,At Risk - Repeat Customer
13110,8,2011-02-01 15:24:00.0000000,2011-11-08 14:30:00.0000000,311,63,At Risk - Repeat Customer
13113,39,2010-12-08 13:07:00.0000000,2011-12-09 12:49:00.0000000,366,63,At Risk - Repeat Customer
13115,14,2010-12-08 15:01:00.0000000,2011-12-01 09:39:00.0000000,366,63,At Risk - Repeat Customer
13116,2,2011-07-24 14:33:00.0000000,2011-08-14 14:36:00.0000000,138,63,At Risk - Repeat Customer
13117,8,2010-12-02 13:11:00.0000000,2011-11-18 12:02:00.0000000,372,63,At Risk - Repeat Customer
13118,6,2011-02-24 09:59:00.0000000,2011-11-20 12:46:00.0000000,288,63,At Risk - Repeat Customer
13120,1,2011-04-15 10:19:00.0000000,2011-04-15 10:19:00.0000000,238,63,At Risk - First_Customer
13121,2,2011-03-15 16:47:00.0000000,2011-03-15 16:51:00.0000000,269,63,At Risk - Repeat Customer
13122,2,2011-04-13 14:12:00.0000000,2011-09-06 15:53:00.0000000,240,63,At Risk - Repeat Customer
13124,3,2010-12-15 15:00:00.0000000,2011-09-11 12:45:00.0000000,359,63,At Risk - Repeat Customer
13126,10,2010-12-08 11:42:00.0000000,2011-12-05 10:00:00.0000000,366,63,At Risk - Repeat Customer
13127,1,2011-09-23 10:26:00.0000000,2011-09-23 10:26:00.0000000,77,63,At Risk - First_Customer
13130,1,2011-09-06 15:30:00.0000000,2011-09-06 15:30:00.0000000,94,63,At Risk - First_Customer
13131,4,2011-06-05 10:54:00.0000000,2011-11-16 13:21:00.0000000,187,63,At Risk - Repeat Customer
13132,1,2011-03-23 12:44:00.0000000,2011-03-23 12:44:00.0000000,261,63,At Risk - First_Customer
13133,2,2011-02-08 15:48:00.0000000,2011-03-11 10:31:00.0000000,304,63,At Risk - Repeat Customer
13134,7,2011-04-13 12:57:00.0000000,2011-09-28 09:22:00.0000000,240,63,At Risk - Repeat Customer
13135,1,2011-05-27 10:52:00.0000000,2011-05-27 10:52:00.0000000,196,63,At Risk - First_Customer
13136,11,2010-12-09 15:34:00.0000000,2011-10-20 19:13:00.0000000,365,63,At Risk - Repeat Customer
13137,9,2011-02-04 11:54:00.0000000,2011-11-29 12:09:00.0000000,308,63,At Risk - Repeat Customer
13138,6,2010-12-02 15:03:00.0000000,2011-11-17 16:51:00.0000000,372,63,At Risk - Repeat Customer
13139,8,2011-03-25 11:57:00.0000000,2011-11-23 13:54:00.0000000,259,63,At Risk - Repeat Customer
13140,3,2010-12-08 15:12:00.0000000,2011-08-23 15:33:00.0000000,366,63,At Risk - Repeat Customer
13141,6,2011-01-28 13:04:00.0000000,2011-09-16 09:54:00.0000000,315,63,At Risk - Repeat Customer
13142,1,2011-11-20 16:07:00.0000000,2011-11-20 16:07:00.0000000,19,63,Grace Period
13144,1,2011-01-11 11:15:00.0000000,2011-01-11 11:15:00.0000000,332,63,At Risk - First_Customer
13145,5,2010-12-02 18:06:00.0000000,2011-10-31 12:45:00.0000000,372,63,At Risk - Repeat Customer
13146,1,2011-11-13 15:29:00.0000000,2011-11-13 15:29:00.0000000,26,63,Grace Period
13147,4,2011-09-01 12:28:00.0000000,2011-11-29 13:59:00.0000000,99,63,At Risk - Repeat Customer
13148,17,2010-12-10 13:06:00.0000000,2011-11-10 15:23:00.0000000,364,63,At Risk - Repeat Customer
13149,4,2011-02-23 13:57:00.0000000,2011-11-25 13:09:00.0000000,289,63,At Risk - Repeat Customer
13151,2,2011-02-17 12:29:00.0000000,2011-05-20 12:55:00.0000000,295,63,At Risk - Repeat Customer
13153,1,2011-12-04 12:14:00.0000000,2011-12-04 12:14:00.0000000,5,63,Grace Period
13154,1,2011-07-18 15:21:00.0000000,2011-07-18 15:21:00.0000000,144,63,At Risk - First_Customer
13155,4,2010-12-06 12:44:00.0000000,2011-11-06 15:41:00.0000000,368,63,At Risk - Repeat Customer
13157,5,2011-02-14 14:03:00.0000000,2011-10-21 13:50:00.0000000,298,63,At Risk - Repeat Customer
13158,4,2011-01-25 09:58:00.0000000,2011-09-06 11:58:00.0000000,318,63,At Risk - Repeat Customer
13159,5,2011-08-16 11:44:00.0000000,2011-12-01 11:20:00.0000000,115,63,At Risk - Repeat Customer
13160,1,2011-11-17 13:07:00.0000000,2011-11-17 13:07:00.0000000,22,63,Grace Period
13161,1,2011-01-30 14:03:00.0000000,2011-01-30 14:03:00.0000000,313,63,At Risk - First_Customer
13162,5,2011-01-09 10:43:00.0000000,2011-08-09 15:59:00.0000000,334,63,At Risk - Repeat Customer
13165,2,2010-12-23 14:06:00.0000000,2011-10-24 15:05:00.0000000,351,63,At Risk - Repeat Customer
13166,2,2011-03-01 15:16:00.0000000,2011-03-02 14:28:00.0000000,283,63,At Risk - Repeat Customer
13167,4,2011-07-19 12:13:00.0000000,2011-11-21 12:24:00.0000000,143,63,At Risk - Repeat Customer
13168,5,2011-01-25 13:55:00.0000000,2011-11-03 12:56:00.0000000,318,63,At Risk - Repeat Customer
13169,2,2011-04-01 14:24:00.0000000,2011-10-07 12:11:00.0000000,252,63,At Risk - Repeat Customer
13170,1,2011-11-13 12:19:00.0000000,2011-11-13 12:19:00.0000000,26,63,Grace Period
13171,5,2011-02-13 14:16:00.0000000,2011-12-01 15:06:00.0000000,299,63,At Risk - Repeat Customer
13173,2,2010-12-07 14:30:00.0000000,2011-12-05 15:51:00.0000000,367,63,At Risk - Repeat Customer
13174,3,2010-12-05 16:24:00.0000000,2011-11-23 14:35:00.0000000,369,63,At Risk - Repeat Customer
13176,1,2011-10-24 15:43:00.0000000,2011-10-24 15:43:00.0000000,46,63,Grace Period
13177,1,2011-10-06 09:56:00.0000000,2011-10-06 09:56:00.0000000,64,63,At Risk - First_Customer
13178,11,2010-12-14 12:22:00.0000000,2011-11-13 16:14:00.0000000,360,63,At Risk - Repeat Customer
13182,1,2011-10-25 13:46:00.0000000,2011-10-25 13:46:00.0000000,45,63,Grace Period
13183,9,2011-01-09 10:50:00.0000000,2011-12-02 10:30:00.0000000,334,63,At Risk - Repeat Customer
13184,12,2011-02-22 17:25:00.0000000,2011-11-25 12:02:00.0000000,290,63,At Risk - Repeat Customer
13185,1,2011-03-17 11:56:00.0000000,2011-03-17 11:56:00.0000000,267,63,At Risk - First_Customer
13186,5,2011-08-03 09:09:00.0000000,2011-10-31 11:40:00.0000000,128,63,At Risk - Repeat Customer
13187,1,2011-01-06 18:57:00.0000000,2011-01-06 18:57:00.0000000,337,63,At Risk - First_Customer
13188,1,2011-11-28 15:28:00.0000000,2011-11-28 15:28:00.0000000,11,63,Grace Period
13189,2,2011-08-16 13:12:00.0000000,2011-11-21 10:39:00.0000000,115,63,At Risk - Repeat Customer
13192,2,2011-05-18 14:57:00.0000000,2011-09-05 14:13:00.0000000,205,63,At Risk - Repeat Customer
13193,1,2011-10-09 14:30:00.0000000,2011-10-09 14:30:00.0000000,61,63,Grace Period
13194,1,2011-07-27 09:01:00.0000000,2011-07-27 09:01:00.0000000,135,63,At Risk - First_Customer
13196,4,2011-03-22 14:24:00.0000000,2011-11-28 13:54:00.0000000,262,63,At Risk - Repeat Customer
13198,8,2010-12-13 09:29:00.0000000,2011-11-29 15:17:00.0000000,361,63,At Risk - Repeat Customer
13199,37,2010-12-08 10:51:00.0000000,2011-12-06 12:30:00.0000000,366,63,At Risk - Repeat Customer
13200,4,2011-08-05 14:50:00.0000000,2011-11-20 15:35:00.0000000,126,63,At Risk - Repeat Customer
13203,4,2011-04-11 14:40:00.0000000,2011-11-30 10:45:00.0000000,242,63,At Risk - Repeat Customer
13207,2,2011-07-12 11:35:00.0000000,2011-11-24 14:52:00.0000000,150,63,At Risk - Repeat Customer
13208,6,2011-02-03 19:32:00.0000000,2011-10-12 09:54:00.0000000,309,63,At Risk - Repeat Customer
13209,11,2010-12-13 10:31:00.0000000,2011-11-09 13:54:00.0000000,361,63,At Risk - Repeat Customer
13210,1,2011-09-07 08:18:00.0000000,2011-09-07 08:18:00.0000000,93,63,At Risk - First_Customer
13211,3,2010-12-13 16:17:00.0000000,2011-11-29 14:43:00.0000000,361,63,At Risk - Repeat Customer
13212,4,2011-10-09 14:48:00.0000000,2011-11-30 15:12:00.0000000,61,63,Approaching At-Risk - Repeat Customer
13213,6,2011-05-24 12:22:00.0000000,2011-10-14 11:42:00.0000000,199,63,At Risk - Repeat Customer
13216,1,2011-03-17 12:18:00.0000000,2011-03-17 12:18:00.0000000,267,63,At Risk - First_Customer
13217,5,2011-07-06 12:08:00.0000000,2011-08-09 15:32:00.0000000,156,63,At Risk - Repeat Customer
13218,1,2011-08-04 16:59:00.0000000,2011-08-04 16:59:00.0000000,127,63,At Risk - First_Customer
13220,4,2011-04-17 10:59:00.0000000,2011-09-22 13:38:00.0000000,236,63,At Risk - Repeat Customer
13221,2,2010-12-15 13:24:00.0000000,2011-04-13 16:58:00.0000000,359,63,At Risk - Repeat Customer
13223,2,2011-04-21 15:16:00.0000000,2011-05-23 13:03:00.0000000,232,63,At Risk - Repeat Customer
13224,3,2011-07-11 14:10:00.0000000,2011-10-10 15:00:00.0000000,151,63,At Risk - Repeat Customer
13225,8,2010-12-13 09:49:00.0000000,2011-12-06 13:29:00.0000000,361,63,At Risk - Repeat Customer
13226,1,2011-03-11 14:35:00.0000000,2011-03-11 14:35:00.0000000,273,63,At Risk - First_Customer
13227,1,2011-05-22 11:47:00.0000000,2011-05-22 11:47:00.0000000,201,63,At Risk - First_Customer
13228,1,2011-09-19 14:28:00.0000000,2011-09-19 14:28:00.0000000,81,63,At Risk - First_Customer
13229,1,2011-04-28 12:07:00.0000000,2011-04-28 12:07:00.0000000,225,63,At Risk - First_Customer
13230,17,2010-12-09 19:28:00.0000000,2011-12-05 16:03:00.0000000,365,63,At Risk - Repeat Customer
13232,7,2011-04-10 13:48:00.0000000,2011-11-27 10:39:00.0000000,243,63,At Risk - Repeat Customer
13233,2,2011-01-07 14:49:00.0000000,2011-09-26 13:25:00.0000000,336,63,At Risk - Repeat Customer
13235,2,2011-05-11 17:13:00.0000000,2011-05-12 09:48:00.0000000,212,63,At Risk - Repeat Customer
13236,3,2011-08-25 08:58:00.0000000,2011-11-15 12:50:00.0000000,106,63,At Risk - Repeat Customer
13238,5,2010-12-14 14:37:00.0000000,2011-11-28 15:30:00.0000000,360,63,At Risk - Repeat Customer
13239,1,2011-03-23 10:25:00.0000000,2011-03-23 10:25:00.0000000,261,63,At Risk - First_Customer
13240,4,2010-12-09 12:49:00.0000000,2011-09-04 14:08:00.0000000,365,63,At Risk - Repeat Customer
13242,3,2011-05-10 12:26:00.0000000,2011-08-19 12:53:00.0000000,213,63,At Risk - Repeat Customer
13243,1,2011-05-20 13:14:00.0000000,2011-05-20 13:14:00.0000000,203,63,At Risk - First_Customer
13244,1,2011-09-08 11:46:00.0000000,2011-09-08 11:46:00.0000000,92,63,At Risk - First_Customer
13245,1,2011-10-20 11:40:00.0000000,2011-10-20 11:40:00.0000000,50,63,Grace Period
13246,7,2011-01-13 13:36:00.0000000,2011-11-21 16:50:00.0000000,330,63,At Risk - Repeat Customer
13247,4,2011-09-18 11:31:00.0000000,2011-11-22 10:59:00.0000000,82,63,At Risk - Repeat Customer
13248,2,2011-06-03 13:05:00.0000000,2011-08-07 12:40:00.0000000,189,63,At Risk - Repeat Customer
13249,3,2011-03-23 15:26:00.0000000,2011-09-08 13:26:00.0000000,261,63,At Risk - Repeat Customer
13253,2,2011-01-04 15:43:00.0000000,2011-07-06 10:09:00.0000000,339,63,At Risk - Repeat Customer
13255,3,2010-12-01 11:58:00.0000000,2011-12-06 10:56:00.0000000,373,63,At Risk - Repeat Customer
13256,1,2011-11-25 15:57:00.0000000,2011-11-25 15:57:00.0000000,14,63,Grace Period
13258,3,2011-05-18 13:11:00.0000000,2011-11-28 09:31:00.0000000,205,63,At Risk - Repeat Customer
13259,1,2011-10-09 10:48:00.0000000,2011-10-09 10:48:00.0000000,61,63,Grace Period
13260,1,2011-10-09 13:21:00.0000000,2011-10-09 13:21:00.0000000,61,63,Grace Period
13261,2,2011-02-27 10:41:00.0000000,2011-03-16 12:22:00.0000000,285,63,At Risk - Repeat Customer
13262,1,2011-03-21 15:06:00.0000000,2011-03-21 15:06:00.0000000,263,63,At Risk - First_Customer
13263,35,2011-01-18 16:31:00.0000000,2011-12-08 13:59:00.0000000,325,63,At Risk - Repeat Customer
13265,5,2011-03-11 09:54:00.0000000,2011-10-17 15:02:00.0000000,273,63,At Risk - Repeat Customer
13266,19,2010-12-15 16:56:00.0000000,2011-11-28 14:39:00.0000000,359,63,At Risk - Repeat Customer
13267,26,2010-12-08 09:20:00.0000000,2011-12-07 11:12:00.0000000,366,63,At Risk - Repeat Customer
13268,15,2011-03-17 13:20:00.0000000,2011-11-22 11:51:00.0000000,267,63,At Risk - Repeat Customer
13269,17,2010-12-05 11:51:00.0000000,2011-12-08 14:53:00.0000000,369,63,At Risk - Repeat Customer
13270,1,2010-12-08 14:53:00.0000000,2010-12-08 14:53:00.0000000,366,63,At Risk - First_Customer
13271,2,2011-11-02 14:31:00.0000000,2011-11-02 14:43:00.0000000,37,63,Healthy
13272,2,2011-09-11 12:06:00.0000000,2011-11-08 14:00:00.0000000,89,63,At Risk - Repeat Customer
13273,1,2011-08-18 14:02:00.0000000,2011-08-18 14:02:00.0000000,113,63,At Risk - First_Customer
13276,2,2011-09-01 10:03:00.0000000,2011-10-07 12:44:00.0000000,99,63,At Risk - Repeat Customer
13277,4,2011-07-29 10:06:00.0000000,2011-11-24 09:21:00.0000000,133,63,At Risk - Repeat Customer
13278,1,2011-10-30 11:49:00.0000000,2011-10-30 11:49:00.0000000,40,63,Grace Period
13279,2,2011-09-22 17:24:00.0000000,2011-10-06 18:51:00.0000000,78,63,At Risk - Repeat Customer
13280,3,2011-01-06 17:10:00.0000000,2011-08-09 13:14:00.0000000,337,63,At Risk - Repeat Customer
13282,6,2011-05-03 12:03:00.0000000,2011-11-21 15:33:00.0000000,220,63,At Risk - Repeat Customer
13283,2,2011-06-07 12:39:00.0000000,2011-10-11 09:50:00.0000000,185,63,At Risk - Repeat Customer
13284,2,2011-01-13 09:23:00.0000000,2011-01-21 10:25:00.0000000,330,63,At Risk - Repeat Customer
13285,4,2011-02-22 17:13:00.0000000,2011-11-16 13:19:00.0000000,290,63,At Risk - Repeat Customer
13291,1,2011-07-07 10:36:00.0000000,2011-07-07 10:36:00.0000000,155,63,At Risk - First_Customer
13292,2,2011-02-28 15:00:00.0000000,2011-11-01 10:04:00.0000000,284,63,At Risk - Repeat Customer
13294,2,2011-04-04 12:37:00.0000000,2011-06-03 08:54:00.0000000,249,63,At Risk - Repeat Customer
13295,2,2010-12-02 17:36:00.0000000,2010-12-15 11:21:00.0000000,372,63,At Risk - Repeat Customer
13296,1,2011-07-25 13:46:00.0000000,2011-07-25 13:46:00.0000000,137,63,At Risk - First_Customer
13297,4,2011-10-03 15:08:00.0000000,2011-12-02 09:32:00.0000000,67,63,At Risk - Repeat Customer
13298,1,2011-12-08 13:11:00.0000000,2011-12-08 13:11:00.0000000,1,63,Grace Period
13299,1,2011-03-16 12:55:00.0000000,2011-03-16 12:55:00.0000000,268,63,At Risk - First_Customer
13300,2,2011-06-23 13:09:00.0000000,2011-06-28 11:59:00.0000000,169,63,At Risk - Repeat Customer
13301,4,2011-02-20 13:13:00.0000000,2011-08-28 11:25:00.0000000,292,63,At Risk - Repeat Customer
13302,1,2011-07-07 17:56:00.0000000,2011-07-07 17:56:00.0000000,155,63,At Risk - First_Customer
13304,1,2010-12-23 14:35:00.0000000,2010-12-23 14:35:00.0000000,351,63,At Risk - First_Customer
13305,10,2010-12-02 12:10:00.0000000,2011-12-05 15:15:00.0000000,372,63,At Risk - Repeat Customer
13307,1,2011-08-11 17:14:00.0000000,2011-08-11 17:14:00.0000000,120,63,At Risk - First_Customer
13308,4,2011-05-20 13:13:00.0000000,2011-11-17 09:31:00.0000000,203,63,At Risk - Repeat Customer
13309,5,2011-02-04 12:29:00.0000000,2011-12-02 16:34:00.0000000,308,63,At Risk - Repeat Customer
13310,6,2011-01-19 14:50:00.0000000,2011-12-01 08:23:00.0000000,324,63,At Risk - Repeat Customer
13311,2,2011-07-12 14:26:00.0000000,2011-12-05 12:55:00.0000000,150,63,At Risk - Repeat Customer
13313,5,2011-01-04 10:00:00.0000000,2011-11-17 16:48:00.0000000,339,63,At Risk - Repeat Customer
13314,4,2011-09-27 10:20:00.0000000,2011-12-08 12:29:00.0000000,73,63,At Risk - Repeat Customer
13316,5,2011-03-30 13:01:00.0000000,2011-11-02 13:40:00.0000000,254,63,At Risk - Repeat Customer
13317,8,2010-12-16 09:22:00.0000000,2011-10-06 19:21:00.0000000,358,63,At Risk - Repeat Customer
13318,3,2011-11-02 13:26:00.0000000,2011-12-08 18:51:00.0000000,37,63,Healthy
13319,35,2010-12-07 11:47:00.0000000,2011-12-04 13:34:00.0000000,367,63,At Risk - Repeat Customer
13320,6,2011-05-10 10:29:00.0000000,2011-09-30 12:52:00.0000000,213,63,At Risk - Repeat Customer
13321,2,2011-09-14 15:18:00.0000000,2011-09-28 15:24:00.0000000,86,63,At Risk - Repeat Customer
13322,1,2011-11-22 14:21:00.0000000,2011-11-22 14:21:00.0000000,17,63,Grace Period
13323,5,2011-09-16 13:23:00.0000000,2011-12-06 17:12:00.0000000,84,63,At Risk - Repeat Customer
13324,12,2010-12-14 09:50:00.0000000,2011-11-07 15:51:00.0000000,360,63,At Risk - Repeat Customer
13325,1,2011-09-19 10:36:00.0000000,2011-09-19 10:36:00.0000000,81,63,At Risk - First_Customer
13327,9,2010-12-09 15:32:00.0000000,2011-11-01 10:21:00.0000000,365,63,At Risk - Repeat Customer
13328,1,2011-01-27 15:22:00.0000000,2011-01-27 15:22:00.0000000,316,63,At Risk - First_Customer
13329,4,2010-12-08 10:11:00.0000000,2011-11-08 10:29:00.0000000,366,63,At Risk - Repeat Customer
13330,3,2011-01-28 10:08:00.0000000,2011-09-08 12:27:00.0000000,315,63,At Risk - Repeat Customer
13332,1,2011-11-25 13:30:00.0000000,2011-11-25 13:30:00.0000000,14,63,Grace Period
13334,3,2011-02-07 11:42:00.0000000,2011-09-18 15:21:00.0000000,305,63,At Risk - Repeat Customer
13336,1,2011-09-23 14:05:00.0000000,2011-09-23 14:05:00.0000000,77,63,At Risk - First_Customer
13338,3,2011-07-05 09:06:00.0000000,2011-07-08 14:53:00.0000000,157,63,At Risk - Repeat Customer
13339,1,2011-05-23 08:31:00.0000000,2011-05-23 08:31:00.0000000,200,63,At Risk - First_Customer
13340,7,2011-03-08 11:39:00.0000000,2011-10-25 13:15:00.0000000,276,63,At Risk - Repeat Customer
13341,1,2011-03-24 09:50:00.0000000,2011-03-24 09:50:00.0000000,260,63,At Risk - First_Customer
13343,2,2011-06-15 12:24:00.0000000,2011-06-20 11:37:00.0000000,177,63,At Risk - Repeat Customer
13344,3,2011-03-07 10:28:00.0000000,2011-10-03 09:45:00.0000000,277,63,At Risk - Repeat Customer
13345,2,2011-02-25 09:01:00.0000000,2011-03-08 08:34:00.0000000,287,63,At Risk - Repeat Customer
13347,1,2011-09-30 13:28:00.0000000,2011-09-30 13:28:00.0000000,70,63,At Risk - First_Customer
13348,1,2011-10-06 17:28:00.0000000,2011-10-06 17:28:00.0000000,64,63,At Risk - First_Customer
13349,1,2011-11-29 08:07:00.0000000,2011-11-29 08:07:00.0000000,10,63,Grace Period
13350,3,2011-09-21 13:33:00.0000000,2011-11-23 16:33:00.0000000,79,63,At Risk - Repeat Customer
13351,1,2011-10-04 12:55:00.0000000,2011-10-04 12:55:00.0000000,66,63,At Risk - First_Customer
13352,2,2011-10-10 13:55:00.0000000,2011-12-02 11:58:00.0000000,60,63,Approaching At-Risk - Repeat Customer
13354,1,2011-09-29 13:17:00.0000000,2011-09-29 13:17:00.0000000,71,63,At Risk - First_Customer
13355,1,2011-08-09 14:48:00.0000000,2011-08-09 14:48:00.0000000,122,63,At Risk - First_Customer
13356,1,2011-09-20 14:33:00.0000000,2011-09-20 14:33:00.0000000,80,63,At Risk - First_Customer
13357,1,2011-03-27 13:56:00.0000000,2011-03-27 13:56:00.0000000,257,63,At Risk - First_Customer
13358,1,2011-03-16 11:52:00.0000000,2011-03-16 11:52:00.0000000,268,63,At Risk - First_Customer
13359,2,2011-10-07 09:30:00.0000000,2011-10-11 16:48:00.0000000,63,63,Approaching At-Risk - Repeat Customer
13362,5,2011-02-25 11:33:00.0000000,2011-12-06 13:57:00.0000000,287,63,At Risk - Repeat Customer
13363,2,2011-10-27 10:46:00.0000000,2011-11-22 12:40:00.0000000,43,63,Healthy
13364,2,2011-09-29 18:13:00.0000000,2011-10-04 09:48:00.0000000,71,63,At Risk - Repeat Customer
13365,3,2011-05-06 12:00:00.0000000,2011-12-01 08:39:00.0000000,217,63,At Risk - Repeat Customer
13366,1,2011-10-20 13:37:00.0000000,2011-10-20 13:37:00.0000000,50,63,Grace Period
13368,2,2011-01-06 12:32:00.0000000,2011-03-28 09:59:00.0000000,337,63,At Risk - Repeat Customer
13369,2,2010-12-09 11:30:00.0000000,2010-12-20 14:02:00.0000000,365,63,At Risk - Repeat Customer
13370,2,2010-12-03 10:26:00.0000000,2010-12-08 15:57:00.0000000,371,63,At Risk - Repeat Customer
13372,1,2011-09-11 12:46:00.0000000,2011-09-11 12:46:00.0000000,89,63,At Risk - First_Customer
13373,3,2011-03-08 14:35:00.0000000,2011-10-10 10:51:00.0000000,276,63,At Risk - Repeat Customer
13375,2,2011-09-12 10:19:00.0000000,2011-09-19 16:01:00.0000000,88,63,At Risk - Repeat Customer
13376,3,2011-04-19 13:03:00.0000000,2011-09-01 16:16:00.0000000,234,63,At Risk - Repeat Customer
13379,3,2011-07-26 12:26:00.0000000,2011-11-13 13:45:00.0000000,136,63,At Risk - Repeat Customer
13381,7,2011-02-14 10:10:00.0000000,2011-11-18 16:59:00.0000000,298,63,At Risk - Repeat Customer
13382,1,2011-03-04 10:03:00.0000000,2011-03-04 10:03:00.0000000,280,63,At Risk - First_Customer
13384,9,2011-06-14 12:47:00.0000000,2011-11-09 11:04:00.0000000,178,63,At Risk - Repeat Customer
13385,1,2011-01-14 09:52:00.0000000,2011-01-14 09:52:00.0000000,329,63,At Risk - First_Customer
13388,2,2011-07-31 12:52:00.0000000,2011-08-10 13:35:00.0000000,131,63,At Risk - Repeat Customer
13389,3,2011-04-21 12:12:00.0000000,2011-11-28 14:01:00.0000000,232,63,At Risk - Repeat Customer
13390,1,2011-09-26 08:38:00.0000000,2011-09-26 08:38:00.0000000,74,63,At Risk - First_Customer
13391,1,2011-05-20 10:50:00.0000000,2011-05-20 10:50:00.0000000,203,63,At Risk - First_Customer
13394,10,2011-02-03 10:39:00.0000000,2011-12-08 11:36:00.0000000,309,63,At Risk - Repeat Customer
13395,1,2011-06-07 15:04:00.0000000,2011-06-07 15:04:00.0000000,185,63,At Risk - First_Customer
13396,4,2011-01-24 13:37:00.0000000,2011-11-18 09:42:00.0000000,319,63,At Risk - Repeat Customer
13397,6,2011-01-04 13:50:00.0000000,2011-09-28 10:56:00.0000000,339,63,At Risk - Repeat Customer
13398,1,2011-05-31 13:17:00.0000000,2011-05-31 13:17:00.0000000,192,63,At Risk - First_Customer
13402,2,2010-12-02 17:12:00.0000000,2011-08-04 15:51:00.0000000,372,63,At Risk - Repeat Customer
13403,1,2011-11-22 08:28:00.0000000,2011-11-22 08:28:00.0000000,17,63,Grace Period
13404,2,2011-05-11 11:57:00.0000000,2011-12-08 15:37:00.0000000,212,63,At Risk - Repeat Customer
13405,3,2011-01-26 09:27:00.0000000,2011-09-26 17:01:00.0000000,317,63,At Risk - Repeat Customer
13408,77,2010-12-01 10:39:00.0000000,2011-12-08 09:05:00.0000000,373,63,At Risk - Repeat Customer
13410,7,2011-02-21 14:38:00.0000000,2011-12-01 08:58:00.0000000,291,63,At Risk - Repeat Customer
13411,1,2011-08-24 13:57:00.0000000,2011-08-24 13:57:00.0000000,107,63,At Risk - First_Customer
13414,3,2011-02-16 12:13:00.0000000,2011-07-29 11:45:00.0000000,296,63,At Risk - Repeat Customer
13416,2,2011-09-19 14:43:00.0000000,2011-10-27 08:56:00.0000000,81,63,At Risk - Repeat Customer
13417,2,2011-05-18 16:26:00.0000000,2011-12-05 08:49:00.0000000,205,63,At Risk - Repeat Customer
13418,23,2010-12-02 10:45:00.0000000,2011-11-28 10:23:00.0000000,372,63,At Risk - Repeat Customer
13419,1,2011-10-07 12:49:00.0000000,2011-10-07 12:49:00.0000000,63,63,At Risk - First_Customer
13420,4,2011-06-22 11:35:00.0000000,2011-07-28 12:10:00.0000000,170,63,At Risk - Repeat Customer
13421,3,2011-02-22 15:46:00.0000000,2011-10-30 14:21:00.0000000,290,63,At Risk - Repeat Customer
13422,2,2011-10-06 13:42:00.0000000,2011-10-19 13:45:00.0000000,64,63,At Risk - Repeat Customer
13425,3,2011-02-18 08:34:00.0000000,2011-08-23 17:13:00.0000000,294,63,At Risk - Repeat Customer
13426,12,2010-12-15 12:43:00.0000000,2011-12-09 08:59:00.0000000,359,63,At Risk - Repeat Customer
13427,3,2011-05-08 15:58:00.0000000,2011-11-20 13:02:00.0000000,215,63,At Risk - Repeat Customer
13428,1,2011-11-29 14:20:00.0000000,2011-11-29 14:20:00.0000000,10,63,Grace Period
13429,4,2011-09-25 15:59:00.0000000,2011-11-29 09:10:00.0000000,75,63,At Risk - Repeat Customer
13430,4,2011-09-14 14:26:00.0000000,2011-11-21 08:19:00.0000000,86,63,At Risk - Repeat Customer
13431,2,2011-09-12 11:25:00.0000000,2011-10-03 13:49:00.0000000,88,63,At Risk - Repeat Customer
13434,2,2011-09-04 10:35:00.0000000,2011-09-26 14:30:00.0000000,96,63,At Risk - Repeat Customer
13435,9,2011-06-03 17:07:00.0000000,2011-12-04 14:59:00.0000000,189,63,At Risk - Repeat Customer
13436,1,2011-12-08 10:33:00.0000000,2011-12-08 10:33:00.0000000,1,63,Grace Period
13437,7,2011-06-02 14:30:00.0000000,2011-11-25 14:00:00.0000000,190,63,At Risk - Repeat Customer
13439,1,2011-03-29 14:20:00.0000000,2011-03-29 14:20:00.0000000,255,63,At Risk - First_Customer
13441,1,2011-09-09 09:38:00.0000000,2011-09-09 09:38:00.0000000,91,63,At Risk - First_Customer
13447,4,2011-11-04 10:10:00.0000000,2011-11-16 13:38:00.0000000,35,63,Healthy
13448,10,2010-12-01 10:52:00.0000000,2011-11-23 12:33:00.0000000,373,63,At Risk - Repeat Customer
13449,1,2011-11-16 08:28:00.0000000,2011-11-16 08:28:00.0000000,23,63,Grace Period
13450,6,2011-05-05 19:48:00.0000000,2011-11-13 11:54:00.0000000,218,63,At Risk - Repeat Customer
13451,6,2011-01-09 15:35:00.0000000,2011-11-13 15:58:00.0000000,334,63,At Risk - Repeat Customer
13452,2,2011-03-14 11:38:00.0000000,2011-03-25 14:19:00.0000000,270,63,At Risk - Repeat Customer
13453,2,2011-02-23 09:44:00.0000000,2011-06-27 09:34:00.0000000,289,63,At Risk - Repeat Customer
13455,4,2010-12-08 13:11:00.0000000,2011-11-15 11:21:00.0000000,366,63,At Risk - Repeat Customer
13456,7,2011-05-16 15:34:00.0000000,2011-11-22 09:18:00.0000000,207,63,At Risk - Repeat Customer
13458,22,2010-12-15 12:05:00.0000000,2011-12-02 15:29:00.0000000,359,63,At Risk - Repeat Customer
13460,2,2011-10-21 09:50:00.0000000,2011-11-10 17:17:00.0000000,49,63,Approaching At-Risk - Repeat Customer
13461,3,2011-06-29 10:23:00.0000000,2011-11-01 09:01:00.0000000,163,63,At Risk - Repeat Customer
13462,2,2011-04-01 11:20:00.0000000,2011-06-09 19:53:00.0000000,252,63,At Risk - Repeat Customer
13464,1,2011-10-12 15:01:00.0000000,2011-10-12 15:01:00.0000000,58,63,Grace Period
13466,2,2011-06-08 16:39:00.0000000,2011-08-31 15:29:00.0000000,184,63,At Risk - Repeat Customer
13467,2,2011-11-03 16:56:00.0000000,2011-11-29 10:01:00.0000000,36,63,Healthy
13468,41,2010-12-01 15:08:00.0000000,2011-12-08 10:39:00.0000000,373,63,At Risk - Repeat Customer
13470,2,2011-08-16 17:06:00.0000000,2011-09-01 14:57:00.0000000,115,63,At Risk - Repeat Customer
13471,4,2011-10-23 13:10:00.0000000,2011-12-08 15:44:00.0000000,47,63,Healthy
13473,3,2011-01-11 08:45:00.0000000,2011-10-10 11:20:00.0000000,332,63,At Risk - Repeat Customer
13474,1,2011-04-17 13:53:00.0000000,2011-04-17 13:53:00.0000000,236,63,At Risk - First_Customer
13475,4,2011-02-14 12:36:00.0000000,2011-06-01 13:52:00.0000000,298,63,At Risk - Repeat Customer
13476,4,2011-03-03 14:43:00.0000000,2011-06-14 12:00:00.0000000,281,63,At Risk - Repeat Customer
13477,8,2011-02-21 12:29:00.0000000,2011-11-02 12:04:00.0000000,291,63,At Risk - Repeat Customer
13479,3,2011-04-19 11:27:00.0000000,2011-05-25 16:49:00.0000000,234,63,At Risk - Repeat Customer
13481,8,2010-12-06 15:12:00.0000000,2011-10-25 09:07:00.0000000,368,63,At Risk - Repeat Customer
13482,1,2011-04-21 17:03:00.0000000,2011-04-21 17:03:00.0000000,232,63,At Risk - First_Customer
13483,1,2011-10-05 11:53:00.0000000,2011-10-05 11:53:00.0000000,65,63,At Risk - First_Customer
13484,1,2011-04-12 16:30:00.0000000,2011-04-12 16:30:00.0000000,241,63,At Risk - First_Customer
13485,1,2011-04-20 13:58:00.0000000,2011-04-20 13:58:00.0000000,233,63,At Risk - First_Customer
13486,3,2011-07-07 17:19:00.0000000,2011-09-22 13:13:00.0000000,155,63,At Risk - Repeat Customer
13487,3,2010-12-21 14:54:00.0000000,2011-10-13 12:07:00.0000000,353,63,At Risk - Repeat Customer
13488,17,2010-12-07 13:01:00.0000000,2011-11-22 14:41:00.0000000,367,63,At Risk - Repeat Customer
13489,4,2011-02-18 10:42:00.0000000,2011-08-26 13:16:00.0000000,294,63,At Risk - Repeat Customer
13491,10,2010-12-02 14:30:00.0000000,2011-10-19 08:32:00.0000000,372,63,At Risk - Repeat Customer
13492,3,2011-05-09 10:06:00.0000000,2011-07-26 14:25:00.0000000,214,63,At Risk - Repeat Customer
13493,2,2011-02-25 16:42:00.0000000,2011-03-09 15:35:00.0000000,287,63,At Risk - Repeat Customer
13494,1,2011-02-01 11:58:00.0000000,2011-02-01 11:58:00.0000000,311,63,At Risk - First_Customer
13495,6,2010-12-06 15:14:00.0000000,2011-12-02 11:21:00.0000000,368,63,At Risk - Repeat Customer
13496,3,2010-12-15 10:17:00.0000000,2011-11-29 10:58:00.0000000,359,63,At Risk - Repeat Customer
13497,3,2010-12-06 11:37:00.0000000,2011-03-02 09:04:00.0000000,368,63,At Risk - Repeat Customer
13499,7,2011-03-15 08:52:00.0000000,2011-11-22 11:21:00.0000000,269,63,At Risk - Repeat Customer
13500,4,2011-08-09 12:20:00.0000000,2011-11-16 15:35:00.0000000,122,63,At Risk - Repeat Customer
13501,2,2011-02-24 18:59:00.0000000,2011-04-11 09:35:00.0000000,288,63,At Risk - Repeat Customer
13502,3,2011-01-20 09:03:00.0000000,2011-11-23 10:39:00.0000000,323,63,At Risk - Repeat Customer
13503,1,2011-09-29 13:23:00.0000000,2011-09-29 13:23:00.0000000,71,63,At Risk - First_Customer
13504,1,2011-10-06 13:20:00.0000000,2011-10-06 13:20:00.0000000,64,63,At Risk - First_Customer
13505,8,2011-04-21 12:07:00.0000000,2011-10-03 12:14:00.0000000,232,63,At Risk - Repeat Customer
13506,3,2010-12-05 12:15:00.0000000,2011-01-31 15:27:00.0000000,369,63,At Risk - Repeat Customer
13507,4,2011-07-17 11:50:00.0000000,2011-12-06 13:13:00.0000000,145,63,At Risk - Repeat Customer
13508,1,2011-04-10 11:58:00.0000000,2011-04-10 11:58:00.0000000,243,63,At Risk - First_Customer
13509,7,2011-02-28 13:27:00.0000000,2011-12-01 10:10:00.0000000,284,63,At Risk - Repeat Customer
13510,5,2011-06-09 09:32:00.0000000,2011-12-08 13:46:00.0000000,183,63,At Risk - Repeat Customer
13512,1,2011-03-24 10:03:00.0000000,2011-03-24 10:03:00.0000000,260,63,At Risk - First_Customer
13513,1,2011-08-05 11:50:00.0000000,2011-08-05 11:50:00.0000000,126,63,At Risk - First_Customer
13514,1,2011-09-27 09:39:00.0000000,2011-09-27 09:39:00.0000000,73,63,At Risk - First_Customer
13515,4,2011-04-06 10:33:00.0000000,2011-09-28 11:26:00.0000000,247,63,At Risk - Repeat Customer
13516,3,2011-04-15 11:06:00.0000000,2011-11-18 13:15:00.0000000,238,63,At Risk - Repeat Customer
13517,5,2011-06-13 08:44:00.0000000,2011-10-11 11:43:00.0000000,179,63,At Risk - Repeat Customer
13518,1,2011-09-15 10:29:00.0000000,2011-09-15 10:29:00.0000000,85,63,At Risk - First_Customer
13519,2,2011-09-22 18:24:00.0000000,2011-10-20 15:56:00.0000000,78,63,At Risk - Repeat Customer
13520,8,2010-12-03 10:36:00.0000000,2011-10-12 10:20:00.0000000,371,63,At Risk - Repeat Customer
13521,3,2011-11-29 15:09:00.0000000,2011-12-08 13:50:00.0000000,10,63,Healthy
13522,1,2011-11-09 15:11:00.0000000,2011-11-09 15:11:00.0000000,30,63,Grace Period
13523,6,2010-12-08 14:22:00.0000000,2011-11-06 15:11:00.0000000,366,63,At Risk - Repeat Customer
13524,5,2011-05-04 12:26:00.0000000,2011-10-30 12:34:00.0000000,219,63,At Risk - Repeat Customer
13525,2,2011-04-05 15:36:00.0000000,2011-11-25 12:01:00.0000000,248,63,At Risk - Repeat Customer
13527,8,2011-01-17 11:17:00.0000000,2011-11-06 12:04:00.0000000,326,63,At Risk - Repeat Customer
13529,2,2011-05-19 11:50:00.0000000,2011-09-22 09:15:00.0000000,204,63,At Risk - Repeat Customer
13531,2,2010-12-08 15:03:00.0000000,2011-05-18 16:56:00.0000000,366,63,At Risk - Repeat Customer
13532,1,2011-11-06 12:25:00.0000000,2011-11-06 12:25:00.0000000,33,63,Grace Period
13533,3,2011-03-17 12:47:00.0000000,2011-06-10 11:54:00.0000000,267,63,At Risk - Repeat Customer
13534,40,2010-12-16 15:23:00.0000000,2011-12-07 14:52:00.0000000,358,63,At Risk - Repeat Customer
13536,7,2011-09-25 13:30:00.0000000,2011-12-08 16:38:00.0000000,75,63,At Risk - Repeat Customer
13538,7,2011-01-28 10:40:00.0000000,2011-10-27 16:34:00.0000000,315,63,At Risk - Repeat Customer
13539,4,2011-02-03 15:23:00.0000000,2011-09-15 10:18:00.0000000,309,63,At Risk - Repeat Customer
13544,2,2011-04-13 12:09:00.0000000,2011-10-31 11:57:00.0000000,240,63,At Risk - Repeat Customer
13546,3,2011-05-23 12:14:00.0000000,2011-11-27 14:50:00.0000000,200,63,At Risk - Repeat Customer
13548,2,2011-04-10 11:35:00.0000000,2011-09-04 14:50:00.0000000,243,63,At Risk - Repeat Customer
13549,8,2011-04-11 13:42:00.0000000,2011-11-14 09:20:00.0000000,242,63,At Risk - Repeat Customer
13551,1,2011-01-24 14:46:00.0000000,2011-01-24 14:46:00.0000000,319,63,At Risk - First_Customer
13552,16,2011-01-28 10:10:00.0000000,2011-10-04 15:19:00.0000000,315,63,At Risk - Repeat Customer
13555,4,2011-05-22 11:06:00.0000000,2011-09-27 12:36:00.0000000,201,63,At Risk - Repeat Customer
13557,2,2011-03-04 12:14:00.0000000,2011-11-11 15:24:00.0000000,280,63,At Risk - Repeat Customer
13558,4,2011-10-02 13:01:00.0000000,2011-12-04 11:24:00.0000000,68,63,At Risk - Repeat Customer
13560,1,2011-12-02 13:11:00.0000000,2011-12-02 13:11:00.0000000,7,63,Grace Period
13561,1,2011-05-08 12:39:00.0000000,2011-05-08 12:39:00.0000000,215,63,At Risk - First_Customer
13562,3,2011-04-08 12:42:00.0000000,2011-09-19 10:51:00.0000000,245,63,At Risk - Repeat Customer
13563,2,2011-07-22 17:21:00.0000000,2011-09-16 14:45:00.0000000,140,63,At Risk - Repeat Customer
13564,5,2010-12-06 17:26:00.0000000,2011-07-18 14:35:00.0000000,368,63,At Risk - Repeat Customer
13565,2,2011-01-09 14:28:00.0000000,2011-11-20 14:33:00.0000000,334,63,At Risk - Repeat Customer
13566,2,2011-09-18 12:40:00.0000000,2011-10-30 11:59:00.0000000,82,63,At Risk - Repeat Customer
13568,1,2011-06-19 14:42:00.0000000,2011-06-19 14:42:00.0000000,173,63,At Risk - First_Customer
13569,2,2010-12-07 12:29:00.0000000,2011-11-22 13:07:00.0000000,367,63,At Risk - Repeat Customer
13570,1,2011-04-10 13:36:00.0000000,2011-04-10 13:36:00.0000000,243,63,At Risk - First_Customer
13571,12,2011-03-31 12:43:00.0000000,2011-11-27 10:47:00.0000000,253,63,At Risk - Repeat Customer
13572,1,2011-05-18 11:59:00.0000000,2011-05-18 11:59:00.0000000,205,63,At Risk - First_Customer
13573,2,2011-03-31 14:47:00.0000000,2011-10-20 14:33:00.0000000,253,63,At Risk - Repeat Customer
13575,5,2011-06-16 14:24:00.0000000,2011-11-16 13:14:00.0000000,176,63,At Risk - Repeat Customer
13576,20,2010-12-01 17:24:00.0000000,2011-11-29 15:34:00.0000000,373,63,At Risk - Repeat Customer
13577,5,2011-04-12 10:33:00.0000000,2011-11-14 15:19:00.0000000,241,63,At Risk - Repeat Customer
13579,2,2010-12-05 16:10:00.0000000,2011-11-25 08:41:00.0000000,369,63,At Risk - Repeat Customer
13581,1,2011-02-03 14:41:00.0000000,2011-02-03 14:41:00.0000000,309,63,At Risk - First_Customer
13583,1,2011-07-07 10:40:00.0000000,2011-07-07 10:40:00.0000000,155,63,At Risk - First_Customer
13584,1,2011-02-06 12:49:00.0000000,2011-02-06 12:49:00.0000000,306,63,At Risk - First_Customer
13587,3,2011-10-07 12:31:00.0000000,2011-11-08 11:17:00.0000000,63,63,Approaching At-Risk - Repeat Customer
13588,13,2011-03-29 15:53:00.0000000,2011-11-24 10:42:00.0000000,255,63,At Risk - Repeat Customer
13589,2,2011-06-13 12:44:00.0000000,2011-11-25 12:10:00.0000000,179,63,At Risk - Repeat Customer
13590,7,2011-02-09 13:25:00.0000000,2011-11-28 12:54:00.0000000,303,63,At Risk - Repeat Customer
13591,3,2011-03-18 12:18:00.0000000,2011-10-06 12:26:00.0000000,266,63,At Risk - Repeat Customer
13592,4,2011-03-20 14:01:00.0000000,2011-11-04 09:49:00.0000000,264,63,At Risk - Repeat Customer
13593,5,2011-01-07 16:32:00.0000000,2011-08-23 13:35:00.0000000,336,63,At Risk - Repeat Customer
13594,1,2011-10-18 10:19:00.0000000,2011-10-18 10:19:00.0000000,52,63,Grace Period
13596,2,2011-11-27 11:57:00.0000000,2011-12-04 12:01:00.0000000,12,63,Healthy
13598,2,2011-10-23 14:28:00.0000000,2011-10-23 14:35:00.0000000,47,63,Healthy
13599,31,2010-12-08 10:11:00.0000000,2011-12-08 19:26:00.0000000,366,63,At Risk - Repeat Customer
13600,1,2011-01-31 15:27:00.0000000,2011-01-31 15:27:00.0000000,312,63,At Risk - First_Customer
13601,2,2011-05-12 16:52:00.0000000,2011-10-25 17:31:00.0000000,211,63,At Risk - Repeat Customer
13602,1,2011-10-06 11:47:00.0000000,2011-10-06 11:47:00.0000000,64,63,At Risk - First_Customer
13603,1,2011-11-13 15:57:00.0000000,2011-11-13 15:57:00.0000000,26,63,Grace Period
13606,3,2011-02-01 11:42:00.0000000,2011-11-10 17:46:00.0000000,311,63,At Risk - Repeat Customer
13607,1,2011-10-30 16:17:00.0000000,2011-10-30 16:17:00.0000000,40,63,Grace Period
13610,9,2011-02-27 14:44:00.0000000,2011-11-27 15:38:00.0000000,285,63,At Risk - Repeat Customer
13611,4,2010-12-15 10:31:00.0000000,2011-09-11 14:51:00.0000000,359,63,At Risk - Repeat Customer
13614,4,2011-01-13 12:37:00.0000000,2011-11-15 14:47:00.0000000,330,63,At Risk - Repeat Customer
13615,2,2011-01-25 08:21:00.0000000,2011-01-31 11:29:00.0000000,318,63,At Risk - Repeat Customer
13617,3,2011-06-12 12:55:00.0000000,2011-10-30 13:50:00.0000000,180,63,At Risk - Repeat Customer
13618,1,2011-06-19 11:09:00.0000000,2011-06-19 11:09:00.0000000,173,63,At Risk - First_Customer
13621,1,2011-08-15 08:26:00.0000000,2011-08-15 08:26:00.0000000,116,63,At Risk - First_Customer
13623,7,2011-02-15 12:55:00.0000000,2011-11-09 12:00:00.0000000,297,63,At Risk - Repeat Customer
13626,1,2011-04-01 10:05:00.0000000,2011-04-01 10:05:00.0000000,252,63,At Risk - First_Customer
13627,7,2010-12-17 09:52:00.0000000,2011-10-11 14:20:00.0000000,357,63,At Risk - Repeat Customer
13629,11,2011-01-05 12:09:00.0000000,2011-11-16 13:21:00.0000000,338,63,At Risk - Repeat Customer
13630,11,2011-02-27 12:49:00.0000000,2011-12-04 15:16:00.0000000,285,63,At Risk - Repeat Customer
13631,12,2011-03-17 17:13:00.0000000,2011-09-01 09:57:00.0000000,267,63,At Risk - Repeat Customer
13632,6,2011-04-10 15:07:00.0000000,2011-11-15 10:51:00.0000000,243,63,At Risk - Repeat Customer
13634,5,2011-01-16 15:30:00.0000000,2011-11-06 13:40:00.0000000,327,63,At Risk - Repeat Customer
13635,1,2011-10-03 10:55:00.0000000,2011-10-03 10:55:00.0000000,67,63,At Risk - First_Customer
13636,6,2011-02-27 14:29:00.0000000,2011-11-03 10:30:00.0000000,285,63,At Risk - Repeat Customer
13637,3,2011-04-27 13:06:00.0000000,2011-10-18 13:32:00.0000000,226,63,At Risk - Repeat Customer
13638,1,2011-11-24 10:38:00.0000000,2011-11-24 10:38:00.0000000,15,63,Grace Period
13639,1,2011-09-26 13:36:00.0000000,2011-09-26 13:36:00.0000000,74,63,At Risk - First_Customer
13642,1,2011-05-08 12:34:00.0000000,2011-05-08 12:34:00.0000000,215,63,At Risk - First_Customer
13643,3,2011-06-07 11:40:00.0000000,2011-11-08 15:37:00.0000000,185,63,At Risk - Repeat Customer
13644,5,2011-08-26 11:53:00.0000000,2011-12-01 08:18:00.0000000,105,63,At Risk - Repeat Customer
13645,1,2011-08-11 16:11:00.0000000,2011-08-11 16:11:00.0000000,120,63,At Risk - First_Customer
13647,5,2011-04-19 09:49:00.0000000,2011-11-30 12:00:00.0000000,234,63,At Risk - Repeat Customer
13649,2,2010-12-08 14:46:00.0000000,2011-03-28 11:51:00.0000000,366,63,At Risk - Repeat Customer
13650,6,2011-03-17 12:37:00.0000000,2011-11-23 12:22:00.0000000,267,63,At Risk - Repeat Customer
13651,2,2011-10-31 12:11:00.0000000,2011-11-04 14:59:00.0000000,39,63,Healthy
13652,3,2010-12-06 09:21:00.0000000,2011-10-25 08:51:00.0000000,368,63,At Risk - Repeat Customer
13654,6,2011-03-11 12:54:00.0000000,2011-10-27 16:24:00.0000000,273,63,At Risk - Repeat Customer
13655,2,2011-04-12 09:53:00.0000000,2011-08-17 14:25:00.0000000,241,63,At Risk - Repeat Customer
13656,2,2011-01-06 15:42:00.0000000,2011-06-28 10:31:00.0000000,337,63,At Risk - Repeat Customer
13657,2,2011-05-22 12:35:00.0000000,2011-11-29 12:32:00.0000000,201,63,At Risk - Repeat Customer
13658,7,2011-05-19 17:15:00.0000000,2011-11-30 10:13:00.0000000,204,63,At Risk - Repeat Customer
13659,3,2011-01-23 12:08:00.0000000,2011-05-26 19:56:00.0000000,320,63,At Risk - Repeat Customer
13662,7,2011-03-25 13:23:00.0000000,2011-09-15 12:04:00.0000000,259,63,At Risk - Repeat Customer
13663,1,2011-06-13 15:44:00.0000000,2011-06-13 15:44:00.0000000,179,63,At Risk - First_Customer
13666,3,2011-02-25 13:05:00.0000000,2011-10-10 15:39:00.0000000,287,63,At Risk - Repeat Customer
13667,1,2011-07-13 15:42:00.0000000,2011-07-13 15:42:00.0000000,149,63,At Risk - First_Customer
13668,29,2010-12-12 12:35:00.0000000,2011-12-07 12:14:00.0000000,362,63,At Risk - Repeat Customer
13669,2,2011-07-13 11:44:00.0000000,2011-10-20 09:32:00.0000000,149,63,At Risk - Repeat Customer
13670,1,2011-09-25 15:25:00.0000000,2011-09-25 15:25:00.0000000,75,63,At Risk - First_Customer
13672,6,2011-01-10 12:02:00.0000000,2011-02-11 13:55:00.0000000,333,63,At Risk - Repeat Customer
13673,2,2011-11-07 15:40:00.0000000,2011-11-21 12:11:00.0000000,32,63,Healthy
13675,2,2011-02-28 12:14:00.0000000,2011-07-11 12:57:00.0000000,284,63,At Risk - Repeat Customer
13678,1,2011-07-11 10:14:00.0000000,2011-07-11 10:14:00.0000000,151,63,At Risk - First_Customer
13680,5,2011-01-04 14:12:00.0000000,2011-12-08 13:47:00.0000000,339,63,At Risk - Repeat Customer
13681,4,2011-07-07 15:21:00.0000000,2011-11-22 11:13:00.0000000,155,63,At Risk - Repeat Customer
13682,1,2011-06-05 14:06:00.0000000,2011-06-05 14:06:00.0000000,187,63,At Risk - First_Customer
13684,2,2011-02-27 10:13:00.0000000,2011-02-27 10:25:00.0000000,285,63,At Risk - Repeat Customer
13685,7,2011-10-10 12:59:00.0000000,2011-12-07 11:41:00.0000000,60,63,Approaching At-Risk - Repeat Customer
13686,1,2011-06-10 09:10:00.0000000,2011-06-10 09:10:00.0000000,182,63,At Risk - First_Customer
13689,1,2011-10-07 13:21:00.0000000,2011-10-07 13:21:00.0000000,63,63,At Risk - First_Customer
13690,1,2011-10-11 15:03:00.0000000,2011-10-11 15:03:00.0000000,59,63,Grace Period
13692,5,2011-04-17 12:57:00.0000000,2011-11-15 11:17:00.0000000,236,63,At Risk - Repeat Customer
13693,2,2011-01-18 15:21:00.0000000,2011-01-18 15:23:00.0000000,325,63,At Risk - Repeat Customer
13694,60,2010-12-01 12:12:00.0000000,2011-12-06 09:32:00.0000000,373,63,At Risk - Repeat Customer
13695,15,2011-03-25 11:31:00.0000000,2011-11-08 14:26:00.0000000,259,63,At Risk - Repeat Customer
13697,1,2011-11-01 09:14:00.0000000,2011-11-01 09:14:00.0000000,38,63,Grace Period
13699,1,2011-07-07 16:51:00.0000000,2011-07-07 16:51:00.0000000,155,63,At Risk - First_Customer
13700,10,2011-01-16 13:18:00.0000000,2011-11-13 13:00:00.0000000,327,63,At Risk - Repeat Customer
13703,1,2011-01-25 13:10:00.0000000,2011-01-25 13:10:00.0000000,318,63,At Risk - First_Customer
13704,10,2011-09-12 14:40:00.0000000,2011-12-04 15:13:00.0000000,88,63,At Risk - Repeat Customer
13705,3,2010-12-01 10:29:00.0000000,2011-12-02 12:32:00.0000000,373,63,At Risk - Repeat Customer
13706,1,2011-02-10 09:21:00.0000000,2011-02-10 09:21:00.0000000,302,63,At Risk - First_Customer
13707,2,2011-01-28 13:27:00.0000000,2011-03-17 18:03:00.0000000,315,63,At Risk - Repeat Customer
13708,1,2011-03-13 13:46:00.0000000,2011-03-13 13:46:00.0000000,271,63,At Risk - First_Customer
13709,17,2011-01-28 14:57:00.0000000,2011-12-06 10:28:00.0000000,315,63,At Risk - Repeat Customer
13710,1,2011-11-08 08:16:00.0000000,2011-11-08 08:16:00.0000000,31,63,Grace Period
13711,2,2011-05-05 10:29:00.0000000,2011-05-05 10:31:00.0000000,218,63,At Risk - Repeat Customer
13712,1,2011-04-07 12:33:00.0000000,2011-04-07 12:33:00.0000000,246,63,At Risk - First_Customer
13715,7,2010-12-02 08:52:00.0000000,2011-03-03 19:21:00.0000000,372,63,At Risk - Repeat Customer
13716,1,2011-03-15 13:49:00.0000000,2011-03-15 13:49:00.0000000,269,63,At Risk - First_Customer
13717,7,2011-02-14 13:21:00.0000000,2011-11-07 14:13:00.0000000,298,63,At Risk - Repeat Customer
13718,2,2011-02-17 11:58:00.0000000,2011-04-07 13:24:00.0000000,295,63,At Risk - Repeat Customer
13719,5,2011-04-19 13:56:00.0000000,2011-11-24 15:26:00.0000000,234,63,At Risk - Repeat Customer
13720,4,2011-03-30 09:17:00.0000000,2011-08-15 12:46:00.0000000,254,63,At Risk - Repeat Customer
13721,1,2011-11-03 14:05:00.0000000,2011-11-03 14:05:00.0000000,36,63,Grace Period
13722,4,2011-03-02 11:43:00.0000000,2011-08-11 15:26:00.0000000,282,63,At Risk - Repeat Customer
13723,1,2011-05-06 17:04:00.0000000,2011-05-06 17:04:00.0000000,217,63,At Risk - First_Customer
13725,11,2011-02-04 12:18:00.0000000,2011-10-21 10:03:00.0000000,308,63,At Risk - Repeat Customer
13726,2,2011-08-31 11:06:00.0000000,2011-11-01 10:49:00.0000000,100,63,At Risk - Repeat Customer
13727,2,2011-11-06 12:16:00.0000000,2011-11-11 09:46:00.0000000,33,63,Healthy
13728,6,2011-02-02 12:09:00.0000000,2011-11-03 10:49:00.0000000,310,63,At Risk - Repeat Customer
13730,2,2011-07-01 12:47:00.0000000,2011-07-27 08:35:00.0000000,161,63,At Risk - Repeat Customer
13731,2,2011-04-07 10:10:00.0000000,2011-05-04 14:33:00.0000000,246,63,At Risk - Repeat Customer
13732,1,2011-11-11 15:49:00.0000000,2011-11-11 15:49:00.0000000,28,63,Grace Period
13735,8,2011-04-19 12:40:00.0000000,2011-11-15 11:14:00.0000000,234,63,At Risk - Repeat Customer
13736,3,2011-03-24 13:04:00.0000000,2011-12-04 15:19:00.0000000,260,63,At Risk - Repeat Customer
13737,1,2011-05-23 16:32:00.0000000,2011-05-23 16:32:00.0000000,200,63,At Risk - First_Customer
13739,1,2011-11-21 13:35:00.0000000,2011-11-21 13:35:00.0000000,18,63,Grace Period
13740,1,2011-04-13 10:32:00.0000000,2011-04-13 10:32:00.0000000,240,63,At Risk - First_Customer
13741,4,2011-05-06 13:43:00.0000000,2011-09-29 09:19:00.0000000,217,63,At Risk - Repeat Customer
13742,14,2011-01-23 14:59:00.0000000,2011-11-23 11:07:00.0000000,320,63,At Risk - Repeat Customer
13743,8,2011-03-25 14:46:00.0000000,2011-12-07 10:09:00.0000000,259,63,At Risk - Repeat Customer
13744,2,2011-02-20 14:08:00.0000000,2011-09-05 15:19:00.0000000,292,63,At Risk - Repeat Customer
13745,2,2011-06-30 16:43:00.0000000,2011-07-11 14:21:00.0000000,162,63,At Risk - Repeat Customer
13747,1,2010-12-01 10:37:00.0000000,2010-12-01 10:37:00.0000000,373,63,At Risk - First_Customer
13748,4,2010-12-01 09:00:00.0000000,2011-09-05 09:45:00.0000000,373,63,At Risk - Repeat Customer
13750,5,2011-01-07 11:49:00.0000000,2011-10-17 12:16:00.0000000,336,63,At Risk - Repeat Customer
13751,1,2011-02-24 15:56:00.0000000,2011-02-24 15:56:00.0000000,288,63,At Risk - First_Customer
13752,6,2011-04-07 12:04:00.0000000,2011-08-07 14:16:00.0000000,246,63,At Risk - Repeat Customer
13753,1,2011-02-25 12:48:00.0000000,2011-02-25 12:48:00.0000000,287,63,At Risk - First_Customer
13754,2,2011-01-26 14:58:00.0000000,2011-07-11 11:51:00.0000000,317,63,At Risk - Repeat Customer
13755,10,2011-10-07 15:45:00.0000000,2011-12-06 12:26:00.0000000,63,63,Approaching At-Risk - Repeat Customer
13756,15,2010-12-07 11:41:00.0000000,2011-12-07 16:44:00.0000000,367,63,At Risk - Repeat Customer
13758,7,2010-12-01 12:08:00.0000000,2011-11-28 11:11:00.0000000,373,63,At Risk - Repeat Customer
13759,2,2011-09-29 15:40:00.0000000,2011-11-06 14:47:00.0000000,71,63,At Risk - Repeat Customer
13760,2,2011-03-28 12:52:00.0000000,2011-10-16 16:13:00.0000000,256,63,At Risk - Repeat Customer
13761,2,2011-06-13 08:43:00.0000000,2011-10-20 14:01:00.0000000,179,63,At Risk - Repeat Customer
13762,2,2011-05-05 09:15:00.0000000,2011-05-19 15:23:00.0000000,218,63,At Risk - Repeat Customer
13763,3,2011-06-21 17:40:00.0000000,2011-10-07 15:13:00.0000000,171,63,At Risk - Repeat Customer
13764,3,2011-01-06 14:53:00.0000000,2011-09-30 12:03:00.0000000,337,63,At Risk - Repeat Customer
13767,51,2010-12-01 10:47:00.0000000,2011-12-07 15:00:00.0000000,373,63,At Risk - Repeat Customer
13769,16,2010-12-07 13:28:00.0000000,2011-12-07 15:08:00.0000000,367,63,At Risk - Repeat Customer
13771,5,2011-04-06 15:47:00.0000000,2011-10-06 14:18:00.0000000,247,63,At Risk - Repeat Customer
13772,3,2011-04-14 12:31:00.0000000,2011-11-06 11:43:00.0000000,239,63,At Risk - Repeat Customer
13774,1,2011-09-19 12:06:00.0000000,2011-09-19 12:06:00.0000000,81,63,At Risk - First_Customer
13777,40,2010-12-01 16:01:00.0000000,2011-12-09 12:25:00.0000000,373,63,At Risk - Repeat Customer
13778,1,2011-08-28 15:25:00.0000000,2011-08-28 15:25:00.0000000,103,63,At Risk - First_Customer
13780,2,2011-06-22 11:43:00.0000000,2011-12-02 13:49:00.0000000,170,63,At Risk - Repeat Customer
13781,1,2011-04-03 12:08:00.0000000,2011-04-03 12:08:00.0000000,250,63,At Risk - First_Customer
13782,6,2011-01-16 11:08:00.0000000,2011-11-27 11:54:00.0000000,327,63,At Risk - Repeat Customer
13784,11,2011-01-11 14:38:00.0000000,2011-11-30 09:33:00.0000000,332,63,At Risk - Repeat Customer
13786,1,2010-12-07 13:53:00.0000000,2010-12-07 13:53:00.0000000,367,63,At Risk - First_Customer
13787,2,2010-12-10 14:45:00.0000000,2011-09-25 12:06:00.0000000,364,63,At Risk - Repeat Customer
13790,1,2011-12-05 15:48:00.0000000,2011-12-05 15:48:00.0000000,4,63,Grace Period
13791,3,2011-06-24 16:38:00.0000000,2011-10-27 14:38:00.0000000,168,63,At Risk - Repeat Customer
13792,2,2011-02-25 14:03:00.0000000,2011-10-04 14:31:00.0000000,287,63,At Risk - Repeat Customer
13798,63,2010-12-02 17:24:00.0000000,2011-12-08 15:51:00.0000000,372,63,At Risk - Repeat Customer
13799,2,2011-02-18 14:18:00.0000000,2011-08-15 12:07:00.0000000,294,63,At Risk - Repeat Customer
13800,1,2011-02-03 12:27:00.0000000,2011-02-03 12:27:00.0000000,309,63,At Risk - First_Customer
13801,1,2011-10-04 10:15:00.0000000,2011-10-04 10:15:00.0000000,66,63,At Risk - First_Customer
13802,6,2010-12-14 09:54:00.0000000,2011-07-24 13:26:00.0000000,360,63,At Risk - Repeat Customer
13803,1,2011-03-29 12:57:00.0000000,2011-03-29 12:57:00.0000000,255,63,At Risk - First_Customer
13804,7,2011-02-23 09:09:00.0000000,2011-11-09 12:32:00.0000000,289,63,At Risk - Repeat Customer
13805,2,2011-08-02 15:29:00.0000000,2011-10-18 14:50:00.0000000,129,63,At Risk - Repeat Customer
13806,1,2011-10-07 11:43:00.0000000,2011-10-07 11:43:00.0000000,63,63,At Risk - First_Customer
13807,1,2010-12-07 15:48:00.0000000,2010-12-07 15:48:00.0000000,367,63,At Risk - First_Customer
13808,5,2011-09-04 12:07:00.0000000,2011-12-04 12:18:00.0000000,96,63,At Risk - Repeat Customer
13809,1,2011-02-07 13:15:00.0000000,2011-02-07 13:15:00.0000000,305,63,At Risk - First_Customer
13810,4,2011-10-14 12:57:00.0000000,2011-11-11 08:33:00.0000000,56,63,Approaching At-Risk - Repeat Customer
13811,4,2011-04-14 18:40:00.0000000,2011-06-09 09:54:00.0000000,239,63,At Risk - Repeat Customer
13812,3,2011-08-26 12:54:00.0000000,2011-10-28 14:27:00.0000000,105,63,At Risk - Repeat Customer
13813,5,2011-07-28 10:33:00.0000000,2011-10-31 10:38:00.0000000,134,63,At Risk - Repeat Customer
13814,3,2011-07-25 13:54:00.0000000,2011-10-14 16:57:00.0000000,137,63,At Risk - Repeat Customer
13815,5,2011-01-25 12:16:00.0000000,2011-11-17 14:19:00.0000000,318,63,At Risk - Repeat Customer
13816,4,2011-10-06 14:37:00.0000000,2011-11-16 08:38:00.0000000,64,63,At Risk - Repeat Customer
13817,2,2010-12-23 11:46:00.0000000,2011-11-10 17:49:00.0000000,351,63,At Risk - Repeat Customer
13819,3,2011-01-24 10:38:00.0000000,2011-02-11 10:38:00.0000000,319,63,At Risk - Repeat Customer
13821,2,2011-03-23 11:30:00.0000000,2011-07-18 09:49:00.0000000,261,63,At Risk - Repeat Customer
13822,2,2011-10-30 15:55:00.0000000,2011-12-04 12:13:00.0000000,40,63,Healthy
13823,2,2011-09-09 10:42:00.0000000,2011-11-21 10:22:00.0000000,91,63,At Risk - Repeat Customer
13824,5,2011-02-02 13:07:00.0000000,2011-11-07 12:41:00.0000000,310,63,At Risk - Repeat Customer
13826,2,2011-06-16 13:48:00.0000000,2011-07-04 16:27:00.0000000,176,63,At Risk - Repeat Customer
13827,3,2011-07-19 15:38:00.0000000,2011-10-13 12:38:00.0000000,143,63,At Risk - Repeat Customer
13828,1,2011-11-17 16:02:00.0000000,2011-11-17 16:02:00.0000000,22,63,Grace Period
13829,1,2010-12-15 16:36:00.0000000,2010-12-15 16:36:00.0000000,359,63,At Risk - First_Customer
13831,6,2010-12-05 12:13:00.0000000,2011-11-23 15:41:00.0000000,369,63,At Risk - Repeat Customer
13832,2,2011-11-20 15:36:00.0000000,2011-11-22 12:31:00.0000000,19,63,Healthy
13833,1,2011-07-03 13:27:00.0000000,2011-07-03 13:27:00.0000000,159,63,At Risk - First_Customer
13835,4,2011-05-08 15:22:00.0000000,2011-11-14 15:37:00.0000000,215,63,At Risk - Repeat Customer
13837,2,2011-01-26 12:15:00.0000000,2011-05-12 12:10:00.0000000,317,63,At Risk - Repeat Customer
13838,4,2010-12-05 10:45:00.0000000,2011-12-04 11:00:00.0000000,369,63,At Risk - Repeat Customer
13841,1,2011-04-01 12:10:00.0000000,2011-04-01 12:10:00.0000000,252,63,At Risk - First_Customer
13842,9,2010-12-08 10:39:00.0000000,2011-10-12 10:51:00.0000000,366,63,At Risk - Repeat Customer
13844,1,2011-11-28 13:21:00.0000000,2011-11-28 13:21:00.0000000,11,63,Grace Period
13845,1,2011-10-06 08:25:00.0000000,2011-10-06 08:25:00.0000000,64,63,At Risk - First_Customer
13846,4,2010-12-14 16:07:00.0000000,2011-11-15 12:07:00.0000000,360,63,At Risk - Repeat Customer
13848,3,2010-12-08 15:10:00.0000000,2011-09-08 12:58:00.0000000,366,63,At Risk - Repeat Customer
13849,2,2011-06-22 10:11:00.0000000,2011-10-19 10:59:00.0000000,170,63,At Risk - Repeat Customer
13850,2,2011-08-02 14:04:00.0000000,2011-09-12 18:00:00.0000000,129,63,At Risk - Repeat Customer
13851,3,2011-02-24 17:18:00.0000000,2011-09-05 12:36:00.0000000,288,63,At Risk - Repeat Customer
13853,2,2011-10-13 14:18:00.0000000,2011-12-01 08:12:00.0000000,57,63,Approaching At-Risk - Repeat Customer
13854,29,2010-12-09 10:48:00.0000000,2011-12-01 09:06:00.0000000,365,63,At Risk - Repeat Customer
13856,5,2011-05-20 13:13:00.0000000,2011-06-24 10:03:00.0000000,203,63,At Risk - Repeat Customer
13858,1,2011-10-13 16:17:00.0000000,2011-10-13 16:17:00.0000000,57,63,Grace Period
13859,1,2011-01-17 16:14:00.0000000,2011-01-17 16:14:00.0000000,326,63,At Risk - First_Customer
13860,5,2011-09-14 09:27:00.0000000,2011-12-08 12:57:00.0000000,86,63,At Risk - Repeat Customer
13862,10,2011-01-11 15:13:00.0000000,2011-11-21 16:24:00.0000000,332,63,At Risk - Repeat Customer
13863,2,2011-04-06 10:20:00.0000000,2011-04-08 17:03:00.0000000,247,63,At Risk - Repeat Customer
13865,4,2011-02-23 12:04:00.0000000,2011-10-12 13:31:00.0000000,289,63,At Risk - Repeat Customer
13866,1,2011-09-26 14:54:00.0000000,2011-09-26 14:54:00.0000000,74,63,At Risk - First_Customer
13867,3,2011-05-05 17:28:00.0000000,2011-11-08 15:48:00.0000000,218,63,At Risk - Repeat Customer
13868,2,2011-11-01 12:45:00.0000000,2011-12-02 16:32:00.0000000,38,63,Healthy
13869,4,2010-12-17 15:14:00.0000000,2011-08-08 13:53:00.0000000,357,63,At Risk - Repeat Customer
13870,10,2011-02-25 09:09:00.0000000,2011-12-07 13:23:00.0000000,287,63,At Risk - Repeat Customer
13871,13,2011-02-04 09:30:00.0000000,2011-11-17 10:49:00.0000000,308,63,At Risk - Repeat Customer
13873,4,2011-02-03 09:37:00.0000000,2011-08-12 10:08:00.0000000,309,63,At Risk - Repeat Customer
13874,1,2010-12-16 18:20:00.0000000,2010-12-16 18:20:00.0000000,358,63,At Risk - First_Customer
13875,5,2011-02-11 15:39:00.0000000,2011-10-17 09:36:00.0000000,301,63,At Risk - Repeat Customer
13876,1,2011-10-07 10:22:00.0000000,2011-10-07 10:22:00.0000000,63,63,At Risk - First_Customer
13877,1,2011-09-14 15:49:00.0000000,2011-09-14 15:49:00.0000000,86,63,At Risk - First_Customer
13878,1,2011-10-16 12:19:00.0000000,2011-10-16 12:19:00.0000000,54,63,Grace Period
13880,13,2010-12-07 14:00:00.0000000,2011-11-18 13:44:00.0000000,367,63,At Risk - Repeat Customer
13881,22,2011-02-01 10:14:00.0000000,2011-12-06 12:50:00.0000000,311,63,At Risk - Repeat Customer
13882,6,2011-10-06 15:28:00.0000000,2011-12-07 11:16:00.0000000,64,63,At Risk - Repeat Customer
13883,9,2011-01-17 16:45:00.0000000,2011-12-08 19:20:00.0000000,326,63,At Risk - Repeat Customer
13884,6,2011-03-01 13:40:00.0000000,2011-12-02 16:30:00.0000000,283,63,At Risk - Repeat Customer
13885,2,2011-05-23 08:52:00.0000000,2011-06-03 15:07:00.0000000,200,63,At Risk - Repeat Customer
13886,1,2011-09-29 13:17:00.0000000,2011-09-29 13:17:00.0000000,71,63,At Risk - First_Customer
13887,1,2011-05-19 17:22:00.0000000,2011-05-19 17:22:00.0000000,204,63,At Risk - First_Customer
13888,2,2011-05-05 14:41:00.0000000,2011-08-12 10:13:00.0000000,218,63,At Risk - Repeat Customer
13889,1,2011-09-08 09:13:00.0000000,2011-09-08 09:13:00.0000000,92,63,At Risk - First_Customer
13890,14,2010-12-16 09:31:00.0000000,2011-12-08 15:36:00.0000000,358,63,At Risk - Repeat Customer
13892,4,2011-04-07 12:04:00.0000000,2011-11-13 11:50:00.0000000,246,63,At Risk - Repeat Customer
13893,1,2011-02-15 11:30:00.0000000,2011-02-15 11:30:00.0000000,297,63,At Risk - First_Customer
13894,5,2011-02-02 12:54:00.0000000,2011-11-17 13:35:00.0000000,310,63,At Risk - Repeat Customer
13895,5,2011-06-28 10:17:00.0000000,2011-11-18 17:15:00.0000000,164,63,At Risk - Repeat Customer
13897,1,2011-10-20 14:30:00.0000000,2011-10-20 14:30:00.0000000,50,63,Grace Period
13898,1,2011-01-18 10:28:00.0000000,2011-01-18 10:28:00.0000000,325,63,At Risk - First_Customer
13899,2,2011-03-10 09:30:00.0000000,2011-11-23 13:40:00.0000000,274,63,At Risk - Repeat Customer
13900,3,2011-03-22 10:13:00.0000000,2011-06-09 19:26:00.0000000,262,63,At Risk - Repeat Customer
13901,5,2011-01-25 09:01:00.0000000,2011-09-28 14:48:00.0000000,318,63,At Risk - Repeat Customer
13904,2,2011-02-18 11:18:00.0000000,2011-11-02 13:41:00.0000000,294,63,At Risk - Repeat Customer
13908,5,2011-03-08 12:04:00.0000000,2011-09-21 11:49:00.0000000,276,63,At Risk - Repeat Customer
13911,9,2011-02-04 14:46:00.0000000,2011-10-13 15:43:00.0000000,308,63,At Risk - Repeat Customer
13914,3,2011-11-03 16:28:00.0000000,2011-12-06 10:54:00.0000000,36,63,Healthy
13917,2,2011-06-01 12:46:00.0000000,2011-10-21 09:56:00.0000000,191,63,At Risk - Repeat Customer
13918,2,2011-03-31 18:05:00.0000000,2011-10-21 12:25:00.0000000,253,63,At Risk - Repeat Customer
13919,3,2011-08-10 10:15:00.0000000,2011-10-17 15:24:00.0000000,121,63,At Risk - Repeat Customer
13922,1,2010-12-23 10:38:00.0000000,2010-12-23 10:38:00.0000000,351,63,At Risk - First_Customer
13923,1,2011-10-17 12:33:00.0000000,2011-10-17 12:33:00.0000000,53,63,Grace Period
13924,11,2011-09-28 15:07:00.0000000,2011-12-08 09:39:00.0000000,72,63,At Risk - Repeat Customer
13925,5,2011-07-28 12:09:00.0000000,2011-11-03 13:00:00.0000000,134,63,At Risk - Repeat Customer
13926,1,2011-11-16 13:16:00.0000000,2011-11-16 13:16:00.0000000,23,63,Grace Period
13927,1,2011-09-26 12:00:00.0000000,2011-09-26 12:00:00.0000000,74,63,At Risk - First_Customer
13928,4,2011-07-29 15:59:00.0000000,2011-11-29 10:33:00.0000000,133,63,At Risk - Repeat Customer
13929,3,2011-01-17 15:11:00.0000000,2011-06-23 15:26:00.0000000,326,63,At Risk - Repeat Customer
13930,2,2011-07-26 11:00:00.0000000,2011-10-13 09:45:00.0000000,136,63,At Risk - Repeat Customer
13931,3,2011-03-04 08:43:00.0000000,2011-09-15 10:03:00.0000000,280,63,At Risk - Repeat Customer
13932,1,2011-02-18 12:02:00.0000000,2011-02-18 12:02:00.0000000,294,63,At Risk - First_Customer
13933,2,2011-07-14 13:35:00.0000000,2011-08-22 14:03:00.0000000,148,63,At Risk - Repeat Customer
13934,1,2011-03-21 08:39:00.0000000,2011-03-21 08:39:00.0000000,263,63,At Risk - First_Customer
13936,2,2011-06-13 08:47:00.0000000,2011-06-21 17:44:00.0000000,179,63,At Risk - Repeat Customer
13937,1,2011-06-23 16:35:00.0000000,2011-06-23 16:35:00.0000000,169,63,At Risk - First_Customer
13938,1,2011-11-04 14:37:00.0000000,2011-11-04 14:37:00.0000000,35,63,Grace Period
13939,4,2011-02-01 11:30:00.0000000,2011-11-16 13:33:00.0000000,311,63,At Risk - Repeat Customer
13940,4,2011-07-18 16:05:00.0000000,2011-11-22 15:15:00.0000000,144,63,At Risk - Repeat Customer
13941,7,2010-12-02 10:17:00.0000000,2011-11-18 09:43:00.0000000,372,63,At Risk - Repeat Customer
13946,3,2011-03-17 10:02:00.0000000,2011-09-21 13:33:00.0000000,267,63,At Risk - Repeat Customer
13947,1,2011-10-05 14:42:00.0000000,2011-10-05 14:42:00.0000000,65,63,At Risk - First_Customer
13948,1,2010-12-14 10:18:00.0000000,2010-12-14 10:18:00.0000000,360,63,At Risk - First_Customer
13949,6,2011-09-06 11:55:00.0000000,2011-12-07 09:35:00.0000000,94,63,At Risk - Repeat Customer
13950,5,2011-04-07 11:29:00.0000000,2011-11-28 14:44:00.0000000,246,63,At Risk - Repeat Customer
13951,3,2011-02-18 15:21:00.0000000,2011-06-16 16:43:00.0000000,294,63,At Risk - Repeat Customer
13952,3,2011-04-15 09:27:00.0000000,2011-05-12 19:27:00.0000000,238,63,At Risk - Repeat Customer
13953,7,2010-12-22 10:29:00.0000000,2011-12-02 16:04:00.0000000,352,63,At Risk - Repeat Customer
13954,3,2011-09-30 10:52:00.0000000,2011-12-08 12:50:00.0000000,70,63,At Risk - Repeat Customer
13955,2,2011-02-07 12:24:00.0000000,2011-07-08 17:19:00.0000000,305,63,At Risk - Repeat Customer
13956,5,2011-03-13 12:51:00.0000000,2011-12-04 13:20:00.0000000,271,63,At Risk - Repeat Customer
13958,1,2010-12-02 17:03:00.0000000,2010-12-02 17:03:00.0000000,372,63,At Risk - First_Customer
13959,3,2010-12-12 13:56:00.0000000,2011-09-21 15:06:00.0000000,362,63,At Risk - Repeat Customer
13960,2,2011-09-29 12:39:00.0000000,2011-11-18 15:27:00.0000000,71,63,At Risk - Repeat Customer
13962,2,2011-04-08 11:21:00.0000000,2011-11-18 08:47:00.0000000,245,63,At Risk - Repeat Customer
13963,4,2010-12-07 09:21:00.0000000,2011-02-04 14:43:00.0000000,367,63,At Risk - Repeat Customer
13967,1,2011-07-17 12:02:00.0000000,2011-07-17 12:02:00.0000000,145,63,At Risk - First_Customer
13969,20,2010-12-09 19:32:00.0000000,2011-12-02 15:11:00.0000000,365,63,At Risk - Repeat Customer
13971,11,2011-02-27 12:27:00.0000000,2011-12-01 08:27:00.0000000,285,63,At Risk - Repeat Customer
13972,2,2011-05-22 11:34:00.0000000,2011-09-30 11:54:00.0000000,201,63,At Risk - Repeat Customer
13973,1,2011-02-25 15:21:00.0000000,2011-02-25 15:21:00.0000000,287,63,At Risk - First_Customer
13974,1,2011-10-21 14:41:00.0000000,2011-10-21 14:41:00.0000000,49,63,Grace Period
13975,7,2011-03-08 12:19:00.0000000,2011-11-08 13:19:00.0000000,276,63,At Risk - Repeat Customer
13976,1,2011-05-17 09:13:00.0000000,2011-05-17 09:13:00.0000000,206,63,At Risk - First_Customer
13978,2,2011-10-25 15:04:00.0000000,2011-11-25 11:36:00.0000000,45,63,Healthy
13979,1,2011-09-27 13:32:00.0000000,2011-09-27 13:32:00.0000000,73,63,At Risk - First_Customer
13980,1,2011-10-10 13:34:00.0000000,2011-10-10 13:34:00.0000000,60,63,Grace Period
13982,5,2010-12-09 13:57:00.0000000,2011-10-31 16:24:00.0000000,365,63,At Risk - Repeat Customer
13983,13,2010-12-08 10:38:00.0000000,2011-11-10 11:06:00.0000000,366,63,At Risk - Repeat Customer
13984,6,2010-12-08 15:58:00.0000000,2011-11-13 12:38:00.0000000,366,63,At Risk - Repeat Customer
13985,16,2011-03-20 13:48:00.0000000,2011-12-05 17:06:00.0000000,264,63,At Risk - Repeat Customer
13986,1,2011-11-22 15:00:00.0000000,2011-11-22 15:00:00.0000000,17,63,Grace Period
13988,9,2011-03-30 11:48:00.0000000,2011-11-20 10:15:00.0000000,254,63,At Risk - Repeat Customer
13989,2,2011-04-14 15:39:00.0000000,2011-10-05 09:47:00.0000000,239,63,At Risk - Repeat Customer
13990,1,2011-05-10 15:19:00.0000000,2011-05-10 15:19:00.0000000,213,63,At Risk - First_Customer
13991,7,2011-07-19 12:58:00.0000000,2011-11-27 16:18:00.0000000,143,63,At Risk - Repeat Customer
13992,1,2011-11-09 15:23:00.0000000,2011-11-09 15:23:00.0000000,30,63,Grace Period
13993,12,2011-01-13 10:43:00.0000000,2011-11-07 13:00:00.0000000,330,63,At Risk - Repeat Customer
13994,6,2011-07-14 18:28:00.0000000,2011-12-06 11:05:00.0000000,148,63,At Risk - Repeat Customer
13995,6,2011-04-08 08:20:00.0000000,2011-11-24 14:22:00.0000000,245,63,At Risk - Repeat Customer
13999,15,2010-12-13 11:23:00.0000000,2011-11-29 13:40:00.0000000,361,63,At Risk - Repeat Customer
14000,2,2011-05-12 16:50:00.0000000,2011-05-17 13:44:00.0000000,211,63,At Risk - Repeat Customer
14001,4,2010-12-01 12:58:00.0000000,2011-10-25 10:31:00.0000000,373,63,At Risk - Repeat Customer
14002,2,2011-07-06 14:59:00.0000000,2011-07-28 15:55:00.0000000,156,63,At Risk - Repeat Customer
14004,7,2011-02-24 09:28:00.0000000,2011-10-27 14:40:00.0000000,288,63,At Risk - Repeat Customer
14005,5,2011-05-08 10:33:00.0000000,2011-11-30 12:41:00.0000000,215,63,At Risk - Repeat Customer
14006,3,2011-01-31 15:11:00.0000000,2011-08-16 09:39:00.0000000,312,63,At Risk - Repeat Customer
14009,3,2011-05-18 13:00:00.0000000,2011-05-25 15:47:00.0000000,205,63,At Risk - Repeat Customer
14012,1,2011-03-07 12:26:00.0000000,2011-03-07 12:26:00.0000000,277,63,At Risk - First_Customer
14013,3,2011-03-09 08:59:00.0000000,2011-08-21 15:01:00.0000000,275,63,At Risk - Repeat Customer
14014,1,2011-09-23 13:18:00.0000000,2011-09-23 13:18:00.0000000,77,63,At Risk - First_Customer
14015,1,2011-10-18 10:02:00.0000000,2011-10-18 10:02:00.0000000,52,63,Grace Period
14016,5,2010-12-17 14:21:00.0000000,2011-07-08 14:27:00.0000000,357,63,At Risk - Repeat Customer
14019,4,2011-07-24 15:39:00.0000000,2011-10-24 10:13:00.0000000,138,63,At Risk - Repeat Customer
14020,2,2011-09-12 15:32:00.0000000,2011-11-23 09:22:00.0000000,88,63,At Risk - Repeat Customer
14021,3,2011-03-28 15:10:00.0000000,2011-07-07 15:46:00.0000000,256,63,At Risk - Repeat Customer
14022,1,2011-04-28 14:39:00.0000000,2011-04-28 14:39:00.0000000,225,63,At Risk - First_Customer
14023,2,2011-04-03 15:50:00.0000000,2011-12-02 13:58:00.0000000,250,63,At Risk - Repeat Customer
14024,2,2011-08-07 13:31:00.0000000,2011-08-10 11:30:00.0000000,124,63,At Risk - Repeat Customer
14027,1,2011-10-10 09:01:00.0000000,2011-10-10 09:01:00.0000000,60,63,Grace Period
14029,2,2011-07-18 16:57:00.0000000,2011-10-07 14:46:00.0000000,144,63,At Risk - Repeat Customer
14030,8,2010-12-08 16:11:00.0000000,2011-11-21 16:48:00.0000000,366,63,At Risk - Repeat Customer
14031,23,2010-12-02 16:34:00.0000000,2011-12-02 17:13:00.0000000,372,63,At Risk - Repeat Customer
14032,18,2010-12-08 10:53:00.0000000,2011-12-07 15:23:00.0000000,366,63,At Risk - Repeat Customer
14034,4,2011-07-05 13:06:00.0000000,2011-11-17 14:02:00.0000000,157,63,At Risk - Repeat Customer
14035,5,2011-02-15 12:48:00.0000000,2011-11-11 10:03:00.0000000,297,63,At Risk - Repeat Customer
14036,1,2011-02-28 09:26:00.0000000,2011-02-28 09:26:00.0000000,284,63,At Risk - First_Customer
14037,2,2010-12-10 11:39:00.0000000,2011-06-16 13:57:00.0000000,364,63,At Risk - Repeat Customer
14038,4,2011-05-16 14:05:00.0000000,2011-09-22 13:37:00.0000000,207,63,At Risk - Repeat Customer
14039,1,2011-11-06 13:48:00.0000000,2011-11-06 13:48:00.0000000,33,63,Grace Period
14040,15,2011-01-12 14:57:00.0000000,2011-10-30 12:42:00.0000000,331,63,At Risk - Repeat Customer
14041,1,2011-03-18 13:25:00.0000000,2011-03-18 13:25:00.0000000,266,63,At Risk - First_Customer
14044,4,2011-02-03 11:39:00.0000000,2011-11-13 12:05:00.0000000,309,63,At Risk - Repeat Customer
14045,4,2010-12-01 11:32:00.0000000,2011-08-22 15:27:00.0000000,373,63,At Risk - Repeat Customer
14046,1,2011-02-28 14:48:00.0000000,2011-02-28 14:48:00.0000000,284,63,At Risk - First_Customer
14047,7,2010-12-02 10:09:00.0000000,2011-12-01 11:43:00.0000000,372,63,At Risk - Repeat Customer
14048,2,2011-02-07 14:53:00.0000000,2011-03-07 13:49:00.0000000,305,63,At Risk - Repeat Customer
14049,6,2011-01-26 10:30:00.0000000,2011-11-23 12:20:00.0000000,317,63,At Risk - Repeat Customer
14050,2,2011-08-25 13:46:00.0000000,2011-11-08 10:00:00.0000000,106,63,At Risk - Repeat Customer
14051,26,2010-12-08 12:49:00.0000000,2011-12-09 10:20:00.0000000,366,63,At Risk - Repeat Customer
14052,1,2011-11-20 12:30:00.0000000,2011-11-20 12:30:00.0000000,19,63,Grace Period
14053,2,2011-07-03 12:21:00.0000000,2011-08-07 14:27:00.0000000,159,63,At Risk - Repeat Customer
14054,1,2011-10-05 15:49:00.0000000,2011-10-05 15:49:00.0000000,65,63,At Risk - First_Customer
14055,1,2011-08-25 15:04:00.0000000,2011-08-25 15:04:00.0000000,106,63,At Risk - First_Customer
14056,29,2011-02-28 15:19:00.0000000,2011-12-08 13:36:00.0000000,284,63,At Risk - Repeat Customer
14057,18,2010-12-14 12:11:00.0000000,2011-11-16 10:32:00.0000000,360,63,At Risk - Repeat Customer
14059,1,2011-03-18 10:06:00.0000000,2011-03-18 10:06:00.0000000,266,63,At Risk - First_Customer
14060,20,2010-12-02 12:11:00.0000000,2011-12-05 12:29:00.0000000,372,63,At Risk - Repeat Customer
14062,12,2010-12-10 15:56:00.0000000,2011-11-30 10:04:00.0000000,364,63,At Risk - Repeat Customer
14064,7,2011-03-10 12:59:00.0000000,2011-11-10 13:14:00.0000000,274,63,At Risk - Repeat Customer
14066,1,2011-03-18 12:21:00.0000000,2011-03-18 12:21:00.0000000,266,63,At Risk - First_Customer
14067,2,2011-09-04 12:00:00.0000000,2011-10-07 10:21:00.0000000,96,63,At Risk - Repeat Customer
14068,1,2011-01-23 16:02:00.0000000,2011-01-23 16:02:00.0000000,320,63,At Risk - First_Customer
14071,9,2011-03-20 11:33:00.0000000,2011-12-06 12:27:00.0000000,264,63,At Risk - Repeat Customer
14073,2,2011-11-07 15:49:00.0000000,2011-11-18 16:14:00.0000000,32,63,Healthy
14075,3,2011-03-23 16:35:00.0000000,2011-12-05 08:38:00.0000000,261,63,At Risk - Repeat Customer
14076,1,2011-08-02 15:19:00.0000000,2011-08-02 15:19:00.0000000,129,63,At Risk - First_Customer
14077,5,2011-03-10 15:52:00.0000000,2011-10-30 12:35:00.0000000,274,63,At Risk - Repeat Customer
14078,6,2010-12-01 12:54:00.0000000,2011-08-30 12:16:00.0000000,373,63,At Risk - Repeat Customer
14079,1,2011-08-07 12:10:00.0000000,2011-08-07 12:10:00.0000000,124,63,At Risk - First_Customer
14080,1,2011-11-07 11:09:00.0000000,2011-11-07 11:09:00.0000000,32,63,Grace Period
14081,4,2010-12-05 15:47:00.0000000,2011-03-17 14:24:00.0000000,369,63,At Risk - Repeat Customer
14082,1,2010-12-10 11:02:00.0000000,2010-12-10 11:02:00.0000000,364,63,At Risk - First_Customer
14083,9,2010-12-03 12:24:00.0000000,2011-12-05 13:14:00.0000000,371,63,At Risk - Repeat Customer
14085,18,2010-12-06 12:39:00.0000000,2011-12-07 13:46:00.0000000,368,63,At Risk - Repeat Customer
14087,2,2011-12-07 12:28:00.0000000,2011-12-07 12:41:00.0000000,2,63,Healthy
14088,14,2011-01-21 13:07:00.0000000,2011-11-29 16:16:00.0000000,322,63,At Risk - Repeat Customer
14089,1,2011-10-14 10:38:00.0000000,2011-10-14 10:38:00.0000000,56,63,Grace Period
14090,1,2011-01-19 10:51:00.0000000,2011-01-19 10:51:00.0000000,324,63,At Risk - First_Customer
14092,17,2010-12-02 09:10:00.0000000,2011-12-02 12:13:00.0000000,372,63,At Risk - Repeat Customer
14093,1,2011-11-27 16:27:00.0000000,2011-11-27 16:27:00.0000000,12,63,Grace Period
14096,18,2011-08-30 10:49:00.0000000,2011-12-05 17:17:00.0000000,101,63,At Risk - Repeat Customer
14098,1,2011-11-03 10:13:00.0000000,2011-11-03 10:13:00.0000000,36,63,Grace Period
14099,12,2010-12-20 11:14:00.0000000,2011-11-23 13:53:00.0000000,354,63,At Risk - Repeat Customer
14100,1,2011-07-25 11:01:00.0000000,2011-07-25 11:01:00.0000000,137,63,At Risk - First_Customer
14101,6,2011-01-17 13:09:00.0000000,2011-09-27 12:28:00.0000000,326,63,At Risk - Repeat Customer
14102,8,2011-10-26 12:46:00.0000000,2011-12-04 15:38:00.0000000,44,63,Healthy
14104,2,2011-06-27 12:49:00.0000000,2011-07-08 12:50:00.0000000,165,63,At Risk - Repeat Customer
14105,2,2011-04-14 17:58:00.0000000,2011-09-15 16:13:00.0000000,239,63,At Risk - Repeat Customer
14107,8,2010-12-10 13:29:00.0000000,2011-10-19 12:12:00.0000000,364,63,At Risk - Repeat Customer
14108,3,2011-08-30 11:32:00.0000000,2011-11-09 10:41:00.0000000,101,63,At Risk - Repeat Customer
14109,2,2011-09-28 10:18:00.0000000,2011-11-16 13:51:00.0000000,72,63,At Risk - Repeat Customer
14110,13,2011-03-18 09:59:00.0000000,2011-12-06 12:26:00.0000000,266,63,At Risk - Repeat Customer
14111,5,2011-04-12 11:36:00.0000000,2011-11-25 13:44:00.0000000,241,63,At Risk - Repeat Customer
14112,12,2011-03-09 11:28:00.0000000,2011-11-17 12:30:00.0000000,275,63,At Risk - Repeat Customer
14113,8,2010-12-20 11:56:00.0000000,2011-12-06 12:18:00.0000000,354,63,At Risk - Repeat Customer
14114,2,2011-01-13 11:05:00.0000000,2011-03-11 09:42:00.0000000,330,63,At Risk - Repeat Customer
14116,5,2011-08-10 12:44:00.0000000,2011-11-20 10:29:00.0000000,121,63,At Risk - Repeat Customer
14117,1,2011-07-19 09:49:00.0000000,2011-07-19 09:49:00.0000000,143,63,At Risk - First_Customer
14119,1,2010-12-20 13:58:00.0000000,2010-12-20 13:58:00.0000000,354,63,At Risk - First_Customer
14121,6,2011-10-11 10:39:00.0000000,2011-12-06 12:19:00.0000000,59,63,Approaching At-Risk - Repeat Customer
14124,1,2011-09-16 13:32:00.0000000,2011-09-16 13:32:00.0000000,84,63,At Risk - First_Customer
14125,3,2011-09-22 15:40:00.0000000,2011-11-29 12:47:00.0000000,78,63,At Risk - Repeat Customer
14126,3,2011-11-29 12:21:00.0000000,2011-12-02 11:45:00.0000000,10,63,Healthy
14127,3,2011-02-02 12:26:00.0000000,2011-08-09 10:49:00.0000000,310,63,At Risk - Repeat Customer
14128,2,2011-03-29 10:49:00.0000000,2011-10-10 12:00:00.0000000,255,63,At Risk - Repeat Customer
14129,4,2011-03-24 08:44:00.0000000,2011-12-08 11:02:00.0000000,260,63,At Risk - Repeat Customer
14130,1,2011-01-24 16:05:00.0000000,2011-01-24 16:05:00.0000000,319,63,At Risk - First_Customer
14132,12,2011-06-09 12:04:00.0000000,2011-12-07 13:35:00.0000000,183,63,At Risk - Repeat Customer
14133,5,2011-01-28 11:27:00.0000000,2011-08-02 11:34:00.0000000,315,63,At Risk - Repeat Customer
14135,15,2010-12-02 10:27:00.0000000,2011-12-08 11:38:00.0000000,372,63,At Risk - Repeat Customer
14138,2,2011-10-07 09:38:00.0000000,2011-12-08 12:44:00.0000000,63,63,Approaching At-Risk - Repeat Customer
14139,1,2011-10-24 13:34:00.0000000,2011-10-24 13:34:00.0000000,46,63,Grace Period
14140,3,2011-11-08 11:20:00.0000000,2011-12-06 09:05:00.0000000,31,63,Healthy
14141,6,2011-08-26 14:40:00.0000000,2011-12-07 09:53:00.0000000,105,63,At Risk - Repeat Customer
14142,1,2010-12-01 16:33:00.0000000,2010-12-01 16:33:00.0000000,373,63,At Risk - First_Customer
14143,1,2011-07-29 09:48:00.0000000,2011-07-29 09:48:00.0000000,133,63,At Risk - First_Customer
14145,5,2011-05-06 13:01:00.0000000,2011-10-24 12:10:00.0000000,217,63,At Risk - Repeat Customer
14146,6,2010-12-17 15:52:00.0000000,2011-12-01 10:18:00.0000000,357,63,At Risk - Repeat Customer
14147,3,2011-02-27 11:42:00.0000000,2011-10-21 13:36:00.0000000,285,63,At Risk - Repeat Customer
14148,1,2011-04-20 12:02:00.0000000,2011-04-20 12:02:00.0000000,233,63,At Risk - First_Customer
14149,3,2011-05-03 09:44:00.0000000,2011-05-11 12:34:00.0000000,220,63,At Risk - Repeat Customer
14150,2,2010-12-15 10:04:00.0000000,2011-11-04 10:05:00.0000000,359,63,At Risk - Repeat Customer
14152,3,2011-04-19 15:46:00.0000000,2011-09-25 12:54:00.0000000,234,63,At Risk - Repeat Customer
14154,2,2011-04-14 15:58:00.0000000,2011-04-14 16:26:00.0000000,239,63,At Risk - Repeat Customer
14155,1,2011-03-18 14:13:00.0000000,2011-03-18 14:13:00.0000000,266,63,At Risk - First_Customer
14156,65,2010-12-02 17:08:00.0000000,2011-11-30 10:54:00.0000000,372,63,At Risk - Repeat Customer
14157,3,2011-02-27 13:04:00.0000000,2011-11-20 11:32:00.0000000,285,63,At Risk - Repeat Customer
14158,1,2011-10-30 15:08:00.0000000,2011-10-30 15:08:00.0000000,40,63,Grace Period
14159,14,2010-12-12 11:17:00.0000000,2011-11-20 12:36:00.0000000,362,63,At Risk - Repeat Customer
14161,3,2010-12-05 13:18:00.0000000,2011-05-08 11:41:00.0000000,369,63,At Risk - Repeat Customer
14162,2,2011-02-20 12:32:00.0000000,2011-06-19 11:36:00.0000000,292,63,At Risk - Repeat Customer
14163,4,2011-04-14 17:33:00.0000000,2011-09-13 15:18:00.0000000,239,63,At Risk - Repeat Customer
14164,2,2011-09-20 12:18:00.0000000,2011-09-30 12:24:00.0000000,80,63,At Risk - Repeat Customer
14165,1,2011-03-09 12:39:00.0000000,2011-03-09 12:39:00.0000000,275,63,At Risk - First_Customer
14167,4,2011-01-12 15:44:00.0000000,2011-10-31 14:29:00.0000000,331,63,At Risk - Repeat Customer
14171,1,2011-09-02 16:43:00.0000000,2011-09-02 16:43:00.0000000,98,63,At Risk - First_Customer
14173,4,2011-05-04 14:03:00.0000000,2011-11-29 11:54:00.0000000,219,63,At Risk - Repeat Customer
14174,1,2011-11-06 13:17:00.0000000,2011-11-06 13:17:00.0000000,33,63,Grace Period
14175,7,2011-01-14 12:22:00.0000000,2011-10-19 13:42:00.0000000,329,63,At Risk - Repeat Customer
14176,5,2010-12-07 11:45:00.0000000,2011-02-15 13:12:00.0000000,367,63,At Risk - Repeat Customer
14177,5,2011-06-13 11:10:00.0000000,2011-09-16 09:52:00.0000000,179,63,At Risk - Repeat Customer
14178,7,2011-06-10 12:51:00.0000000,2011-12-01 12:01:00.0000000,182,63,At Risk - Repeat Customer
14179,2,2011-10-18 14:00:00.0000000,2011-10-30 12:07:00.0000000,52,63,Approaching At-Risk - Repeat Customer
14180,31,2010-12-02 13:08:00.0000000,2011-11-29 10:56:00.0000000,372,63,At Risk - Repeat Customer
14184,1,2011-10-04 12:43:00.0000000,2011-10-04 12:43:00.0000000,66,63,At Risk - First_Customer
14185,1,2011-01-12 13:52:00.0000000,2011-01-12 13:52:00.0000000,331,63,At Risk - First_Customer
14188,10,2011-02-02 13:46:00.0000000,2011-12-01 09:46:00.0000000,310,63,At Risk - Repeat Customer
14189,24,2010-12-06 11:42:00.0000000,2011-12-07 15:55:00.0000000,368,63,At Risk - Repeat Customer
14191,14,2011-05-03 10:30:00.0000000,2011-12-08 09:23:00.0000000,220,63,At Risk - Repeat Customer
14193,2,2011-03-15 11:38:00.0000000,2011-10-03 09:34:00.0000000,269,63,At Risk - Repeat Customer
14194,31,2011-02-04 14:51:00.0000000,2011-12-05 10:38:00.0000000,308,63,At Risk - Repeat Customer
14195,3,2011-04-01 16:50:00.0000000,2011-05-22 10:29:00.0000000,252,63,At Risk - Repeat Customer
14196,1,2011-08-25 10:25:00.0000000,2011-08-25 10:25:00.0000000,106,63,At Risk - First_Customer
14198,7,2011-04-14 14:54:00.0000000,2011-12-05 16:34:00.0000000,239,63,At Risk - Repeat Customer
14199,1,2011-05-05 13:44:00.0000000,2011-05-05 13:44:00.0000000,218,63,At Risk - First_Customer
14201,9,2010-12-15 13:25:00.0000000,2011-10-10 13:27:00.0000000,359,63,At Risk - Repeat Customer
14204,1,2011-12-07 13:38:00.0000000,2011-12-07 13:38:00.0000000,2,63,Grace Period
14205,4,2010-12-09 13:38:00.0000000,2011-11-29 11:56:00.0000000,365,63,At Risk - Repeat Customer
14206,2,2010-12-14 10:31:00.0000000,2011-04-14 16:38:00.0000000,360,63,At Risk - Repeat Customer
14208,1,2011-09-06 12:48:00.0000000,2011-09-06 12:48:00.0000000,94,63,At Risk - First_Customer
14209,7,2011-01-11 12:56:00.0000000,2011-11-29 10:18:00.0000000,332,63,At Risk - Repeat Customer
14210,7,2010-12-03 12:43:00.0000000,2011-09-09 12:55:00.0000000,371,63,At Risk - Repeat Customer
14211,13,2011-02-17 15:50:00.0000000,2011-10-17 13:23:00.0000000,295,63,At Risk - Repeat Customer
14212,1,2011-09-11 12:45:00.0000000,2011-09-11 12:45:00.0000000,89,63,At Risk - First_Customer
14213,1,2010-12-03 09:47:00.0000000,2010-12-03 09:47:00.0000000,371,63,At Risk - First_Customer
14214,7,2011-03-07 12:26:00.0000000,2011-11-09 10:31:00.0000000,277,63,At Risk - Repeat Customer
14215,7,2010-12-06 15:34:00.0000000,2011-11-28 12:19:00.0000000,368,63,At Risk - Repeat Customer
14216,4,2011-11-02 10:51:00.0000000,2011-12-06 14:56:00.0000000,37,63,Healthy
14217,24,2010-12-08 13:28:00.0000000,2011-12-08 11:53:00.0000000,366,63,At Risk - Repeat Customer
14218,1,2011-10-28 10:00:00.0000000,2011-10-28 10:00:00.0000000,42,63,Grace Period
14219,1,2011-12-05 16:23:00.0000000,2011-12-05 16:23:00.0000000,4,63,Grace Period
14220,2,2010-12-16 18:18:00.0000000,2011-04-06 13:23:00.0000000,358,63,At Risk - Repeat Customer
14221,10,2011-01-04 15:33:00.0000000,2011-10-28 13:42:00.0000000,339,63,At Risk - Repeat Customer
14222,1,2011-06-15 16:42:00.0000000,2011-06-15 16:42:00.0000000,177,63,At Risk - First_Customer
14223,4,2011-03-20 16:02:00.0000000,2011-09-08 13:38:00.0000000,264,63,At Risk - Repeat Customer
14224,4,2011-01-23 13:58:00.0000000,2011-08-21 13:24:00.0000000,320,63,At Risk - Repeat Customer
14226,7,2011-03-15 15:36:00.0000000,2011-11-11 11:34:00.0000000,269,63,At Risk - Repeat Customer
14227,13,2011-02-28 12:27:00.0000000,2011-11-13 15:48:00.0000000,284,63,At Risk - Repeat Customer
14229,6,2011-01-10 12:03:00.0000000,2011-10-19 10:04:00.0000000,333,63,At Risk - Repeat Customer
14231,5,2011-02-24 11:55:00.0000000,2011-06-13 15:35:00.0000000,288,63,At Risk - Repeat Customer
14232,8,2011-03-20 12:44:00.0000000,2011-11-08 12:17:00.0000000,264,63,At Risk - Repeat Customer
14233,5,2011-01-26 12:43:00.0000000,2011-10-27 09:25:00.0000000,317,63,At Risk - Repeat Customer
14234,4,2011-10-13 13:58:00.0000000,2011-11-17 17:53:00.0000000,57,63,Approaching At-Risk - Repeat Customer
14235,6,2011-03-24 13:23:00.0000000,2011-11-29 13:26:00.0000000,260,63,At Risk - Repeat Customer
14236,2,2010-12-02 18:49:00.0000000,2011-09-20 09:13:00.0000000,372,63,At Risk - Repeat Customer
14237,1,2010-12-01 13:20:00.0000000,2010-12-01 13:20:00.0000000,373,63,At Risk - First_Customer
14238,1,2011-01-17 14:40:00.0000000,2011-01-17 14:40:00.0000000,326,63,At Risk - First_Customer
14239,14,2011-01-27 14:45:00.0000000,2011-10-27 14:40:00.0000000,316,63,At Risk - Repeat Customer
14240,2,2011-04-28 11:40:00.0000000,2011-11-09 13:45:00.0000000,225,63,At Risk - Repeat Customer
14241,1,2011-06-09 11:46:00.0000000,2011-06-09 11:46:00.0000000,183,63,At Risk - First_Customer
14242,2,2011-01-18 08:53:00.0000000,2011-04-19 11:46:00.0000000,325,63,At Risk - Repeat Customer
14243,14,2010-12-09 08:34:00.0000000,2011-12-01 11:12:00.0000000,365,63,At Risk - Repeat Customer
14245,5,2011-03-21 10:41:00.0000000,2011-06-16 14:33:00.0000000,263,63,At Risk - Repeat Customer
14246,3,2011-04-08 08:25:00.0000000,2011-08-21 11:50:00.0000000,245,63,At Risk - Repeat Customer
14247,1,2011-03-06 15:21:00.0000000,2011-03-06 15:21:00.0000000,278,63,At Risk - First_Customer
14248,1,2011-01-25 14:45:00.0000000,2011-01-25 14:45:00.0000000,318,63,At Risk - First_Customer
14250,3,2011-09-11 13:44:00.0000000,2011-12-02 14:30:00.0000000,89,63,At Risk - Repeat Customer
14251,5,2011-10-13 12:46:00.0000000,2011-12-08 08:32:00.0000000,57,63,Approaching At-Risk - Repeat Customer
14256,3,2010-12-10 11:44:00.0000000,2011-03-30 16:39:00.0000000,364,63,At Risk - Repeat Customer
14257,6,2011-01-25 10:49:00.0000000,2011-10-19 13:38:00.0000000,318,63,At Risk - Repeat Customer
14258,10,2011-01-06 12:18:00.0000000,2011-11-30 15:27:00.0000000,337,63,At Risk - Repeat Customer
14259,1,2011-07-21 10:44:00.0000000,2011-07-21 10:44:00.0000000,141,63,At Risk - First_Customer
14261,2,2011-09-22 10:47:00.0000000,2011-10-20 10:04:00.0000000,78,63,At Risk - Repeat Customer
14262,8,2011-04-13 12:23:00.0000000,2011-12-01 14:17:00.0000000,240,63,At Risk - Repeat Customer
14264,3,2010-12-02 17:35:00.0000000,2011-07-08 10:20:00.0000000,372,63,At Risk - Repeat Customer
14265,2,2011-07-14 09:10:00.0000000,2011-08-22 13:32:00.0000000,148,63,At Risk - Repeat Customer
14267,7,2011-03-24 11:38:00.0000000,2011-07-12 11:11:00.0000000,260,63,At Risk - Repeat Customer
14270,1,2011-01-12 09:33:00.0000000,2011-01-12 09:33:00.0000000,331,63,At Risk - First_Customer
14271,1,2011-04-28 12:47:00.0000000,2011-04-28 12:47:00.0000000,225,63,At Risk - First_Customer
14272,2,2011-03-30 13:57:00.0000000,2011-09-27 10:08:00.0000000,254,63,At Risk - Repeat Customer
14273,4,2011-04-11 13:24:00.0000000,2011-10-19 13:20:00.0000000,242,63,At Risk - Repeat Customer
14276,5,2011-02-23 09:38:00.0000000,2011-09-12 17:49:00.0000000,289,63,At Risk - Repeat Customer
14277,4,2011-05-11 13:20:00.0000000,2011-11-24 15:01:00.0000000,212,63,At Risk - Repeat Customer
14280,1,2011-05-27 10:37:00.0000000,2011-05-27 10:37:00.0000000,196,63,At Risk - First_Customer
14282,15,2010-12-07 12:21:00.0000000,2011-12-06 17:04:00.0000000,367,63,At Risk - Repeat Customer
14284,3,2011-09-14 13:04:00.0000000,2011-11-09 08:11:00.0000000,86,63,At Risk - Repeat Customer
14285,4,2011-06-16 12:36:00.0000000,2011-11-18 14:50:00.0000000,176,63,At Risk - Repeat Customer
14286,5,2011-04-11 08:16:00.0000000,2011-11-16 10:34:00.0000000,242,63,At Risk - Repeat Customer
14287,4,2011-05-25 11:41:00.0000000,2011-12-01 13:25:00.0000000,198,63,At Risk - Repeat Customer
14288,2,2011-05-10 13:22:00.0000000,2011-05-11 15:17:00.0000000,213,63,At Risk - Repeat Customer
14289,6,2011-02-23 12:33:00.0000000,2011-12-01 11:44:00.0000000,289,63,At Risk - Repeat Customer
14290,6,2010-12-13 10:24:00.0000000,2011-11-28 14:02:00.0000000,361,63,At Risk - Repeat Customer
14291,11,2011-03-09 15:20:00.0000000,2011-12-08 10:26:00.0000000,275,63,At Risk - Repeat Customer
14292,14,2011-01-17 16:20:00.0000000,2011-12-02 11:50:00.0000000,326,63,At Risk - Repeat Customer
14293,4,2010-12-06 10:18:00.0000000,2011-12-06 15:17:00.0000000,368,63,At Risk - Repeat Customer
14295,2,2011-01-11 11:53:00.0000000,2011-10-30 15:50:00.0000000,332,63,At Risk - Repeat Customer
14297,5,2011-03-10 08:31:00.0000000,2011-11-22 09:06:00.0000000,274,63,At Risk - Repeat Customer
14298,45,2010-12-14 12:59:00.0000000,2011-12-06 15:04:00.0000000,360,63,At Risk - Repeat Customer
14299,18,2010-12-08 13:33:00.0000000,2011-12-01 16:05:00.0000000,366,63,At Risk - Repeat Customer
14300,1,2011-11-21 08:57:00.0000000,2011-11-21 08:57:00.0000000,18,63,Grace Period
14301,2,2011-08-14 15:33:00.0000000,2011-08-24 09:04:00.0000000,117,63,At Risk - Repeat Customer
14304,2,2011-02-11 14:48:00.0000000,2011-05-01 11:50:00.0000000,301,63,At Risk - Repeat Customer
14305,5,2011-07-27 14:14:00.0000000,2011-09-29 15:29:00.0000000,135,63,At Risk - Repeat Customer
14306,3,2011-09-15 10:31:00.0000000,2011-10-19 13:23:00.0000000,85,63,At Risk - Repeat Customer
14307,6,2010-12-01 11:41:00.0000000,2011-09-12 09:38:00.0000000,373,63,At Risk - Repeat Customer
14309,10,2010-12-16 13:05:00.0000000,2011-12-01 13:33:00.0000000,358,63,At Risk - Repeat Customer
14311,2,2011-04-11 10:14:00.0000000,2011-04-28 19:49:00.0000000,242,63,At Risk - Repeat Customer
14312,6,2011-01-06 16:35:00.0000000,2011-10-24 09:46:00.0000000,337,63,At Risk - Repeat Customer
14314,1,2011-08-25 10:39:00.0000000,2011-08-25 10:39:00.0000000,106,63,At Risk - First_Customer
14315,7,2011-03-18 12:59:00.0000000,2011-11-18 15:35:00.0000000,266,63,At Risk - Repeat Customer
14317,1,2011-10-06 10:44:00.0000000,2011-10-06 10:44:00.0000000,64,63,At Risk - First_Customer
14320,3,2011-01-11 09:12:00.0000000,2011-05-17 09:24:00.0000000,332,63,At Risk - Repeat Customer
14321,5,2011-01-10 11:35:00.0000000,2011-11-29 09:47:00.0000000,333,63,At Risk - Repeat Customer
14323,4,2011-04-15 11:44:00.0000000,2011-08-17 11:37:00.0000000,238,63,At Risk - Repeat Customer
14326,2,2011-04-11 15:04:00.0000000,2011-04-19 11:08:00.0000000,242,63,At Risk - Repeat Customer
14327,1,2011-06-29 13:58:00.0000000,2011-06-29 13:58:00.0000000,163,63,At Risk - First_Customer
14329,14,2011-01-14 13:42:00.0000000,2011-12-01 08:27:00.0000000,329,63,At Risk - Repeat Customer
14331,2,2011-07-27 15:14:00.0000000,2011-08-07 13:17:00.0000000,135,63,At Risk - Repeat Customer
14332,3,2011-07-15 10:33:00.0000000,2011-11-17 11:54:00.0000000,147,63,At Risk - Repeat Customer
14333,2,2011-10-03 10:38:00.0000000,2011-10-06 19:25:00.0000000,67,63,At Risk - Repeat Customer
14334,9,2010-12-16 17:37:00.0000000,2011-11-23 10:01:00.0000000,358,63,At Risk - Repeat Customer
14335,2,2011-09-04 13:07:00.0000000,2011-11-23 13:41:00.0000000,96,63,At Risk - Repeat Customer
14336,4,2011-03-08 16:48:00.0000000,2011-11-23 11:40:00.0000000,276,63,At Risk - Repeat Customer
14338,4,2011-05-27 13:30:00.0000000,2011-07-04 16:00:00.0000000,196,63,At Risk - Repeat Customer
14339,4,2011-04-11 11:06:00.0000000,2011-04-19 11:31:00.0000000,242,63,At Risk - Repeat Customer
14340,1,2011-05-05 09:44:00.0000000,2011-05-05 09:44:00.0000000,218,63,At Risk - First_Customer
14341,8,2011-01-25 13:55:00.0000000,2011-10-25 15:48:00.0000000,318,63,At Risk - Repeat Customer
14342,6,2011-05-13 13:50:00.0000000,2011-11-18 13:21:00.0000000,210,63,At Risk - Repeat Customer
14344,8,2010-12-06 11:58:00.0000000,2011-08-04 13:51:00.0000000,368,63,At Risk - Repeat Customer
14345,1,2011-11-01 09:51:00.0000000,2011-11-01 09:51:00.0000000,38,63,Grace Period
14346,2,2011-02-15 13:52:00.0000000,2011-08-11 09:47:00.0000000,297,63,At Risk - Repeat Customer
14348,1,2011-03-24 16:23:00.0000000,2011-03-24 16:23:00.0000000,260,63,At Risk - First_Customer
14349,1,2011-11-29 15:39:00.0000000,2011-11-29 15:39:00.0000000,10,63,Grace Period
14350,2,2011-03-10 14:14:00.0000000,2011-03-14 12:27:00.0000000,274,63,At Risk - Repeat Customer
14351,1,2011-06-28 11:56:00.0000000,2011-06-28 11:56:00.0000000,164,63,At Risk - First_Customer
14352,4,2011-03-11 14:58:00.0000000,2011-07-05 15:41:00.0000000,273,63,At Risk - Repeat Customer
14353,1,2011-05-08 16:06:00.0000000,2011-05-08 16:06:00.0000000,215,63,At Risk - First_Customer
14354,2,2011-11-09 15:36:00.0000000,2011-12-04 11:32:00.0000000,30,63,Healthy
14355,1,2010-12-09 12:16:00.0000000,2010-12-09 12:16:00.0000000,365,63,At Risk - First_Customer
14356,4,2011-09-19 14:43:00.0000000,2011-10-10 17:16:00.0000000,81,63,At Risk - Repeat Customer
14357,1,2011-10-27 16:23:00.0000000,2011-10-27 16:23:00.0000000,43,63,Grace Period
14359,6,2011-09-13 09:03:00.0000000,2011-11-20 13:17:00.0000000,87,63,At Risk - Repeat Customer
14360,4,2011-09-06 11:58:00.0000000,2011-11-08 09:12:00.0000000,94,63,At Risk - Repeat Customer
14362,1,2011-11-17 15:08:00.0000000,2011-11-17 15:08:00.0000000,22,63,Grace Period
14364,8,2011-05-12 12:56:00.0000000,2011-08-23 11:01:00.0000000,211,63,At Risk - Repeat Customer
14367,19,2011-03-08 14:12:00.0000000,2011-12-01 13:19:00.0000000,276,63,At Risk - Repeat Customer
14368,1,2011-01-24 09:52:00.0000000,2011-01-24 09:52:00.0000000,319,63,At Risk - First_Customer
14371,1,2011-02-17 16:35:00.0000000,2011-02-17 16:35:00.0000000,295,63,At Risk - First_Customer
14373,1,2010-12-16 15:40:00.0000000,2010-12-16 15:40:00.0000000,358,63,At Risk - First_Customer
14375,1,2011-06-07 13:44:00.0000000,2011-06-07 13:44:00.0000000,185,63,At Risk - First_Customer
14377,2,2011-03-22 13:38:00.0000000,2011-06-01 13:32:00.0000000,262,63,At Risk - Repeat Customer
14379,2,2011-02-17 15:03:00.0000000,2011-10-26 16:43:00.0000000,295,63,At Risk - Repeat Customer
14381,1,2011-10-18 17:10:00.0000000,2011-10-18 17:10:00.0000000,52,63,Grace Period
14382,1,2011-11-13 16:18:00.0000000,2011-11-13 16:18:00.0000000,26,63,Grace Period
14383,3,2011-06-29 10:18:00.0000000,2011-11-01 15:53:00.0000000,163,63,At Risk - Repeat Customer
14385,3,2011-11-16 11:55:00.0000000,2011-11-30 15:36:00.0000000,23,63,Healthy
14386,1,2011-02-16 09:45:00.0000000,2011-02-16 09:45:00.0000000,296,63,At Risk - First_Customer
14387,3,2011-08-22 14:13:00.0000000,2011-11-07 12:29:00.0000000,109,63,At Risk - Repeat Customer
14388,10,2010-12-02 11:02:00.0000000,2011-12-01 11:13:00.0000000,372,63,At Risk - Repeat Customer
14389,5,2011-01-25 12:45:00.0000000,2011-12-01 09:19:00.0000000,318,63,At Risk - Repeat Customer
14390,13,2010-12-02 11:56:00.0000000,2011-11-29 13:49:00.0000000,372,63,At Risk - Repeat Customer
14393,1,2011-05-05 18:16:00.0000000,2011-05-05 18:16:00.0000000,218,63,At Risk - First_Customer
14395,12,2010-12-02 18:15:00.0000000,2011-12-07 14:34:00.0000000,372,63,At Risk - Repeat Customer
14396,2,2010-12-03 15:19:00.0000000,2011-10-05 16:09:00.0000000,371,63,At Risk - Repeat Customer
14397,23,2011-05-10 12:25:00.0000000,2011-12-09 09:57:00.0000000,213,63,At Risk - Repeat Customer
14400,2,2011-07-13 15:50:00.0000000,2011-07-21 18:05:00.0000000,149,63,At Risk - Repeat Customer
14401,14,2010-12-15 09:07:00.0000000,2011-12-05 13:30:00.0000000,359,63,At Risk - Repeat Customer
14403,5,2011-04-06 14:23:00.0000000,2011-08-01 12:57:00.0000000,247,63,At Risk - Repeat Customer
14404,7,2010-12-05 16:00:00.0000000,2011-11-06 12:30:00.0000000,369,63,At Risk - Repeat Customer
14406,1,2011-08-12 16:54:00.0000000,2011-08-12 16:54:00.0000000,119,63,At Risk - First_Customer
14407,9,2011-03-08 11:59:00.0000000,2011-08-24 14:02:00.0000000,276,63,At Risk - Repeat Customer
14408,7,2011-03-20 14:41:00.0000000,2011-11-29 11:41:00.0000000,264,63,At Risk - Repeat Customer
14409,7,2010-12-06 15:03:00.0000000,2011-09-29 18:18:00.0000000,368,63,At Risk - Repeat Customer
14410,15,2011-02-07 09:36:00.0000000,2011-11-24 11:16:00.0000000,305,63,At Risk - Repeat Customer
14411,1,2011-02-02 10:56:00.0000000,2011-02-02 10:56:00.0000000,310,63,At Risk - First_Customer
14412,3,2011-09-28 08:48:00.0000000,2011-11-04 13:14:00.0000000,72,63,At Risk - Repeat Customer
14413,1,2010-12-12 13:37:00.0000000,2010-12-12 13:37:00.0000000,362,63,At Risk - First_Customer
14414,8,2010-12-16 11:11:00.0000000,2011-09-09 12:09:00.0000000,358,63,At Risk - Repeat Customer
14415,18,2010-12-14 13:06:00.0000000,2011-12-08 14:38:00.0000000,360,63,At Risk - Repeat Customer
14416,2,2011-10-28 15:10:00.0000000,2011-11-17 15:22:00.0000000,42,63,Healthy
14418,3,2011-08-23 17:18:00.0000000,2011-12-06 11:39:00.0000000,108,63,At Risk - Repeat Customer
14419,6,2010-12-10 10:56:00.0000000,2011-11-29 11:22:00.0000000,364,63,At Risk - Repeat Customer
14420,2,2011-09-01 18:07:00.0000000,2011-09-15 16:57:00.0000000,99,63,At Risk - Repeat Customer
14421,2,2011-05-12 10:49:00.0000000,2011-10-13 13:24:00.0000000,211,63,At Risk - Repeat Customer
14422,6,2011-03-17 17:26:00.0000000,2011-12-09 11:26:00.0000000,267,63,At Risk - Repeat Customer
14423,1,2011-05-05 15:12:00.0000000,2011-05-05 15:12:00.0000000,218,63,At Risk - First_Customer
14424,1,2011-11-22 11:48:00.0000000,2011-11-22 11:48:00.0000000,17,63,Grace Period
14426,16,2010-12-15 12:06:00.0000000,2011-11-21 11:47:00.0000000,359,63,At Risk - Repeat Customer
14427,2,2011-10-07 09:10:00.0000000,2011-10-20 14:23:00.0000000,63,63,Approaching At-Risk - Repeat Customer
14428,7,2011-01-18 16:39:00.0000000,2011-12-02 13:17:00.0000000,325,63,At Risk - Repeat Customer
14431,2,2011-02-10 10:40:00.0000000,2011-02-14 10:56:00.0000000,302,63,At Risk - Repeat Customer
14432,6,2011-09-11 14:09:00.0000000,2011-11-30 08:04:00.0000000,89,63,At Risk - Repeat Customer
14434,6,2011-09-28 15:31:00.0000000,2011-11-18 08:56:00.0000000,72,63,At Risk - Repeat Customer
14436,1,2011-09-02 10:13:00.0000000,2011-09-02 10:13:00.0000000,98,63,At Risk - First_Customer
14437,2,2010-12-09 09:27:00.0000000,2011-07-19 14:56:00.0000000,365,63,At Risk - Repeat Customer
14438,1,2011-02-06 14:56:00.0000000,2011-02-06 14:56:00.0000000,306,63,At Risk - First_Customer
14439,1,2011-01-24 11:39:00.0000000,2011-01-24 11:39:00.0000000,319,63,At Risk - First_Customer
14440,5,2010-12-09 12:49:00.0000000,2011-12-01 15:42:00.0000000,365,63,At Risk - Repeat Customer
14441,10,2010-12-09 14:57:00.0000000,2011-12-09 09:07:00.0000000,365,63,At Risk - Repeat Customer
14442,5,2011-01-27 09:33:00.0000000,2011-12-08 11:53:00.0000000,316,63,At Risk - Repeat Customer
14443,7,2010-12-02 17:05:00.0000000,2011-10-17 10:10:00.0000000,372,63,At Risk - Repeat Customer
14446,4,2011-04-07 12:10:00.0000000,2011-12-09 11:34:00.0000000,246,63,At Risk - Repeat Customer
14447,5,2011-03-04 10:49:00.0000000,2011-11-21 08:28:00.0000000,280,63,At Risk - Repeat Customer
14448,2,2010-12-10 17:26:00.0000000,2011-11-30 13:50:00.0000000,364,63,At Risk - Repeat Customer
14449,4,2010-12-02 14:09:00.0000000,2011-11-21 12:06:00.0000000,372,63,At Risk - Repeat Customer
14450,3,2011-01-23 11:53:00.0000000,2011-06-12 10:46:00.0000000,320,63,At Risk - Repeat Customer
14451,2,2011-05-29 12:35:00.0000000,2011-10-10 13:38:00.0000000,194,63,At Risk - Repeat Customer
14452,2,2011-09-07 11:32:00.0000000,2011-11-29 12:06:00.0000000,93,63,At Risk - Repeat Customer
14453,1,2011-06-02 14:15:00.0000000,2011-06-02 14:15:00.0000000,190,63,At Risk - First_Customer
14456,14,2011-07-20 13:06:00.0000000,2011-12-04 13:59:00.0000000,142,63,At Risk - Repeat Customer
14457,1,2011-02-02 09:39:00.0000000,2011-02-02 09:39:00.0000000,310,63,At Risk - First_Customer
14459,1,2011-07-07 13:35:00.0000000,2011-07-07 13:35:00.0000000,155,63,At Risk - First_Customer
14460,4,2011-02-02 11:54:00.0000000,2011-08-21 14:19:00.0000000,310,63,At Risk - Repeat Customer
14461,3,2011-03-23 12:15:00.0000000,2011-07-14 17:11:00.0000000,261,63,At Risk - Repeat Customer
14462,14,2011-01-04 12:45:00.0000000,2011-10-07 09:22:00.0000000,339,63,At Risk - Repeat Customer
14463,3,2011-05-18 14:42:00.0000000,2011-09-02 15:20:00.0000000,205,63,At Risk - Repeat Customer
14465,3,2011-02-10 12:13:00.0000000,2011-04-07 12:38:00.0000000,302,63,At Risk - Repeat Customer
14466,7,2010-12-02 13:36:00.0000000,2011-11-10 14:07:00.0000000,372,63,At Risk - Repeat Customer
14467,4,2011-01-31 12:35:00.0000000,2011-11-22 12:48:00.0000000,312,63,At Risk - Repeat Customer
14470,2,2011-02-25 11:56:00.0000000,2011-11-28 10:31:00.0000000,287,63,At Risk - Repeat Customer
14472,8,2010-12-19 14:03:00.0000000,2011-08-28 11:01:00.0000000,355,63,At Risk - Repeat Customer
14473,2,2011-03-02 13:56:00.0000000,2011-09-26 15:10:00.0000000,282,63,At Risk - Repeat Customer
14474,2,2011-10-24 13:26:00.0000000,2011-10-27 12:57:00.0000000,46,63,Healthy
14475,6,2011-02-08 10:12:00.0000000,2011-09-29 10:46:00.0000000,304,63,At Risk - Repeat Customer
14476,1,2011-03-27 15:39:00.0000000,2011-03-27 15:39:00.0000000,257,63,At Risk - First_Customer
14477,5,2011-02-15 15:44:00.0000000,2011-11-20 11:11:00.0000000,297,63,At Risk - Repeat Customer
14479,2,2010-12-09 12:59:00.0000000,2011-03-31 09:07:00.0000000,365,63,At Risk - Repeat Customer
14480,1,2011-11-28 16:35:00.0000000,2011-11-28 16:35:00.0000000,11,63,Grace Period
14481,2,2011-02-25 13:53:00.0000000,2011-06-28 10:38:00.0000000,287,63,At Risk - Repeat Customer
14482,6,2011-04-14 16:41:00.0000000,2011-11-21 13:14:00.0000000,239,63,At Risk - Repeat Customer
14483,2,2011-03-03 10:26:00.0000000,2011-07-13 09:45:00.0000000,281,63,At Risk - Repeat Customer
14484,1,2011-10-20 14:11:00.0000000,2011-10-20 14:11:00.0000000,50,63,Grace Period
14485,1,2011-11-01 12:25:00.0000000,2011-11-01 12:25:00.0000000,38,63,Grace Period
14487,7,2010-12-06 12:55:00.0000000,2011-11-13 12:17:00.0000000,368,63,At Risk - Repeat Customer
14488,2,2011-10-03 09:30:00.0000000,2011-10-19 14:39:00.0000000,67,63,At Risk - Repeat Customer
14489,1,2011-05-16 14:51:00.0000000,2011-05-16 14:51:00.0000000,207,63,At Risk - First_Customer
14491,2,2010-12-02 12:10:00.0000000,2011-06-17 15:22:00.0000000,372,63,At Risk - Repeat Customer
14493,7,2011-07-07 16:59:00.0000000,2011-12-02 16:14:00.0000000,155,63,At Risk - Repeat Customer
14494,1,2011-11-14 09:21:00.0000000,2011-11-14 09:21:00.0000000,25,63,Grace Period
14495,2,2011-08-10 14:13:00.0000000,2011-10-20 12:28:00.0000000,121,63,At Risk - Repeat Customer
14496,2,2010-12-01 15:35:00.0000000,2011-02-01 09:01:00.0000000,373,63,At Risk - Repeat Customer
14497,2,2011-02-03 17:01:00.0000000,2011-02-11 15:20:00.0000000,309,63,At Risk - Repeat Customer
14498,5,2010-12-13 11:29:00.0000000,2011-10-28 12:09:00.0000000,361,63,At Risk - Repeat Customer
14499,3,2011-03-06 11:55:00.0000000,2011-11-13 13:01:00.0000000,278,63,At Risk - Repeat Customer
14500,3,2011-06-03 10:08:00.0000000,2011-09-12 16:45:00.0000000,189,63,At Risk - Repeat Customer
14501,3,2011-01-24 10:43:00.0000000,2011-10-06 20:15:00.0000000,319,63,At Risk - Repeat Customer
14502,14,2011-01-30 15:52:00.0000000,2011-11-20 11:50:00.0000000,313,63,At Risk - Repeat Customer
14503,6,2011-06-14 10:00:00.0000000,2011-12-06 13:30:00.0000000,178,63,At Risk - Repeat Customer
14504,4,2011-03-06 14:38:00.0000000,2011-10-23 16:00:00.0000000,278,63,At Risk - Repeat Customer
14505,11,2010-12-12 16:14:00.0000000,2011-11-22 15:45:00.0000000,362,63,At Risk - Repeat Customer
14506,5,2010-12-05 14:25:00.0000000,2011-11-22 13:02:00.0000000,369,63,At Risk - Repeat Customer
14507,7,2011-03-08 17:23:00.0000000,2011-11-16 12:21:00.0000000,276,63,At Risk - Repeat Customer
14508,2,2011-09-11 11:29:00.0000000,2011-11-17 19:48:00.0000000,89,63,At Risk - Repeat Customer
14511,6,2011-07-29 12:13:00.0000000,2011-11-28 17:05:00.0000000,133,63,At Risk - Repeat Customer
14512,2,2011-04-21 19:05:00.0000000,2011-06-05 12:39:00.0000000,232,63,At Risk - Repeat Customer
14513,4,2011-02-24 09:36:00.0000000,2011-08-31 11:25:00.0000000,288,63,At Risk - Repeat Customer
14514,4,2011-01-12 15:22:00.0000000,2011-10-09 16:05:00.0000000,331,63,At Risk - Repeat Customer
14515,6,2011-05-05 12:13:00.0000000,2011-11-22 11:37:00.0000000,218,63,At Risk - Repeat Customer
14517,2,2011-07-21 11:42:00.0000000,2011-11-06 14:20:00.0000000,141,63,At Risk - Repeat Customer
14518,1,2011-10-06 14:43:00.0000000,2011-10-06 14:43:00.0000000,64,63,At Risk - First_Customer
14520,2,2011-02-22 09:15:00.0000000,2011-12-08 09:46:00.0000000,290,63,At Risk - Repeat Customer
14522,4,2011-05-25 16:01:00.0000000,2011-11-15 13:24:00.0000000,198,63,At Risk - Repeat Customer
14523,1,2011-08-23 13:13:00.0000000,2011-08-23 13:13:00.0000000,108,63,At Risk - First_Customer
14524,9,2010-12-14 11:01:00.0000000,2011-11-08 12:29:00.0000000,360,63,At Risk - Repeat Customer
14525,13,2010-12-13 17:40:00.0000000,2011-12-01 08:53:00.0000000,361,63,At Risk - Repeat Customer
14527,85,2010-12-01 09:41:00.0000000,2011-12-07 12:19:00.0000000,373,63,At Risk - Repeat Customer
14528,1,2011-11-02 17:09:00.0000000,2011-11-02 17:09:00.0000000,37,63,Grace Period
14529,3,2011-08-21 14:10:00.0000000,2011-10-10 15:27:00.0000000,110,63,At Risk - Repeat Customer
14530,6,2011-02-16 10:47:00.0000000,2011-11-14 10:38:00.0000000,296,63,At Risk - Repeat Customer
14532,4,2010-12-22 13:48:00.0000000,2011-04-17 13:05:00.0000000,352,63,At Risk - Repeat Customer
14533,9,2010-12-22 11:07:00.0000000,2011-11-15 12:05:00.0000000,352,63,At Risk - Repeat Customer
14534,25,2011-01-25 11:47:00.0000000,2011-12-07 12:19:00.0000000,318,63,At Risk - Repeat Customer
14535,4,2011-04-05 12:50:00.0000000,2011-10-11 16:24:00.0000000,248,63,At Risk - Repeat Customer
14536,1,2011-03-25 12:21:00.0000000,2011-03-25 12:21:00.0000000,259,63,At Risk - First_Customer
14537,1,2011-10-13 10:54:00.0000000,2011-10-13 10:54:00.0000000,57,63,Grace Period
14538,2,2011-03-28 14:57:00.0000000,2011-10-06 10:31:00.0000000,256,63,At Risk - Repeat Customer
14539,2,2011-10-26 12:03:00.0000000,2011-11-24 09:50:00.0000000,44,63,Healthy
14540,3,2011-02-03 15:02:00.0000000,2011-11-30 10:15:00.0000000,309,63,At Risk - Repeat Customer
14541,8,2011-01-24 14:16:00.0000000,2011-10-12 10:08:00.0000000,319,63,At Risk - Repeat Customer
14542,1,2011-06-07 08:19:00.0000000,2011-06-07 08:19:00.0000000,185,63,At Risk - First_Customer
14543,21,2010-12-10 11:51:00.0000000,2011-12-06 10:32:00.0000000,364,63,At Risk - Repeat Customer
14544,2,2010-12-13 12:50:00.0000000,2011-11-15 15:06:00.0000000,361,63,At Risk - Repeat Customer
14546,9,2011-04-05 10:45:00.0000000,2011-12-05 16:33:00.0000000,248,63,At Risk - Repeat Customer
14547,9,2011-10-16 14:35:00.0000000,2011-12-06 11:06:00.0000000,54,63,Approaching At-Risk - Repeat Customer
14548,2,2011-01-26 08:38:00.0000000,2011-07-12 12:19:00.0000000,317,63,At Risk - Repeat Customer
14549,1,2011-02-01 13:47:00.0000000,2011-02-01 13:47:00.0000000,311,63,At Risk - First_Customer
14550,2,2011-10-26 12:14:00.0000000,2011-11-29 12:12:00.0000000,44,63,Healthy
14551,2,2011-05-19 18:21:00.0000000,2011-11-21 13:36:00.0000000,204,63,At Risk - Repeat Customer
14552,1,2011-07-11 12:49:00.0000000,2011-07-11 12:49:00.0000000,151,63,At Risk - First_Customer
14553,5,2011-01-04 15:40:00.0000000,2011-11-20 13:20:00.0000000,339,63,At Risk - Repeat Customer
14554,4,2011-10-18 13:04:00.0000000,2011-11-29 16:44:00.0000000,52,63,Approaching At-Risk - Repeat Customer
14555,2,2011-02-10 17:19:00.0000000,2011-10-13 16:24:00.0000000,302,63,At Risk - Repeat Customer
14557,2,2011-09-15 15:48:00.0000000,2011-10-06 20:36:00.0000000,85,63,At Risk - Repeat Customer
14560,24,2010-12-17 09:22:00.0000000,2011-12-02 15:22:00.0000000,357,63,At Risk - Repeat Customer
14561,3,2011-06-08 13:26:00.0000000,2011-09-25 12:39:00.0000000,184,63,At Risk - Repeat Customer
14562,22,2011-02-08 14:45:00.0000000,2011-12-06 11:05:00.0000000,304,63,At Risk - Repeat Customer
14565,6,2010-12-13 13:25:00.0000000,2011-09-05 12:37:00.0000000,361,63,At Risk - Repeat Customer
14566,1,2011-08-21 11:05:00.0000000,2011-08-21 11:05:00.0000000,110,63,At Risk - First_Customer
14567,3,2011-08-01 13:48:00.0000000,2011-11-04 13:57:00.0000000,130,63,At Risk - Repeat Customer
14569,1,2011-12-08 14:58:00.0000000,2011-12-08 14:58:00.0000000,1,63,Grace Period
14570,2,2011-03-04 10:39:00.0000000,2011-03-04 10:58:00.0000000,280,63,At Risk - Repeat Customer
14572,10,2011-01-19 17:21:00.0000000,2011-12-06 14:40:00.0000000,324,63,At Risk - Repeat Customer
14573,12,2010-12-02 19:59:00.0000000,2011-06-13 11:15:00.0000000,372,63,At Risk - Repeat Customer
14576,1,2010-12-02 17:51:00.0000000,2010-12-02 17:51:00.0000000,372,63,At Risk - First_Customer
14577,4,2010-12-12 11:26:00.0000000,2011-11-27 12:47:00.0000000,362,63,At Risk - Repeat Customer
14578,1,2011-12-06 17:18:00.0000000,2011-12-06 17:18:00.0000000,3,63,Grace Period
14581,1,2011-11-23 12:39:00.0000000,2011-11-23 12:39:00.0000000,16,63,Grace Period
14582,1,2011-10-30 11:56:00.0000000,2011-10-30 11:56:00.0000000,40,63,Grace Period
14583,5,2011-05-18 11:28:00.0000000,2011-12-04 12:32:00.0000000,205,63,At Risk - Repeat Customer
14584,5,2011-05-25 17:31:00.0000000,2011-06-23 18:33:00.0000000,198,63,At Risk - Repeat Customer
14585,1,2011-10-20 14:33:00.0000000,2011-10-20 14:33:00.0000000,50,63,Grace Period
14586,3,2011-03-08 10:04:00.0000000,2011-04-26 17:32:00.0000000,276,63,At Risk - Repeat Customer
14587,10,2011-01-12 13:16:00.0000000,2011-11-21 11:34:00.0000000,331,63,At Risk - Repeat Customer
14589,1,2010-12-03 11:42:00.0000000,2010-12-03 11:42:00.0000000,371,63,At Risk - First_Customer
14591,4,2011-05-10 14:09:00.0000000,2011-11-24 13:57:00.0000000,213,63,At Risk - Repeat Customer
14592,3,2011-10-06 18:08:00.0000000,2011-11-04 16:35:00.0000000,64,63,At Risk - Repeat Customer
14593,3,2011-05-25 11:14:00.0000000,2011-11-18 12:48:00.0000000,198,63,At Risk - Repeat Customer
14594,2,2010-12-01 13:54:00.0000000,2011-12-02 13:28:00.0000000,373,63,At Risk - Repeat Customer
14595,6,2011-01-30 13:36:00.0000000,2011-11-20 12:12:00.0000000,313,63,At Risk - Repeat Customer
14597,2,2011-06-01 12:33:00.0000000,2011-11-28 13:13:00.0000000,191,63,At Risk - Repeat Customer
14598,1,2011-10-26 13:19:00.0000000,2011-10-26 13:19:00.0000000,44,63,Grace Period
14600,1,2011-02-07 09:48:00.0000000,2011-02-07 09:48:00.0000000,305,63,At Risk - First_Customer
14601,1,2011-11-29 09:48:00.0000000,2011-11-29 09:48:00.0000000,10,63,Grace Period
14603,1,2011-03-10 10:27:00.0000000,2011-03-10 10:27:00.0000000,274,63,At Risk - First_Customer
14606,129,2010-12-01 16:57:00.0000000,2011-12-08 19:28:00.0000000,373,63,At Risk - Repeat Customer
14607,17,2011-03-23 15:22:00.0000000,2011-11-24 10:35:00.0000000,261,63,At Risk - Repeat Customer
14608,4,2010-12-12 14:49:00.0000000,2011-12-05 16:52:00.0000000,362,63,At Risk - Repeat Customer
14609,4,2011-02-16 12:10:00.0000000,2011-09-28 12:54:00.0000000,296,63,At Risk - Repeat Customer
14616,3,2011-01-26 12:42:00.0000000,2011-04-11 09:54:00.0000000,317,63,At Risk - Repeat Customer
14618,4,2010-12-08 14:57:00.0000000,2011-11-30 13:45:00.0000000,366,63,At Risk - Repeat Customer
14619,2,2011-04-08 07:37:00.0000000,2011-04-14 17:13:00.0000000,245,63,At Risk - Repeat Customer
14620,3,2011-03-01 08:30:00.0000000,2011-05-19 14:14:00.0000000,283,63,At Risk - Repeat Customer
14621,6,2010-12-16 13:00:00.0000000,2011-12-08 16:22:00.0000000,358,63,At Risk - Repeat Customer
14622,1,2011-06-08 12:42:00.0000000,2011-06-08 12:42:00.0000000,184,63,At Risk - First_Customer
14623,6,2011-04-18 13:54:00.0000000,2011-11-07 13:56:00.0000000,235,63,At Risk - Repeat Customer
14624,2,2011-10-11 14:39:00.0000000,2011-10-13 13:44:00.0000000,59,63,Approaching At-Risk - Repeat Customer
14625,5,2010-12-02 17:19:00.0000000,2011-06-07 15:40:00.0000000,372,63,At Risk - Repeat Customer
14626,7,2011-04-20 13:18:00.0000000,2011-12-01 08:55:00.0000000,233,63,At Risk - Repeat Customer
14627,1,2011-02-01 10:49:00.0000000,2011-02-01 10:49:00.0000000,311,63,At Risk - First_Customer
14628,2,2011-04-11 14:43:00.0000000,2011-09-09 14:58:00.0000000,242,63,At Risk - Repeat Customer
14629,3,2011-10-23 16:13:00.0000000,2011-12-05 16:55:00.0000000,47,63,Healthy
14631,3,2011-02-14 09:31:00.0000000,2011-10-20 11:17:00.0000000,298,63,At Risk - Repeat Customer
14632,1,2011-03-22 08:49:00.0000000,2011-03-22 08:49:00.0000000,262,63,At Risk - First_Customer
14633,1,2011-03-18 17:07:00.0000000,2011-03-18 17:07:00.0000000,266,63,At Risk - First_Customer
14636,2,2011-03-16 09:52:00.0000000,2011-11-03 16:12:00.0000000,268,63,At Risk - Repeat Customer
14638,1,2011-10-20 10:10:00.0000000,2011-10-20 10:10:00.0000000,50,63,Grace Period
14639,8,2010-12-13 13:50:00.0000000,2011-10-18 15:06:00.0000000,361,63,At Risk - Repeat Customer
14640,8,2011-04-26 12:31:00.0000000,2011-11-24 11:00:00.0000000,227,63,At Risk - Repeat Customer
14641,1,2011-11-18 10:42:00.0000000,2011-11-18 10:42:00.0000000,21,63,Grace Period
14642,1,2011-10-12 11:08:00.0000000,2011-10-12 11:08:00.0000000,58,63,Grace Period
14643,3,2010-12-16 17:53:00.0000000,2011-06-22 14:41:00.0000000,358,63,At Risk - Repeat Customer
14644,4,2011-02-14 14:14:00.0000000,2011-11-30 14:58:00.0000000,298,63,At Risk - Repeat Customer
14645,2,2011-03-09 09:52:00.0000000,2011-07-06 09:15:00.0000000,275,63,At Risk - Repeat Customer
14646,77,2010-12-20 10:09:00.0000000,2011-12-08 12:12:00.0000000,354,63,At Risk - Repeat Customer
14647,1,2011-05-22 13:40:00.0000000,2011-05-22 13:40:00.0000000,201,63,At Risk - First_Customer
14649,4,2011-05-11 14:37:00.0000000,2011-12-05 12:30:00.0000000,212,63,At Risk - Repeat Customer
14651,2,2011-05-12 16:29:00.0000000,2011-10-03 15:52:00.0000000,211,63,At Risk - Repeat Customer
14652,1,2011-09-23 14:21:00.0000000,2011-09-23 14:21:00.0000000,77,63,At Risk - First_Customer
14653,8,2011-01-05 13:40:00.0000000,2011-12-08 13:45:00.0000000,338,63,At Risk - Repeat Customer
14655,5,2011-05-01 14:59:00.0000000,2011-12-06 10:52:00.0000000,222,63,At Risk - Repeat Customer
14656,2,2011-03-01 13:19:00.0000000,2011-06-23 13:51:00.0000000,283,63,At Risk - Repeat Customer
14657,5,2011-01-17 15:19:00.0000000,2011-11-22 12:47:00.0000000,326,63,At Risk - Repeat Customer
14658,2,2011-08-14 15:42:00.0000000,2011-12-04 15:35:00.0000000,117,63,At Risk - Repeat Customer
14659,12,2011-01-28 12:43:00.0000000,2011-12-01 12:17:00.0000000,315,63,At Risk - Repeat Customer
14660,2,2011-08-31 10:40:00.0000000,2011-09-14 11:34:00.0000000,100,63,At Risk - Repeat Customer
14661,1,2011-11-13 11:51:00.0000000,2011-11-13 11:51:00.0000000,26,63,Grace Period
14662,4,2011-01-27 17:41:00.0000000,2011-11-11 12:13:00.0000000,316,63,At Risk - Repeat Customer
14664,2,2011-11-06 14:56:00.0000000,2011-11-20 10:59:00.0000000,33,63,Healthy
14665,7,2011-02-02 09:08:00.0000000,2011-10-10 11:54:00.0000000,310,63,At Risk - Repeat Customer
14666,1,2011-11-15 12:57:00.0000000,2011-11-15 12:57:00.0000000,24,63,Grace Period
14667,27,2010-12-06 13:13:00.0000000,2011-11-29 11:30:00.0000000,368,63,At Risk - Repeat Customer
14669,3,2011-01-11 12:30:00.0000000,2011-04-12 11:43:00.0000000,332,63,At Risk - Repeat Customer
14670,2,2011-03-04 13:58:00.0000000,2011-03-04 14:13:00.0000000,280,63,At Risk - Repeat Customer
14672,2,2011-01-07 15:48:00.0000000,2011-04-19 10:19:00.0000000,336,63,At Risk - Repeat Customer
14673,5,2010-12-07 12:49:00.0000000,2011-12-06 14:31:00.0000000,367,63,At Risk - Repeat Customer
14675,1,2011-11-23 12:58:00.0000000,2011-11-23 12:58:00.0000000,16,63,Grace Period
14676,8,2011-02-11 13:38:00.0000000,2011-11-08 13:29:00.0000000,301,63,At Risk - Repeat Customer
14679,1,2010-12-03 10:07:00.0000000,2010-12-03 10:07:00.0000000,371,63,At Risk - First_Customer
14680,23,2010-12-03 12:05:00.0000000,2011-11-14 16:59:00.0000000,371,63,At Risk - Repeat Customer
14681,3,2011-05-12 10:45:00.0000000,2011-09-29 15:52:00.0000000,211,63,At Risk - Repeat Customer
14682,2,2011-05-22 12:51:00.0000000,2011-06-05 12:12:00.0000000,201,63,At Risk - Repeat Customer
14684,5,2010-12-12 12:44:00.0000000,2011-11-14 11:33:00.0000000,362,63,At Risk - Repeat Customer
14687,1,2011-08-25 11:59:00.0000000,2011-08-25 11:59:00.0000000,106,63,At Risk - First_Customer
14688,27,2010-12-01 09:37:00.0000000,2011-12-02 12:26:00.0000000,373,63,At Risk - Repeat Customer
14689,1,2011-05-15 11:22:00.0000000,2011-05-15 11:22:00.0000000,208,63,At Risk - First_Customer
14690,3,2011-07-11 11:44:00.0000000,2011-10-26 15:39:00.0000000,151,63,At Risk - Repeat Customer
14691,5,2011-05-11 09:55:00.0000000,2011-11-09 12:30:00.0000000,212,63,At Risk - Repeat Customer
14692,5,2011-01-21 13:47:00.0000000,2011-07-25 15:08:00.0000000,322,63,At Risk - Repeat Customer
14693,1,2011-03-20 12:50:00.0000000,2011-03-20 12:50:00.0000000,264,63,At Risk - First_Customer
14696,9,2010-12-01 15:37:00.0000000,2011-12-05 13:43:00.0000000,373,63,At Risk - Repeat Customer
14697,2,2011-05-05 15:29:00.0000000,2011-05-05 15:39:00.0000000,218,63,At Risk - Repeat Customer
14698,5,2011-10-19 12:54:00.0000000,2011-12-08 12:26:00.0000000,51,63,Approaching At-Risk - Repeat Customer
14699,1,2011-05-09 14:54:00.0000000,2011-05-09 14:54:00.0000000,214,63,At Risk - First_Customer
14700,3,2011-04-15 13:16:00.0000000,2011-11-07 14:40:00.0000000,238,63,At Risk - Repeat Customer
14701,12,2011-01-27 12:40:00.0000000,2011-11-29 12:38:00.0000000,316,63,At Risk - Repeat Customer
14702,18,2010-12-09 19:23:00.0000000,2011-12-08 19:29:00.0000000,365,63,At Risk - Repeat Customer
14703,1,2011-11-25 09:23:00.0000000,2011-11-25 09:23:00.0000000,14,63,Grace Period
14704,9,2011-06-12 13:59:00.0000000,2011-11-28 12:51:00.0000000,180,63,At Risk - Repeat Customer
14705,1,2011-05-25 12:39:00.0000000,2011-05-25 12:39:00.0000000,198,63,At Risk - First_Customer
14708,4,2010-12-06 12:23:00.0000000,2011-12-07 08:21:00.0000000,368,63,At Risk - Repeat Customer
14709,14,2010-12-16 13:43:00.0000000,2011-11-24 15:41:00.0000000,358,63,At Risk - Repeat Customer
14710,4,2011-10-11 13:49:00.0000000,2011-11-25 14:53:00.0000000,59,63,Approaching At-Risk - Repeat Customer
14711,12,2011-03-22 13:32:00.0000000,2011-11-29 14:58:00.0000000,262,63,At Risk - Repeat Customer
14712,3,2011-08-19 13:33:00.0000000,2011-11-10 12:59:00.0000000,112,63,At Risk - Repeat Customer
14713,12,2010-12-09 18:58:00.0000000,2011-11-30 16:26:00.0000000,365,63,At Risk - Repeat Customer
14714,1,2011-11-15 13:07:00.0000000,2011-11-15 13:07:00.0000000,24,63,Grace Period
14715,4,2011-01-12 13:27:00.0000000,2011-11-15 12:10:00.0000000,331,63,At Risk - Repeat Customer
14716,2,2011-07-14 12:42:00.0000000,2011-10-27 17:29:00.0000000,148,63,At Risk - Repeat Customer
14719,6,2011-04-04 14:17:00.0000000,2011-12-08 12:43:00.0000000,249,63,At Risk - Repeat Customer
14720,3,2011-08-05 12:06:00.0000000,2011-12-04 12:02:00.0000000,126,63,At Risk - Repeat Customer
14722,1,2011-07-15 14:58:00.0000000,2011-07-15 14:58:00.0000000,147,63,At Risk - First_Customer
14723,6,2010-12-03 14:18:00.0000000,2011-11-29 15:23:00.0000000,371,63,At Risk - Repeat Customer
14725,1,2011-11-15 12:42:00.0000000,2011-11-15 12:42:00.0000000,24,63,Grace Period
14727,1,2011-03-10 14:45:00.0000000,2011-03-10 14:45:00.0000000,274,63,At Risk - First_Customer
14729,1,2010-12-01 12:43:00.0000000,2010-12-01 12:43:00.0000000,373,63,At Risk - First_Customer
14730,7,2011-03-08 12:49:00.0000000,2011-12-08 14:39:00.0000000,276,63,At Risk - Repeat Customer
14731,3,2011-05-11 13:06:00.0000000,2011-10-23 15:54:00.0000000,212,63,At Risk - Repeat Customer
14732,10,2011-01-04 14:40:00.0000000,2011-12-01 14:34:00.0000000,339,63,At Risk - Repeat Customer
14733,15,2010-12-07 11:30:00.0000000,2011-11-30 14:54:00.0000000,367,63,At Risk - Repeat Customer
14735,32,2010-12-16 16:05:00.0000000,2011-12-06 12:09:00.0000000,358,63,At Risk - Repeat Customer
14737,3,2010-12-21 13:49:00.0000000,2011-12-06 10:16:00.0000000,353,63,At Risk - Repeat Customer
14738,9,2011-01-27 14:10:00.0000000,2011-10-31 12:57:00.0000000,316,63,At Risk - Repeat Customer
14739,8,2010-12-07 14:58:00.0000000,2011-12-07 14:32:00.0000000,367,63,At Risk - Repeat Customer
14740,4,2011-03-01 08:35:00.0000000,2011-06-01 15:17:00.0000000,283,63,At Risk - Repeat Customer
14741,6,2010-12-02 08:43:00.0000000,2011-11-28 08:48:00.0000000,372,63,At Risk - Repeat Customer
14744,9,2010-12-08 10:21:00.0000000,2011-11-23 12:51:00.0000000,366,63,At Risk - Repeat Customer
14745,6,2011-02-27 15:25:00.0000000,2011-08-19 10:05:00.0000000,285,63,At Risk - Repeat Customer
14747,2,2011-04-04 14:09:00.0000000,2011-04-06 10:17:00.0000000,249,63,At Risk - Repeat Customer
14748,6,2010-12-06 10:19:00.0000000,2011-11-10 18:33:00.0000000,368,63,At Risk - Repeat Customer
14752,1,2011-10-27 11:55:00.0000000,2011-10-27 11:55:00.0000000,43,63,Grace Period
14753,1,2011-09-13 14:50:00.0000000,2011-09-13 14:50:00.0000000,87,63,At Risk - First_Customer
14754,2,2011-02-17 12:21:00.0000000,2011-10-26 12:01:00.0000000,295,63,At Risk - Repeat Customer
14755,12,2011-01-09 14:02:00.0000000,2011-11-30 11:24:00.0000000,334,63,At Risk - Repeat Customer
14756,1,2011-11-24 18:13:00.0000000,2011-11-24 18:13:00.0000000,15,63,Grace Period
14757,1,2011-09-25 14:36:00.0000000,2011-09-25 14:36:00.0000000,75,63,At Risk - First_Customer
14758,4,2011-03-25 12:10:00.0000000,2011-07-18 08:21:00.0000000,259,63,At Risk - Repeat Customer
14759,3,2011-04-21 10:55:00.0000000,2011-12-05 12:03:00.0000000,232,63,At Risk - Repeat Customer
14760,2,2011-02-15 16:27:00.0000000,2011-02-18 14:36:00.0000000,297,63,At Risk - Repeat Customer
14761,2,2011-01-09 12:03:00.0000000,2011-10-12 12:10:00.0000000,334,63,At Risk - Repeat Customer
14762,1,2011-03-21 08:20:00.0000000,2011-03-21 08:20:00.0000000,263,63,At Risk - First_Customer
14764,2,2011-10-24 11:54:00.0000000,2011-10-27 10:46:00.0000000,46,63,Healthy
14765,3,2011-06-16 19:49:00.0000000,2011-11-10 19:53:00.0000000,176,63,At Risk - Repeat Customer
14766,8,2010-12-02 10:46:00.0000000,2011-12-01 16:05:00.0000000,372,63,At Risk - Repeat Customer
14768,3,2011-08-04 13:25:00.0000000,2011-11-22 12:54:00.0000000,127,63,At Risk - Repeat Customer
14769,11,2010-12-17 11:40:00.0000000,2011-12-07 10:24:00.0000000,357,63,At Risk - Repeat Customer
14770,2,2011-01-20 15:00:00.0000000,2011-04-21 14:21:00.0000000,323,63,At Risk - Repeat Customer
14772,1,2011-08-19 15:04:00.0000000,2011-08-19 15:04:00.0000000,112,63,At Risk - First_Customer
14775,3,2010-12-02 16:38:00.0000000,2011-10-12 15:27:00.0000000,372,63,At Risk - Repeat Customer
14776,13,2011-01-31 13:17:00.0000000,2011-10-19 15:34:00.0000000,312,63,At Risk - Repeat Customer
14777,2,2010-12-16 15:27:00.0000000,2011-12-05 13:20:00.0000000,358,63,At Risk - Repeat Customer
14778,2,2011-02-04 11:43:00.0000000,2011-08-04 15:23:00.0000000,308,63,At Risk - Repeat Customer
14779,3,2011-01-20 12:04:00.0000000,2011-03-04 12:42:00.0000000,323,63,At Risk - Repeat Customer
14780,2,2011-09-21 15:15:00.0000000,2011-10-16 12:46:00.0000000,79,63,At Risk - Repeat Customer
14782,1,2011-01-24 11:12:00.0000000,2011-01-24 11:12:00.0000000,319,63,At Risk - First_Customer
14784,2,2011-01-20 09:25:00.0000000,2011-11-13 13:30:00.0000000,323,63,At Risk - Repeat Customer
14785,2,2011-11-24 13:40:00.0000000,2011-11-29 13:21:00.0000000,15,63,Healthy
14788,2,2011-11-13 15:52:00.0000000,2011-12-02 17:06:00.0000000,26,63,Healthy
14789,1,2011-11-11 08:59:00.0000000,2011-11-11 08:59:00.0000000,28,63,Grace Period
14790,4,2011-03-31 11:49:00.0000000,2011-11-23 09:28:00.0000000,253,63,At Risk - Repeat Customer
14792,2,2011-10-06 18:34:00.0000000,2011-10-07 09:19:00.0000000,64,63,At Risk - Repeat Customer
14793,2,2011-11-18 14:50:00.0000000,2011-12-05 16:25:00.0000000,21,63,Healthy
14794,9,2011-01-09 16:11:00.0000000,2011-12-07 10:11:00.0000000,334,63,At Risk - Repeat Customer
14795,1,2011-06-26 13:04:00.0000000,2011-06-26 13:04:00.0000000,166,63,At Risk - First_Customer
14796,27,2010-12-08 09:55:00.0000000,2011-12-08 15:31:00.0000000,366,63,At Risk - Repeat Customer
14798,3,2011-02-02 15:26:00.0000000,2011-10-18 10:58:00.0000000,310,63,At Risk - Repeat Customer
14799,1,2011-10-19 16:16:00.0000000,2011-10-19 16:16:00.0000000,51,63,Grace Period
14800,15,2010-12-05 11:10:00.0000000,2011-10-23 12:46:00.0000000,369,63,At Risk - Repeat Customer
14801,1,2011-10-09 15:24:00.0000000,2011-10-09 15:24:00.0000000,61,63,Grace Period
14803,3,2011-02-20 13:21:00.0000000,2011-06-30 13:58:00.0000000,292,63,At Risk - Repeat Customer
14804,1,2011-12-01 11:20:00.0000000,2011-12-01 11:20:00.0000000,8,63,Grace Period
14805,4,2011-01-30 10:43:00.0000000,2011-11-24 16:20:00.0000000,313,63,At Risk - Repeat Customer
14806,1,2011-09-25 15:32:00.0000000,2011-09-25 15:32:00.0000000,75,63,At Risk - First_Customer
14808,14,2011-06-20 12:53:00.0000000,2011-10-31 12:21:00.0000000,172,63,At Risk - Repeat Customer
14810,11,2010-12-05 12:08:00.0000000,2011-10-30 11:19:00.0000000,369,63,At Risk - Repeat Customer
14813,2,2010-12-05 11:54:00.0000000,2010-12-05 11:57:00.0000000,369,63,At Risk - Repeat Customer
14815,2,2011-10-03 11:36:00.0000000,2011-11-03 11:36:00.0000000,67,63,At Risk - Repeat Customer
14816,1,2011-05-26 13:16:00.0000000,2011-05-26 13:16:00.0000000,197,63,At Risk - First_Customer
14817,2,2011-03-07 13:51:00.0000000,2011-05-23 13:35:00.0000000,277,63,At Risk - Repeat Customer
14818,3,2011-03-31 12:28:00.0000000,2011-09-27 11:01:00.0000000,253,63,At Risk - Repeat Customer
14819,2,2011-05-31 13:50:00.0000000,2011-10-06 13:41:00.0000000,192,63,At Risk - Repeat Customer
14820,4,2011-06-19 14:56:00.0000000,2011-11-18 15:41:00.0000000,173,63,At Risk - Repeat Customer
14821,1,2010-12-08 08:43:00.0000000,2010-12-08 08:43:00.0000000,366,63,At Risk - First_Customer
14823,3,2011-05-29 12:48:00.0000000,2011-06-12 13:12:00.0000000,194,63,At Risk - Repeat Customer
14824,4,2011-09-09 14:12:00.0000000,2011-11-29 14:20:00.0000000,91,63,At Risk - Repeat Customer
14825,12,2010-12-06 12:30:00.0000000,2011-12-06 11:38:00.0000000,368,63,At Risk - Repeat Customer
14828,3,2011-01-07 09:50:00.0000000,2011-05-27 10:16:00.0000000,336,63,At Risk - Repeat Customer
14829,6,2010-12-02 16:12:00.0000000,2011-11-10 16:16:00.0000000,372,63,At Risk - Repeat Customer
14830,1,2011-10-17 14:29:00.0000000,2011-10-17 14:29:00.0000000,53,63,Grace Period
14834,8,2011-04-13 15:00:00.0000000,2011-11-22 10:30:00.0000000,240,63,At Risk - Repeat Customer
14836,3,2011-11-09 13:26:00.0000000,2011-11-29 16:45:00.0000000,30,63,Healthy
14837,5,2011-05-22 12:49:00.0000000,2011-09-11 10:58:00.0000000,201,63,At Risk - Repeat Customer
14840,1,2011-03-17 12:00:00.0000000,2011-03-17 12:00:00.0000000,267,63,At Risk - First_Customer
14841,6,2010-12-16 10:28:00.0000000,2011-10-17 15:03:00.0000000,358,63,At Risk - Repeat Customer
14842,8,2011-02-04 15:32:00.0000000,2011-11-04 13:09:00.0000000,308,63,At Risk - Repeat Customer
14844,4,2011-04-12 13:10:00.0000000,2011-10-07 10:41:00.0000000,241,63,At Risk - Repeat Customer
14847,1,2011-07-14 10:52:00.0000000,2011-07-14 10:52:00.0000000,148,63,At Risk - First_Customer
14849,25,2010-12-01 12:22:00.0000000,2011-11-18 10:58:00.0000000,373,63,At Risk - Repeat Customer
14850,2,2010-12-07 08:42:00.0000000,2011-02-01 11:21:00.0000000,367,63,At Risk - Repeat Customer
14851,2,2011-03-28 14:59:00.0000000,2011-11-16 14:20:00.0000000,256,63,At Risk - Repeat Customer
14852,6,2011-04-01 13:22:00.0000000,2011-10-12 13:20:00.0000000,252,63,At Risk - Repeat Customer
14853,3,2011-05-12 15:17:00.0000000,2011-12-01 09:44:00.0000000,211,63,At Risk - Repeat Customer
14854,8,2011-03-10 12:22:00.0000000,2011-09-22 17:00:00.0000000,274,63,At Risk - Repeat Customer
14855,2,2011-07-28 12:06:00.0000000,2011-08-12 14:02:00.0000000,134,63,At Risk - Repeat Customer
14856,3,2011-10-14 09:35:00.0000000,2011-11-03 14:53:00.0000000,56,63,Approaching At-Risk - Repeat Customer
14857,3,2011-07-14 15:03:00.0000000,2011-10-11 09:23:00.0000000,148,63,At Risk - Repeat Customer
14859,5,2011-05-19 14:42:00.0000000,2011-11-27 11:18:00.0000000,204,63,At Risk - Repeat Customer
14860,2,2011-11-20 14:17:00.0000000,2011-12-01 09:44:00.0000000,19,63,Healthy
14861,1,2011-10-18 12:54:00.0000000,2011-10-18 12:54:00.0000000,52,63,Grace Period
14862,2,2011-07-14 11:20:00.0000000,2011-11-14 10:01:00.0000000,148,63,At Risk - Repeat Customer
14863,1,2011-11-10 15:04:00.0000000,2011-11-10 15:04:00.0000000,29,63,Grace Period
14865,2,2010-12-02 18:23:00.0000000,2011-12-02 16:25:00.0000000,372,63,At Risk - Repeat Customer
14866,13,2010-12-08 14:58:00.0000000,2011-11-29 11:45:00.0000000,366,63,At Risk - Repeat Customer
14867,4,2010-12-06 11:47:00.0000000,2011-06-07 11:39:00.0000000,368,63,At Risk - Repeat Customer
14868,9,2011-04-20 13:36:00.0000000,2011-12-06 14:49:00.0000000,233,63,At Risk - Repeat Customer
14869,3,2011-08-28 16:09:00.0000000,2011-12-06 10:55:00.0000000,103,63,At Risk - Repeat Customer
14870,1,2011-03-23 10:51:00.0000000,2011-03-23 10:51:00.0000000,261,63,At Risk - First_Customer
14871,4,2010-12-14 12:18:00.0000000,2011-12-06 13:42:00.0000000,360,63,At Risk - Repeat Customer
14873,1,2011-05-13 13:52:00.0000000,2011-05-13 13:52:00.0000000,210,63,At Risk - First_Customer
14875,5,2011-03-22 11:53:00.0000000,2011-11-30 14:41:00.0000000,262,63,At Risk - Repeat Customer
14878,9,2010-12-16 12:11:00.0000000,2011-11-27 11:15:00.0000000,358,63,At Risk - Repeat Customer
14880,3,2011-02-24 12:27:00.0000000,2011-09-23 13:42:00.0000000,288,63,At Risk - Repeat Customer
14881,1,2011-11-20 11:06:00.0000000,2011-11-20 11:06:00.0000000,19,63,Grace Period
14882,2,2011-11-06 10:15:00.0000000,2011-11-13 12:47:00.0000000,33,63,Healthy
14883,6,2011-05-12 09:49:00.0000000,2011-11-21 10:23:00.0000000,211,63,At Risk - Repeat Customer
14885,1,2011-07-31 12:05:00.0000000,2011-07-31 12:05:00.0000000,131,63,At Risk - First_Customer
14886,1,2011-04-01 08:56:00.0000000,2011-04-01 08:56:00.0000000,252,63,At Risk - First_Customer
14887,1,2011-09-21 15:32:00.0000000,2011-09-21 15:32:00.0000000,79,63,At Risk - First_Customer
14888,1,2011-05-16 14:58:00.0000000,2011-05-16 14:58:00.0000000,207,63,At Risk - First_Customer
14889,1,2011-01-07 15:19:00.0000000,2011-01-07 15:19:00.0000000,336,63,At Risk - First_Customer
14890,1,2011-03-31 11:57:00.0000000,2011-03-31 11:57:00.0000000,253,63,At Risk - First_Customer
14891,2,2011-06-05 10:58:00.0000000,2011-07-14 18:08:00.0000000,187,63,At Risk - Repeat Customer
14893,2,2011-11-28 10:49:00.0000000,2011-11-30 12:31:00.0000000,11,63,Healthy
14894,1,2011-09-15 13:51:00.0000000,2011-09-15 13:51:00.0000000,85,63,At Risk - First_Customer
14895,24,2011-01-21 09:26:00.0000000,2011-12-02 09:23:00.0000000,322,63,At Risk - Repeat Customer
14896,2,2010-12-09 12:24:00.0000000,2011-05-19 10:20:00.0000000,365,63,At Risk - Repeat Customer
14897,4,2011-02-16 08:37:00.0000000,2011-12-02 10:32:00.0000000,296,63,At Risk - Repeat Customer
14898,8,2010-12-03 15:25:00.0000000,2011-11-16 14:54:00.0000000,371,63,At Risk - Repeat Customer
14901,10,2010-12-02 11:20:00.0000000,2011-11-28 17:09:00.0000000,372,63,At Risk - Repeat Customer
14902,2,2011-11-14 10:34:00.0000000,2011-11-18 17:09:00.0000000,25,63,Healthy
14903,10,2011-03-06 11:50:00.0000000,2011-11-18 16:07:00.0000000,278,63,At Risk - Repeat Customer
14904,2,2011-11-14 09:13:00.0000000,2011-12-07 12:55:00.0000000,25,63,Healthy
14905,3,2011-04-20 10:48:00.0000000,2011-07-08 13:36:00.0000000,233,63,At Risk - Repeat Customer
14907,10,2010-12-07 10:14:00.0000000,2011-12-06 14:14:00.0000000,367,63,At Risk - Repeat Customer
14908,1,2011-09-26 12:56:00.0000000,2011-09-26 12:56:00.0000000,74,63,At Risk - First_Customer
14910,6,2011-10-16 11:06:00.0000000,2011-12-07 10:06:00.0000000,54,63,Approaching At-Risk - Repeat Customer
14911,248,2010-12-01 14:05:00.0000000,2011-12-08 15:54:00.0000000,373,63,At Risk - Repeat Customer
14912,3,2011-04-07 11:06:00.0000000,2011-11-23 12:29:00.0000000,246,63,At Risk - Repeat Customer
14913,4,2010-12-15 14:35:00.0000000,2011-11-04 08:29:00.0000000,359,63,At Risk - Repeat Customer
14915,3,2011-03-07 09:39:00.0000000,2011-09-15 10:27:00.0000000,277,63,At Risk - Repeat Customer
14916,5,2011-01-19 15:30:00.0000000,2011-09-30 09:20:00.0000000,324,63,At Risk - Repeat Customer
14918,2,2011-07-08 12:50:00.0000000,2011-08-16 11:50:00.0000000,154,63,At Risk - Repeat Customer
14920,2,2011-05-11 10:31:00.0000000,2011-05-11 10:32:00.0000000,212,63,At Risk - Repeat Customer
14921,2,2011-05-22 12:51:00.0000000,2011-11-09 13:17:00.0000000,201,63,At Risk - Repeat Customer
14923,1,2011-10-20 11:51:00.0000000,2011-10-20 11:51:00.0000000,50,63,Grace Period
14924,1,2011-04-08 09:25:00.0000000,2011-04-08 09:25:00.0000000,245,63,At Risk - First_Customer
14929,1,2011-11-07 17:21:00.0000000,2011-11-07 17:21:00.0000000,32,63,Grace Period
14930,3,2011-03-10 14:42:00.0000000,2011-08-23 10:31:00.0000000,274,63,At Risk - Repeat Customer
14931,6,2011-04-13 09:32:00.0000000,2011-12-05 10:19:00.0000000,240,63,At Risk - Repeat Customer
14932,1,2010-12-09 11:48:00.0000000,2010-12-09 11:48:00.0000000,365,63,At Risk - First_Customer
14934,3,2011-03-02 11:48:00.0000000,2011-09-28 09:45:00.0000000,282,63,At Risk - Repeat Customer
14935,1,2011-02-15 14:44:00.0000000,2011-02-15 14:44:00.0000000,297,63,At Risk - First_Customer
14936,9,2011-03-09 11:53:00.0000000,2011-11-30 15:07:00.0000000,275,63,At Risk - Repeat Customer
14937,4,2011-08-01 14:16:00.0000000,2011-10-14 12:29:00.0000000,130,63,At Risk - Repeat Customer
14944,13,2010-12-22 13:13:00.0000000,2011-11-10 09:10:00.0000000,352,63,At Risk - Repeat Customer
14946,1,2011-11-25 13:33:00.0000000,2011-11-25 13:33:00.0000000,14,63,Grace Period
14947,2,2011-08-01 09:31:00.0000000,2011-09-28 15:48:00.0000000,130,63,At Risk - Repeat Customer
14948,7,2011-05-04 14:52:00.0000000,2011-11-16 17:16:00.0000000,219,63,At Risk - Repeat Customer
14950,2,2011-11-20 13:48:00.0000000,2011-12-01 09:42:00.0000000,19,63,Healthy
14951,1,2011-09-21 15:15:00.0000000,2011-09-21 15:15:00.0000000,79,63,At Risk - First_Customer
14952,15,2010-12-08 11:33:00.0000000,2011-10-24 13:50:00.0000000,366,63,At Risk - Repeat Customer
14953,1,2011-11-14 14:59:00.0000000,2011-11-14 14:59:00.0000000,25,63,Grace Period
14954,1,2011-11-27 14:30:00.0000000,2011-11-27 14:30:00.0000000,12,63,Grace Period
14957,1,2011-03-31 17:59:00.0000000,2011-03-31 17:59:00.0000000,253,63,At Risk - First_Customer
14958,3,2011-04-08 11:28:00.0000000,2011-07-15 14:20:00.0000000,245,63,At Risk - Repeat Customer
14959,5,2011-02-16 13:00:00.0000000,2011-10-11 16:28:00.0000000,296,63,At Risk - Repeat Customer
14960,2,2011-06-21 13:38:00.0000000,2011-12-01 12:54:00.0000000,171,63,At Risk - Repeat Customer
14961,12,2010-12-14 11:38:00.0000000,2011-11-29 09:42:00.0000000,360,63,At Risk - Repeat Customer
14962,1,2011-03-14 09:42:00.0000000,2011-03-14 09:42:00.0000000,270,63,At Risk - First_Customer
14963,5,2011-06-09 12:30:00.0000000,2011-11-30 12:16:00.0000000,183,63,At Risk - Repeat Customer
14964,1,2011-04-06 14:13:00.0000000,2011-04-06 14:13:00.0000000,247,63,At Risk - First_Customer
14965,2,2011-09-04 13:15:00.0000000,2011-09-04 13:20:00.0000000,96,63,At Risk - Repeat Customer
14966,1,2011-11-25 12:20:00.0000000,2011-11-25 12:20:00.0000000,14,63,Grace Period
14967,1,2011-10-21 11:06:00.0000000,2011-10-21 11:06:00.0000000,49,63,Grace Period
14968,1,2011-11-09 13:58:00.0000000,2011-11-09 13:58:00.0000000,30,63,Grace Period
14970,4,2011-01-27 12:23:00.0000000,2011-10-02 13:44:00.0000000,316,63,At Risk - Repeat Customer
14971,3,2011-10-27 13:33:00.0000000,2011-11-04 17:07:00.0000000,43,63,Healthy
14972,1,2011-08-03 14:54:00.0000000,2011-08-03 14:54:00.0000000,128,63,At Risk - First_Customer
14973,3,2011-04-28 12:22:00.0000000,2011-08-24 15:51:00.0000000,225,63,At Risk - Repeat Customer
14974,1,2011-11-02 13:01:00.0000000,2011-11-02 13:01:00.0000000,37,63,Grace Period
14975,1,2011-10-13 14:08:00.0000000,2011-10-13 14:08:00.0000000,57,63,Grace Period
14976,8,2011-01-17 11:09:00.0000000,2011-10-13 16:37:00.0000000,326,63,At Risk - Repeat Customer
14978,5,2011-01-13 12:03:00.0000000,2011-09-28 13:07:00.0000000,330,63,At Risk - Repeat Customer
14981,1,2011-04-07 13:45:00.0000000,2011-04-07 13:45:00.0000000,246,63,At Risk - First_Customer
14984,2,2011-06-12 11:04:00.0000000,2011-11-20 14:28:00.0000000,180,63,At Risk - Repeat Customer
14985,2,2010-12-16 19:51:00.0000000,2011-05-25 14:29:00.0000000,358,63,At Risk - Repeat Customer
14987,2,2010-12-09 12:13:00.0000000,2011-11-24 09:59:00.0000000,365,63,At Risk - Repeat Customer
14988,1,2011-05-12 12:05:00.0000000,2011-05-12 12:05:00.0000000,211,63,At Risk - First_Customer
14995,2,2011-03-04 13:14:00.0000000,2011-11-01 11:39:00.0000000,280,63,At Risk - Repeat Customer
14997,4,2011-06-14 16:52:00.0000000,2011-10-24 13:28:00.0000000,178,63,At Risk - Repeat Customer
14998,2,2011-04-12 16:28:00.0000000,2011-06-22 17:30:00.0000000,241,63,At Risk - Repeat Customer
15000,1,2011-10-23 11:42:00.0000000,2011-10-23 11:42:00.0000000,47,63,Grace Period
15002,4,2010-12-07 13:16:00.0000000,2011-08-16 10:44:00.0000000,367,63,At Risk - Repeat Customer
15004,1,2011-07-15 14:05:00.0000000,2011-07-15 14:05:00.0000000,147,63,At Risk - First_Customer
15005,36,2010-12-08 14:36:00.0000000,2011-11-24 12:25:00.0000000,366,63,At Risk - Repeat Customer
15006,1,2011-10-19 15:08:00.0000000,2011-10-19 15:08:00.0000000,51,63,Grace Period
15007,1,2011-07-03 16:00:00.0000000,2011-07-03 16:00:00.0000000,159,63,At Risk - First_Customer
15009,3,2011-11-14 17:40:00.0000000,2011-11-27 13:35:00.0000000,25,63,Healthy
15010,1,2011-11-04 12:42:00.0000000,2011-11-04 12:42:00.0000000,35,63,Grace Period
15012,2,2010-12-01 12:49:00.0000000,2011-10-17 12:22:00.0000000,373,63,At Risk - Repeat Customer
15014,2,2011-06-16 19:40:00.0000000,2011-10-27 20:07:00.0000000,176,63,At Risk - Repeat Customer
15016,1,2011-06-20 12:06:00.0000000,2011-06-20 12:06:00.0000000,172,63,At Risk - First_Customer
15017,1,2011-11-06 10:33:00.0000000,2011-11-06 10:33:00.0000000,33,63,Grace Period
15018,4,2010-12-07 10:47:00.0000000,2011-11-01 12:47:00.0000000,367,63,At Risk - Repeat Customer
15019,1,2011-03-18 12:35:00.0000000,2011-03-18 12:35:00.0000000,266,63,At Risk - First_Customer
15021,13,2010-12-07 08:57:00.0000000,2011-12-01 11:53:00.0000000,367,63,At Risk - Repeat Customer
15022,4,2011-10-23 15:47:00.0000000,2011-11-28 12:35:00.0000000,47,63,Healthy
15023,12,2010-12-05 13:49:00.0000000,2011-12-06 17:23:00.0000000,369,63,At Risk - Repeat Customer
15024,10,2010-12-07 13:20:00.0000000,2011-11-30 12:06:00.0000000,367,63,At Risk - Repeat Customer
15025,1,2011-11-06 15:20:00.0000000,2011-11-06 15:20:00.0000000,33,63,Grace Period
15026,3,2011-03-07 13:45:00.0000000,2011-09-20 13:52:00.0000000,277,63,At Risk - Repeat Customer
15027,6,2011-04-15 14:14:00.0000000,2011-11-09 10:16:00.0000000,238,63,At Risk - Repeat Customer
15028,4,2010-12-06 12:47:00.0000000,2011-12-01 14:06:00.0000000,368,63,At Risk - Repeat Customer
15030,2,2011-03-16 15:34:00.0000000,2011-09-29 10:50:00.0000000,268,63,At Risk - Repeat Customer
15031,4,2011-03-02 14:46:00.0000000,2011-12-05 14:19:00.0000000,282,63,At Risk - Repeat Customer
15032,5,2010-12-08 12:57:00.0000000,2011-03-28 15:30:00.0000000,366,63,At Risk - Repeat Customer
15033,11,2011-01-14 13:28:00.0000000,2011-12-05 12:40:00.0000000,329,63,At Risk - Repeat Customer
15034,11,2010-12-21 09:47:00.0000000,2011-11-24 12:11:00.0000000,353,63,At Risk - Repeat Customer
15035,1,2011-09-11 11:08:00.0000000,2011-09-11 11:08:00.0000000,89,63,At Risk - First_Customer
15036,3,2011-06-13 12:19:00.0000000,2011-09-28 15:42:00.0000000,179,63,At Risk - Repeat Customer
15038,7,2010-12-05 10:54:00.0000000,2011-10-27 14:42:00.0000000,369,63,At Risk - Repeat Customer
15039,52,2010-12-06 11:26:00.0000000,2011-11-30 11:31:00.0000000,368,63,At Risk - Repeat Customer
15041,1,2011-06-22 16:16:00.0000000,2011-06-22 16:16:00.0000000,170,63,At Risk - First_Customer
15042,1,2011-05-24 16:25:00.0000000,2011-05-24 16:25:00.0000000,199,63,At Risk - First_Customer
15043,1,2011-11-08 14:26:00.0000000,2011-11-08 14:26:00.0000000,31,63,Grace Period
15044,22,2010-12-12 14:27:00.0000000,2011-11-20 13:20:00.0000000,362,63,At Risk - Repeat Customer
15045,3,2011-03-27 11:44:00.0000000,2011-07-11 11:33:00.0000000,257,63,At Risk - Repeat Customer
15046,16,2011-01-05 15:30:00.0000000,2011-11-30 15:50:00.0000000,338,63,At Risk - Repeat Customer
15047,1,2011-03-15 10:49:00.0000000,2011-03-15 10:49:00.0000000,269,63,At Risk - First_Customer
15048,5,2010-12-06 12:15:00.0000000,2011-10-05 14:55:00.0000000,368,63,At Risk - Repeat Customer
15049,1,2011-03-11 12:13:00.0000000,2011-03-11 12:13:00.0000000,273,63,At Risk - First_Customer
15050,5,2011-09-29 13:22:00.0000000,2011-11-14 16:17:00.0000000,71,63,At Risk - Repeat Customer
15051,3,2011-07-12 15:29:00.0000000,2011-11-16 15:38:00.0000000,150,63,At Risk - Repeat Customer
15052,1,2011-01-24 15:52:00.0000000,2011-01-24 15:52:00.0000000,319,63,At Risk - First_Customer
15053,3,2011-03-03 12:06:00.0000000,2011-12-05 12:08:00.0000000,281,63,At Risk - Repeat Customer
15054,2,2011-10-30 14:33:00.0000000,2011-11-27 15:02:00.0000000,40,63,Healthy
15057,2,2011-01-28 09:09:00.0000000,2011-03-09 15:17:00.0000000,315,63,At Risk - Repeat Customer
15058,11,2011-01-31 15:35:00.0000000,2011-11-14 14:57:00.0000000,312,63,At Risk - Repeat Customer
15059,11,2011-01-09 11:54:00.0000000,2011-10-30 11:35:00.0000000,334,63,At Risk - Repeat Customer
15060,4,2011-11-30 14:03:00.0000000,2011-12-01 13:47:00.0000000,9,63,Healthy
15061,52,2010-12-02 15:19:00.0000000,2011-12-06 12:06:00.0000000,372,63,At Risk - Repeat Customer
15062,4,2010-12-15 15:37:00.0000000,2011-09-29 16:51:00.0000000,359,63,At Risk - Repeat Customer
15063,1,2011-05-10 13:25:00.0000000,2011-05-10 13:25:00.0000000,213,63,At Risk - First_Customer
15065,6,2011-02-21 12:54:00.0000000,2011-11-02 09:45:00.0000000,291,63,At Risk - Repeat Customer
15066,2,2011-10-17 13:25:00.0000000,2011-11-08 09:56:00.0000000,53,63,Approaching At-Risk - Repeat Customer
15067,3,2011-03-02 12:10:00.0000000,2011-09-22 13:20:00.0000000,282,63,At Risk - Repeat Customer
15068,2,2011-03-28 14:27:00.0000000,2011-10-24 14:47:00.0000000,256,63,At Risk - Repeat Customer
15069,1,2011-06-13 14:16:00.0000000,2011-06-13 14:16:00.0000000,179,63,At Risk - First_Customer
15070,1,2010-12-02 11:23:00.0000000,2010-12-02 11:23:00.0000000,372,63,At Risk - First_Customer
15071,2,2011-03-09 10:19:00.0000000,2011-09-07 11:43:00.0000000,275,63,At Risk - Repeat Customer
15073,4,2011-06-06 09:59:00.0000000,2011-11-30 10:44:00.0000000,186,63,At Risk - Repeat Customer
15074,1,2011-08-26 14:45:00.0000000,2011-08-26 14:45:00.0000000,105,63,At Risk - First_Customer
15075,1,2011-09-23 12:27:00.0000000,2011-09-23 12:27:00.0000000,77,63,At Risk - First_Customer
15076,1,2011-06-20 08:23:00.0000000,2011-06-20 08:23:00.0000000,172,63,At Risk - First_Customer
15078,36,2010-12-06 12:38:00.0000000,2011-12-02 15:41:00.0000000,368,63,At Risk - Repeat Customer
15079,5,2010-12-09 09:25:00.0000000,2011-05-11 12:45:00.0000000,365,63,At Risk - Repeat Customer
15081,6,2010-12-07 16:20:00.0000000,2011-11-17 17:08:00.0000000,367,63,At Risk - Repeat Customer
15083,1,2011-03-28 12:18:00.0000000,2011-03-28 12:18:00.0000000,256,63,At Risk - First_Customer
15087,1,2011-03-03 10:34:00.0000000,2011-03-03 10:34:00.0000000,281,63,At Risk - First_Customer
15088,3,2011-10-03 14:05:00.0000000,2011-11-18 13:14:00.0000000,67,63,At Risk - Repeat Customer
15089,6,2011-08-03 14:14:00.0000000,2011-11-29 16:31:00.0000000,128,63,At Risk - Repeat Customer
15090,1,2011-02-04 14:03:00.0000000,2011-02-04 14:03:00.0000000,308,63,At Risk - First_Customer
15091,2,2011-10-03 12:47:00.0000000,2011-10-17 10:47:00.0000000,67,63,At Risk - Repeat Customer
15092,2,2011-03-01 12:24:00.0000000,2011-05-08 14:10:00.0000000,283,63,At Risk - Repeat Customer
15093,9,2010-12-02 18:25:00.0000000,2011-11-21 13:09:00.0000000,372,63,At Risk - Repeat Customer
15095,5,2011-05-20 14:27:00.0000000,2011-08-28 12:01:00.0000000,203,63,At Risk - Repeat Customer
15096,1,2011-10-28 10:27:00.0000000,2011-10-28 10:27:00.0000000,42,63,Grace Period
15097,1,2011-12-05 14:03:00.0000000,2011-12-05 14:03:00.0000000,4,63,Grace Period
15098,5,2011-06-10 15:22:00.0000000,2011-06-10 15:39:00.0000000,182,63,At Risk - Repeat Customer
15099,1,2011-09-16 13:13:00.0000000,2011-09-16 13:13:00.0000000,84,63,At Risk - First_Customer
15100,6,2010-12-01 09:09:00.0000000,2011-01-13 17:09:00.0000000,373,63,At Risk - Repeat Customer
15101,3,2010-12-15 12:54:00.0000000,2011-12-01 10:18:00.0000000,359,63,At Risk - Repeat Customer
15103,2,2011-09-14 13:54:00.0000000,2011-11-08 14:53:00.0000000,86,63,At Risk - Repeat Customer
15104,3,2011-03-02 14:16:00.0000000,2011-06-26 11:35:00.0000000,282,63,At Risk - Repeat Customer
15105,7,2011-07-28 10:09:00.0000000,2011-11-21 16:54:00.0000000,134,63,At Risk - Repeat Customer
15106,7,2011-03-15 12:52:00.0000000,2011-11-22 09:16:00.0000000,269,63,At Risk - Repeat Customer
15107,8,2010-12-02 13:45:00.0000000,2011-02-01 14:46:00.0000000,372,63,At Risk - Repeat Customer
15108,5,2011-04-26 10:54:00.0000000,2011-07-21 10:24:00.0000000,227,63,At Risk - Repeat Customer
15109,2,2011-04-08 09:58:00.0000000,2011-04-13 09:53:00.0000000,245,63,At Risk - Repeat Customer
15110,7,2011-01-25 11:41:00.0000000,2011-11-16 11:16:00.0000000,318,63,At Risk - Repeat Customer
15111,3,2010-12-02 11:45:00.0000000,2011-11-10 16:58:00.0000000,372,63,At Risk - Repeat Customer
15113,4,2011-10-16 15:27:00.0000000,2011-11-30 08:23:00.0000000,54,63,Approaching At-Risk - Repeat Customer
15114,10,2011-02-11 08:45:00.0000000,2011-11-09 15:05:00.0000000,301,63,At Risk - Repeat Customer
15115,1,2011-11-21 14:59:00.0000000,2011-11-21 14:59:00.0000000,18,63,Grace Period
15116,4,2011-05-19 08:50:00.0000000,2011-11-22 12:25:00.0000000,204,63,At Risk - Repeat Customer
15117,6,2011-05-08 12:38:00.0000000,2011-11-25 08:12:00.0000000,215,63,At Risk - Repeat Customer
15118,1,2011-07-28 14:54:00.0000000,2011-07-28 14:54:00.0000000,134,63,At Risk - First_Customer
15119,1,2011-04-08 09:08:00.0000000,2011-04-08 09:08:00.0000000,245,63,At Risk - First_Customer
15120,2,2011-07-29 09:48:00.0000000,2011-08-02 10:05:00.0000000,133,63,At Risk - Repeat Customer
15121,2,2011-02-24 12:41:00.0000000,2011-10-20 14:51:00.0000000,288,63,At Risk - Repeat Customer
15122,6,2011-02-15 09:59:00.0000000,2011-09-15 16:27:00.0000000,297,63,At Risk - Repeat Customer
15123,2,2011-05-17 14:57:00.0000000,2011-12-02 13:12:00.0000000,206,63,At Risk - Repeat Customer
15124,2,2011-06-01 09:06:00.0000000,2011-11-17 10:09:00.0000000,191,63,At Risk - Repeat Customer
15125,23,2011-03-14 09:59:00.0000000,2011-11-14 13:57:00.0000000,270,63,At Risk - Repeat Customer
15127,1,2011-10-05 10:30:00.0000000,2011-10-05 10:30:00.0000000,65,63,At Risk - First_Customer
15128,8,2011-05-04 12:32:00.0000000,2011-10-10 13:54:00.0000000,219,63,At Risk - Repeat Customer
15129,10,2011-02-21 09:09:00.0000000,2011-10-20 14:40:00.0000000,291,63,At Risk - Repeat Customer
15130,1,2011-06-23 10:15:00.0000000,2011-06-23 10:15:00.0000000,169,63,At Risk - First_Customer
15132,5,2011-03-22 12:02:00.0000000,2011-11-21 17:10:00.0000000,262,63,At Risk - Repeat Customer
15133,3,2011-02-11 10:38:00.0000000,2011-08-04 10:44:00.0000000,301,63,At Risk - Repeat Customer
15134,8,2011-04-13 11:05:00.0000000,2011-11-25 08:55:00.0000000,240,63,At Risk - Repeat Customer
15135,2,2011-04-14 19:16:00.0000000,2011-04-20 15:58:00.0000000,239,63,At Risk - Repeat Customer
15136,4,2011-09-04 16:05:00.0000000,2011-12-07 12:26:00.0000000,96,63,At Risk - Repeat Customer
15139,2,2011-01-07 12:44:00.0000000,2011-04-14 11:39:00.0000000,336,63,At Risk - Repeat Customer
15140,8,2011-03-20 14:37:00.0000000,2011-10-18 14:07:00.0000000,264,63,At Risk - Repeat Customer
15142,1,2011-10-24 12:51:00.0000000,2011-10-24 12:51:00.0000000,46,63,Grace Period
15143,1,2011-04-28 12:03:00.0000000,2011-04-28 12:03:00.0000000,225,63,At Risk - First_Customer
15144,18,2011-01-31 13:17:00.0000000,2011-12-01 15:12:00.0000000,312,63,At Risk - Repeat Customer
15145,4,2011-04-05 15:20:00.0000000,2011-12-05 17:21:00.0000000,248,63,At Risk - Repeat Customer
15146,3,2011-02-21 13:07:00.0000000,2011-06-28 12:09:00.0000000,291,63,At Risk - Repeat Customer
15147,2,2011-04-13 15:57:00.0000000,2011-05-05 11:20:00.0000000,240,63,At Risk - Repeat Customer
15148,1,2011-11-29 08:21:00.0000000,2011-11-29 08:21:00.0000000,10,63,Grace Period
15149,1,2011-07-29 10:58:00.0000000,2011-07-29 10:58:00.0000000,133,63,At Risk - First_Customer
15150,11,2011-03-15 14:21:00.0000000,2011-11-22 12:52:00.0000000,269,63,At Risk - Repeat Customer
15152,16,2011-06-05 15:36:00.0000000,2011-11-30 12:32:00.0000000,187,63,At Risk - Repeat Customer
15153,1,2011-11-08 17:09:00.0000000,2011-11-08 17:09:00.0000000,31,63,Grace Period
15154,2,2011-09-25 16:05:00.0000000,2011-09-26 16:43:00.0000000,75,63,At Risk - Repeat Customer
15156,3,2011-11-06 12:41:00.0000000,2011-12-08 18:22:00.0000000,33,63,Healthy
15157,5,2010-12-16 13:44:00.0000000,2011-12-06 11:28:00.0000000,358,63,At Risk - Repeat Customer
15158,1,2011-10-25 13:53:00.0000000,2011-10-25 13:53:00.0000000,45,63,Grace Period
15159,34,2010-12-13 15:44:00.0000000,2011-12-08 12:05:00.0000000,361,63,At Risk - Repeat Customer
15160,1,2010-12-17 14:15:00.0000000,2010-12-17 14:15:00.0000000,357,63,At Risk - First_Customer
15163,2,2011-05-31 15:22:00.0000000,2011-11-21 13:10:00.0000000,192,63,At Risk - Repeat Customer
15164,3,2011-01-04 14:21:00.0000000,2011-10-02 12:05:00.0000000,339,63,At Risk - Repeat Customer
15165,1,2010-12-01 14:03:00.0000000,2010-12-01 14:03:00.0000000,373,63,At Risk - First_Customer
15167,1,2011-01-23 12:41:00.0000000,2011-01-23 12:41:00.0000000,320,63,At Risk - First_Customer
15168,1,2011-11-14 11:26:00.0000000,2011-11-14 11:26:00.0000000,25,63,Grace Period
15171,2,2011-01-12 15:36:00.0000000,2011-01-19 12:39:00.0000000,331,63,At Risk - Repeat Customer
15172,5,2011-04-17 11:56:00.0000000,2011-12-01 11:51:00.0000000,236,63,At Risk - Repeat Customer
15174,1,2011-01-21 09:06:00.0000000,2011-01-21 09:06:00.0000000,322,63,At Risk - First_Customer
15175,1,2011-09-29 11:31:00.0000000,2011-09-29 11:31:00.0000000,71,63,At Risk - First_Customer
15178,1,2011-03-24 15:12:00.0000000,2011-03-24 15:12:00.0000000,260,63,At Risk - First_Customer
15179,7,2010-12-10 17:05:00.0000000,2011-11-21 12:53:00.0000000,364,63,At Risk - Repeat Customer
15180,1,2010-12-07 14:57:00.0000000,2010-12-07 14:57:00.0000000,367,63,At Risk - First_Customer
15181,5,2010-12-09 13:28:00.0000000,2011-10-04 13:58:00.0000000,365,63,At Risk - Repeat Customer
15182,2,2011-03-16 12:42:00.0000000,2011-07-08 13:37:00.0000000,268,63,At Risk - Repeat Customer
15184,2,2011-06-02 12:06:00.0000000,2011-11-10 13:41:00.0000000,190,63,At Risk - Repeat Customer
15185,1,2011-09-30 14:06:00.0000000,2011-09-30 14:06:00.0000000,70,63,At Risk - First_Customer
15186,2,2011-06-24 14:54:00.0000000,2011-11-25 14:58:00.0000000,168,63,At Risk - Repeat Customer
15187,18,2011-05-11 13:49:00.0000000,2011-12-08 11:56:00.0000000,212,63,At Risk - Repeat Customer
15189,53,2011-01-11 12:29:00.0000000,2011-12-08 13:22:00.0000000,332,63,At Risk - Repeat Customer
15192,3,2010-12-09 14:56:00.0000000,2011-08-12 11:41:00.0000000,365,63,At Risk - Repeat Customer
15193,1,2011-10-10 08:23:00.0000000,2011-10-10 08:23:00.0000000,60,63,Grace Period
15194,22,2010-12-06 15:00:00.0000000,2011-12-06 15:10:00.0000000,368,63,At Risk - Repeat Customer
15195,1,2011-12-07 12:20:00.0000000,2011-12-07 12:20:00.0000000,2,63,Grace Period
15197,5,2010-12-16 18:01:00.0000000,2011-12-01 08:14:00.0000000,358,63,At Risk - Repeat Customer
15198,2,2011-08-07 15:16:00.0000000,2011-09-08 14:42:00.0000000,124,63,At Risk - Repeat Customer
15199,4,2011-02-04 14:04:00.0000000,2011-10-11 15:12:00.0000000,308,63,At Risk - Repeat Customer
15201,11,2011-04-06 14:02:00.0000000,2011-09-22 09:53:00.0000000,247,63,At Risk - Repeat Customer
15203,6,2011-02-01 12:29:00.0000000,2011-11-14 08:16:00.0000000,311,63,At Risk - Repeat Customer
15204,1,2010-12-17 13:49:00.0000000,2010-12-17 13:49:00.0000000,357,63,At Risk - First_Customer
15205,3,2011-08-04 16:07:00.0000000,2011-09-15 19:36:00.0000000,127,63,At Risk - Repeat Customer
15206,4,2011-03-09 08:59:00.0000000,2011-11-29 13:41:00.0000000,275,63,At Risk - Repeat Customer
15208,6,2010-12-21 13:03:00.0000000,2011-12-08 17:24:00.0000000,353,63,At Risk - Repeat Customer
15210,1,2011-04-28 16:11:00.0000000,2011-04-28 16:11:00.0000000,225,63,At Risk - First_Customer
15211,2,2010-12-09 16:08:00.0000000,2011-10-10 13:31:00.0000000,365,63,At Risk - Repeat Customer
15212,2,2011-04-12 13:45:00.0000000,2011-04-14 13:12:00.0000000,241,63,At Risk - Repeat Customer
15213,3,2011-01-14 11:05:00.0000000,2011-01-25 12:25:00.0000000,329,63,At Risk - Repeat Customer
15214,8,2011-04-11 09:46:00.0000000,2011-12-08 12:07:00.0000000,242,63,At Risk - Repeat Customer
15215,6,2011-01-26 17:25:00.0000000,2011-10-26 12:28:00.0000000,317,63,At Risk - Repeat Customer
15216,1,2011-09-13 11:41:00.0000000,2011-09-13 11:41:00.0000000,87,63,At Risk - First_Customer
15218,11,2011-01-25 11:20:00.0000000,2011-11-29 11:48:00.0000000,318,63,At Risk - Repeat Customer
15219,1,2011-06-16 16:57:00.0000000,2011-06-16 16:57:00.0000000,176,63,At Risk - First_Customer
15220,7,2011-03-04 10:24:00.0000000,2011-10-19 12:39:00.0000000,280,63,At Risk - Repeat Customer
15221,2,2010-12-05 12:29:00.0000000,2010-12-08 13:08:00.0000000,369,63,At Risk - Repeat Customer
15222,1,2011-01-25 08:03:00.0000000,2011-01-25 08:03:00.0000000,318,63,At Risk - First_Customer
15223,3,2011-04-04 12:17:00.0000000,2011-04-28 11:31:00.0000000,249,63,At Risk - Repeat Customer
15224,3,2010-12-12 11:23:00.0000000,2010-12-16 15:02:00.0000000,362,63,At Risk - Repeat Customer
15225,1,2011-04-19 14:51:00.0000000,2011-04-19 14:51:00.0000000,234,63,At Risk - First_Customer
15226,1,2011-02-02 11:41:00.0000000,2011-02-02 11:41:00.0000000,310,63,At Risk - First_Customer
15227,5,2011-01-26 15:31:00.0000000,2011-11-03 11:59:00.0000000,317,63,At Risk - Repeat Customer
15228,5,2011-02-18 09:04:00.0000000,2011-10-04 13:56:00.0000000,294,63,At Risk - Repeat Customer
15230,2,2011-04-13 11:04:00.0000000,2011-04-14 14:39:00.0000000,240,63,At Risk - Repeat Customer
15232,2,2011-07-22 12:21:00.0000000,2011-08-18 16:27:00.0000000,140,63,At Risk - Repeat Customer
15234,1,2011-03-08 08:53:00.0000000,2011-03-08 08:53:00.0000000,276,63,At Risk - First_Customer
15235,11,2010-12-01 17:22:00.0000000,2011-05-06 09:44:00.0000000,373,63,At Risk - Repeat Customer
15236,1,2011-02-14 10:52:00.0000000,2011-02-14 10:52:00.0000000,298,63,At Risk - First_Customer
15237,4,2011-04-26 15:04:00.0000000,2011-12-08 09:46:00.0000000,227,63,At Risk - Repeat Customer
15238,5,2011-06-08 16:00:00.0000000,2011-11-10 14:28:00.0000000,184,63,At Risk - Repeat Customer
15239,3,2011-09-22 09:53:00.0000000,2011-11-29 14:14:00.0000000,78,63,At Risk - Repeat Customer
15240,7,2010-12-03 10:09:00.0000000,2011-10-26 09:50:00.0000000,371,63,At Risk - Repeat Customer
15241,9,2011-03-01 11:02:00.0000000,2011-10-04 09:05:00.0000000,283,63,At Risk - Repeat Customer
15243,1,2011-09-26 14:12:00.0000000,2011-09-26 14:12:00.0000000,74,63,At Risk - First_Customer
15244,2,2011-04-05 15:12:00.0000000,2011-10-05 13:19:00.0000000,248,63,At Risk - Repeat Customer
15245,3,2011-03-23 13:42:00.0000000,2011-07-28 18:56:00.0000000,261,63,At Risk - Repeat Customer
15246,2,2010-12-16 09:46:00.0000000,2011-04-15 14:45:00.0000000,358,63,At Risk - Repeat Customer
15247,1,2011-08-09 12:52:00.0000000,2011-08-09 12:52:00.0000000,122,63,At Risk - First_Customer
15249,15,2011-03-28 12:49:00.0000000,2011-11-08 11:45:00.0000000,256,63,At Risk - Repeat Customer
15251,15,2011-04-12 10:38:00.0000000,2011-11-30 15:02:00.0000000,241,63,At Risk - Repeat Customer
15252,2,2011-06-09 14:15:00.0000000,2011-11-03 13:30:00.0000000,183,63,At Risk - Repeat Customer
15253,5,2011-06-23 12:19:00.0000000,2011-11-23 16:22:00.0000000,169,63,At Risk - Repeat Customer
15254,1,2011-08-04 15:04:00.0000000,2011-08-04 15:04:00.0000000,127,63,At Risk - First_Customer
15255,1,2011-10-04 12:43:00.0000000,2011-10-04 12:43:00.0000000,66,63,At Risk - First_Customer
15256,1,2011-07-14 11:47:00.0000000,2011-07-14 11:47:00.0000000,148,63,At Risk - First_Customer
15257,2,2011-03-01 12:58:00.0000000,2011-03-03 13:57:00.0000000,283,63,At Risk - Repeat Customer
15258,2,2011-05-06 14:16:00.0000000,2011-06-24 12:30:00.0000000,217,63,At Risk - Repeat Customer
15260,7,2010-12-02 12:09:00.0000000,2011-08-31 13:55:00.0000000,372,63,At Risk - Repeat Customer
15261,1,2011-07-27 15:20:00.0000000,2011-07-27 15:20:00.0000000,135,63,At Risk - First_Customer
15262,1,2011-01-20 12:16:00.0000000,2011-01-20 12:16:00.0000000,323,63,At Risk - First_Customer
15263,1,2011-08-25 10:26:00.0000000,2011-08-25 10:26:00.0000000,106,63,At Risk - First_Customer
15264,1,2011-10-06 13:49:00.0000000,2011-10-06 13:49:00.0000000,64,63,At Risk - First_Customer
15265,2,2011-04-18 12:16:00.0000000,2011-07-11 14:46:00.0000000,235,63,At Risk - Repeat Customer
15266,1,2011-01-05 13:40:00.0000000,2011-01-05 13:40:00.0000000,338,63,At Risk - First_Customer
15267,5,2011-06-10 10:24:00.0000000,2011-11-17 15:59:00.0000000,182,63,At Risk - Repeat Customer
15269,1,2011-11-16 09:32:00.0000000,2011-11-16 09:32:00.0000000,23,63,Grace Period
15270,9,2011-02-02 13:25:00.0000000,2011-11-24 09:24:00.0000000,310,63,At Risk - Repeat Customer
15271,16,2010-12-09 13:47:00.0000000,2011-12-02 14:11:00.0000000,365,63,At Risk - Repeat Customer
15272,2,2011-09-14 16:36:00.0000000,2011-10-13 12:59:00.0000000,86,63,At Risk - Repeat Customer
15274,2,2011-11-21 14:17:00.0000000,2011-12-05 16:57:00.0000000,18,63,Healthy
15275,2,2011-11-02 11:20:00.0000000,2011-11-08 17:54:00.0000000,37,63,Healthy
15276,1,2011-10-04 16:39:00.0000000,2011-10-04 16:39:00.0000000,66,63,At Risk - First_Customer
15277,1,2011-10-24 10:08:00.0000000,2011-10-24 10:08:00.0000000,46,63,Grace Period
15279,2,2010-12-09 14:58:00.0000000,2010-12-20 10:48:00.0000000,365,63,At Risk - Repeat Customer
15280,1,2011-06-20 17:14:00.0000000,2011-06-20 17:14:00.0000000,172,63,At Risk - First_Customer
15281,12,2011-01-10 15:51:00.0000000,2011-10-12 09:10:00.0000000,333,63,At Risk - Repeat Customer
15286,1,2011-10-21 11:08:00.0000000,2011-10-21 11:08:00.0000000,49,63,Grace Period
15287,3,2011-09-30 12:30:00.0000000,2011-11-17 15:34:00.0000000,70,63,At Risk - Repeat Customer
15288,5,2010-12-09 13:59:00.0000000,2011-10-27 16:58:00.0000000,365,63,At Risk - Repeat Customer
15289,4,2011-04-04 12:44:00.0000000,2011-11-10 13:49:00.0000000,249,63,At Risk - Repeat Customer
15290,21,2010-12-15 16:03:00.0000000,2011-12-05 11:39:00.0000000,359,63,At Risk - Repeat Customer
15291,20,2010-12-01 09:32:00.0000000,2011-11-14 11:02:00.0000000,373,63,At Risk - Repeat Customer
15292,1,2011-05-22 15:00:00.0000000,2011-05-22 15:00:00.0000000,201,63,At Risk - First_Customer
15296,10,2011-01-17 11:57:00.0000000,2011-10-26 16:33:00.0000000,326,63,At Risk - Repeat Customer
15297,4,2011-10-07 09:42:00.0000000,2011-11-29 16:32:00.0000000,63,63,Approaching At-Risk - Repeat Customer
15298,14,2010-12-08 13:55:00.0000000,2011-12-07 17:17:00.0000000,366,63,At Risk - Repeat Customer
15299,11,2010-12-02 16:48:00.0000000,2011-10-03 14:19:00.0000000,372,63,At Risk - Repeat Customer
15300,1,2011-10-06 17:08:00.0000000,2011-10-06 17:08:00.0000000,64,63,At Risk - First_Customer
15301,14,2010-12-06 12:21:00.0000000,2011-10-20 09:57:00.0000000,368,63,At Risk - Repeat Customer
15303,1,2011-02-22 13:59:00.0000000,2011-02-22 13:59:00.0000000,290,63,At Risk - First_Customer
15304,10,2010-12-06 11:42:00.0000000,2011-10-10 10:23:00.0000000,368,63,At Risk - Repeat Customer
15306,3,2011-07-14 15:22:00.0000000,2011-10-06 12:56:00.0000000,148,63,At Risk - Repeat Customer
15307,1,2011-09-05 11:38:00.0000000,2011-09-05 11:38:00.0000000,95,63,At Risk - First_Customer
15308,2,2011-03-10 13:08:00.0000000,2011-03-14 12:24:00.0000000,274,63,At Risk - Repeat Customer
15311,118,2010-12-01 09:41:00.0000000,2011-12-09 12:00:00.0000000,373,63,At Risk - Repeat Customer
15312,5,2010-12-20 11:01:00.0000000,2011-09-25 13:10:00.0000000,354,63,At Risk - Repeat Customer
15313,1,2011-08-21 16:02:00.0000000,2011-08-21 16:02:00.0000000,110,63,At Risk - First_Customer
15314,1,2011-05-24 14:39:00.0000000,2011-05-24 14:39:00.0000000,199,63,At Risk - First_Customer
15315,3,2011-08-15 15:17:00.0000000,2011-10-06 12:51:00.0000000,116,63,At Risk - Repeat Customer
15316,1,2011-01-17 11:34:00.0000000,2011-01-17 11:34:00.0000000,326,63,At Risk - First_Customer
15318,1,2011-12-06 11:30:00.0000000,2011-12-06 11:30:00.0000000,3,63,Grace Period
15319,1,2011-03-01 12:48:00.0000000,2011-03-01 12:48:00.0000000,283,63,At Risk - First_Customer
15320,1,2011-10-26 13:27:00.0000000,2011-10-26 13:27:00.0000000,44,63,Grace Period
15321,4,2011-02-21 11:10:00.0000000,2011-10-21 13:58:00.0000000,291,63,At Risk - Repeat Customer
15322,2,2011-09-15 09:34:00.0000000,2011-10-06 20:38:00.0000000,85,63,At Risk - Repeat Customer
15325,1,2011-08-28 11:55:00.0000000,2011-08-28 11:55:00.0000000,103,63,At Risk - First_Customer
15326,1,2011-01-10 11:38:00.0000000,2011-01-10 11:38:00.0000000,333,63,At Risk - First_Customer
15327,1,2011-10-18 11:55:00.0000000,2011-10-18 11:55:00.0000000,52,63,Grace Period
15329,5,2010-12-09 15:43:00.0000000,2011-11-04 12:56:00.0000000,365,63,At Risk - Repeat Customer
15330,2,2011-10-10 12:30:00.0000000,2011-11-07 17:50:00.0000000,60,63,Approaching At-Risk - Repeat Customer
15332,4,2010-12-05 12:00:00.0000000,2010-12-08 14:43:00.0000000,369,63,At Risk - Repeat Customer
15333,1,2011-05-15 13:27:00.0000000,2011-05-15 13:27:00.0000000,208,63,At Risk - First_Customer
15334,3,2011-06-19 13:51:00.0000000,2011-07-06 11:22:00.0000000,173,63,At Risk - Repeat Customer
15335,1,2011-10-17 12:50:00.0000000,2011-10-17 12:50:00.0000000,53,63,Grace Period
15339,3,2011-01-25 13:15:00.0000000,2011-10-04 12:51:00.0000000,318,63,At Risk - Repeat Customer
15341,1,2011-09-20 09:40:00.0000000,2011-09-20 09:40:00.0000000,80,63,At Risk - First_Customer
15342,2,2011-08-02 10:19:00.0000000,2011-08-15 16:20:00.0000000,129,63,At Risk - Repeat Customer
15343,1,2011-09-13 13:55:00.0000000,2011-09-13 13:55:00.0000000,87,63,At Risk - First_Customer
15344,5,2011-09-26 14:48:00.0000000,2011-12-09 10:45:00.0000000,74,63,At Risk - Repeat Customer
15345,2,2011-10-25 11:28:00.0000000,2011-11-04 13:24:00.0000000,45,63,Healthy
15346,1,2011-01-11 11:18:00.0000000,2011-01-11 11:18:00.0000000,332,63,At Risk - First_Customer
15347,1,2010-12-08 15:25:00.0000000,2010-12-08 15:25:00.0000000,366,63,At Risk - First_Customer
15348,1,2011-09-28 13:17:00.0000000,2011-09-28 13:17:00.0000000,72,63,At Risk - First_Customer
15349,2,2011-06-05 15:46:00.0000000,2011-07-04 16:06:00.0000000,187,63,At Risk - Repeat Customer
15350,1,2010-12-01 13:33:00.0000000,2010-12-01 13:33:00.0000000,373,63,At Risk - First_Customer
15351,10,2010-12-05 10:48:00.0000000,2011-11-27 12:52:00.0000000,369,63,At Risk - Repeat Customer
15353,2,2010-12-07 11:49:00.0000000,2011-03-30 12:15:00.0000000,367,63,At Risk - Repeat Customer
15355,2,2011-10-17 15:22:00.0000000,2011-11-10 13:44:00.0000000,53,63,Approaching At-Risk - Repeat Customer
15356,10,2010-12-06 14:05:00.0000000,2011-11-08 13:11:00.0000000,368,63,At Risk - Repeat Customer
15358,28,2010-12-09 10:04:00.0000000,2011-12-05 09:04:00.0000000,365,63,At Risk - Repeat Customer
15360,1,2011-10-31 09:35:00.0000000,2011-10-31 09:35:00.0000000,39,63,Grace Period
15361,1,2010-12-13 09:52:00.0000000,2010-12-13 09:52:00.0000000,361,63,At Risk - First_Customer
15363,2,2010-12-02 12:28:00.0000000,2011-04-12 15:48:00.0000000,372,63,At Risk - Repeat Customer
15364,2,2011-03-30 13:39:00.0000000,2011-09-05 09:46:00.0000000,254,63,At Risk - Repeat Customer
15365,9,2011-01-28 13:08:00.0000000,2011-11-14 08:29:00.0000000,315,63,At Risk - Repeat Customer
15366,2,2010-12-16 15:59:00.0000000,2011-09-25 15:01:00.0000000,358,63,At Risk - Repeat Customer
15367,5,2011-03-09 13:53:00.0000000,2011-10-13 14:13:00.0000000,275,63,At Risk - Repeat Customer
15368,1,2011-11-18 14:42:00.0000000,2011-11-18 14:42:00.0000000,21,63,Grace Period
15369,1,2011-07-18 15:11:00.0000000,2011-07-18 15:11:00.0000000,144,63,At Risk - First_Customer
15370,8,2011-01-11 11:32:00.0000000,2011-10-30 10:58:00.0000000,332,63,At Risk - Repeat Customer
15372,1,2011-07-25 16:39:00.0000000,2011-07-25 16:39:00.0000000,137,63,At Risk - First_Customer
15373,13,2010-12-03 14:40:00.0000000,2011-12-01 15:05:00.0000000,371,63,At Risk - Repeat Customer
15374,1,2011-08-03 09:59:00.0000000,2011-08-03 09:59:00.0000000,128,63,At Risk - First_Customer
15376,3,2011-05-01 13:45:00.0000000,2011-10-30 15:04:00.0000000,222,63,At Risk - Repeat Customer
15379,8,2010-12-16 13:02:00.0000000,2011-06-23 13:13:00.0000000,358,63,At Risk - Repeat Customer
15380,6,2010-12-09 15:01:00.0000000,2011-12-01 12:13:00.0000000,365,63,At Risk - Repeat Customer
15381,2,2011-03-16 13:44:00.0000000,2011-05-10 11:55:00.0000000,268,63,At Risk - Repeat Customer
15382,8,2011-02-17 12:01:00.0000000,2011-11-25 10:58:00.0000000,295,63,At Risk - Repeat Customer
15384,3,2010-12-02 17:27:00.0000000,2011-06-23 10:57:00.0000000,372,63,At Risk - Repeat Customer
15385,1,2011-10-30 15:11:00.0000000,2011-10-30 15:11:00.0000000,40,63,Grace Period
15386,1,2011-06-06 13:47:00.0000000,2011-06-06 13:47:00.0000000,186,63,At Risk - First_Customer
15388,1,2011-03-14 13:53:00.0000000,2011-03-14 13:53:00.0000000,270,63,At Risk - First_Customer
15389,1,2011-06-20 16:18:00.0000000,2011-06-20 16:18:00.0000000,172,63,At Risk - First_Customer
15392,5,2010-12-14 15:50:00.0000000,2011-12-05 11:01:00.0000000,360,63,At Risk - Repeat Customer
15393,2,2011-03-03 16:58:00.0000000,2011-11-23 16:48:00.0000000,281,63,At Risk - Repeat Customer
15394,4,2010-12-16 12:46:00.0000000,2011-11-30 11:49:00.0000000,358,63,At Risk - Repeat Customer
15395,1,2011-01-18 12:40:00.0000000,2011-01-18 12:40:00.0000000,325,63,At Risk - First_Customer
15396,1,2011-08-19 10:56:00.0000000,2011-08-19 10:56:00.0000000,112,63,At Risk - First_Customer
15397,1,2011-02-23 09:25:00.0000000,2011-02-23 09:25:00.0000000,289,63,At Risk - First_Customer
15398,3,2011-09-22 14:56:00.0000000,2011-11-23 16:47:00.0000000,78,63,At Risk - Repeat Customer
15399,3,2011-09-21 15:57:00.0000000,2011-12-08 13:04:00.0000000,79,63,At Risk - Repeat Customer
15400,6,2011-03-06 11:27:00.0000000,2011-09-08 13:57:00.0000000,278,63,At Risk - Repeat Customer
15402,2,2011-05-27 13:32:00.0000000,2011-07-14 12:17:00.0000000,196,63,At Risk - Repeat Customer
15405,1,2011-06-03 14:44:00.0000000,2011-06-03 14:44:00.0000000,189,63,At Risk - First_Customer
15406,5,2011-02-11 16:19:00.0000000,2011-11-21 16:14:00.0000000,301,63,At Risk - Repeat Customer
15407,4,2011-02-07 13:18:00.0000000,2011-11-06 11:55:00.0000000,305,63,At Risk - Repeat Customer
15408,1,2011-03-20 15:02:00.0000000,2011-03-20 15:02:00.0000000,264,63,At Risk - First_Customer
15410,9,2011-03-23 10:15:00.0000000,2011-09-16 14:47:00.0000000,261,63,At Risk - Repeat Customer
15411,5,2011-06-10 12:30:00.0000000,2011-11-13 15:19:00.0000000,182,63,At Risk - Repeat Customer
15412,1,2011-06-21 15:24:00.0000000,2011-06-21 15:24:00.0000000,171,63,At Risk - First_Customer
15414,3,2011-04-11 13:45:00.0000000,2011-11-30 09:50:00.0000000,242,63,At Risk - Repeat Customer
15415,1,2011-01-30 14:13:00.0000000,2011-01-30 14:13:00.0000000,313,63,At Risk - First_Customer
15416,5,2011-03-02 08:41:00.0000000,2011-10-06 09:38:00.0000000,282,63,At Risk - Repeat Customer
15417,1,2011-09-15 15:26:00.0000000,2011-09-15 15:26:00.0000000,85,63,At Risk - First_Customer
15419,1,2011-11-15 09:23:00.0000000,2011-11-15 09:23:00.0000000,24,63,Grace Period
15421,4,2011-02-02 14:36:00.0000000,2011-10-12 09:20:00.0000000,310,63,At Risk - Repeat Customer
15422,2,2011-01-20 14:17:00.0000000,2011-01-20 16:17:00.0000000,323,63,At Risk - Repeat Customer
15423,1,2011-11-01 14:01:00.0000000,2011-11-01 14:01:00.0000000,38,63,Grace Period
15424,2,2011-03-30 13:00:00.0000000,2011-03-30 13:02:00.0000000,254,63,At Risk - Repeat Customer
15426,7,2010-12-05 13:55:00.0000000,2011-11-20 15:36:00.0000000,369,63,At Risk - Repeat Customer
15427,3,2011-10-23 14:47:00.0000000,2011-11-06 14:29:00.0000000,47,63,Healthy
15428,1,2011-11-24 16:54:00.0000000,2011-11-24 16:54:00.0000000,15,63,Grace Period
15429,3,2011-09-25 13:42:00.0000000,2011-11-13 12:28:00.0000000,75,63,At Risk - Repeat Customer
15432,1,2011-11-16 16:30:00.0000000,2011-11-16 16:30:00.0000000,23,63,Grace Period
15433,3,2011-03-17 14:12:00.0000000,2011-09-21 16:24:00.0000000,267,63,At Risk - Repeat Customer
15434,6,2011-05-23 14:18:00.0000000,2011-12-01 13:33:00.0000000,200,63,At Risk - Repeat Customer
15435,1,2011-11-17 16:39:00.0000000,2011-11-17 16:39:00.0000000,22,63,Grace Period
15436,3,2011-04-19 16:52:00.0000000,2011-11-27 16:05:00.0000000,234,63,At Risk - Repeat Customer
15437,1,2011-03-22 13:11:00.0000000,2011-03-22 13:11:00.0000000,262,63,At Risk - First_Customer
15438,1,2011-07-31 14:19:00.0000000,2011-07-31 14:19:00.0000000,131,63,At Risk - First_Customer
15440,3,2011-05-15 11:30:00.0000000,2011-10-16 12:16:00.0000000,208,63,At Risk - Repeat Customer
15442,1,2011-04-05 12:24:00.0000000,2011-04-05 12:24:00.0000000,248,63,At Risk - First_Customer
15443,8,2011-01-23 13:25:00.0000000,2011-12-08 10:40:00.0000000,320,63,At Risk - Repeat Customer
15444,2,2011-10-30 16:12:00.0000000,2011-11-30 17:37:00.0000000,40,63,Healthy
15445,1,2011-03-20 15:06:00.0000000,2011-03-20 15:06:00.0000000,264,63,At Risk - First_Customer
15447,1,2011-01-13 11:26:00.0000000,2011-01-13 11:26:00.0000000,330,63,At Risk - First_Customer
15448,1,2011-01-31 10:42:00.0000000,2011-01-31 10:42:00.0000000,312,63,At Risk - First_Customer
15449,5,2011-03-23 10:43:00.0000000,2011-11-13 15:02:00.0000000,261,63,At Risk - Repeat Customer
15450,1,2011-11-09 17:11:00.0000000,2011-11-09 17:11:00.0000000,30,63,Grace Period
15452,3,2011-03-20 15:21:00.0000000,2011-11-10 12:13:00.0000000,264,63,At Risk - Repeat Customer
15453,7,2011-06-05 12:37:00.0000000,2011-12-08 10:59:00.0000000,187,63,At Risk - Repeat Customer
15454,1,2010-12-12 14:21:00.0000000,2010-12-12 14:21:00.0000000,362,63,At Risk - First_Customer
15456,3,2010-12-15 15:34:00.0000000,2011-03-01 13:51:00.0000000,359,63,At Risk - Repeat Customer
15457,1,2011-03-22 15:31:00.0000000,2011-03-22 15:31:00.0000000,262,63,At Risk - First_Customer
15458,1,2011-11-14 13:08:00.0000000,2011-11-14 13:08:00.0000000,25,63,Grace Period
15460,1,2010-12-20 16:08:00.0000000,2010-12-20 16:08:00.0000000,354,63,At Risk - First_Customer
15462,3,2011-06-05 15:36:00.0000000,2011-09-06 13:11:00.0000000,187,63,At Risk - Repeat Customer
15463,1,2011-11-10 12:57:00.0000000,2011-11-10 12:57:00.0000000,29,63,Grace Period
15464,1,2011-01-05 15:56:00.0000000,2011-01-05 15:56:00.0000000,338,63,At Risk - First_Customer
15465,23,2010-12-05 10:12:00.0000000,2011-11-20 10:11:00.0000000,369,63,At Risk - Repeat Customer
15466,1,2011-09-15 14:08:00.0000000,2011-09-15 14:08:00.0000000,85,63,At Risk - First_Customer
15467,4,2011-07-10 14:42:00.0000000,2011-11-30 14:17:00.0000000,152,63,At Risk - Repeat Customer
15468,5,2010-12-14 10:50:00.0000000,2011-11-04 13:11:00.0000000,360,63,At Risk - Repeat Customer
15469,4,2011-08-11 16:54:00.0000000,2011-10-27 19:16:00.0000000,120,63,At Risk - Repeat Customer
15471,1,2011-12-07 14:12:00.0000000,2011-12-07 14:12:00.0000000,2,63,Grace Period
15472,1,2011-08-18 15:17:00.0000000,2011-08-18 15:17:00.0000000,113,63,At Risk - First_Customer
15473,10,2011-10-10 11:12:00.0000000,2011-11-25 15:15:00.0000000,60,63,Approaching At-Risk - Repeat Customer
15475,1,2011-09-23 15:20:00.0000000,2011-09-23 15:20:00.0000000,77,63,At Risk - First_Customer
15478,2,2011-10-14 11:09:00.0000000,2011-10-30 14:19:00.0000000,56,63,Approaching At-Risk - Repeat Customer
15480,1,2011-08-15 14:32:00.0000000,2011-08-15 14:32:00.0000000,116,63,At Risk - First_Customer
15482,16,2010-12-16 10:08:00.0000000,2011-11-24 10:46:00.0000000,358,63,At Risk - Repeat Customer
15483,4,2011-03-18 12:26:00.0000000,2011-07-01 13:07:00.0000000,266,63,At Risk - Repeat Customer
15484,5,2011-09-22 13:31:00.0000000,2011-12-08 15:03:00.0000000,78,63,At Risk - Repeat Customer
15485,3,2010-12-01 13:23:00.0000000,2011-11-09 14:31:00.0000000,373,63,At Risk - Repeat Customer
15488,1,2011-09-08 10:11:00.0000000,2011-09-08 10:11:00.0000000,92,63,At Risk - First_Customer
15489,4,2011-05-12 12:54:00.0000000,2011-11-17 08:53:00.0000000,211,63,At Risk - Repeat Customer
15491,7,2011-04-18 10:04:00.0000000,2011-09-05 15:56:00.0000000,235,63,At Risk - Repeat Customer
15492,2,2011-09-26 14:02:00.0000000,2011-11-11 14:53:00.0000000,74,63,At Risk - Repeat Customer
15493,7,2011-03-14 11:44:00.0000000,2011-11-07 12:04:00.0000000,270,63,At Risk - Repeat Customer
15494,2,2011-08-10 15:29:00.0000000,2011-11-18 14:51:00.0000000,121,63,At Risk - Repeat Customer
15497,3,2011-01-24 10:01:00.0000000,2011-11-22 11:51:00.0000000,319,63,At Risk - Repeat Customer
15498,35,2010-12-07 12:34:00.0000000,2011-12-09 10:28:00.0000000,367,63,At Risk - Repeat Customer
15500,4,2011-09-19 13:47:00.0000000,2011-12-01 13:47:00.0000000,81,63,At Risk - Repeat Customer
15502,21,2010-12-05 15:40:00.0000000,2011-11-24 12:48:00.0000000,369,63,At Risk - Repeat Customer
15503,1,2010-12-12 10:57:00.0000000,2010-12-12 10:57:00.0000000,362,63,At Risk - First_Customer
15504,1,2011-09-19 13:45:00.0000000,2011-09-19 13:45:00.0000000,81,63,At Risk - First_Customer
15505,7,2011-07-07 13:33:00.0000000,2011-10-18 07:56:00.0000000,155,63,At Risk - Repeat Customer
15506,3,2011-07-24 11:45:00.0000000,2011-11-17 12:11:00.0000000,138,63,At Risk - Repeat Customer
15507,1,2011-06-21 11:19:00.0000000,2011-06-21 11:19:00.0000000,171,63,At Risk - First_Customer
15508,6,2011-04-18 15:31:00.0000000,2011-06-03 15:43:00.0000000,235,63,At Risk - Repeat Customer
15510,1,2011-01-13 12:10:00.0000000,2011-01-13 12:10:00.0000000,330,63,At Risk - First_Customer
15511,5,2011-09-15 15:05:00.0000000,2011-11-28 09:43:00.0000000,85,63,At Risk - Repeat Customer
15512,2,2010-12-15 12:01:00.0000000,2011-07-07 10:20:00.0000000,359,63,At Risk - Repeat Customer
15513,22,2010-12-01 11:22:00.0000000,2011-11-08 16:21:00.0000000,373,63,At Risk - Repeat Customer
15514,12,2010-12-10 13:50:00.0000000,2011-11-27 14:40:00.0000000,364,63,At Risk - Repeat Customer
15516,3,2011-10-24 11:33:00.0000000,2011-10-26 10:51:00.0000000,46,63,Healthy
15517,1,2011-04-20 14:02:00.0000000,2011-04-20 14:02:00.0000000,233,63,At Risk - First_Customer
15518,13,2011-01-11 12:50:00.0000000,2011-10-06 13:05:00.0000000,332,63,At Risk - Repeat Customer
15520,1,2011-12-08 10:58:00.0000000,2011-12-08 10:58:00.0000000,1,63,Grace Period
15521,11,2011-03-30 09:15:00.0000000,2011-11-03 13:52:00.0000000,254,63,At Risk - Repeat Customer
15522,2,2011-09-13 12:26:00.0000000,2011-11-07 11:26:00.0000000,87,63,At Risk - Repeat Customer
15523,1,2011-09-16 16:29:00.0000000,2011-09-16 16:29:00.0000000,84,63,At Risk - First_Customer
15524,1,2011-11-15 12:09:00.0000000,2011-11-15 12:09:00.0000000,24,63,Grace Period
15525,4,2010-12-01 13:17:00.0000000,2011-12-07 15:39:00.0000000,373,63,At Risk - Repeat Customer
15526,2,2011-11-06 15:01:00.0000000,2011-11-06 15:04:00.0000000,33,63,Healthy
15527,10,2010-12-20 14:15:00.0000000,2011-11-21 12:17:00.0000000,354,63,At Risk - Repeat Customer
15528,1,2011-03-30 16:14:00.0000000,2011-03-30 16:14:00.0000000,254,63,At Risk - First_Customer
15529,12,2010-12-08 12:24:00.0000000,2011-11-17 11:29:00.0000000,366,63,At Risk - Repeat Customer
15530,4,2011-04-07 11:16:00.0000000,2011-11-18 12:25:00.0000000,246,63,At Risk - Repeat Customer
15531,2,2011-11-09 17:47:00.0000000,2011-12-01 18:43:00.0000000,30,63,Healthy
15532,6,2010-12-16 16:45:00.0000000,2011-11-14 14:51:00.0000000,358,63,At Risk - Repeat Customer
15533,5,2011-09-11 15:41:00.0000000,2011-11-20 15:35:00.0000000,89,63,At Risk - Repeat Customer
15535,7,2010-12-09 15:36:00.0000000,2011-06-19 16:02:00.0000000,365,63,At Risk - Repeat Customer
15537,1,2011-06-29 13:10:00.0000000,2011-06-29 13:10:00.0000000,163,63,At Risk - First_Customer
15539,1,2011-12-02 13:36:00.0000000,2011-12-02 13:36:00.0000000,7,63,Grace Period
15540,1,2011-11-28 13:51:00.0000000,2011-11-28 13:51:00.0000000,11,63,Grace Period
15541,1,2011-08-17 14:58:00.0000000,2011-08-17 14:58:00.0000000,114,63,At Risk - First_Customer
15543,1,2011-02-24 15:26:00.0000000,2011-02-24 15:26:00.0000000,288,63,At Risk - First_Customer
15544,11,2010-12-02 12:47:00.0000000,2011-12-01 09:16:00.0000000,372,63,At Risk - Repeat Customer
15545,2,2010-12-03 17:28:00.0000000,2011-10-16 13:24:00.0000000,371,63,At Risk - Repeat Customer
15547,14,2010-12-12 13:26:00.0000000,2011-12-02 12:52:00.0000000,362,63,At Risk - Repeat Customer
15549,4,2011-01-27 15:38:00.0000000,2011-09-23 16:22:00.0000000,316,63,At Risk - Repeat Customer
15550,4,2011-02-11 12:49:00.0000000,2011-12-05 15:38:00.0000000,301,63,At Risk - Repeat Customer
15551,1,2011-11-03 12:37:00.0000000,2011-11-03 12:37:00.0000000,36,63,Grace Period
15552,1,2011-05-06 14:47:00.0000000,2011-05-06 14:47:00.0000000,217,63,At Risk - First_Customer
15553,1,2011-10-10 14:02:00.0000000,2011-10-10 14:02:00.0000000,60,63,Grace Period
15554,1,2011-03-07 09:00:00.0000000,2011-03-07 09:00:00.0000000,277,63,At Risk - First_Customer
15555,20,2010-12-05 14:45:00.0000000,2011-11-27 16:19:00.0000000,369,63,At Risk - Repeat Customer
15556,1,2011-11-15 16:08:00.0000000,2011-11-15 16:08:00.0000000,24,63,Grace Period
15557,1,2011-11-11 12:46:00.0000000,2011-11-11 12:46:00.0000000,28,63,Grace Period
15561,5,2011-05-08 11:38:00.0000000,2011-11-28 11:07:00.0000000,215,63,At Risk - Repeat Customer
15562,1,2010-12-23 09:55:00.0000000,2010-12-23 09:55:00.0000000,351,63,At Risk - First_Customer
15563,7,2010-12-16 11:27:00.0000000,2011-12-01 09:36:00.0000000,358,63,At Risk - Repeat Customer
15565,2,2011-09-30 10:44:00.0000000,2011-10-20 14:33:00.0000000,70,63,At Risk - Repeat Customer
15567,1,2011-11-21 10:48:00.0000000,2011-11-21 10:48:00.0000000,18,63,Grace Period
15568,3,2011-09-27 14:37:00.0000000,2011-12-07 11:27:00.0000000,73,63,At Risk - Repeat Customer
15569,5,2011-01-11 13:26:00.0000000,2011-08-28 10:15:00.0000000,332,63,At Risk - Repeat Customer
15570,13,2010-12-05 12:57:00.0000000,2011-12-02 14:47:00.0000000,369,63,At Risk - Repeat Customer
15571,4,2011-09-22 13:15:00.0000000,2011-11-28 10:02:00.0000000,78,63,At Risk - Repeat Customer
15572,7,2011-03-06 14:44:00.0000000,2011-12-05 10:09:00.0000000,278,63,At Risk - Repeat Customer
15573,2,2011-09-15 12:16:00.0000000,2011-11-08 11:38:00.0000000,85,63,At Risk - Repeat Customer
15574,4,2010-12-02 15:46:00.0000000,2011-06-15 12:01:00.0000000,372,63,At Risk - Repeat Customer
15576,1,2011-11-02 12:03:00.0000000,2011-11-02 12:03:00.0000000,37,63,Grace Period
15577,3,2011-02-07 13:32:00.0000000,2011-07-11 17:03:00.0000000,305,63,At Risk - Repeat Customer
15578,1,2011-06-30 13:03:00.0000000,2011-06-30 13:03:00.0000000,162,63,At Risk - First_Customer
15579,2,2011-01-30 12:09:00.0000000,2011-10-02 12:45:00.0000000,313,63,At Risk - Repeat Customer
15581,14,2010-12-08 14:38:00.0000000,2011-08-11 09:38:00.0000000,366,63,At Risk - Repeat Customer
15582,3,2011-05-03 13:36:00.0000000,2011-11-15 09:55:00.0000000,220,63,At Risk - Repeat Customer
15584,5,2011-06-30 16:39:00.0000000,2011-11-16 10:55:00.0000000,162,63,At Risk - Repeat Customer
15585,1,2011-06-16 08:38:00.0000000,2011-06-16 08:38:00.0000000,176,63,At Risk - First_Customer
15587,4,2010-12-23 09:59:00.0000000,2011-10-20 13:37:00.0000000,351,63,At Risk - Repeat Customer
15589,4,2011-02-02 10:46:00.0000000,2011-04-01 11:22:00.0000000,310,63,At Risk - Repeat Customer
15590,1,2011-02-23 16:36:00.0000000,2011-02-23 16:36:00.0000000,289,63,At Risk - First_Customer
15592,1,2011-10-24 08:59:00.0000000,2011-10-24 08:59:00.0000000,46,63,Grace Period
15593,1,2011-09-30 11:46:00.0000000,2011-09-30 11:46:00.0000000,70,63,At Risk - First_Customer
15594,6,2011-04-19 10:08:00.0000000,2011-11-24 08:53:00.0000000,234,63,At Risk - Repeat Customer
15596,9,2010-12-09 16:10:00.0000000,2011-08-31 10:55:00.0000000,365,63,At Risk - Repeat Customer
15597,2,2011-11-04 13:26:00.0000000,2011-11-10 11:46:00.0000000,35,63,Healthy
15598,3,2011-10-17 16:04:00.0000000,2011-11-04 13:14:00.0000000,53,63,Approaching At-Risk - Repeat Customer
15599,2,2011-05-19 13:05:00.0000000,2011-11-13 11:44:00.0000000,204,63,At Risk - Repeat Customer
15601,17,2010-12-02 10:39:00.0000000,2011-11-28 15:15:00.0000000,372,63,At Risk - Repeat Customer
15602,14,2010-12-06 15:35:00.0000000,2011-12-01 14:14:00.0000000,368,63,At Risk - Repeat Customer
15603,1,2011-09-22 10:04:00.0000000,2011-09-22 10:04:00.0000000,78,63,At Risk - First_Customer
15604,1,2011-10-18 14:47:00.0000000,2011-10-18 14:47:00.0000000,52,63,Grace Period
15605,5,2010-12-01 13:38:00.0000000,2011-11-03 14:17:00.0000000,373,63,At Risk - Repeat Customer
15606,11,2011-01-19 12:07:00.0000000,2011-10-13 13:32:00.0000000,324,63,At Risk - Repeat Customer
15607,1,2011-01-07 12:44:00.0000000,2011-01-07 12:44:00.0000000,336,63,At Risk - First_Customer
15608,4,2011-08-11 09:56:00.0000000,2011-11-11 13:20:00.0000000,120,63,At Risk - Repeat Customer
15609,2,2011-06-08 13:00:00.0000000,2011-06-10 09:55:00.0000000,184,63,At Risk - Repeat Customer
15610,1,2011-10-19 10:36:00.0000000,2011-10-19 10:36:00.0000000,51,63,Grace Period
15611,15,2011-01-09 11:32:00.0000000,2011-11-30 12:36:00.0000000,334,63,At Risk - Repeat Customer
15612,2,2011-10-09 12:49:00.0000000,2011-11-03 14:52:00.0000000,61,63,Approaching At-Risk - Repeat Customer
15615,27,2010-12-15 16:21:00.0000000,2011-11-29 14:42:00.0000000,359,63,At Risk - Repeat Customer
15618,5,2011-07-26 10:13:00.0000000,2011-11-07 08:34:00.0000000,136,63,At Risk - Repeat Customer
15619,1,2011-11-29 08:14:00.0000000,2011-11-29 08:14:00.0000000,10,63,Grace Period
15620,6,2010-12-16 14:34:00.0000000,2011-10-20 19:17:00.0000000,358,63,At Risk - Repeat Customer
15621,6,2011-11-18 11:49:00.0000000,2011-12-05 14:01:00.0000000,21,63,Healthy
15622,16,2011-03-02 13:42:00.0000000,2011-12-06 14:57:00.0000000,282,63,At Risk - Repeat Customer
15623,1,2011-07-21 17:26:00.0000000,2011-07-21 17:26:00.0000000,141,63,At Risk - First_Customer
15624,4,2011-03-28 13:32:00.0000000,2011-08-15 11:38:00.0000000,256,63,At Risk - Repeat Customer
15625,8,2011-04-18 14:01:00.0000000,2011-08-31 16:13:00.0000000,235,63,At Risk - Repeat Customer
15626,2,2011-01-14 10:10:00.0000000,2011-09-26 10:03:00.0000000,329,63,At Risk - Repeat Customer
15628,10,2010-12-08 09:51:00.0000000,2011-12-05 10:24:00.0000000,366,63,At Risk - Repeat Customer
15630,3,2011-05-19 10:16:00.0000000,2011-10-25 15:36:00.0000000,204,63,At Risk - Repeat Customer
15632,10,2011-03-10 08:29:00.0000000,2011-11-24 09:51:00.0000000,274,63,At Risk - Repeat Customer
15634,1,2011-11-22 16:28:00.0000000,2011-11-22 16:28:00.0000000,17,63,Grace Period
15636,2,2011-03-02 14:50:00.0000000,2011-09-11 11:17:00.0000000,282,63,At Risk - Repeat Customer
15637,1,2011-10-18 08:28:00.0000000,2011-10-18 08:28:00.0000000,52,63,Grace Period
15638,1,2011-02-11 15:12:00.0000000,2011-02-11 15:12:00.0000000,301,63,At Risk - First_Customer
15639,1,2011-07-28 14:30:00.0000000,2011-07-28 14:30:00.0000000,134,63,At Risk - First_Customer
15640,17,2010-12-02 15:40:00.0000000,2011-12-05 14:35:00.0000000,372,63,At Risk - Repeat Customer
15641,4,2010-12-15 14:45:00.0000000,2011-08-26 14:04:00.0000000,359,63,At Risk - Repeat Customer
15643,6,2011-03-02 14:34:00.0000000,2011-06-13 17:19:00.0000000,282,63,At Risk - Repeat Customer
15644,4,2011-03-23 15:37:00.0000000,2011-06-26 14:54:00.0000000,261,63,At Risk - Repeat Customer
15645,1,2011-11-21 11:55:00.0000000,2011-11-21 11:55:00.0000000,18,63,Grace Period
15646,4,2010-12-02 16:59:00.0000000,2011-07-05 09:53:00.0000000,372,63,At Risk - Repeat Customer
15648,4,2011-03-17 18:59:00.0000000,2011-05-19 15:53:00.0000000,267,63,At Risk - Repeat Customer
15649,2,2010-12-07 10:06:00.0000000,2011-01-07 13:34:00.0000000,367,63,At Risk - Repeat Customer
15651,3,2011-03-24 08:56:00.0000000,2011-11-03 08:41:00.0000000,260,63,At Risk - Repeat Customer
15652,1,2011-09-09 14:22:00.0000000,2011-09-09 14:22:00.0000000,91,63,At Risk - First_Customer
15653,2,2011-08-16 09:50:00.0000000,2011-09-08 10:49:00.0000000,115,63,At Risk - Repeat Customer
15654,2,2011-11-13 15:15:00.0000000,2011-11-30 13:08:00.0000000,26,63,Healthy
15655,2,2011-04-10 15:25:00.0000000,2011-04-20 16:28:00.0000000,243,63,At Risk - Repeat Customer
15656,4,2011-02-28 15:32:00.0000000,2011-10-25 14:56:00.0000000,284,63,At Risk - Repeat Customer
15657,1,2011-11-17 12:19:00.0000000,2011-11-17 12:19:00.0000000,22,63,Grace Period
15658,8,2010-12-02 10:53:00.0000000,2011-06-02 15:22:00.0000000,372,63,At Risk - Repeat Customer
15659,1,2011-10-27 09:23:00.0000000,2011-10-27 09:23:00.0000000,43,63,Grace Period
15660,11,2010-12-09 09:49:00.0000000,2011-11-14 16:58:00.0000000,365,63,At Risk - Repeat Customer
15661,2,2011-01-05 12:32:00.0000000,2011-01-26 13:56:00.0000000,338,63,At Risk - Repeat Customer
15663,1,2011-08-25 15:50:00.0000000,2011-08-25 15:50:00.0000000,106,63,At Risk - First_Customer
15664,2,2010-12-15 17:05:00.0000000,2011-10-20 10:57:00.0000000,359,63,At Risk - Repeat Customer
15665,2,2011-04-10 15:09:00.0000000,2011-06-24 14:57:00.0000000,243,63,At Risk - Repeat Customer
15667,1,2011-10-31 10:56:00.0000000,2011-10-31 10:56:00.0000000,39,63,Grace Period
15668,1,2011-05-06 10:39:00.0000000,2011-05-06 10:39:00.0000000,217,63,At Risk - First_Customer
15669,5,2011-03-21 09:13:00.0000000,2011-10-30 16:03:00.0000000,263,63,At Risk - Repeat Customer
15670,1,2011-02-16 10:50:00.0000000,2011-02-16 10:50:00.0000000,296,63,At Risk - First_Customer
15671,10,2011-03-14 09:37:00.0000000,2011-11-21 12:43:00.0000000,270,63,At Risk - Repeat Customer
15673,4,2011-01-16 16:25:00.0000000,2011-09-12 16:12:00.0000000,327,63,At Risk - Repeat Customer
15674,8,2011-03-30 09:19:00.0000000,2011-09-27 15:17:00.0000000,254,63,At Risk - Repeat Customer
15675,3,2011-03-04 14:21:00.0000000,2011-09-19 13:48:00.0000000,280,63,At Risk - Repeat Customer
15676,5,2011-03-01 10:19:00.0000000,2011-11-30 17:39:00.0000000,283,63,At Risk - Repeat Customer
15677,1,2011-10-21 15:36:00.0000000,2011-10-21 15:36:00.0000000,49,63,Grace Period
15678,1,2011-10-18 09:25:00.0000000,2011-10-18 09:25:00.0000000,52,63,Grace Period
15679,4,2011-06-10 08:24:00.0000000,2011-11-15 16:19:00.0000000,182,63,At Risk - Repeat Customer
15680,3,2010-12-08 14:43:00.0000000,2011-11-30 13:46:00.0000000,366,63,At Risk - Repeat Customer
15681,6,2011-03-04 13:46:00.0000000,2011-11-21 13:25:00.0000000,280,63,At Risk - Repeat Customer
15683,1,2011-08-14 12:56:00.0000000,2011-08-14 12:56:00.0000000,117,63,At Risk - First_Customer
15687,11,2011-01-13 15:13:00.0000000,2011-12-01 08:33:00.0000000,330,63,At Risk - Repeat Customer
15689,2,2010-12-13 09:57:00.0000000,2011-08-12 09:37:00.0000000,361,63,At Risk - Repeat Customer
15690,2,2011-08-31 11:40:00.0000000,2011-12-05 15:59:00.0000000,100,63,At Risk - Repeat Customer
15691,1,2011-04-01 15:13:00.0000000,2011-04-01 15:13:00.0000000,252,63,At Risk - First_Customer
15692,1,2011-11-11 14:12:00.0000000,2011-11-11 14:12:00.0000000,28,63,Grace Period
15694,15,2010-12-02 07:49:00.0000000,2011-12-09 09:44:00.0000000,372,63,At Risk - Repeat Customer
15695,2,2011-03-18 08:31:00.0000000,2011-03-18 08:32:00.0000000,266,63,At Risk - Repeat Customer
15696,12,2011-01-17 11:24:00.0000000,2011-11-06 14:02:00.0000000,326,63,At Risk - Repeat Customer
15699,1,2011-11-22 08:26:00.0000000,2011-11-22 08:26:00.0000000,17,63,Grace Period
15700,3,2011-06-19 15:36:00.0000000,2011-06-20 16:53:00.0000000,173,63,At Risk - Repeat Customer
15701,4,2011-08-21 12:36:00.0000000,2011-12-07 14:39:00.0000000,110,63,At Risk - Repeat Customer
15703,1,2011-03-20 10:51:00.0000000,2011-03-20 10:51:00.0000000,264,63,At Risk - First_Customer
15704,4,2011-05-08 12:42:00.0000000,2011-07-22 13:35:00.0000000,215,63,At Risk - Repeat Customer
15705,1,2011-05-22 15:37:00.0000000,2011-05-22 15:37:00.0000000,201,63,At Risk - First_Customer
15706,7,2011-08-15 14:32:00.0000000,2011-10-11 10:14:00.0000000,116,63,At Risk - Repeat Customer
15707,4,2011-09-14 14:19:00.0000000,2011-11-04 14:35:00.0000000,86,63,At Risk - Repeat Customer
15708,11,2010-12-05 10:25:00.0000000,2011-10-30 10:54:00.0000000,369,63,At Risk - Repeat Customer
15709,1,2011-03-01 10:38:00.0000000,2011-03-01 10:38:00.0000000,283,63,At Risk - First_Customer
15712,5,2011-02-25 11:32:00.0000000,2011-11-30 14:09:00.0000000,287,63,At Risk - Repeat Customer
15713,3,2010-12-08 15:16:00.0000000,2011-07-19 13:34:00.0000000,366,63,At Risk - Repeat Customer
15714,2,2011-09-23 11:25:00.0000000,2011-11-28 11:26:00.0000000,77,63,At Risk - Repeat Customer
15716,4,2010-12-05 12:26:00.0000000,2011-07-17 11:59:00.0000000,369,63,At Risk - Repeat Customer
15717,1,2011-04-19 13:21:00.0000000,2011-04-19 13:21:00.0000000,234,63,At Risk - First_Customer
15719,14,2011-01-06 12:31:00.0000000,2011-11-07 12:29:00.0000000,337,63,At Risk - Repeat Customer
15720,1,2011-11-15 14:48:00.0000000,2011-11-15 14:48:00.0000000,24,63,Grace Period
15721,1,2011-11-28 12:14:00.0000000,2011-11-28 12:14:00.0000000,11,63,Grace Period
15722,6,2011-02-22 12:24:00.0000000,2011-11-04 11:43:00.0000000,290,63,At Risk - Repeat Customer
15723,1,2010-12-10 11:12:00.0000000,2010-12-10 11:12:00.0000000,364,63,At Risk - First_Customer
15724,3,2011-02-28 10:40:00.0000000,2011-05-22 14:40:00.0000000,284,63,At Risk - Repeat Customer
15725,1,2011-11-24 14:51:00.0000000,2011-11-24 14:51:00.0000000,15,63,Grace Period
15727,7,2010-12-15 15:47:00.0000000,2011-11-23 12:36:00.0000000,359,63,At Risk - Repeat Customer
15728,1,2011-10-21 14:03:00.0000000,2011-10-21 14:03:00.0000000,49,63,Grace Period
15729,2,2011-05-11 12:36:00.0000000,2011-05-25 16:43:00.0000000,212,63,At Risk - Repeat Customer
15730,4,2011-05-17 12:43:00.0000000,2011-10-05 12:31:00.0000000,206,63,At Risk - Repeat Customer
15732,2,2010-12-02 15:00:00.0000000,2011-05-11 14:24:00.0000000,372,63,At Risk - Repeat Customer
15733,1,2011-03-02 09:05:00.0000000,2011-03-02 09:05:00.0000000,282,63,At Risk - First_Customer
15734,2,2011-05-23 14:59:00.0000000,2011-08-17 10:50:00.0000000,200,63,At Risk - Repeat Customer
15737,12,2011-04-11 10:01:00.0000000,2011-11-25 11:21:00.0000000,242,63,At Risk - Repeat Customer
15738,19,2010-12-02 12:50:00.0000000,2011-11-21 08:26:00.0000000,372,63,At Risk - Repeat Customer
15739,1,2011-10-04 13:42:00.0000000,2011-10-04 13:42:00.0000000,66,63,At Risk - First_Customer
15740,1,2011-10-21 14:29:00.0000000,2011-10-21 14:29:00.0000000,49,63,Grace Period
15743,4,2011-06-08 10:14:00.0000000,2011-11-23 17:19:00.0000000,184,63,At Risk - Repeat Customer
15744,1,2011-09-23 09:52:00.0000000,2011-09-23 09:52:00.0000000,77,63,At Risk - First_Customer
15745,6,2011-04-17 13:04:00.0000000,2011-12-01 11:18:00.0000000,236,63,At Risk - Repeat Customer
15746,2,2011-07-28 15:21:00.0000000,2011-07-28 15:27:00.0000000,134,63,At Risk - Repeat Customer
15747,3,2011-06-20 11:30:00.0000000,2011-11-27 12:26:00.0000000,172,63,At Risk - Repeat Customer
15748,1,2011-10-30 12:51:00.0000000,2011-10-30 12:51:00.0000000,40,63,Grace Period
15749,4,2011-01-11 12:55:00.0000000,2011-04-18 13:20:00.0000000,332,63,At Risk - Repeat Customer
15750,9,2010-12-08 10:36:00.0000000,2011-12-07 12:34:00.0000000,366,63,At Risk - Repeat Customer
15752,8,2010-12-02 09:43:00.0000000,2011-10-31 11:37:00.0000000,372,63,At Risk - Repeat Customer
15753,1,2011-02-08 12:41:00.0000000,2011-02-08 12:41:00.0000000,304,63,At Risk - First_Customer
15754,4,2011-04-07 12:24:00.0000000,2011-10-20 11:44:00.0000000,246,63,At Risk - Repeat Customer
15755,8,2011-02-18 11:53:00.0000000,2011-12-08 18:59:00.0000000,294,63,At Risk - Repeat Customer
15756,4,2011-04-04 14:00:00.0000000,2011-10-09 13:30:00.0000000,249,63,At Risk - Repeat Customer
15757,2,2011-05-06 11:40:00.0000000,2011-10-05 12:14:00.0000000,217,63,At Risk - Repeat Customer
15758,1,2011-11-15 10:48:00.0000000,2011-11-15 10:48:00.0000000,24,63,Grace Period
15759,3,2010-12-16 15:29:00.0000000,2011-05-05 15:13:00.0000000,358,63,At Risk - Repeat Customer
15762,2,2011-09-23 15:17:00.0000000,2011-10-05 16:15:00.0000000,77,63,At Risk - Repeat Customer
15763,3,2011-09-23 12:10:00.0000000,2011-11-08 09:44:00.0000000,77,63,At Risk - Repeat Customer
15764,10,2011-03-08 09:23:00.0000000,2011-09-19 16:16:00.0000000,276,63,At Risk - Repeat Customer
15766,1,2011-10-06 17:03:00.0000000,2011-10-06 17:03:00.0000000,64,63,At Risk - First_Customer
15768,4,2011-04-28 09:20:00.0000000,2011-08-16 10:48:00.0000000,225,63,At Risk - Repeat Customer
15769,28,2010-12-03 15:16:00.0000000,2011-12-02 13:52:00.0000000,371,63,At Risk - Repeat Customer
15773,1,2011-12-04 12:48:00.0000000,2011-12-04 12:48:00.0000000,5,63,Grace Period
15774,1,2011-10-02 12:04:00.0000000,2011-10-02 12:04:00.0000000,68,63,At Risk - First_Customer
15775,1,2011-04-08 12:56:00.0000000,2011-04-08 12:56:00.0000000,245,63,At Risk - First_Customer
15776,1,2011-07-29 13:46:00.0000000,2011-07-29 13:46:00.0000000,133,63,At Risk - First_Customer
15777,5,2010-12-13 16:38:00.0000000,2011-04-12 16:43:00.0000000,361,63,At Risk - Repeat Customer
15780,3,2010-12-17 11:43:00.0000000,2011-06-09 12:01:00.0000000,357,63,At Risk - Repeat Customer
15781,4,2011-02-07 09:15:00.0000000,2011-11-14 14:57:00.0000000,305,63,At Risk - Repeat Customer
15782,4,2011-09-11 14:29:00.0000000,2011-11-30 10:49:00.0000000,89,63,At Risk - Repeat Customer
15783,1,2011-11-29 09:50:00.0000000,2011-11-29 09:50:00.0000000,10,63,Grace Period
15785,8,2011-02-17 14:17:00.0000000,2011-11-10 12:08:00.0000000,295,63,At Risk - Repeat Customer
15786,5,2011-08-17 13:33:00.0000000,2011-10-27 10:53:00.0000000,114,63,At Risk - Repeat Customer
15787,3,2011-10-09 13:11:00.0000000,2011-11-13 14:55:00.0000000,61,63,Approaching At-Risk - Repeat Customer
15789,1,2010-12-16 14:35:00.0000000,2010-12-16 14:35:00.0000000,358,63,At Risk - First_Customer
15790,1,2011-11-29 14:53:00.0000000,2011-11-29 14:53:00.0000000,10,63,Grace Period
15791,3,2011-05-19 15:15:00.0000000,2011-10-27 10:14:00.0000000,204,63,At Risk - Repeat Customer
15793,4,2011-03-16 10:45:00.0000000,2011-11-30 15:08:00.0000000,268,63,At Risk - Repeat Customer
15795,1,2011-07-13 10:43:00.0000000,2011-07-13 10:43:00.0000000,149,63,At Risk - First_Customer
15796,10,2011-02-10 15:40:00.0000000,2011-12-08 19:55:00.0000000,302,63,At Risk - Repeat Customer
15797,4,2011-01-24 15:47:00.0000000,2011-08-18 17:04:00.0000000,319,63,At Risk - Repeat Customer
15799,3,2011-01-09 15:13:00.0000000,2011-09-25 12:46:00.0000000,334,63,At Risk - Repeat Customer
15800,2,2011-04-07 12:39:00.0000000,2011-08-24 14:23:00.0000000,246,63,At Risk - Repeat Customer
15801,4,2011-08-22 09:53:00.0000000,2011-10-24 13:52:00.0000000,109,63,At Risk - Repeat Customer
15802,3,2011-07-20 11:23:00.0000000,2011-07-20 11:40:00.0000000,142,63,At Risk - Repeat Customer
15803,1,2011-10-19 14:56:00.0000000,2011-10-19 14:56:00.0000000,51,63,Grace Period
15804,19,2011-05-25 10:12:00.0000000,2011-12-09 12:31:00.0000000,198,63,At Risk - Repeat Customer
15805,20,2010-12-10 09:33:00.0000000,2011-11-16 16:32:00.0000000,364,63,At Risk - Repeat Customer
15806,3,2011-03-08 09:24:00.0000000,2011-10-24 14:35:00.0000000,276,63,At Risk - Repeat Customer
15807,3,2011-09-23 14:43:00.0000000,2011-10-20 14:10:00.0000000,77,63,At Risk - Repeat Customer
15808,5,2010-12-05 13:05:00.0000000,2011-02-06 14:33:00.0000000,369,63,At Risk - Repeat Customer
15809,6,2011-02-10 11:16:00.0000000,2011-11-04 12:05:00.0000000,302,63,At Risk - Repeat Customer
15810,6,2011-02-16 09:11:00.0000000,2011-09-22 09:38:00.0000000,296,63,At Risk - Repeat Customer
15811,9,2010-12-09 15:29:00.0000000,2011-11-22 15:29:00.0000000,365,63,At Risk - Repeat Customer
15812,5,2011-01-26 12:12:00.0000000,2011-08-24 14:19:00.0000000,317,63,At Risk - Repeat Customer
15813,2,2011-04-14 09:09:00.0000000,2011-05-16 08:13:00.0000000,239,63,At Risk - Repeat Customer
15814,6,2011-10-20 09:04:00.0000000,2011-12-06 15:01:00.0000000,50,63,Approaching At-Risk - Repeat Customer
15815,5,2011-03-25 08:43:00.0000000,2011-10-07 12:42:00.0000000,259,63,At Risk - Repeat Customer
15819,4,2011-03-08 09:45:00.0000000,2011-10-21 14:50:00.0000000,276,63,At Risk - Repeat Customer
15820,1,2011-01-24 12:00:00.0000000,2011-01-24 12:00:00.0000000,319,63,At Risk - First_Customer
15821,2,2011-10-09 13:28:00.0000000,2011-10-26 15:48:00.0000000,61,63,Approaching At-Risk - Repeat Customer
15822,2,2010-12-15 13:38:00.0000000,2011-12-06 14:50:00.0000000,359,63,At Risk - Repeat Customer
15823,2,2010-12-02 15:08:00.0000000,2011-01-06 12:58:00.0000000,372,63,At Risk - Repeat Customer
15825,1,2011-06-20 13:27:00.0000000,2011-06-20 13:27:00.0000000,172,63,At Risk - First_Customer
15826,4,2011-05-13 10:44:00.0000000,2011-10-19 13:24:00.0000000,210,63,At Risk - Repeat Customer
15827,19,2010-12-02 13:06:00.0000000,2011-09-27 15:35:00.0000000,372,63,At Risk - Repeat Customer
15829,2,2011-07-22 10:23:00.0000000,2011-09-01 16:45:00.0000000,140,63,At Risk - Repeat Customer
15830,2,2011-11-02 10:40:00.0000000,2011-11-10 13:35:00.0000000,37,63,Healthy
15831,4,2011-01-19 14:44:00.0000000,2011-10-12 13:14:00.0000000,324,63,At Risk - Repeat Customer
15832,1,2011-03-30 15:29:00.0000000,2011-03-30 15:29:00.0000000,254,63,At Risk - First_Customer
15834,6,2010-12-02 16:45:00.0000000,2011-09-30 14:41:00.0000000,372,63,At Risk - Repeat Customer
15835,4,2011-01-13 10:35:00.0000000,2011-10-26 15:47:00.0000000,330,63,At Risk - Repeat Customer
15836,2,2011-10-20 17:13:00.0000000,2011-10-25 15:37:00.0000000,50,63,Approaching At-Risk - Repeat Customer
15837,1,2011-10-06 09:01:00.0000000,2011-10-06 09:01:00.0000000,64,63,At Risk - First_Customer
15838,21,2010-12-02 14:23:00.0000000,2011-11-28 14:00:00.0000000,372,63,At Risk - Repeat Customer
15839,5,2011-07-14 16:35:00.0000000,2011-11-14 13:25:00.0000000,148,63,At Risk - Repeat Customer
15840,3,2011-06-20 11:42:00.0000000,2011-10-12 09:08:00.0000000,172,63,At Risk - Repeat Customer
15841,6,2011-01-05 11:25:00.0000000,2011-10-06 18:31:00.0000000,338,63,At Risk - Repeat Customer
15843,1,2011-02-09 10:19:00.0000000,2011-02-09 10:19:00.0000000,303,63,At Risk - First_Customer
15844,1,2011-10-24 15:19:00.0000000,2011-10-24 15:19:00.0000000,46,63,Grace Period
15845,10,2011-01-06 17:19:00.0000000,2011-11-22 09:42:00.0000000,337,63,At Risk - Repeat Customer
15847,2,2011-02-24 16:46:00.0000000,2011-11-01 14:41:00.0000000,288,63,At Risk - Repeat Customer
15850,2,2011-06-24 14:16:00.0000000,2011-11-20 14:14:00.0000000,168,63,At Risk - Repeat Customer
15852,2,2011-05-26 13:26:00.0000000,2011-06-06 11:22:00.0000000,197,63,At Risk - Repeat Customer
15853,1,2011-10-19 10:38:00.0000000,2011-10-19 10:38:00.0000000,51,63,Grace Period
15854,11,2010-12-13 11:47:00.0000000,2011-12-05 13:39:00.0000000,361,63,At Risk - Repeat Customer
15855,5,2011-03-21 12:32:00.0000000,2011-07-26 10:20:00.0000000,263,63,At Risk - Repeat Customer
15856,30,2010-12-09 13:34:00.0000000,2011-12-05 17:09:00.0000000,365,63,At Risk - Repeat Customer
15857,1,2011-11-21 12:18:00.0000000,2011-11-21 12:18:00.0000000,18,63,Grace Period
15858,5,2010-12-07 14:31:00.0000000,2011-11-24 12:48:00.0000000,367,63,At Risk - Repeat Customer
15860,8,2010-12-06 11:38:00.0000000,2011-10-30 11:25:00.0000000,368,63,At Risk - Repeat Customer
15861,10,2011-03-17 20:12:00.0000000,2011-11-27 15:59:00.0000000,267,63,At Risk - Repeat Customer
15862,4,2010-12-01 11:21:00.0000000,2011-12-01 13:28:00.0000000,373,63,At Risk - Repeat Customer
15863,2,2011-05-31 11:36:00.0000000,2011-11-14 12:49:00.0000000,192,63,At Risk - Repeat Customer
15864,8,2011-01-27 16:43:00.0000000,2011-11-17 13:32:00.0000000,316,63,At Risk - Repeat Customer
15865,3,2011-05-10 11:44:00.0000000,2011-10-30 12:43:00.0000000,213,63,At Risk - Repeat Customer
15866,1,2011-08-30 14:09:00.0000000,2011-08-30 14:09:00.0000000,101,63,At Risk - First_Customer
15867,16,2010-12-05 14:17:00.0000000,2011-12-04 13:37:00.0000000,369,63,At Risk - Repeat Customer
15869,2,2011-03-07 17:19:00.0000000,2011-03-07 17:23:00.0000000,277,63,At Risk - Repeat Customer
15870,1,2011-11-07 10:58:00.0000000,2011-11-07 10:58:00.0000000,32,63,Grace Period
15872,2,2011-11-25 11:54:00.0000000,2011-11-25 11:55:00.0000000,14,63,Healthy
15874,9,2011-02-28 13:28:00.0000000,2011-10-07 12:58:00.0000000,284,63,At Risk - Repeat Customer
15877,3,2011-11-22 11:18:00.0000000,2011-12-08 11:57:00.0000000,17,63,Healthy
15880,2,2010-12-05 13:00:00.0000000,2010-12-05 13:09:00.0000000,369,63,At Risk - Repeat Customer
15881,8,2010-12-10 13:32:00.0000000,2011-01-31 16:59:00.0000000,364,63,At Risk - Repeat Customer
15882,4,2010-12-06 13:01:00.0000000,2011-05-25 11:35:00.0000000,368,63,At Risk - Repeat Customer
15883,2,2011-11-06 14:50:00.0000000,2011-12-07 17:05:00.0000000,33,63,Healthy
15885,3,2011-02-03 15:28:00.0000000,2011-09-08 10:43:00.0000000,309,63,At Risk - Repeat Customer
15886,1,2011-10-10 14:25:00.0000000,2011-10-10 14:25:00.0000000,60,63,Grace Period
15888,2,2011-09-20 12:30:00.0000000,2011-09-21 09:44:00.0000000,80,63,At Risk - Repeat Customer
15889,2,2010-12-05 15:12:00.0000000,2011-07-06 11:10:00.0000000,369,63,At Risk - Repeat Customer
15891,1,2011-04-27 12:35:00.0000000,2011-04-27 12:35:00.0000000,226,63,At Risk - First_Customer
15894,2,2010-12-05 14:06:00.0000000,2011-03-31 13:50:00.0000000,369,63,At Risk - Repeat Customer
15895,1,2011-07-13 10:27:00.0000000,2011-07-13 10:27:00.0000000,149,63,At Risk - First_Customer
15897,2,2011-05-29 13:32:00.0000000,2011-05-29 13:50:00.0000000,194,63,At Risk - Repeat Customer
15898,6,2010-12-06 11:01:00.0000000,2011-12-08 15:23:00.0000000,368,63,At Risk - Repeat Customer
15899,1,2010-12-06 10:36:00.0000000,2010-12-06 10:36:00.0000000,368,63,At Risk - First_Customer
15900,1,2011-11-16 12:19:00.0000000,2011-11-16 12:19:00.0000000,23,63,Grace Period
15901,3,2011-07-08 12:18:00.0000000,2011-11-23 12:43:00.0000000,154,63,At Risk - Repeat Customer
15903,8,2011-02-17 14:04:00.0000000,2011-11-30 08:08:00.0000000,295,63,At Risk - Repeat Customer
15904,1,2011-12-01 14:50:00.0000000,2011-12-01 14:50:00.0000000,8,63,Grace Period
15906,8,2011-03-29 13:18:00.0000000,2011-11-20 12:24:00.0000000,255,63,At Risk - Repeat Customer
15907,3,2011-05-13 13:01:00.0000000,2011-12-06 12:21:00.0000000,210,63,At Risk - Repeat Customer
15909,1,2011-06-19 10:38:00.0000000,2011-06-19 10:38:00.0000000,173,63,At Risk - First_Customer
15910,8,2011-01-27 11:55:00.0000000,2011-12-09 10:51:00.0000000,316,63,At Risk - Repeat Customer
15912,2,2011-04-20 17:10:00.0000000,2011-06-14 14:29:00.0000000,233,63,At Risk - Repeat Customer
15916,10,2010-12-08 12:49:00.0000000,2011-11-23 13:46:00.0000000,366,63,At Risk - Repeat Customer
15917,1,2011-04-06 10:40:00.0000000,2011-04-06 10:40:00.0000000,247,63,At Risk - First_Customer
15918,2,2011-03-13 15:55:00.0000000,2011-06-02 11:42:00.0000000,271,63,At Risk - Repeat Customer
15919,2,2010-12-06 11:26:00.0000000,2011-11-20 11:28:00.0000000,368,63,At Risk - Repeat Customer
15920,4,2011-07-08 15:16:00.0000000,2011-07-08 15:31:00.0000000,154,63,At Risk - Repeat Customer
15921,1,2011-06-20 11:03:00.0000000,2011-06-20 11:03:00.0000000,172,63,At Risk - First_Customer
15922,2,2010-12-01 13:51:00.0000000,2010-12-02 13:05:00.0000000,373,63,At Risk - Repeat Customer
15923,1,2010-12-02 12:16:00.0000000,2010-12-02 12:16:00.0000000,372,63,At Risk - First_Customer
15925,1,2011-05-29 15:35:00.0000000,2011-05-29 15:35:00.0000000,194,63,At Risk - First_Customer
15930,1,2011-10-03 14:52:00.0000000,2011-10-03 14:52:00.0000000,67,63,At Risk - First_Customer
15932,11,2011-02-23 14:50:00.0000000,2011-12-05 17:13:00.0000000,289,63,At Risk - Repeat Customer
15933,3,2011-09-14 12:05:00.0000000,2011-11-18 13:14:00.0000000,86,63,At Risk - Repeat Customer
15935,2,2011-04-12 09:35:00.0000000,2011-04-14 13:27:00.0000000,241,63,At Risk - Repeat Customer
15937,1,2011-10-06 15:48:00.0000000,2011-10-06 15:48:00.0000000,64,63,At Risk - First_Customer
15938,5,2011-01-20 10:11:00.0000000,2011-08-19 12:56:00.0000000,323,63,At Risk - Repeat Customer
15939,16,2011-01-12 12:43:00.0000000,2011-09-11 11:30:00.0000000,331,63,At Risk - Repeat Customer
15940,2,2011-02-01 16:18:00.0000000,2011-02-01 16:21:00.0000000,311,63,At Risk - Repeat Customer
15942,1,2011-07-29 09:01:00.0000000,2011-07-29 09:01:00.0000000,133,63,At Risk - First_Customer
15944,1,2011-03-08 10:33:00.0000000,2011-03-08 10:33:00.0000000,276,63,At Risk - First_Customer
15945,1,2010-12-09 13:14:00.0000000,2010-12-09 13:14:00.0000000,365,63,At Risk - First_Customer
15947,1,2011-09-18 10:46:00.0000000,2011-09-18 10:46:00.0000000,82,63,At Risk - First_Customer
15948,2,2011-10-27 08:35:00.0000000,2011-12-01 15:32:00.0000000,43,63,Healthy
15949,2,2011-09-29 17:34:00.0000000,2011-11-23 09:09:00.0000000,71,63,At Risk - Repeat Customer
15950,5,2010-12-15 11:56:00.0000000,2011-12-08 10:34:00.0000000,359,63,At Risk - Repeat Customer
15951,3,2011-02-27 11:57:00.0000000,2011-12-08 18:57:00.0000000,285,63,At Risk - Repeat Customer
15952,4,2011-04-28 12:55:00.0000000,2011-11-06 11:18:00.0000000,225,63,At Risk - Repeat Customer
15953,10,2010-12-05 15:15:00.0000000,2011-11-24 15:32:00.0000000,369,63,At Risk - Repeat Customer
15955,14,2010-12-02 11:22:00.0000000,2011-11-15 14:15:00.0000000,372,63,At Risk - Repeat Customer
15957,1,2011-11-08 12:14:00.0000000,2011-11-08 12:14:00.0000000,31,63,Grace Period
15958,1,2011-09-26 13:41:00.0000000,2011-09-26 13:41:00.0000000,74,63,At Risk - First_Customer
15963,2,2011-10-25 13:05:00.0000000,2011-11-20 11:33:00.0000000,45,63,Healthy
15965,4,2010-12-07 13:18:00.0000000,2011-11-22 16:44:00.0000000,367,63,At Risk - Repeat Customer
15967,2,2011-01-25 11:57:00.0000000,2011-11-16 15:41:00.0000000,318,63,At Risk - Repeat Customer
15969,4,2011-06-07 12:19:00.0000000,2011-12-07 11:06:00.0000000,185,63,At Risk - Repeat Customer
15970,1,2011-02-09 12:08:00.0000000,2011-02-09 12:08:00.0000000,303,63,At Risk - First_Customer
15971,12,2011-02-01 16:47:00.0000000,2011-11-22 12:50:00.0000000,311,63,At Risk - Repeat Customer
15973,3,2010-12-08 11:42:00.0000000,2011-04-18 09:39:00.0000000,366,63,At Risk - Repeat Customer
15974,8,2011-02-24 10:10:00.0000000,2011-10-31 13:13:00.0000000,288,63,At Risk - Repeat Customer
15975,1,2011-09-16 13:33:00.0000000,2011-09-16 13:33:00.0000000,84,63,At Risk - First_Customer
15976,2,2011-05-03 17:12:00.0000000,2011-06-27 13:00:00.0000000,220,63,At Risk - Repeat Customer
15977,2,2011-10-31 16:24:00.0000000,2011-11-22 13:29:00.0000000,39,63,Healthy
15978,1,2011-09-23 15:21:00.0000000,2011-09-23 15:21:00.0000000,77,63,At Risk - First_Customer
15980,3,2011-03-30 15:05:00.0000000,2011-09-12 09:41:00.0000000,254,63,At Risk - Repeat Customer
15981,8,2011-02-01 13:50:00.0000000,2011-11-15 08:00:00.0000000,311,63,At Risk - Repeat Customer
15983,4,2010-12-01 12:15:00.0000000,2011-11-17 17:34:00.0000000,373,63,At Risk - Repeat Customer
15984,11,2010-12-06 13:21:00.0000000,2011-12-07 12:16:00.0000000,368,63,At Risk - Repeat Customer
15985,3,2011-04-17 11:04:00.0000000,2011-08-08 16:31:00.0000000,236,63,At Risk - Repeat Customer
15986,1,2011-11-09 15:17:00.0000000,2011-11-09 15:17:00.0000000,30,63,Grace Period
15987,7,2010-12-06 08:34:00.0000000,2011-11-27 15:38:00.0000000,368,63,At Risk - Repeat Customer
15988,1,2011-11-20 13:23:00.0000000,2011-11-20 13:23:00.0000000,19,63,Grace Period
15990,2,2011-02-25 15:35:00.0000000,2011-10-26 15:58:00.0000000,287,63,At Risk - Repeat Customer
15992,1,2011-12-06 11:00:00.0000000,2011-12-06 11:00:00.0000000,3,63,Grace Period
15993,10,2011-10-26 16:21:00.0000000,2011-12-01 10:45:00.0000000,44,63,Healthy
15994,1,2011-10-16 12:28:00.0000000,2011-10-16 12:28:00.0000000,54,63,Grace Period
15996,7,2010-12-08 15:59:00.0000000,2011-09-12 15:14:00.0000000,366,63,At Risk - Repeat Customer
15998,6,2010-12-12 13:32:00.0000000,2011-11-03 12:45:00.0000000,362,63,At Risk - Repeat Customer
16000,3,2011-12-07 12:14:00.0000000,2011-12-07 12:17:00.0000000,2,63,Healthy
16003,5,2010-12-15 12:09:00.0000000,2011-11-10 09:57:00.0000000,359,63,At Risk - Repeat Customer
16005,4,2011-03-14 11:46:00.0000000,2011-11-27 13:47:00.0000000,270,63,At Risk - Repeat Customer
16006,1,2011-05-12 13:12:00.0000000,2011-05-12 13:12:00.0000000,211,63,At Risk - First_Customer
16007,4,2011-05-08 13:32:00.0000000,2011-10-23 11:05:00.0000000,215,63,At Risk - Repeat Customer
16008,3,2011-05-19 10:54:00.0000000,2011-11-16 10:32:00.0000000,204,63,At Risk - Repeat Customer
16009,4,2011-07-03 11:26:00.0000000,2011-11-17 16:51:00.0000000,159,63,At Risk - Repeat Customer
16010,3,2010-12-12 12:18:00.0000000,2011-04-08 10:14:00.0000000,362,63,At Risk - Repeat Customer
16011,16,2010-12-08 16:34:00.0000000,2011-12-01 16:31:00.0000000,366,63,At Risk - Repeat Customer
16012,3,2011-07-07 18:02:00.0000000,2011-11-04 13:25:00.0000000,155,63,At Risk - Repeat Customer
16013,51,2010-12-03 13:09:00.0000000,2011-12-06 10:36:00.0000000,371,63,At Risk - Repeat Customer
16014,4,2011-02-21 17:42:00.0000000,2011-11-04 11:23:00.0000000,291,63,At Risk - Repeat Customer
16015,4,2011-10-21 12:56:00.0000000,2011-12-06 10:58:00.0000000,49,63,Approaching At-Risk - Repeat Customer
16016,10,2010-12-08 12:36:00.0000000,2011-12-06 14:35:00.0000000,366,63,At Risk - Repeat Customer
16017,1,2011-10-23 12:56:00.0000000,2011-10-23 12:56:00.0000000,47,63,Grace Period
16018,2,2011-06-12 13:52:00.0000000,2011-10-31 14:13:00.0000000,180,63,At Risk - Repeat Customer
16019,10,2010-12-10 12:29:00.0000000,2011-12-08 10:06:00.0000000,364,63,At Risk - Repeat Customer
16020,2,2011-10-05 13:54:00.0000000,2011-11-23 11:18:00.0000000,65,63,At Risk - Repeat Customer
16022,1,2011-03-24 13:16:00.0000000,2011-03-24 13:16:00.0000000,260,63,At Risk - First_Customer
16023,3,2011-03-18 13:32:00.0000000,2011-10-24 16:34:00.0000000,266,63,At Risk - Repeat Customer
16024,1,2011-11-27 13:26:00.0000000,2011-11-27 13:26:00.0000000,12,63,Grace Period
16025,1,2011-11-10 11:45:00.0000000,2011-11-10 11:45:00.0000000,29,63,Grace Period
16026,1,2011-10-27 13:53:00.0000000,2011-10-27 13:53:00.0000000,43,63,Grace Period
16027,7,2011-02-10 12:19:00.0000000,2011-09-09 10:47:00.0000000,302,63,At Risk - Repeat Customer
16029,73,2010-12-01 09:57:00.0000000,2011-11-01 10:27:00.0000000,373,63,At Risk - Repeat Customer
16030,1,2011-02-03 11:28:00.0000000,2011-02-03 11:28:00.0000000,309,63,At Risk - First_Customer
16031,2,2011-04-06 14:23:00.0000000,2011-09-08 13:07:00.0000000,247,63,At Risk - Repeat Customer
16033,27,2010-12-05 10:36:00.0000000,2011-12-04 12:44:00.0000000,369,63,At Risk - Repeat Customer
16034,3,2011-01-11 11:54:00.0000000,2011-05-27 16:17:00.0000000,332,63,At Risk - Repeat Customer
16036,2,2011-03-21 13:01:00.0000000,2011-09-13 14:53:00.0000000,263,63,At Risk - Repeat Customer
16037,3,2010-12-16 10:18:00.0000000,2011-03-15 09:13:00.0000000,358,63,At Risk - Repeat Customer
16038,4,2011-05-22 11:29:00.0000000,2011-12-02 12:40:00.0000000,201,63,At Risk - Repeat Customer
16040,3,2011-03-16 09:58:00.0000000,2011-10-05 13:47:00.0000000,268,63,At Risk - Repeat Customer
16041,3,2011-07-21 16:27:00.0000000,2011-11-09 12:25:00.0000000,141,63,At Risk - Repeat Customer
16042,7,2010-12-02 12:50:00.0000000,2011-11-17 17:50:00.0000000,372,63,At Risk - Repeat Customer
16043,4,2011-01-26 11:14:00.0000000,2011-11-02 12:50:00.0000000,317,63,At Risk - Repeat Customer
16045,4,2011-02-22 14:55:00.0000000,2011-08-12 12:41:00.0000000,290,63,At Risk - Repeat Customer
16048,3,2010-12-01 15:27:00.0000000,2011-09-15 10:12:00.0000000,373,63,At Risk - Repeat Customer
16049,3,2011-09-25 14:33:00.0000000,2011-10-30 13:19:00.0000000,75,63,At Risk - Repeat Customer
16050,1,2011-06-19 11:44:00.0000000,2011-06-19 11:44:00.0000000,173,63,At Risk - First_Customer
16052,1,2011-10-16 15:13:00.0000000,2011-10-16 15:13:00.0000000,54,63,Grace Period
16053,2,2011-08-09 14:57:00.0000000,2011-11-07 11:21:00.0000000,122,63,At Risk - Repeat Customer
16054,1,2011-07-17 13:08:00.0000000,2011-07-17 13:08:00.0000000,145,63,At Risk - First_Customer
16055,1,2011-05-03 09:26:00.0000000,2011-05-03 09:26:00.0000000,220,63,At Risk - First_Customer
16056,1,2011-10-25 15:19:00.0000000,2011-10-25 15:19:00.0000000,45,63,Grace Period
16057,9,2011-02-28 10:35:00.0000000,2011-12-05 16:36:00.0000000,284,63,At Risk - Repeat Customer
16059,6,2010-12-07 10:36:00.0000000,2011-10-05 09:56:00.0000000,367,63,At Risk - Repeat Customer
16061,1,2011-03-15 14:41:00.0000000,2011-03-15 14:41:00.0000000,269,63,At Risk - First_Customer
16062,4,2010-12-10 12:00:00.0000000,2011-11-30 12:15:00.0000000,364,63,At Risk - Repeat Customer
16063,2,2011-03-24 14:55:00.0000000,2011-03-24 14:56:00.0000000,260,63,At Risk - Repeat Customer
16065,1,2010-12-09 13:03:00.0000000,2010-12-09 13:03:00.0000000,365,63,At Risk - First_Customer
16066,5,2011-08-07 14:33:00.0000000,2011-11-23 11:54:00.0000000,124,63,At Risk - Repeat Customer
16070,2,2011-11-07 16:36:00.0000000,2011-11-17 15:50:00.0000000,32,63,Healthy
16071,1,2011-10-26 11:14:00.0000000,2011-10-26 11:14:00.0000000,44,63,Grace Period
16072,1,2011-02-24 14:32:00.0000000,2011-02-24 14:32:00.0000000,288,63,At Risk - First_Customer
16073,2,2011-02-15 15:41:00.0000000,2011-02-21 12:33:00.0000000,297,63,At Risk - Repeat Customer
16076,11,2011-05-15 12:31:00.0000000,2011-12-06 14:59:00.0000000,208,63,At Risk - Repeat Customer
16078,1,2011-03-01 09:47:00.0000000,2011-03-01 09:47:00.0000000,283,63,At Risk - First_Customer
16079,3,2011-10-30 13:06:00.0000000,2011-11-23 12:48:00.0000000,40,63,Healthy
16080,3,2011-03-10 14:44:00.0000000,2011-09-19 10:42:00.0000000,274,63,At Risk - Repeat Customer
16081,5,2010-12-08 11:16:00.0000000,2011-10-14 13:06:00.0000000,366,63,At Risk - Repeat Customer
16083,2,2010-12-14 11:51:00.0000000,2011-08-31 10:47:00.0000000,360,63,At Risk - Repeat Customer
16084,1,2011-02-13 16:05:00.0000000,2011-02-13 16:05:00.0000000,299,63,At Risk - First_Customer
16085,5,2011-01-23 12:07:00.0000000,2011-11-16 13:24:00.0000000,320,63,At Risk - Repeat Customer
16086,6,2010-12-07 13:45:00.0000000,2011-10-11 13:09:00.0000000,367,63,At Risk - Repeat Customer
16091,2,2011-05-25 09:18:00.0000000,2011-07-08 08:45:00.0000000,198,63,At Risk - Repeat Customer
16092,5,2011-03-30 15:38:00.0000000,2011-09-02 11:46:00.0000000,254,63,At Risk - Repeat Customer
16093,1,2011-08-25 11:09:00.0000000,2011-08-25 11:09:00.0000000,106,63,At Risk - First_Customer
16094,5,2011-01-06 17:36:00.0000000,2011-11-28 12:45:00.0000000,337,63,At Risk - Repeat Customer
16096,1,2011-03-20 13:38:00.0000000,2011-03-20 13:38:00.0000000,264,63,At Risk - First_Customer
16097,1,2011-04-13 13:47:00.0000000,2011-04-13 13:47:00.0000000,240,63,At Risk - First_Customer
16098,8,2010-12-01 09:45:00.0000000,2011-09-13 09:59:00.0000000,373,63,At Risk - Repeat Customer
16099,3,2011-04-28 08:34:00.0000000,2011-10-20 13:13:00.0000000,225,63,At Risk - Repeat Customer
16101,3,2011-09-30 10:18:00.0000000,2011-11-30 16:54:00.0000000,70,63,At Risk - Repeat Customer
16102,3,2011-08-03 12:50:00.0000000,2011-10-28 13:19:00.0000000,128,63,At Risk - Repeat Customer
16103,6,2011-04-20 12:28:00.0000000,2011-12-02 14:16:00.0000000,233,63,At Risk - Repeat Customer
16104,1,2011-10-09 10:23:00.0000000,2011-10-09 10:23:00.0000000,61,63,Grace Period
16105,1,2011-04-05 10:13:00.0000000,2011-04-05 10:13:00.0000000,248,63,At Risk - First_Customer
16106,1,2011-10-05 10:37:00.0000000,2011-10-05 10:37:00.0000000,65,63,At Risk - First_Customer
16107,7,2011-06-09 18:42:00.0000000,2011-11-22 09:40:00.0000000,183,63,At Risk - Repeat Customer
16108,2,2011-09-16 11:48:00.0000000,2011-09-16 11:51:00.0000000,84,63,At Risk - Repeat Customer
16109,2,2011-02-04 12:37:00.0000000,2011-05-05 09:17:00.0000000,308,63,At Risk - Repeat Customer
16110,3,2011-02-01 14:01:00.0000000,2011-10-25 14:35:00.0000000,311,63,At Risk - Repeat Customer
16112,4,2011-01-05 11:47:00.0000000,2011-07-19 14:28:00.0000000,338,63,At Risk - Repeat Customer
16113,1,2011-06-09 16:16:00.0000000,2011-06-09 16:16:00.0000000,183,63,At Risk - First_Customer
16114,1,2011-06-22 10:13:00.0000000,2011-06-22 10:13:00.0000000,170,63,At Risk - First_Customer
16115,8,2011-02-20 12:14:00.0000000,2011-11-30 11:32:00.0000000,292,63,At Risk - Repeat Customer
16116,2,2011-05-12 12:01:00.0000000,2011-05-18 09:23:00.0000000,211,63,At Risk - Repeat Customer
16117,1,2011-06-03 11:42:00.0000000,2011-06-03 11:42:00.0000000,189,63,At Risk - First_Customer
16119,2,2011-09-28 10:15:00.0000000,2011-12-01 15:11:00.0000000,72,63,At Risk - Repeat Customer
16120,5,2011-10-11 14:10:00.0000000,2011-10-11 14:22:00.0000000,59,63,Approaching At-Risk - Repeat Customer
16121,2,2011-05-08 11:52:00.0000000,2011-10-13 12:59:00.0000000,215,63,At Risk - Repeat Customer
16122,4,2010-12-08 11:41:00.0000000,2011-09-27 15:34:00.0000000,366,63,At Risk - Repeat Customer
16123,1,2011-10-19 09:18:00.0000000,2011-10-19 09:18:00.0000000,51,63,Grace Period
16124,2,2011-01-26 14:45:00.0000000,2011-01-27 16:05:00.0000000,317,63,At Risk - Repeat Customer
16125,1,2010-12-07 15:48:00.0000000,2010-12-07 15:48:00.0000000,367,63,At Risk - First_Customer
16126,4,2011-02-16 11:18:00.0000000,2011-11-10 16:03:00.0000000,296,63,At Risk - Repeat Customer
16127,1,2011-10-31 13:58:00.0000000,2011-10-31 13:58:00.0000000,39,63,Grace Period
16128,5,2011-03-02 12:21:00.0000000,2011-11-22 11:14:00.0000000,282,63,At Risk - Repeat Customer
16131,5,2011-04-14 08:32:00.0000000,2011-10-19 11:53:00.0000000,239,63,At Risk - Repeat Customer
16133,46,2011-01-25 15:55:00.0000000,2011-12-06 11:24:00.0000000,318,63,At Risk - Repeat Customer
16134,3,2010-12-15 14:00:00.0000000,2011-11-18 10:05:00.0000000,359,63,At Risk - Repeat Customer
16135,1,2011-03-22 12:30:00.0000000,2011-03-22 12:30:00.0000000,262,63,At Risk - First_Customer
16136,3,2011-03-07 09:52:00.0000000,2011-10-11 09:10:00.0000000,277,63,At Risk - Repeat Customer
16138,1,2010-12-06 15:10:00.0000000,2010-12-06 15:10:00.0000000,368,63,At Risk - First_Customer
16139,3,2011-05-17 10:23:00.0000000,2011-11-21 08:37:00.0000000,206,63,At Risk - Repeat Customer
16140,4,2010-12-03 14:40:00.0000000,2011-10-18 10:59:00.0000000,371,63,At Risk - Repeat Customer
16141,1,2011-09-12 13:11:00.0000000,2011-09-12 13:11:00.0000000,88,63,At Risk - First_Customer
16142,1,2011-04-04 10:16:00.0000000,2011-04-04 10:16:00.0000000,249,63,At Risk - First_Customer
16143,7,2010-12-05 15:18:00.0000000,2011-12-06 14:13:00.0000000,369,63,At Risk - Repeat Customer
16144,1,2011-04-07 10:09:00.0000000,2011-04-07 10:09:00.0000000,246,63,At Risk - First_Customer
16145,18,2010-12-15 09:09:00.0000000,2011-12-01 10:33:00.0000000,359,63,At Risk - Repeat Customer
16146,3,2011-04-21 15:25:00.0000000,2011-07-05 14:20:00.0000000,232,63,At Risk - Repeat Customer
16147,1,2011-07-29 09:57:00.0000000,2011-07-29 09:57:00.0000000,133,63,At Risk - First_Customer
16148,1,2011-02-16 14:01:00.0000000,2011-02-16 14:01:00.0000000,296,63,At Risk - First_Customer
16149,2,2011-07-20 14:54:00.0000000,2011-12-05 11:29:00.0000000,142,63,At Risk - Repeat Customer
16150,11,2010-12-02 18:27:00.0000000,2011-11-01 09:29:00.0000000,372,63,At Risk - Repeat Customer
16152,1,2011-03-16 09:47:00.0000000,2011-03-16 09:47:00.0000000,268,63,At Risk - First_Customer
16153,5,2010-12-20 09:22:00.0000000,2011-10-21 10:50:00.0000000,354,63,At Risk - Repeat Customer
16156,13,2011-02-02 12:02:00.0000000,2011-12-01 12:42:00.0000000,310,63,At Risk - Repeat Customer
16157,4,2011-09-28 11:48:00.0000000,2011-11-24 11:41:00.0000000,72,63,At Risk - Repeat Customer
16159,1,2011-03-03 12:27:00.0000000,2011-03-03 12:27:00.0000000,281,63,At Risk - First_Customer
16160,4,2011-09-15 10:53:00.0000000,2011-10-06 18:30:00.0000000,85,63,At Risk - Repeat Customer
16161,25,2010-12-06 09:40:00.0000000,2011-12-08 12:10:00.0000000,368,63,At Risk - Repeat Customer
16162,1,2011-04-01 15:03:00.0000000,2011-04-01 15:03:00.0000000,252,63,At Risk - First_Customer
16163,3,2010-12-09 16:28:00.0000000,2011-04-28 19:43:00.0000000,365,63,At Risk - Repeat Customer
16164,4,2011-10-28 09:12:00.0000000,2011-11-22 15:04:00.0000000,42,63,Healthy
16168,27,2010-12-05 11:38:00.0000000,2011-11-29 12:45:00.0000000,369,63,At Risk - Repeat Customer
16169,4,2011-09-25 11:33:00.0000000,2011-12-01 15:28:00.0000000,75,63,At Risk - Repeat Customer
16170,7,2011-04-05 13:42:00.0000000,2011-10-20 08:21:00.0000000,248,63,At Risk - Repeat Customer
16171,1,2011-10-11 14:51:00.0000000,2011-10-11 14:51:00.0000000,59,63,Grace Period
16172,4,2011-04-12 12:02:00.0000000,2011-09-05 13:22:00.0000000,241,63,At Risk - Repeat Customer
16173,7,2011-09-02 15:23:00.0000000,2011-11-24 10:53:00.0000000,98,63,At Risk - Repeat Customer
16174,3,2011-07-11 09:23:00.0000000,2011-08-05 13:26:00.0000000,151,63,At Risk - Repeat Customer
16175,4,2011-04-13 14:38:00.0000000,2011-09-06 14:32:00.0000000,240,63,At Risk - Repeat Customer
16177,1,2011-10-20 12:57:00.0000000,2011-10-20 12:57:00.0000000,50,63,Grace Period
16178,1,2011-07-24 16:05:00.0000000,2011-07-24 16:05:00.0000000,138,63,At Risk - First_Customer
16179,1,2011-10-10 09:41:00.0000000,2011-10-10 09:41:00.0000000,60,63,Grace Period
16180,10,2011-04-01 10:23:00.0000000,2011-08-31 16:28:00.0000000,252,63,At Risk - Repeat Customer
16181,1,2011-09-27 13:38:00.0000000,2011-09-27 13:38:00.0000000,73,63,At Risk - First_Customer
16182,4,2011-02-18 10:11:00.0000000,2011-09-28 13:23:00.0000000,294,63,At Risk - Repeat Customer
16183,1,2011-10-03 14:59:00.0000000,2011-10-03 14:59:00.0000000,67,63,At Risk - First_Customer
16184,7,2011-05-12 13:33:00.0000000,2011-10-06 17:43:00.0000000,211,63,At Risk - Repeat Customer
16185,2,2011-04-21 11:59:00.0000000,2011-11-23 09:41:00.0000000,232,63,At Risk - Repeat Customer
16186,13,2010-12-02 14:40:00.0000000,2011-11-17 12:43:00.0000000,372,63,At Risk - Repeat Customer
16187,17,2011-02-28 13:34:00.0000000,2011-11-08 09:50:00.0000000,284,63,At Risk - Repeat Customer
16188,4,2011-04-11 09:44:00.0000000,2011-10-26 12:19:00.0000000,242,63,At Risk - Repeat Customer
16189,2,2011-09-15 15:21:00.0000000,2011-11-24 11:47:00.0000000,85,63,At Risk - Repeat Customer
16190,1,2011-10-30 15:59:00.0000000,2011-10-30 15:59:00.0000000,40,63,Grace Period
16191,25,2010-12-14 12:38:00.0000000,2011-12-07 11:26:00.0000000,360,63,At Risk - Repeat Customer
16193,1,2011-04-17 11:45:00.0000000,2011-04-17 11:45:00.0000000,236,63,At Risk - First_Customer
16198,1,2011-09-25 14:58:00.0000000,2011-09-25 14:58:00.0000000,75,63,At Risk - First_Customer
16200,2,2011-06-28 15:47:00.0000000,2011-12-05 14:40:00.0000000,164,63,At Risk - Repeat Customer
16201,5,2011-08-22 10:47:00.0000000,2011-12-06 16:02:00.0000000,109,63,At Risk - Repeat Customer
16202,1,2010-12-14 10:43:00.0000000,2010-12-14 10:43:00.0000000,360,63,At Risk - First_Customer
16203,5,2010-12-02 15:39:00.0000000,2011-10-12 12:31:00.0000000,372,63,At Risk - Repeat Customer
16204,1,2011-11-16 13:40:00.0000000,2011-11-16 13:40:00.0000000,23,63,Grace Period
16205,4,2011-06-13 11:33:00.0000000,2011-11-09 09:32:00.0000000,179,63,At Risk - Repeat Customer
16206,4,2011-01-16 11:07:00.0000000,2011-10-16 10:41:00.0000000,327,63,At Risk - Repeat Customer
16207,1,2011-11-14 13:51:00.0000000,2011-11-14 13:51:00.0000000,25,63,Grace Period
16208,2,2011-02-23 13:37:00.0000000,2011-10-26 11:36:00.0000000,289,63,At Risk - Repeat Customer
16209,5,2011-04-07 12:23:00.0000000,2011-09-12 11:58:00.0000000,246,63,At Risk - Repeat Customer
16210,18,2010-12-01 12:27:00.0000000,2011-12-08 12:36:00.0000000,373,63,At Risk - Repeat Customer
16211,2,2011-09-12 12:11:00.0000000,2011-09-19 16:23:00.0000000,88,63,At Risk - Repeat Customer
16212,3,2011-03-01 12:51:00.0000000,2011-11-20 13:00:00.0000000,283,63,At Risk - Repeat Customer
16213,1,2011-09-22 10:03:00.0000000,2011-09-22 10:03:00.0000000,78,63,At Risk - First_Customer
16214,3,2011-03-15 13:23:00.0000000,2011-06-22 11:30:00.0000000,269,63,At Risk - Repeat Customer
16215,1,2011-09-20 10:18:00.0000000,2011-09-20 10:18:00.0000000,80,63,At Risk - First_Customer
16216,1,2011-03-17 15:34:00.0000000,2011-03-17 15:34:00.0000000,267,63,At Risk - First_Customer
16217,4,2011-03-02 15:28:00.0000000,2011-04-18 13:31:00.0000000,282,63,At Risk - Repeat Customer
16218,8,2010-12-01 11:29:00.0000000,2011-11-10 09:59:00.0000000,373,63,At Risk - Repeat Customer
16221,3,2010-12-07 13:13:00.0000000,2011-11-03 11:43:00.0000000,367,63,At Risk - Repeat Customer
16222,1,2011-01-25 13:38:00.0000000,2011-01-25 13:38:00.0000000,318,63,At Risk - First_Customer
16224,4,2011-04-04 12:00:00.0000000,2011-10-13 17:51:00.0000000,249,63,At Risk - Repeat Customer
16225,5,2011-03-07 12:17:00.0000000,2011-10-26 08:30:00.0000000,277,63,At Risk - Repeat Customer
16226,3,2011-04-18 12:58:00.0000000,2011-05-20 14:41:00.0000000,235,63,At Risk - Repeat Customer
16227,2,2011-04-28 13:33:00.0000000,2011-05-04 16:27:00.0000000,225,63,At Risk - Repeat Customer
16229,2,2011-05-11 10:18:00.0000000,2011-09-13 17:16:00.0000000,212,63,At Risk - Repeat Customer
16230,2,2011-05-03 15:12:00.0000000,2011-06-03 10:06:00.0000000,220,63,At Risk - Repeat Customer
16232,5,2011-05-08 14:05:00.0000000,2011-11-07 11:12:00.0000000,215,63,At Risk - Repeat Customer
16233,5,2010-12-08 12:51:00.0000000,2011-09-29 17:27:00.0000000,366,63,At Risk - Repeat Customer
16235,6,2011-01-11 15:42:00.0000000,2011-10-30 10:56:00.0000000,332,63,At Risk - Repeat Customer
16236,1,2011-09-22 14:10:00.0000000,2011-09-22 14:10:00.0000000,78,63,At Risk - First_Customer
16239,3,2011-06-03 09:30:00.0000000,2011-10-14 08:29:00.0000000,189,63,At Risk - Repeat Customer
16240,5,2011-09-23 13:44:00.0000000,2011-12-01 14:02:00.0000000,77,63,At Risk - Repeat Customer
16241,13,2010-12-05 11:04:00.0000000,2011-11-30 11:08:00.0000000,369,63,At Risk - Repeat Customer
16242,8,2011-03-07 17:04:00.0000000,2011-12-01 15:12:00.0000000,277,63,At Risk - Repeat Customer
16243,2,2011-10-16 12:09:00.0000000,2011-11-06 12:32:00.0000000,54,63,Approaching At-Risk - Repeat Customer
16244,2,2010-12-02 11:41:00.0000000,2011-05-12 10:18:00.0000000,372,63,At Risk - Repeat Customer
16245,5,2011-03-28 09:30:00.0000000,2011-11-16 10:14:00.0000000,256,63,At Risk - Repeat Customer
16247,1,2011-06-22 14:23:00.0000000,2011-06-22 14:23:00.0000000,170,63,At Risk - First_Customer
16248,1,2011-10-09 11:32:00.0000000,2011-10-09 11:32:00.0000000,61,63,Grace Period
16249,5,2011-04-14 13:50:00.0000000,2011-10-18 10:07:00.0000000,239,63,At Risk - Repeat Customer
16250,2,2010-12-01 09:59:00.0000000,2011-03-23 15:07:00.0000000,373,63,At Risk - Repeat Customer
16252,1,2010-12-08 16:15:00.0000000,2010-12-08 16:15:00.0000000,366,63,At Risk - First_Customer
16253,3,2011-03-29 13:33:00.0000000,2011-11-08 11:23:00.0000000,255,63,At Risk - Repeat Customer
16255,10,2010-12-09 14:25:00.0000000,2011-11-23 12:40:00.0000000,365,63,At Risk - Repeat Customer
16256,2,2011-03-18 12:18:00.0000000,2011-03-27 12:14:00.0000000,266,63,At Risk - Repeat Customer
16257,1,2011-06-16 10:11:00.0000000,2011-06-16 10:11:00.0000000,176,63,At Risk - First_Customer
16258,5,2011-05-04 14:33:00.0000000,2011-10-25 13:30:00.0000000,219,63,At Risk - Repeat Customer
16260,1,2011-10-20 09:40:00.0000000,2011-10-20 09:40:00.0000000,50,63,Grace Period
16261,4,2011-04-07 19:05:00.0000000,2011-11-22 17:23:00.0000000,246,63,At Risk - Repeat Customer
16262,1,2010-12-14 11:55:00.0000000,2010-12-14 11:55:00.0000000,360,63,At Risk - First_Customer
16265,11,2010-12-10 10:21:00.0000000,2011-11-30 16:41:00.0000000,364,63,At Risk - Repeat Customer
16266,7,2011-05-17 14:50:00.0000000,2011-09-27 12:08:00.0000000,206,63,At Risk - Repeat Customer
16268,1,2011-09-29 18:30:00.0000000,2011-09-29 18:30:00.0000000,71,63,At Risk - First_Customer
16270,1,2010-12-21 14:26:00.0000000,2010-12-21 14:26:00.0000000,353,63,At Risk - First_Customer
16271,6,2010-12-16 16:36:00.0000000,2011-12-07 12:45:00.0000000,358,63,At Risk - Repeat Customer
16272,2,2011-08-15 10:53:00.0000000,2011-08-15 10:54:00.0000000,116,63,At Risk - Repeat Customer
16274,1,2010-12-01 15:35:00.0000000,2010-12-01 15:35:00.0000000,373,63,At Risk - First_Customer
16275,1,2011-05-27 12:41:00.0000000,2011-05-27 12:41:00.0000000,196,63,At Risk - First_Customer
16276,1,2011-06-16 09:34:00.0000000,2011-06-16 09:34:00.0000000,176,63,At Risk - First_Customer
16278,3,2011-08-31 17:12:00.0000000,2011-11-16 16:09:00.0000000,100,63,At Risk - Repeat Customer
16279,4,2011-01-10 09:56:00.0000000,2011-11-18 15:00:00.0000000,333,63,At Risk - Repeat Customer
16281,1,2011-09-28 14:57:00.0000000,2011-09-28 14:57:00.0000000,72,63,At Risk - First_Customer
16282,1,2011-01-04 11:42:00.0000000,2011-01-04 11:42:00.0000000,339,63,At Risk - First_Customer
16283,7,2011-05-15 13:37:00.0000000,2011-12-04 12:08:00.0000000,208,63,At Risk - Repeat Customer
16284,2,2011-10-20 13:54:00.0000000,2011-11-08 16:12:00.0000000,50,63,Approaching At-Risk - Repeat Customer
16287,1,2011-06-23 09:08:00.0000000,2011-06-23 09:08:00.0000000,169,63,At Risk - First_Customer
16292,2,2011-08-10 12:24:00.0000000,2011-08-14 14:30:00.0000000,121,63,At Risk - Repeat Customer
16293,10,2010-12-07 15:02:00.0000000,2011-12-01 09:13:00.0000000,367,63,At Risk - Repeat Customer
16295,4,2011-10-06 10:45:00.0000000,2011-11-30 08:17:00.0000000,64,63,At Risk - Repeat Customer
16297,4,2011-03-16 08:29:00.0000000,2011-05-11 11:15:00.0000000,268,63,At Risk - Repeat Customer
16298,3,2011-06-06 10:06:00.0000000,2011-11-17 11:59:00.0000000,186,63,At Risk - Repeat Customer
16302,2,2011-08-05 09:44:00.0000000,2011-08-24 09:25:00.0000000,126,63,At Risk - Repeat Customer
16303,4,2011-01-10 14:16:00.0000000,2011-11-14 10:49:00.0000000,333,63,At Risk - Repeat Customer
16305,1,2011-07-24 12:18:00.0000000,2011-07-24 12:18:00.0000000,138,63,At Risk - First_Customer
16306,8,2010-12-07 15:18:00.0000000,2011-05-10 12:12:00.0000000,367,63,At Risk - Repeat Customer
16308,4,2011-03-23 14:46:00.0000000,2011-11-02 11:24:00.0000000,261,63,At Risk - Repeat Customer
16309,3,2011-04-13 11:46:00.0000000,2011-09-09 12:26:00.0000000,240,63,At Risk - Repeat Customer
16311,2,2011-10-21 13:13:00.0000000,2011-11-22 08:54:00.0000000,49,63,Approaching At-Risk - Repeat Customer
16313,2,2011-10-21 09:04:00.0000000,2011-12-06 13:02:00.0000000,49,63,Approaching At-Risk - Repeat Customer
16315,1,2011-01-13 11:57:00.0000000,2011-01-13 11:57:00.0000000,330,63,At Risk - First_Customer
16316,12,2010-12-16 14:26:00.0000000,2011-10-06 13:48:00.0000000,358,63,At Risk - Repeat Customer
16317,3,2011-02-15 14:30:00.0000000,2011-08-12 12:46:00.0000000,297,63,At Risk - Repeat Customer
16318,1,2011-11-04 13:05:00.0000000,2011-11-04 13:05:00.0000000,35,63,Grace Period
16319,1,2011-05-06 11:27:00.0000000,2011-05-06 11:27:00.0000000,217,63,At Risk - First_Customer
16320,2,2011-05-10 15:31:00.0000000,2011-06-20 15:25:00.0000000,213,63,At Risk - Repeat Customer
16321,6,2011-01-20 12:11:00.0000000,2011-09-28 14:55:00.0000000,323,63,At Risk - Repeat Customer
16322,2,2011-11-03 14:33:00.0000000,2011-12-08 15:41:00.0000000,36,63,Healthy
16323,1,2011-05-27 14:48:00.0000000,2011-05-27 14:48:00.0000000,196,63,At Risk - First_Customer
16324,3,2011-06-15 14:26:00.0000000,2011-08-03 12:58:00.0000000,177,63,At Risk - Repeat Customer
16325,5,2011-04-08 09:20:00.0000000,2011-10-26 16:29:00.0000000,245,63,At Risk - Repeat Customer
16326,15,2011-01-09 12:01:00.0000000,2011-12-04 10:11:00.0000000,334,63,At Risk - Repeat Customer
16327,6,2010-12-05 12:43:00.0000000,2011-11-25 13:23:00.0000000,369,63,At Risk - Repeat Customer
16330,4,2011-08-19 17:08:00.0000000,2011-11-22 12:24:00.0000000,112,63,At Risk - Repeat Customer
16332,8,2011-02-07 14:16:00.0000000,2011-11-11 14:22:00.0000000,305,63,At Risk - Repeat Customer
16333,21,2011-02-03 10:50:00.0000000,2011-12-02 12:19:00.0000000,309,63,At Risk - Repeat Customer
16337,1,2011-11-03 10:03:00.0000000,2011-11-03 10:03:00.0000000,36,63,Grace Period
16338,1,2011-07-05 13:56:00.0000000,2011-07-05 13:56:00.0000000,157,63,At Risk - First_Customer
16339,1,2011-02-28 13:41:00.0000000,2011-02-28 13:41:00.0000000,284,63,At Risk - First_Customer
16340,1,2011-08-24 14:53:00.0000000,2011-08-24 14:53:00.0000000,107,63,At Risk - First_Customer
16341,6,2011-05-22 13:20:00.0000000,2011-11-15 09:12:00.0000000,201,63,At Risk - Repeat Customer
16342,4,2011-06-13 10:10:00.0000000,2011-09-25 14:36:00.0000000,179,63,At Risk - Repeat Customer
16343,2,2011-11-23 17:43:00.0000000,2011-11-23 17:45:00.0000000,16,63,Healthy
16344,1,2011-07-04 15:50:00.0000000,2011-07-04 15:50:00.0000000,158,63,At Risk - First_Customer
16345,1,2011-10-26 16:03:00.0000000,2011-10-26 16:03:00.0000000,44,63,Grace Period
16347,2,2011-11-03 13:01:00.0000000,2011-11-28 13:14:00.0000000,36,63,Healthy
16348,7,2011-04-13 15:49:00.0000000,2011-11-07 15:44:00.0000000,240,63,At Risk - Repeat Customer
16349,1,2011-02-22 12:40:00.0000000,2011-02-22 12:40:00.0000000,290,63,At Risk - First_Customer
16350,5,2010-12-09 14:43:00.0000000,2011-11-18 15:53:00.0000000,365,63,At Risk - Repeat Customer
16351,1,2011-01-11 10:26:00.0000000,2011-01-11 10:26:00.0000000,332,63,At Risk - First_Customer
16352,2,2011-11-02 08:44:00.0000000,2011-11-22 10:32:00.0000000,37,63,Healthy
16353,22,2010-12-05 12:09:00.0000000,2011-12-06 12:23:00.0000000,369,63,At Risk - Repeat Customer
16354,2,2011-09-27 16:28:00.0000000,2011-10-07 14:28:00.0000000,73,63,At Risk - Repeat Customer
16356,4,2011-03-07 12:31:00.0000000,2011-05-26 11:51:00.0000000,277,63,At Risk - Repeat Customer
16357,3,2011-05-10 10:35:00.0000000,2011-11-06 16:04:00.0000000,213,63,At Risk - Repeat Customer
16358,5,2011-06-08 15:05:00.0000000,2011-12-08 15:09:00.0000000,184,63,At Risk - Repeat Customer
16359,12,2011-01-12 10:49:00.0000000,2011-12-02 17:04:00.0000000,331,63,At Risk - Repeat Customer
16360,8,2011-09-12 13:50:00.0000000,2011-12-05 12:16:00.0000000,88,63,At Risk - Repeat Customer
16361,4,2011-09-29 13:13:00.0000000,2011-11-30 12:32:00.0000000,71,63,At Risk - Repeat Customer
16362,9,2011-09-09 14:47:00.0000000,2011-11-07 13:01:00.0000000,91,63,At Risk - Repeat Customer
16363,1,2011-10-17 14:14:00.0000000,2011-10-17 14:14:00.0000000,53,63,Grace Period
16364,2,2011-07-25 14:35:00.0000000,2011-11-28 11:27:00.0000000,137,63,At Risk - Repeat Customer
16365,9,2010-12-07 17:19:00.0000000,2011-11-22 11:24:00.0000000,367,63,At Risk - Repeat Customer
16366,1,2011-11-21 08:19:00.0000000,2011-11-21 08:19:00.0000000,18,63,Grace Period
16367,2,2010-12-12 12:01:00.0000000,2011-11-02 13:13:00.0000000,362,63,At Risk - Repeat Customer
16368,2,2011-11-11 15:08:00.0000000,2011-12-07 13:12:00.0000000,28,63,Healthy
16369,3,2011-05-27 09:39:00.0000000,2011-11-21 16:25:00.0000000,196,63,At Risk - Repeat Customer
16370,4,2011-04-28 16:40:00.0000000,2011-09-18 15:55:00.0000000,225,63,At Risk - Repeat Customer
16372,2,2011-11-06 12:50:00.0000000,2011-11-06 13:08:00.0000000,33,63,Healthy
16374,2,2011-03-22 13:46:00.0000000,2011-10-04 15:21:00.0000000,262,63,At Risk - Repeat Customer
16376,3,2011-11-22 16:47:00.0000000,2011-12-01 11:38:00.0000000,17,63,Healthy
16377,1,2011-03-17 15:41:00.0000000,2011-03-17 15:41:00.0000000,267,63,At Risk - First_Customer
16378,3,2011-02-02 12:42:00.0000000,2011-04-06 15:07:00.0000000,310,63,At Risk - Repeat Customer
16379,5,2011-09-22 09:33:00.0000000,2011-12-05 15:38:00.0000000,78,63,At Risk - Repeat Customer
16380,1,2011-10-09 15:40:00.0000000,2011-10-09 15:40:00.0000000,61,63,Grace Period
16383,2,2011-03-16 13:00:00.0000000,2011-09-26 12:45:00.0000000,268,63,At Risk - Repeat Customer
16384,2,2011-03-21 10:13:00.0000000,2011-09-11 11:19:00.0000000,263,63,At Risk - Repeat Customer
16385,3,2010-12-08 12:56:00.0000000,2011-10-10 13:12:00.0000000,366,63,At Risk - Repeat Customer
16386,2,2011-03-31 12:19:00.0000000,2011-11-11 12:28:00.0000000,253,63,At Risk - Repeat Customer
16387,1,2011-01-21 11:34:00.0000000,2011-01-21 11:34:00.0000000,322,63,At Risk - First_Customer
16389,5,2011-03-01 15:47:00.0000000,2011-10-17 14:41:00.0000000,283,63,At Risk - Repeat Customer
16392,1,2011-03-15 12:11:00.0000000,2011-03-15 12:11:00.0000000,269,63,At Risk - First_Customer
16393,20,2010-12-05 13:10:00.0000000,2011-12-07 12:51:00.0000000,369,63,At Risk - Repeat Customer
16394,9,2011-02-23 10:58:00.0000000,2011-10-20 19:16:00.0000000,289,63,At Risk - Repeat Customer
16395,5,2011-01-13 12:10:00.0000000,2011-10-10 12:50:00.0000000,330,63,At Risk - Repeat Customer
16398,4,2011-03-31 09:38:00.0000000,2011-07-18 10:14:00.0000000,253,63,At Risk - Repeat Customer
16399,2,2011-04-18 13:46:00.0000000,2011-11-20 16:12:00.0000000,235,63,At Risk - Repeat Customer
16400,1,2011-09-06 12:27:00.0000000,2011-09-06 12:27:00.0000000,94,63,At Risk - First_Customer
16401,20,2011-01-16 10:56:00.0000000,2011-12-08 18:15:00.0000000,327,63,At Risk - Repeat Customer
16402,2,2010-12-05 13:42:00.0000000,2011-03-20 12:25:00.0000000,369,63,At Risk - Repeat Customer
16403,2,2011-01-31 13:39:00.0000000,2011-02-10 16:40:00.0000000,312,63,At Risk - Repeat Customer
16404,1,2011-09-30 14:55:00.0000000,2011-09-30 14:55:00.0000000,70,63,At Risk - First_Customer
16405,2,2011-02-02 17:08:00.0000000,2011-02-10 15:24:00.0000000,310,63,At Risk - Repeat Customer
16406,1,2011-11-21 11:57:00.0000000,2011-11-21 11:57:00.0000000,18,63,Grace Period
16407,9,2011-01-31 14:02:00.0000000,2011-11-27 11:05:00.0000000,312,63,At Risk - Repeat Customer
16409,5,2011-01-26 14:51:00.0000000,2011-11-03 16:45:00.0000000,317,63,At Risk - Repeat Customer
16411,2,2010-12-05 13:26:00.0000000,2011-11-20 13:23:00.0000000,369,63,At Risk - Repeat Customer
16412,1,2011-10-17 12:35:00.0000000,2011-10-17 12:35:00.0000000,53,63,Grace Period
16413,1,2011-10-14 12:08:00.0000000,2011-10-14 12:08:00.0000000,56,63,Grace Period
16414,2,2011-03-04 13:27:00.0000000,2011-11-18 09:42:00.0000000,280,63,At Risk - Repeat Customer
16415,1,2011-10-26 13:35:00.0000000,2011-10-26 13:35:00.0000000,44,63,Grace Period
16416,4,2011-10-14 13:35:00.0000000,2011-11-13 12:50:00.0000000,56,63,Approaching At-Risk - Repeat Customer
16418,3,2011-04-27 16:54:00.0000000,2011-10-26 12:39:00.0000000,226,63,At Risk - Repeat Customer
16419,7,2011-02-01 12:25:00.0000000,2011-08-19 12:33:00.0000000,311,63,At Risk - Repeat Customer
16422,74,2010-12-05 15:35:00.0000000,2011-11-22 14:00:00.0000000,369,63,At Risk - Repeat Customer
16423,1,2011-11-15 09:21:00.0000000,2011-11-15 09:21:00.0000000,24,63,Grace Period
16424,2,2011-01-06 13:56:00.0000000,2011-06-01 13:40:00.0000000,337,63,At Risk - Repeat Customer
16425,1,2011-02-10 14:30:00.0000000,2011-02-10 14:30:00.0000000,302,63,At Risk - First_Customer
16426,10,2011-03-08 15:45:00.0000000,2011-12-07 14:01:00.0000000,276,63,At Risk - Repeat Customer
16427,2,2011-02-28 15:18:00.0000000,2011-03-21 17:10:00.0000000,284,63,At Risk - Repeat Customer
16428,1,2011-09-19 16:31:00.0000000,2011-09-19 16:31:00.0000000,81,63,At Risk - First_Customer
16429,1,2011-08-25 13:54:00.0000000,2011-08-25 13:54:00.0000000,106,63,At Risk - First_Customer
16430,1,2011-10-13 14:47:00.0000000,2011-10-13 14:47:00.0000000,57,63,Grace Period
16431,3,2011-02-15 14:02:00.0000000,2011-05-10 14:09:00.0000000,297,63,At Risk - Repeat Customer
16432,1,2011-10-06 13:59:00.0000000,2011-10-06 13:59:00.0000000,64,63,At Risk - First_Customer
16433,1,2011-11-11 14:09:00.0000000,2011-11-11 14:09:00.0000000,28,63,Grace Period
16434,7,2011-02-13 12:17:00.0000000,2011-11-10 14:28:00.0000000,299,63,At Risk - Repeat Customer
16438,5,2011-09-18 13:31:00.0000000,2011-12-04 10:51:00.0000000,82,63,At Risk - Repeat Customer
16440,5,2011-05-09 12:25:00.0000000,2011-12-02 12:02:00.0000000,214,63,At Risk - Repeat Customer
16441,2,2011-02-21 17:35:00.0000000,2011-10-03 17:48:00.0000000,291,63,At Risk - Repeat Customer
16442,3,2010-12-14 10:46:00.0000000,2011-12-08 11:43:00.0000000,360,63,At Risk - Repeat Customer
16444,5,2011-03-20 12:11:00.0000000,2011-10-24 13:50:00.0000000,264,63,At Risk - Repeat Customer
16445,1,2011-11-06 12:32:00.0000000,2011-11-06 12:32:00.0000000,33,63,Grace Period
16446,3,2011-05-18 09:52:00.0000000,2011-12-09 09:27:00.0000000,205,63,At Risk - Repeat Customer
16447,1,2011-07-27 12:45:00.0000000,2011-07-27 12:45:00.0000000,135,63,At Risk - First_Customer
16448,1,2011-05-25 16:28:00.0000000,2011-05-25 16:28:00.0000000,198,63,At Risk - First_Customer
16449,3,2011-03-04 12:15:00.0000000,2011-06-02 11:07:00.0000000,280,63,At Risk - Repeat Customer
16450,1,2011-07-13 11:47:00.0000000,2011-07-13 11:47:00.0000000,149,63,At Risk - First_Customer
16451,1,2011-09-13 09:17:00.0000000,2011-09-13 09:17:00.0000000,87,63,At Risk - First_Customer
16454,3,2011-04-13 10:36:00.0000000,2011-10-26 11:40:00.0000000,240,63,At Risk - Repeat Customer
16455,7,2010-12-03 16:44:00.0000000,2011-10-07 12:17:00.0000000,371,63,At Risk - Repeat Customer
16456,5,2010-12-01 14:11:00.0000000,2011-09-01 13:50:00.0000000,373,63,At Risk - Repeat Customer
16457,1,2011-05-05 13:19:00.0000000,2011-05-05 13:19:00.0000000,218,63,At Risk - First_Customer
16458,18,2010-12-14 11:51:00.0000000,2011-12-07 09:34:00.0000000,360,63,At Risk - Repeat Customer
16460,3,2011-09-19 10:15:00.0000000,2011-11-11 13:46:00.0000000,81,63,At Risk - Repeat Customer
16461,1,2011-06-15 12:07:00.0000000,2011-06-15 12:07:00.0000000,177,63,At Risk - First_Customer
16462,4,2011-03-01 08:58:00.0000000,2011-10-06 18:16:00.0000000,283,63,At Risk - Repeat Customer
16463,7,2011-05-19 14:45:00.0000000,2011-11-18 14:01:00.0000000,204,63,At Risk - Repeat Customer
16464,3,2011-07-20 13:53:00.0000000,2011-11-20 12:11:00.0000000,142,63,At Risk - Repeat Customer
16466,7,2011-02-20 11:39:00.0000000,2011-11-06 11:35:00.0000000,292,63,At Risk - Repeat Customer
16468,1,2011-09-26 14:13:00.0000000,2011-09-26 14:13:00.0000000,74,63,At Risk - First_Customer
16469,4,2011-04-07 13:11:00.0000000,2011-11-16 12:25:00.0000000,246,63,At Risk - Repeat Customer
16470,5,2010-12-16 11:10:00.0000000,2011-10-19 12:11:00.0000000,358,63,At Risk - Repeat Customer
16471,1,2011-03-10 09:41:00.0000000,2011-03-10 09:41:00.0000000,274,63,At Risk - First_Customer
16473,4,2011-01-07 10:55:00.0000000,2011-06-28 09:10:00.0000000,336,63,At Risk - Repeat Customer
16474,11,2011-07-17 14:51:00.0000000,2011-12-02 13:02:00.0000000,145,63,At Risk - Repeat Customer
16475,4,2011-03-11 09:39:00.0000000,2011-09-12 14:37:00.0000000,273,63,At Risk - Repeat Customer
16477,7,2010-12-03 12:48:00.0000000,2011-10-07 09:44:00.0000000,371,63,At Risk - Repeat Customer
16478,3,2011-10-05 12:02:00.0000000,2011-11-14 15:51:00.0000000,65,63,At Risk - Repeat Customer
16479,2,2011-11-29 13:04:00.0000000,2011-11-29 13:40:00.0000000,10,63,Healthy
16480,1,2011-09-25 11:40:00.0000000,2011-09-25 11:40:00.0000000,75,63,At Risk - First_Customer
16482,1,2011-11-24 12:33:00.0000000,2011-11-24 12:33:00.0000000,15,63,Grace Period
16483,1,2011-05-31 13:08:00.0000000,2011-05-31 13:08:00.0000000,192,63,At Risk - First_Customer
16484,3,2011-06-02 10:39:00.0000000,2011-06-19 12:06:00.0000000,190,63,At Risk - Repeat Customer
16485,1,2011-09-23 15:50:00.0000000,2011-09-23 15:50:00.0000000,77,63,At Risk - First_Customer
16488,4,2011-07-14 11:46:00.0000000,2011-11-06 13:42:00.0000000,148,63,At Risk - Repeat Customer
16491,1,2011-10-24 10:18:00.0000000,2011-10-24 10:18:00.0000000,46,63,Grace Period
16493,6,2011-01-14 08:16:00.0000000,2011-09-28 11:13:00.0000000,329,63,At Risk - Repeat Customer
16494,1,2011-02-16 12:49:00.0000000,2011-02-16 12:49:00.0000000,296,63,At Risk - First_Customer
16495,3,2011-03-08 16:38:00.0000000,2011-12-06 13:20:00.0000000,276,63,At Risk - Repeat Customer
16496,4,2011-01-27 09:42:00.0000000,2011-12-01 10:31:00.0000000,316,63,At Risk - Repeat Customer
16497,6,2011-01-10 13:20:00.0000000,2011-10-21 10:55:00.0000000,333,63,At Risk - Repeat Customer
16498,3,2011-06-30 19:52:00.0000000,2011-07-01 15:07:00.0000000,162,63,At Risk - Repeat Customer
16499,5,2010-12-09 14:48:00.0000000,2010-12-14 15:20:00.0000000,365,63,At Risk - Repeat Customer
16500,6,2011-01-13 10:28:00.0000000,2011-12-05 12:04:00.0000000,330,63,At Risk - Repeat Customer
16503,5,2010-12-14 13:50:00.0000000,2011-08-25 11:46:00.0000000,360,63,At Risk - Repeat Customer
16504,1,2011-11-14 15:18:00.0000000,2011-11-14 15:18:00.0000000,25,63,Grace Period
16505,1,2011-11-08 12:14:00.0000000,2011-11-08 12:14:00.0000000,31,63,Grace Period
16506,2,2011-10-30 15:50:00.0000000,2011-11-20 12:17:00.0000000,40,63,Healthy
16509,1,2011-02-16 09:25:00.0000000,2011-02-16 09:25:00.0000000,296,63,At Risk - First_Customer
16510,1,2010-12-02 13:39:00.0000000,2010-12-02 13:39:00.0000000,372,63,At Risk - First_Customer
16511,3,2011-03-18 11:24:00.0000000,2011-11-18 10:41:00.0000000,266,63,At Risk - Repeat Customer
16513,4,2011-10-27 14:56:00.0000000,2011-12-05 10:18:00.0000000,43,63,Healthy
16515,5,2011-02-01 13:09:00.0000000,2011-10-18 13:10:00.0000000,311,63,At Risk - Repeat Customer
16516,1,2011-11-09 14:59:00.0000000,2011-11-09 14:59:00.0000000,30,63,Grace Period
16517,1,2011-03-07 13:50:00.0000000,2011-03-07 13:50:00.0000000,277,63,At Risk - First_Customer
16518,3,2011-02-28 16:36:00.0000000,2011-10-09 15:04:00.0000000,284,63,At Risk - Repeat Customer
16519,2,2010-12-09 14:08:00.0000000,2011-11-14 15:41:00.0000000,365,63,At Risk - Repeat Customer
16520,4,2010-12-09 13:08:00.0000000,2011-06-06 13:24:00.0000000,365,63,At Risk - Repeat Customer
16523,27,2011-01-28 12:06:00.0000000,2011-12-08 09:06:00.0000000,315,63,At Risk - Repeat Customer
16525,29,2010-12-08 11:31:00.0000000,2011-12-07 15:07:00.0000000,366,63,At Risk - Repeat Customer
16526,1,2011-06-21 12:02:00.0000000,2011-06-21 12:02:00.0000000,171,63,At Risk - First_Customer
16527,1,2011-09-19 16:21:00.0000000,2011-09-19 16:21:00.0000000,81,63,At Risk - First_Customer
16528,1,2011-12-06 12:45:00.0000000,2011-12-06 12:45:00.0000000,3,63,Grace Period
16529,1,2011-06-02 17:23:00.0000000,2011-06-02 17:23:00.0000000,190,63,At Risk - First_Customer
16531,7,2010-12-14 13:19:00.0000000,2011-11-17 16:29:00.0000000,360,63,At Risk - Repeat Customer
16532,3,2011-01-05 12:37:00.0000000,2011-11-22 11:08:00.0000000,338,63,At Risk - Repeat Customer
16533,5,2011-10-02 15:07:00.0000000,2011-11-20 13:08:00.0000000,68,63,At Risk - Repeat Customer
16535,1,2011-12-04 15:18:00.0000000,2011-12-04 15:18:00.0000000,5,63,Grace Period
16536,2,2011-08-21 15:54:00.0000000,2011-08-24 13:20:00.0000000,110,63,At Risk - Repeat Customer
16539,4,2010-12-01 15:40:00.0000000,2011-12-07 08:41:00.0000000,373,63,At Risk - Repeat Customer
16542,1,2011-10-17 10:47:00.0000000,2011-10-17 10:47:00.0000000,53,63,Grace Period
16545,1,2011-06-28 10:37:00.0000000,2011-06-28 10:37:00.0000000,164,63,At Risk - First_Customer
16546,3,2010-12-02 12:07:00.0000000,2011-02-22 11:20:00.0000000,372,63,At Risk - Repeat Customer
16549,10,2011-01-09 14:03:00.0000000,2011-11-29 15:06:00.0000000,334,63,At Risk - Repeat Customer
16550,9,2010-12-06 13:17:00.0000000,2011-08-23 11:12:00.0000000,368,63,At Risk - Repeat Customer
16551,3,2011-01-07 10:24:00.0000000,2011-09-05 09:38:00.0000000,336,63,At Risk - Repeat Customer
16552,2,2010-12-01 12:36:00.0000000,2011-04-11 10:04:00.0000000,373,63,At Risk - Repeat Customer
16553,14,2010-12-08 13:07:00.0000000,2011-06-29 15:42:00.0000000,366,63,At Risk - Repeat Customer
16554,7,2011-01-12 12:40:00.0000000,2011-12-06 14:52:00.0000000,331,63,At Risk - Repeat Customer
16555,2,2011-08-22 12:32:00.0000000,2011-11-04 14:31:00.0000000,109,63,At Risk - Repeat Customer
16556,7,2010-12-14 13:32:00.0000000,2011-10-04 11:36:00.0000000,360,63,At Risk - Repeat Customer
16557,2,2011-07-25 13:28:00.0000000,2011-11-15 14:04:00.0000000,137,63,At Risk - Repeat Customer
16558,24,2010-12-08 12:01:00.0000000,2011-12-09 10:20:00.0000000,366,63,At Risk - Repeat Customer
16560,3,2010-12-16 14:36:00.0000000,2011-11-18 17:05:00.0000000,358,63,At Risk - Repeat Customer
16561,2,2011-10-11 09:53:00.0000000,2011-12-04 11:50:00.0000000,59,63,Approaching At-Risk - Repeat Customer
16563,1,2011-10-17 11:51:00.0000000,2011-10-17 11:51:00.0000000,53,63,Grace Period
16565,1,2010-12-10 15:21:00.0000000,2010-12-10 15:21:00.0000000,364,63,At Risk - First_Customer
16566,6,2011-02-20 10:29:00.0000000,2011-11-24 16:34:00.0000000,292,63,At Risk - Repeat Customer
16567,2,2011-01-07 09:31:00.0000000,2011-05-29 13:57:00.0000000,336,63,At Risk - Repeat Customer
16569,1,2011-12-06 15:32:00.0000000,2011-12-06 15:32:00.0000000,3,63,Grace Period
16570,15,2010-12-14 10:53:00.0000000,2011-12-01 08:56:00.0000000,360,63,At Risk - Repeat Customer
16571,5,2011-03-03 09:41:00.0000000,2011-12-06 14:07:00.0000000,281,63,At Risk - Repeat Customer
16572,4,2011-03-09 12:04:00.0000000,2011-08-04 16:34:00.0000000,275,63,At Risk - Repeat Customer
16573,4,2011-02-22 15:14:00.0000000,2011-09-27 11:17:00.0000000,290,63,At Risk - Repeat Customer
16574,1,2011-09-29 13:39:00.0000000,2011-09-29 13:39:00.0000000,71,63,At Risk - First_Customer
16579,1,2010-12-09 15:00:00.0000000,2010-12-09 15:00:00.0000000,365,63,At Risk - First_Customer
16581,2,2011-06-10 10:05:00.0000000,2011-07-07 15:50:00.0000000,182,63,At Risk - Repeat Customer
16582,1,2011-08-18 17:02:00.0000000,2011-08-18 17:02:00.0000000,113,63,At Risk - First_Customer
16583,1,2010-12-01 12:03:00.0000000,2010-12-01 12:03:00.0000000,373,63,At Risk - First_Customer
16584,3,2011-03-30 13:14:00.0000000,2011-09-20 13:45:00.0000000,254,63,At Risk - Repeat Customer
16586,1,2011-04-05 09:32:00.0000000,2011-04-05 09:32:00.0000000,248,63,At Risk - First_Customer
16587,1,2011-04-21 15:51:00.0000000,2011-04-21 15:51:00.0000000,232,63,At Risk - First_Customer
16589,3,2011-07-01 13:31:00.0000000,2011-09-29 14:50:00.0000000,161,63,At Risk - Repeat Customer
16591,1,2011-10-02 10:43:00.0000000,2011-10-02 10:43:00.0000000,68,63,At Risk - First_Customer
16592,19,2011-02-25 10:19:00.0000000,2011-12-05 13:49:00.0000000,287,63,At Risk - Repeat Customer
16593,3,2011-01-16 12:11:00.0000000,2011-10-20 12:41:00.0000000,327,63,At Risk - Repeat Customer
16594,1,2011-09-25 14:08:00.0000000,2011-09-25 14:08:00.0000000,75,63,At Risk - First_Customer
16595,1,2011-10-09 13:15:00.0000000,2011-10-09 13:15:00.0000000,61,63,Grace Period
16596,2,2010-12-08 16:18:00.0000000,2011-11-24 10:02:00.0000000,366,63,At Risk - Repeat Customer
16597,1,2011-12-05 15:44:00.0000000,2011-12-05 15:44:00.0000000,4,63,Grace Period
16598,2,2011-02-27 11:42:00.0000000,2011-03-07 13:42:00.0000000,285,63,At Risk - Repeat Customer
16600,6,2011-01-05 12:13:00.0000000,2011-12-05 16:00:00.0000000,338,63,At Risk - Repeat Customer
16601,1,2011-10-30 11:09:00.0000000,2011-10-30 11:09:00.0000000,40,63,Grace Period
16602,2,2011-11-03 15:54:00.0000000,2011-11-08 16:18:00.0000000,36,63,Healthy
16603,2,2011-09-09 13:02:00.0000000,2011-09-26 10:06:00.0000000,91,63,At Risk - Repeat Customer
16607,16,2010-12-16 08:41:00.0000000,2011-11-22 10:24:00.0000000,358,63,At Risk - Repeat Customer
16609,9,2011-04-01 10:11:00.0000000,2011-11-24 13:32:00.0000000,252,63,At Risk - Repeat Customer
16610,1,2011-05-04 13:13:00.0000000,2011-05-04 13:13:00.0000000,219,63,At Risk - First_Customer
16611,2,2011-04-20 16:41:00.0000000,2011-06-06 15:46:00.0000000,233,63,At Risk - Repeat Customer
16612,4,2011-02-01 10:38:00.0000000,2011-11-07 07:38:00.0000000,311,63,At Risk - Repeat Customer
16613,1,2011-09-30 15:52:00.0000000,2011-09-30 15:52:00.0000000,70,63,At Risk - First_Customer
16614,1,2011-06-10 11:36:00.0000000,2011-06-10 11:36:00.0000000,182,63,At Risk - First_Customer
16616,2,2011-07-05 13:38:00.0000000,2011-11-24 16:31:00.0000000,157,63,At Risk - Repeat Customer
16617,1,2011-04-18 10:35:00.0000000,2011-04-18 10:35:00.0000000,235,63,At Risk - First_Customer
16618,6,2011-01-21 11:55:00.0000000,2011-11-08 13:52:00.0000000,322,63,At Risk - Repeat Customer
16619,2,2011-03-21 08:18:00.0000000,2011-03-31 12:20:00.0000000,263,63,At Risk - Repeat Customer
16620,2,2011-03-24 10:37:00.0000000,2011-12-06 12:19:00.0000000,260,63,At Risk - Repeat Customer
16621,4,2011-03-07 11:32:00.0000000,2011-10-19 11:38:00.0000000,277,63,At Risk - Repeat Customer
16623,1,2011-04-08 10:09:00.0000000,2011-04-08 10:09:00.0000000,245,63,At Risk - First_Customer
16624,2,2011-05-26 14:20:00.0000000,2011-09-20 12:39:00.0000000,197,63,At Risk - Repeat Customer
16625,1,2011-03-10 12:50:00.0000000,2011-03-10 12:50:00.0000000,274,63,At Risk - First_Customer
16626,20,2011-03-18 12:27:00.0000000,2011-12-09 11:56:00.0000000,266,63,At Risk - Repeat Customer
16627,1,2011-09-21 14:38:00.0000000,2011-09-21 14:38:00.0000000,79,63,At Risk - First_Customer
16628,6,2011-04-19 08:55:00.0000000,2011-11-10 12:45:00.0000000,234,63,At Risk - Repeat Customer
16629,2,2011-09-04 16:12:00.0000000,2011-09-27 10:34:00.0000000,96,63,At Risk - Repeat Customer
16633,7,2011-04-19 14:36:00.0000000,2011-11-22 13:41:00.0000000,234,63,At Risk - Repeat Customer
16634,2,2010-12-02 17:41:00.0000000,2011-05-01 12:09:00.0000000,372,63,At Risk - Repeat Customer
16637,5,2011-04-28 10:20:00.0000000,2011-11-07 13:17:00.0000000,225,63,At Risk - Repeat Customer
16638,11,2010-12-06 10:19:00.0000000,2011-11-17 11:09:00.0000000,368,63,At Risk - Repeat Customer
16639,4,2011-04-18 09:31:00.0000000,2011-11-14 13:47:00.0000000,235,63,At Risk - Repeat Customer
16641,1,2011-08-26 12:49:00.0000000,2011-08-26 12:49:00.0000000,105,63,At Risk - First_Customer
16642,3,2011-05-16 12:35:00.0000000,2011-12-05 11:31:00.0000000,207,63,At Risk - Repeat Customer
16643,1,2011-04-08 08:24:00.0000000,2011-04-08 08:24:00.0000000,245,63,At Risk - First_Customer
16644,2,2011-05-11 12:53:00.0000000,2011-06-15 12:39:00.0000000,212,63,At Risk - Repeat Customer
16647,2,2011-05-19 09:31:00.0000000,2011-06-23 11:47:00.0000000,204,63,At Risk - Repeat Customer
16648,2,2011-10-28 08:58:00.0000000,2011-11-01 09:52:00.0000000,42,63,Healthy
16650,1,2011-09-29 09:51:00.0000000,2011-09-29 09:51:00.0000000,71,63,At Risk - First_Customer
16652,10,2011-03-11 13:13:00.0000000,2011-10-17 11:43:00.0000000,273,63,At Risk - Repeat Customer
16653,3,2011-09-29 13:38:00.0000000,2011-11-23 14:51:00.0000000,71,63,At Risk - Repeat Customer
16654,5,2010-12-06 15:09:00.0000000,2011-07-21 15:23:00.0000000,368,63,At Risk - Repeat Customer
16655,6,2011-01-12 10:16:00.0000000,2011-11-22 11:25:00.0000000,331,63,At Risk - Repeat Customer
16656,21,2010-12-10 11:23:00.0000000,2011-11-17 14:43:00.0000000,364,63,At Risk - Repeat Customer
16657,4,2011-03-30 12:02:00.0000000,2011-11-30 11:48:00.0000000,254,63,At Risk - Repeat Customer
16658,1,2010-12-06 13:47:00.0000000,2010-12-06 13:47:00.0000000,368,63,At Risk - First_Customer
16659,1,2011-06-03 15:03:00.0000000,2011-06-03 15:03:00.0000000,189,63,At Risk - First_Customer
16660,5,2011-01-24 12:44:00.0000000,2011-11-23 14:53:00.0000000,319,63,At Risk - Repeat Customer
16665,1,2010-12-12 14:03:00.0000000,2010-12-12 14:03:00.0000000,362,63,At Risk - First_Customer
16666,1,2011-11-20 14:01:00.0000000,2011-11-20 14:01:00.0000000,19,63,Grace Period
16667,2,2011-02-28 12:57:00.0000000,2011-10-02 15:26:00.0000000,284,63,At Risk - Repeat Customer
16668,6,2011-02-28 12:46:00.0000000,2011-11-24 17:43:00.0000000,284,63,At Risk - Repeat Customer
16669,3,2011-09-22 14:13:00.0000000,2011-11-16 12:26:00.0000000,78,63,At Risk - Repeat Customer
16670,17,2010-12-16 10:30:00.0000000,2011-11-23 09:34:00.0000000,358,63,At Risk - Repeat Customer
16671,3,2011-06-28 11:20:00.0000000,2011-11-11 13:40:00.0000000,164,63,At Risk - Repeat Customer
16672,23,2011-03-18 10:15:00.0000000,2011-12-07 16:29:00.0000000,266,63,At Risk - Repeat Customer
16674,2,2011-09-02 13:59:00.0000000,2011-10-16 11:31:00.0000000,98,63,At Risk - Repeat Customer
16676,5,2011-01-06 13:00:00.0000000,2011-11-06 12:01:00.0000000,337,63,At Risk - Repeat Customer
16678,17,2011-03-02 09:24:00.0000000,2011-12-07 12:17:00.0000000,282,63,At Risk - Repeat Customer
16679,1,2010-12-08 13:51:00.0000000,2010-12-08 13:51:00.0000000,366,63,At Risk - First_Customer
16680,1,2011-10-27 17:35:00.0000000,2011-10-27 17:35:00.0000000,43,63,Grace Period
16681,6,2011-03-31 13:46:00.0000000,2011-09-28 11:11:00.0000000,253,63,At Risk - Repeat Customer
16682,5,2011-06-05 11:02:00.0000000,2011-12-05 12:13:00.0000000,187,63,At Risk - Repeat Customer
16684,30,2010-12-16 17:34:00.0000000,2011-12-05 14:06:00.0000000,358,63,At Risk - Repeat Customer
16685,2,2011-10-09 13:44:00.0000000,2011-10-09 13:58:00.0000000,61,63,Approaching At-Risk - Repeat Customer
16686,9,2010-12-19 14:41:00.0000000,2011-10-23 13:49:00.0000000,355,63,At Risk - Repeat Customer
16688,4,2011-10-10 12:23:00.0000000,2011-12-08 15:24:00.0000000,60,63,Approaching At-Risk - Repeat Customer
16689,3,2011-09-18 13:29:00.0000000,2011-09-25 11:39:00.0000000,82,63,At Risk - Repeat Customer
16690,3,2011-05-22 10:53:00.0000000,2011-10-27 10:58:00.0000000,201,63,At Risk - Repeat Customer
16692,2,2011-02-23 15:41:00.0000000,2011-03-28 14:46:00.0000000,289,63,At Risk - Repeat Customer
16693,2,2011-03-13 11:06:00.0000000,2011-10-02 11:10:00.0000000,271,63,At Risk - Repeat Customer
16696,4,2011-04-05 15:20:00.0000000,2011-07-27 14:23:00.0000000,248,63,At Risk - Repeat Customer
16697,1,2011-04-12 17:12:00.0000000,2011-04-12 17:12:00.0000000,241,63,At Risk - First_Customer
16698,2,2011-03-31 13:33:00.0000000,2011-04-27 10:52:00.0000000,253,63,At Risk - Repeat Customer
16700,17,2010-12-08 16:34:00.0000000,2011-12-01 11:00:00.0000000,366,63,At Risk - Repeat Customer
16701,18,2010-12-13 11:51:00.0000000,2011-12-01 11:10:00.0000000,361,63,At Risk - Repeat Customer
16705,29,2010-12-16 10:51:00.0000000,2011-12-09 12:08:00.0000000,358,63,At Risk - Repeat Customer
16706,3,2011-08-17 15:53:00.0000000,2011-11-02 13:50:00.0000000,114,63,At Risk - Repeat Customer
16708,1,2011-10-25 12:20:00.0000000,2011-10-25 12:20:00.0000000,45,63,Grace Period
16709,5,2011-03-03 10:55:00.0000000,2011-09-16 10:56:00.0000000,281,63,At Risk - Repeat Customer
16710,10,2010-12-06 13:13:00.0000000,2011-11-20 14:50:00.0000000,368,63,At Risk - Repeat Customer
16711,5,2010-12-17 12:43:00.0000000,2011-12-06 16:32:00.0000000,357,63,At Risk - Repeat Customer
16712,10,2011-03-08 15:07:00.0000000,2011-11-30 13:48:00.0000000,276,63,At Risk - Repeat Customer
16713,21,2010-12-08 12:03:00.0000000,2011-11-21 12:36:00.0000000,366,63,At Risk - Repeat Customer
16714,4,2011-01-26 13:40:00.0000000,2011-05-05 11:09:00.0000000,317,63,At Risk - Repeat Customer
16715,1,2011-09-22 18:15:00.0000000,2011-09-22 18:15:00.0000000,78,63,At Risk - First_Customer
16716,3,2011-02-01 15:35:00.0000000,2011-03-18 10:03:00.0000000,311,63,At Risk - Repeat Customer
16717,9,2010-12-08 16:48:00.0000000,2011-11-30 17:42:00.0000000,366,63,At Risk - Repeat Customer
16718,1,2010-12-05 13:03:00.0000000,2010-12-05 13:03:00.0000000,369,63,At Risk - First_Customer
16719,8,2010-12-06 12:06:00.0000000,2011-11-25 09:27:00.0000000,368,63,At Risk - Repeat Customer
16720,1,2011-11-13 16:22:00.0000000,2011-11-13 16:22:00.0000000,26,63,Grace Period
16721,1,2011-03-22 16:08:00.0000000,2011-03-22 16:08:00.0000000,262,63,At Risk - First_Customer
16722,16,2010-12-06 12:59:00.0000000,2011-11-22 13:28:00.0000000,368,63,At Risk - Repeat Customer
16723,2,2011-08-24 11:31:00.0000000,2011-09-09 13:01:00.0000000,107,63,At Risk - Repeat Customer
16725,8,2010-12-03 16:02:00.0000000,2011-02-10 16:52:00.0000000,371,63,At Risk - Repeat Customer
16726,5,2010-12-13 13:28:00.0000000,2011-11-13 14:53:00.0000000,361,63,At Risk - Repeat Customer
16727,1,2010-12-10 13:48:00.0000000,2010-12-10 13:48:00.0000000,364,63,At Risk - First_Customer
16728,5,2011-03-20 13:28:00.0000000,2011-10-24 14:36:00.0000000,264,63,At Risk - Repeat Customer
16729,26,2011-04-12 14:22:00.0000000,2011-11-03 19:11:00.0000000,241,63,At Risk - Repeat Customer
16730,4,2011-01-24 14:01:00.0000000,2011-10-18 14:11:00.0000000,319,63,At Risk - Repeat Customer
16732,1,2011-11-08 09:54:00.0000000,2011-11-08 09:54:00.0000000,31,63,Grace Period
16734,3,2011-08-17 15:00:00.0000000,2011-10-18 13:44:00.0000000,114,63,At Risk - Repeat Customer
16735,7,2011-01-09 12:53:00.0000000,2011-09-22 11:49:00.0000000,334,63,At Risk - Repeat Customer
16737,1,2011-10-17 13:03:00.0000000,2011-10-17 13:03:00.0000000,53,63,Grace Period
16738,1,2011-02-15 09:46:00.0000000,2011-02-15 09:46:00.0000000,297,63,At Risk - First_Customer
16739,2,2011-06-16 09:17:00.0000000,2011-06-20 17:15:00.0000000,176,63,At Risk - Repeat Customer
16742,2,2011-10-24 11:58:00.0000000,2011-10-24 12:02:00.0000000,46,63,Healthy
16743,8,2010-12-16 12:15:00.0000000,2011-11-10 13:13:00.0000000,358,63,At Risk - Repeat Customer
16744,7,2011-06-19 15:13:00.0000000,2011-11-28 13:06:00.0000000,173,63,At Risk - Repeat Customer
16745,18,2011-02-01 11:31:00.0000000,2011-09-14 11:58:00.0000000,311,63,At Risk - Repeat Customer
16746,19,2010-12-16 11:43:00.0000000,2011-12-05 12:33:00.0000000,358,63,At Risk - Repeat Customer
16747,4,2011-10-03 10:18:00.0000000,2011-11-14 13:37:00.0000000,67,63,At Risk - Repeat Customer
16748,5,2011-01-09 13:50:00.0000000,2011-11-22 10:17:00.0000000,334,63,At Risk - Repeat Customer
16750,5,2011-04-21 16:53:00.0000000,2011-10-26 12:48:00.0000000,232,63,At Risk - Repeat Customer
16751,1,2011-11-09 10:48:00.0000000,2011-11-09 10:48:00.0000000,30,63,Grace Period
16752,1,2010-12-02 12:18:00.0000000,2010-12-02 12:18:00.0000000,372,63,At Risk - First_Customer
16753,1,2011-10-12 13:14:00.0000000,2011-10-12 13:14:00.0000000,58,63,Grace Period
16754,1,2010-12-02 17:38:00.0000000,2010-12-02 17:38:00.0000000,372,63,At Risk - First_Customer
16755,5,2011-01-28 10:47:00.0000000,2011-08-17 13:21:00.0000000,315,63,At Risk - Repeat Customer
16756,1,2011-05-09 09:33:00.0000000,2011-05-09 09:33:00.0000000,214,63,At Risk - First_Customer
16757,1,2011-01-25 11:59:00.0000000,2011-01-25 11:59:00.0000000,318,63,At Risk - First_Customer
16758,1,2011-10-05 14:47:00.0000000,2011-10-05 14:47:00.0000000,65,63,At Risk - First_Customer
16759,4,2011-11-09 09:06:00.0000000,2011-12-02 12:42:00.0000000,30,63,Healthy
16761,1,2011-09-04 11:15:00.0000000,2011-09-04 11:15:00.0000000,96,63,At Risk - First_Customer
16762,3,2011-07-18 12:52:00.0000000,2011-11-20 11:43:00.0000000,144,63,At Risk - Repeat Customer
16763,2,2011-05-25 11:52:00.0000000,2011-06-07 14:24:00.0000000,198,63,At Risk - Repeat Customer
16764,18,2011-07-19 17:17:00.0000000,2011-12-06 11:41:00.0000000,143,63,At Risk - Repeat Customer
16765,1,2011-02-18 15:41:00.0000000,2011-02-18 15:41:00.0000000,294,63,At Risk - First_Customer
16766,2,2011-03-11 13:34:00.0000000,2011-03-11 15:22:00.0000000,273,63,At Risk - Repeat Customer
16767,11,2011-01-27 13:38:00.0000000,2011-11-09 09:42:00.0000000,316,63,At Risk - Repeat Customer
16768,5,2011-03-13 10:25:00.0000000,2011-10-23 10:38:00.0000000,271,63,At Risk - Repeat Customer
16769,1,2011-03-24 13:41:00.0000000,2011-03-24 13:41:00.0000000,260,63,At Risk - First_Customer
16770,6,2010-12-02 15:49:00.0000000,2011-10-13 12:21:00.0000000,372,63,At Risk - Repeat Customer
16771,5,2011-01-05 13:57:00.0000000,2011-11-06 13:28:00.0000000,338,63,At Risk - Repeat Customer
16773,1,2011-10-13 14:37:00.0000000,2011-10-13 14:37:00.0000000,57,63,Grace Period
16774,5,2011-06-14 12:45:00.0000000,2011-10-03 12:41:00.0000000,178,63,At Risk - Repeat Customer
16775,11,2010-12-07 15:15:00.0000000,2011-11-29 15:22:00.0000000,367,63,At Risk - Repeat Customer
16776,1,2011-10-10 13:04:00.0000000,2011-10-10 13:04:00.0000000,60,63,Grace Period
16777,2,2011-03-27 14:34:00.0000000,2011-09-20 13:41:00.0000000,257,63,At Risk - Repeat Customer
16778,2,2011-03-10 15:21:00.0000000,2011-09-26 13:48:00.0000000,274,63,At Risk - Repeat Customer
16779,28,2010-12-08 09:56:00.0000000,2011-12-07 14:54:00.0000000,366,63,At Risk - Repeat Customer
16780,2,2011-03-25 17:34:00.0000000,2011-08-31 16:09:00.0000000,259,63,At Risk - Repeat Customer
16781,2,2010-12-02 14:26:00.0000000,2010-12-09 15:18:00.0000000,372,63,At Risk - Repeat Customer
16782,19,2010-12-06 16:10:00.0000000,2011-11-29 13:20:00.0000000,368,63,At Risk - Repeat Customer
16784,1,2011-11-20 12:20:00.0000000,2011-11-20 12:20:00.0000000,19,63,Grace Period
16788,2,2011-03-30 13:05:00.0000000,2011-08-08 14:53:00.0000000,254,63,At Risk - Repeat Customer
16789,1,2011-12-01 15:12:00.0000000,2011-12-01 15:12:00.0000000,8,63,Grace Period
16790,8,2011-11-02 11:23:00.0000000,2011-12-06 11:53:00.0000000,37,63,Healthy
16791,8,2011-01-11 15:42:00.0000000,2011-11-10 19:12:00.0000000,332,63,At Risk - Repeat Customer
16792,2,2011-03-02 14:39:00.0000000,2011-03-02 14:41:00.0000000,282,63,At Risk - Repeat Customer
16793,1,2011-10-13 15:08:00.0000000,2011-10-13 15:08:00.0000000,57,63,Grace Period
16794,12,2011-06-12 14:15:00.0000000,2011-12-08 17:54:00.0000000,180,63,At Risk - Repeat Customer
16795,1,2010-12-09 14:08:00.0000000,2010-12-09 14:08:00.0000000,365,63,At Risk - First_Customer
16796,1,2011-09-11 14:01:00.0000000,2011-09-11 14:01:00.0000000,89,63,At Risk - First_Customer
16800,1,2011-11-28 14:06:00.0000000,2011-11-28 14:06:00.0000000,11,63,Grace Period
16801,5,2011-03-11 13:56:00.0000000,2011-06-29 15:33:00.0000000,273,63,At Risk - Repeat Customer
16803,1,2011-10-05 14:28:00.0000000,2011-10-05 14:28:00.0000000,65,63,At Risk - First_Customer
16804,3,2011-03-14 15:48:00.0000000,2011-11-16 16:43:00.0000000,270,63,At Risk - Repeat Customer
16805,2,2010-12-14 13:35:00.0000000,2011-06-19 11:23:00.0000000,360,63,At Risk - Repeat Customer
16806,4,2011-04-14 19:59:00.0000000,2011-08-28 15:27:00.0000000,239,63,At Risk - Repeat Customer
16807,3,2011-03-14 09:46:00.0000000,2011-07-20 12:00:00.0000000,270,63,At Risk - Repeat Customer
16808,2,2011-03-10 19:05:00.0000000,2011-09-01 19:34:00.0000000,274,63,At Risk - Repeat Customer
16809,6,2011-03-22 13:13:00.0000000,2011-11-16 15:45:00.0000000,262,63,At Risk - Repeat Customer
16810,2,2010-12-14 11:24:00.0000000,2011-05-31 15:32:00.0000000,360,63,At Risk - Repeat Customer
16811,2,2011-11-22 17:19:00.0000000,2011-12-05 11:39:00.0000000,17,63,Healthy
16812,1,2010-12-14 12:35:00.0000000,2010-12-14 12:35:00.0000000,360,63,At Risk - First_Customer
16813,10,2011-05-19 13:28:00.0000000,2011-12-01 14:03:00.0000000,204,63,At Risk - Repeat Customer
16814,22,2010-12-05 11:45:00.0000000,2011-11-25 13:27:00.0000000,369,63,At Risk - Repeat Customer
16816,4,2010-12-16 17:01:00.0000000,2011-08-28 14:16:00.0000000,358,63,At Risk - Repeat Customer
16817,13,2010-12-06 14:19:00.0000000,2011-12-07 11:03:00.0000000,368,63,At Risk - Repeat Customer
16818,13,2011-05-18 11:42:00.0000000,2011-11-29 10:41:00.0000000,205,63,At Risk - Repeat Customer
16820,1,2011-09-05 12:06:00.0000000,2011-09-05 12:06:00.0000000,95,63,At Risk - First_Customer
16823,1,2011-04-26 15:00:00.0000000,2011-04-26 15:00:00.0000000,227,63,At Risk - First_Customer
16824,2,2011-06-28 13:36:00.0000000,2011-11-24 12:38:00.0000000,164,63,At Risk - Repeat Customer
16825,2,2011-06-07 09:44:00.0000000,2011-11-01 11:51:00.0000000,185,63,At Risk - Repeat Customer
16826,1,2011-10-19 14:05:00.0000000,2011-10-19 14:05:00.0000000,51,63,Grace Period
16828,2,2011-08-19 13:24:00.0000000,2011-09-07 15:10:00.0000000,112,63,At Risk - Repeat Customer
16829,1,2011-07-06 10:48:00.0000000,2011-07-06 10:48:00.0000000,156,63,At Risk - First_Customer
16830,1,2011-11-01 11:35:00.0000000,2011-11-01 11:35:00.0000000,38,63,Grace Period
16832,3,2011-05-06 14:12:00.0000000,2011-06-08 15:36:00.0000000,217,63,At Risk - Repeat Customer
16833,4,2011-01-09 13:02:00.0000000,2011-12-08 14:39:00.0000000,334,63,At Risk - Repeat Customer
16834,1,2011-04-26 09:37:00.0000000,2011-04-26 09:37:00.0000000,227,63,At Risk - First_Customer
16835,2,2010-12-01 17:15:00.0000000,2011-08-03 13:50:00.0000000,373,63,At Risk - Repeat Customer
16836,2,2011-08-15 12:38:00.0000000,2011-10-31 10:05:00.0000000,116,63,At Risk - Repeat Customer
16837,12,2011-04-08 08:48:00.0000000,2011-11-08 14:27:00.0000000,245,63,At Risk - Repeat Customer
16838,3,2011-02-24 15:01:00.0000000,2011-05-26 13:13:00.0000000,288,63,At Risk - Repeat Customer
16839,39,2010-12-05 11:15:00.0000000,2011-12-01 09:03:00.0000000,369,63,At Risk - Repeat Customer
16841,7,2011-02-25 12:40:00.0000000,2011-11-03 11:51:00.0000000,287,63,At Risk - Repeat Customer
16842,4,2011-02-10 14:51:00.0000000,2011-10-06 17:38:00.0000000,302,63,At Risk - Repeat Customer
16843,17,2011-01-16 16:10:00.0000000,2011-10-28 09:06:00.0000000,327,63,At Risk - Repeat Customer
16846,1,2011-10-20 13:55:00.0000000,2011-10-20 13:55:00.0000000,50,63,Grace Period
16847,1,2011-10-27 13:29:00.0000000,2011-10-27 13:29:00.0000000,43,63,Grace Period
16848,1,2011-10-18 08:42:00.0000000,2011-10-18 08:42:00.0000000,52,63,Grace Period
16849,1,2011-06-06 09:16:00.0000000,2011-06-06 09:16:00.0000000,186,63,At Risk - First_Customer
16850,1,2011-01-10 11:09:00.0000000,2011-01-10 11:09:00.0000000,333,63,At Risk - First_Customer
16851,3,2011-10-19 09:48:00.0000000,2011-12-05 13:32:00.0000000,51,63,Approaching At-Risk - Repeat Customer
16852,2,2011-06-16 15:49:00.0000000,2011-11-29 13:22:00.0000000,176,63,At Risk - Repeat Customer
16855,2,2011-10-27 16:31:00.0000000,2011-11-16 12:03:00.0000000,43,63,Healthy
16856,1,2011-11-25 08:59:00.0000000,2011-11-25 08:59:00.0000000,14,63,Grace Period
16858,2,2010-12-06 09:52:00.0000000,2010-12-08 14:52:00.0000000,368,63,At Risk - Repeat Customer
16859,5,2011-03-23 13:39:00.0000000,2011-08-25 14:12:00.0000000,261,63,At Risk - Repeat Customer
16861,3,2010-12-06 15:09:00.0000000,2011-10-11 09:05:00.0000000,368,63,At Risk - Repeat Customer
16863,4,2010-12-08 08:58:00.0000000,2011-11-10 15:23:00.0000000,366,63,At Risk - Repeat Customer
16866,3,2011-07-01 12:34:00.0000000,2011-07-22 10:06:00.0000000,161,63,At Risk - Repeat Customer
16869,5,2011-06-17 13:01:00.0000000,2011-11-17 12:02:00.0000000,175,63,At Risk - Repeat Customer
16871,7,2011-03-14 10:31:00.0000000,2011-11-17 19:27:00.0000000,270,63,At Risk - Repeat Customer
16872,3,2011-06-08 14:32:00.0000000,2011-09-23 16:05:00.0000000,184,63,At Risk - Repeat Customer
16873,10,2010-12-10 15:45:00.0000000,2011-12-05 12:05:00.0000000,364,63,At Risk - Repeat Customer
16875,9,2011-01-04 10:37:00.0000000,2011-10-06 19:20:00.0000000,339,63,At Risk - Repeat Customer
16877,6,2011-05-15 16:13:00.0000000,2011-11-27 13:47:00.0000000,208,63,At Risk - Repeat Customer
16878,2,2011-09-16 17:39:00.0000000,2011-11-15 08:52:00.0000000,84,63,At Risk - Repeat Customer
16880,7,2011-06-03 16:45:00.0000000,2011-11-09 11:33:00.0000000,189,63,At Risk - Repeat Customer
16881,1,2011-10-04 10:33:00.0000000,2011-10-04 10:33:00.0000000,66,63,At Risk - First_Customer
16882,3,2011-01-26 17:43:00.0000000,2011-10-04 10:42:00.0000000,317,63,At Risk - Repeat Customer
16883,2,2010-12-03 10:33:00.0000000,2011-06-05 12:51:00.0000000,371,63,At Risk - Repeat Customer
16884,2,2011-11-02 10:16:00.0000000,2011-11-02 11:52:00.0000000,37,63,Healthy
16885,3,2010-12-17 17:23:00.0000000,2011-11-24 13:40:00.0000000,357,63,At Risk - Repeat Customer
16887,1,2011-11-04 14:07:00.0000000,2011-11-04 14:07:00.0000000,35,63,Grace Period
16889,3,2011-01-07 10:47:00.0000000,2011-05-29 11:05:00.0000000,336,63,At Risk - Repeat Customer
16891,5,2010-12-03 11:35:00.0000000,2011-12-08 11:15:00.0000000,371,63,At Risk - Repeat Customer
16892,7,2011-01-20 13:19:00.0000000,2011-12-08 13:18:00.0000000,323,63,At Risk - Repeat Customer
16893,1,2010-12-08 12:06:00.0000000,2010-12-08 12:06:00.0000000,366,63,At Risk - First_Customer
16895,1,2011-10-06 12:15:00.0000000,2011-10-06 12:15:00.0000000,64,63,At Risk - First_Customer
16897,3,2011-01-30 11:52:00.0000000,2011-02-13 15:45:00.0000000,313,63,At Risk - Repeat Customer
16898,4,2010-12-06 12:23:00.0000000,2011-11-13 15:44:00.0000000,368,63,At Risk - Repeat Customer
16899,6,2010-12-14 13:11:00.0000000,2011-12-02 12:03:00.0000000,360,63,At Risk - Repeat Customer
16900,5,2011-10-07 13:17:00.0000000,2011-11-28 10:50:00.0000000,63,63,Approaching At-Risk - Repeat Customer
16902,1,2011-08-15 14:17:00.0000000,2011-08-15 14:17:00.0000000,116,63,At Risk - First_Customer
16903,1,2011-11-10 15:32:00.0000000,2011-11-10 15:32:00.0000000,29,63,Grace Period
16904,16,2010-12-07 13:29:00.0000000,2011-12-05 13:10:00.0000000,367,63,At Risk - Repeat Customer
16905,8,2010-12-03 10:43:00.0000000,2011-12-04 14:01:00.0000000,371,63,At Risk - Repeat Customer
16906,4,2011-04-05 12:30:00.0000000,2011-09-19 11:49:00.0000000,248,63,At Risk - Repeat Customer
16907,5,2010-12-09 16:52:00.0000000,2011-11-10 18:04:00.0000000,365,63,At Risk - Repeat Customer
16909,2,2011-09-28 16:45:00.0000000,2011-10-06 18:06:00.0000000,72,63,At Risk - Repeat Customer
16910,8,2011-09-09 14:14:00.0000000,2011-12-05 12:51:00.0000000,91,63,At Risk - Repeat Customer
16912,12,2011-01-20 15:42:00.0000000,2011-11-16 15:51:00.0000000,323,63,At Risk - Repeat Customer
16913,1,2011-02-22 12:56:00.0000000,2011-02-22 12:56:00.0000000,290,63,At Risk - First_Customer
16914,1,2011-11-03 15:27:00.0000000,2011-11-03 15:27:00.0000000,36,63,Grace Period
16915,6,2011-03-01 09:52:00.0000000,2011-11-30 16:39:00.0000000,283,63,At Risk - Repeat Customer
16916,2,2010-12-02 13:14:00.0000000,2011-11-16 12:08:00.0000000,372,63,At Risk - Repeat Customer
16917,1,2011-03-08 11:55:00.0000000,2011-03-08 11:55:00.0000000,276,63,At Risk - First_Customer
16918,7,2011-01-26 17:37:00.0000000,2011-10-21 12:50:00.0000000,317,63,At Risk - Repeat Customer
16919,11,2010-12-06 12:52:00.0000000,2011-07-06 13:35:00.0000000,368,63,At Risk - Repeat Customer
16921,1,2011-10-09 16:22:00.0000000,2011-10-09 16:22:00.0000000,61,63,Grace Period
16923,26,2010-12-12 11:06:00.0000000,2011-11-27 13:00:00.0000000,362,63,At Risk - Repeat Customer
16924,4,2011-09-16 12:54:00.0000000,2011-11-18 12:53:00.0000000,84,63,At Risk - Repeat Customer
16926,1,2010-12-03 13:42:00.0000000,2010-12-03 13:42:00.0000000,371,63,At Risk - First_Customer
16927,3,2010-12-13 11:57:00.0000000,2011-08-16 11:10:00.0000000,361,63,At Risk - Repeat Customer
16928,19,2010-12-01 15:21:00.0000000,2011-09-20 15:10:00.0000000,373,63,At Risk - Repeat Customer
16929,7,2011-07-07 12:39:00.0000000,2011-12-06 08:37:00.0000000,155,63,At Risk - Repeat Customer
16930,3,2011-10-02 14:25:00.0000000,2011-11-13 16:13:00.0000000,68,63,At Risk - Repeat Customer
16931,21,2010-12-05 11:40:00.0000000,2011-12-04 13:15:00.0000000,369,63,At Risk - Repeat Customer
16932,1,2011-10-17 14:12:00.0000000,2011-10-17 14:12:00.0000000,53,63,Grace Period
16933,5,2011-04-14 12:28:00.0000000,2011-12-08 12:54:00.0000000,239,63,At Risk - Repeat Customer
16934,2,2011-10-16 12:25:00.0000000,2011-10-16 12:40:00.0000000,54,63,Approaching At-Risk - Repeat Customer
16936,1,2011-11-14 11:04:00.0000000,2011-11-14 11:04:00.0000000,25,63,Grace Period
16938,5,2011-02-04 09:34:00.0000000,2011-12-01 10:20:00.0000000,308,63,At Risk - Repeat Customer
16940,3,2011-02-23 12:27:00.0000000,2011-10-18 13:15:00.0000000,289,63,At Risk - Repeat Customer
16942,10,2011-04-26 11:59:00.0000000,2011-11-27 12:40:00.0000000,227,63,At Risk - Repeat Customer
16943,3,2011-01-25 14:00:00.0000000,2011-05-12 11:57:00.0000000,318,63,At Risk - Repeat Customer
16945,18,2010-12-16 17:49:00.0000000,2011-11-18 11:39:00.0000000,358,63,At Risk - Repeat Customer
16947,1,2011-04-18 09:38:00.0000000,2011-04-18 09:38:00.0000000,235,63,At Risk - First_Customer
16948,3,2011-01-18 10:58:00.0000000,2011-07-24 12:46:00.0000000,325,63,At Risk - Repeat Customer
16949,7,2011-01-27 12:11:00.0000000,2011-12-06 11:07:00.0000000,316,63,At Risk - Repeat Customer
16950,3,2010-12-07 15:20:00.0000000,2011-10-14 09:06:00.0000000,367,63,At Risk - Repeat Customer
16951,4,2011-02-08 14:58:00.0000000,2011-08-08 13:25:00.0000000,304,63,At Risk - Repeat Customer
16952,2,2011-08-22 12:58:00.0000000,2011-08-22 13:03:00.0000000,109,63,At Risk - Repeat Customer
16953,1,2011-11-09 15:54:00.0000000,2011-11-09 15:54:00.0000000,30,63,Grace Period
16954,9,2010-12-15 10:41:00.0000000,2011-12-09 09:46:00.0000000,359,63,At Risk - Repeat Customer
16955,5,2010-12-01 13:31:00.0000000,2011-06-08 10:36:00.0000000,373,63,At Risk - Repeat Customer
16956,2,2011-11-22 08:56:00.0000000,2011-11-30 14:28:00.0000000,17,63,Healthy
16957,2,2011-03-03 09:25:00.0000000,2011-04-14 13:56:00.0000000,281,63,At Risk - Repeat Customer
16959,1,2011-09-13 15:03:00.0000000,2011-09-13 15:03:00.0000000,87,63,At Risk - First_Customer
16960,3,2011-04-01 11:54:00.0000000,2011-11-01 11:35:00.0000000,252,63,At Risk - Repeat Customer
16961,1,2011-08-15 13:46:00.0000000,2011-08-15 13:46:00.0000000,116,63,At Risk - First_Customer
16963,1,2011-06-05 13:48:00.0000000,2011-06-05 13:48:00.0000000,187,63,At Risk - First_Customer
16965,1,2011-04-27 12:08:00.0000000,2011-04-27 12:08:00.0000000,226,63,At Risk - First_Customer
16966,10,2011-04-13 14:17:00.0000000,2011-12-01 13:40:00.0000000,240,63,At Risk - Repeat Customer
16967,1,2011-06-03 14:24:00.0000000,2011-06-03 14:24:00.0000000,189,63,At Risk - First_Customer
16968,2,2011-08-24 10:51:00.0000000,2011-12-05 15:02:00.0000000,107,63,At Risk - Repeat Customer
16969,3,2011-06-01 12:10:00.0000000,2011-10-31 13:12:00.0000000,191,63,At Risk - Repeat Customer
16971,2,2011-11-01 15:06:00.0000000,2011-12-07 09:15:00.0000000,38,63,Healthy
16976,1,2011-03-17 16:33:00.0000000,2011-03-17 16:33:00.0000000,267,63,At Risk - First_Customer
16978,1,2011-09-23 12:50:00.0000000,2011-09-23 12:50:00.0000000,77,63,At Risk - First_Customer
16979,8,2011-02-15 09:20:00.0000000,2011-12-06 12:21:00.0000000,297,63,At Risk - Repeat Customer
16980,2,2011-02-21 12:58:00.0000000,2011-03-29 16:36:00.0000000,291,63,At Risk - Repeat Customer
16982,1,2011-10-10 12:28:00.0000000,2011-10-10 12:28:00.0000000,60,63,Grace Period
16983,8,2010-12-05 12:34:00.0000000,2011-11-27 12:10:00.0000000,369,63,At Risk - Repeat Customer
16984,5,2011-08-01 17:37:00.0000000,2011-09-22 18:21:00.0000000,130,63,At Risk - Repeat Customer
16985,11,2010-12-16 10:38:00.0000000,2011-11-22 13:33:00.0000000,358,63,At Risk - Repeat Customer
16986,2,2011-11-09 15:52:00.0000000,2011-11-10 11:55:00.0000000,30,63,Healthy
16987,7,2011-05-18 15:55:00.0000000,2011-12-06 17:26:00.0000000,205,63,At Risk - Repeat Customer
16988,1,2011-12-04 16:02:00.0000000,2011-12-04 16:02:00.0000000,5,63,Grace Period
16989,6,2011-07-12 09:11:00.0000000,2011-12-02 16:39:00.0000000,150,63,At Risk - Repeat Customer
16990,1,2011-05-05 08:30:00.0000000,2011-05-05 08:30:00.0000000,218,63,At Risk - First_Customer
16992,6,2011-02-02 16:31:00.0000000,2011-11-29 11:50:00.0000000,310,63,At Risk - Repeat Customer
16995,1,2010-12-02 17:09:00.0000000,2010-12-02 17:09:00.0000000,372,63,At Risk - First_Customer
16996,9,2010-12-16 09:48:00.0000000,2011-11-09 16:43:00.0000000,358,63,At Risk - Repeat Customer
16997,3,2011-01-18 11:51:00.0000000,2011-02-24 17:28:00.0000000,325,63,At Risk - Repeat Customer
16998,6,2011-02-08 15:42:00.0000000,2011-07-13 09:49:00.0000000,304,63,At Risk - Repeat Customer
16999,2,2011-09-26 15:43:00.0000000,2011-11-16 13:53:00.0000000,74,63,At Risk - Repeat Customer
17001,11,2010-12-16 09:35:00.0000000,2011-12-09 09:38:00.0000000,358,63,At Risk - Repeat Customer
17002,4,2011-02-22 11:46:00.0000000,2011-09-27 16:48:00.0000000,290,63,At Risk - Repeat Customer
17004,2,2011-09-08 12:16:00.0000000,2011-10-24 14:25:00.0000000,92,63,At Risk - Repeat Customer
17006,4,2011-09-25 12:15:00.0000000,2011-12-05 12:09:00.0000000,75,63,At Risk - Repeat Customer
17007,7,2010-12-17 13:57:00.0000000,2011-10-20 10:47:00.0000000,357,63,At Risk - Repeat Customer
17010,2,2011-11-21 14:49:00.0000000,2011-11-23 11:04:00.0000000,18,63,Healthy
17011,1,2011-11-09 13:30:00.0000000,2011-11-09 13:30:00.0000000,30,63,Grace Period
17014,4,2011-10-04 11:36:00.0000000,2011-12-01 14:09:00.0000000,66,63,At Risk - Repeat Customer
17015,3,2011-06-07 13:19:00.0000000,2011-11-11 10:45:00.0000000,185,63,At Risk - Repeat Customer
17017,27,2010-12-02 10:17:00.0000000,2011-12-07 09:32:00.0000000,372,63,At Risk - Repeat Customer
17018,2,2011-01-18 08:46:00.0000000,2011-10-30 11:42:00.0000000,325,63,At Risk - Repeat Customer
17019,4,2010-12-06 12:55:00.0000000,2011-11-28 13:06:00.0000000,368,63,At Risk - Repeat Customer
17022,1,2011-11-08 17:09:00.0000000,2011-11-08 17:09:00.0000000,31,63,Grace Period
17024,3,2011-07-05 09:31:00.0000000,2011-10-25 13:47:00.0000000,157,63,At Risk - Repeat Customer
17025,3,2010-12-01 15:45:00.0000000,2011-10-10 09:06:00.0000000,373,63,At Risk - Repeat Customer
17026,2,2010-12-05 12:47:00.0000000,2011-06-07 14:28:00.0000000,369,63,At Risk - Repeat Customer
17027,7,2011-01-26 14:19:00.0000000,2011-09-22 12:24:00.0000000,317,63,At Risk - Repeat Customer
17029,2,2011-04-17 10:57:00.0000000,2011-08-21 11:06:00.0000000,236,63,At Risk - Repeat Customer
17030,1,2011-10-07 08:49:00.0000000,2011-10-07 08:49:00.0000000,63,63,At Risk - First_Customer
17031,2,2011-07-08 09:38:00.0000000,2011-11-28 10:23:00.0000000,154,63,At Risk - Repeat Customer
17033,3,2010-12-15 13:21:00.0000000,2011-09-14 14:34:00.0000000,359,63,At Risk - Repeat Customer
17034,4,2011-02-25 10:10:00.0000000,2011-11-23 15:14:00.0000000,287,63,At Risk - Repeat Customer
17035,3,2011-02-01 12:27:00.0000000,2011-04-08 11:23:00.0000000,311,63,At Risk - Repeat Customer
17037,2,2011-09-13 12:49:00.0000000,2011-09-22 17:20:00.0000000,87,63,At Risk - Repeat Customer
17038,1,2011-11-09 13:50:00.0000000,2011-11-09 13:50:00.0000000,30,63,Grace Period
17040,1,2011-07-25 10:19:00.0000000,2011-07-25 10:19:00.0000000,137,63,At Risk - First_Customer
17041,4,2010-12-14 11:43:00.0000000,2011-11-13 11:21:00.0000000,360,63,At Risk - Repeat Customer
17042,5,2011-04-06 14:53:00.0000000,2011-12-07 12:26:00.0000000,247,63,At Risk - Repeat Customer
17043,4,2011-03-18 14:53:00.0000000,2011-11-07 15:33:00.0000000,266,63,At Risk - Repeat Customer
17044,3,2010-12-15 16:34:00.0000000,2011-12-01 08:54:00.0000000,359,63,At Risk - Repeat Customer
17045,3,2011-04-06 12:08:00.0000000,2011-08-18 17:09:00.0000000,247,63,At Risk - Repeat Customer
17046,1,2011-07-05 14:24:00.0000000,2011-07-05 14:24:00.0000000,157,63,At Risk - First_Customer
17047,3,2011-05-18 16:50:00.0000000,2011-09-15 13:27:00.0000000,205,63,At Risk - Repeat Customer
17048,6,2011-01-12 16:51:00.0000000,2011-08-16 14:51:00.0000000,331,63,At Risk - Repeat Customer
17049,11,2011-03-09 08:33:00.0000000,2011-12-07 10:48:00.0000000,275,63,At Risk - Repeat Customer
17050,6,2011-02-13 12:41:00.0000000,2011-09-04 13:48:00.0000000,299,63,At Risk - Repeat Customer
17051,1,2011-05-29 14:13:00.0000000,2011-05-29 14:13:00.0000000,194,63,At Risk - First_Customer
17052,1,2011-11-11 14:50:00.0000000,2011-11-11 14:50:00.0000000,28,63,Grace Period
17053,2,2011-08-01 10:23:00.0000000,2011-08-03 10:55:00.0000000,130,63,At Risk - Repeat Customer
17054,6,2011-04-08 13:14:00.0000000,2011-11-11 12:56:00.0000000,245,63,At Risk - Repeat Customer
17058,3,2011-04-14 09:18:00.0000000,2011-09-19 10:13:00.0000000,239,63,At Risk - Repeat Customer
17059,5,2010-12-05 12:35:00.0000000,2011-11-10 12:27:00.0000000,369,63,At Risk - Repeat Customer
17060,1,2011-03-18 13:27:00.0000000,2011-03-18 13:27:00.0000000,266,63,At Risk - First_Customer
17061,12,2011-04-21 13:29:00.0000000,2011-09-27 11:24:00.0000000,232,63,At Risk - Repeat Customer
17062,5,2010-12-05 11:59:00.0000000,2011-01-30 11:01:00.0000000,369,63,At Risk - Repeat Customer
17063,11,2011-02-23 13:44:00.0000000,2011-12-01 08:46:00.0000000,289,63,At Risk - Repeat Customer
17064,3,2011-01-16 16:10:00.0000000,2011-10-12 10:18:00.0000000,327,63,At Risk - Repeat Customer
17065,1,2011-07-19 14:45:00.0000000,2011-07-19 14:45:00.0000000,143,63,At Risk - First_Customer
17068,22,2010-12-06 13:58:00.0000000,2011-11-27 13:14:00.0000000,368,63,At Risk - Repeat Customer
17069,13,2010-12-01 16:49:00.0000000,2011-11-11 17:13:00.0000000,373,63,At Risk - Repeat Customer
17070,1,2011-08-17 17:01:00.0000000,2011-08-17 17:01:00.0000000,114,63,At Risk - First_Customer
17071,14,2011-02-03 08:18:00.0000000,2011-12-01 09:06:00.0000000,309,63,At Risk - Repeat Customer
17073,4,2011-08-22 14:37:00.0000000,2011-11-22 11:47:00.0000000,109,63,At Risk - Repeat Customer
17075,5,2011-01-26 13:20:00.0000000,2011-11-22 11:58:00.0000000,317,63,At Risk - Repeat Customer
17076,3,2010-12-10 10:08:00.0000000,2011-11-03 17:53:00.0000000,364,63,At Risk - Repeat Customer
17078,2,2011-11-03 18:49:00.0000000,2011-11-03 19:17:00.0000000,36,63,Healthy
17079,1,2011-09-22 15:34:00.0000000,2011-09-22 15:34:00.0000000,78,63,At Risk - First_Customer
17080,3,2011-03-15 12:05:00.0000000,2011-11-17 12:59:00.0000000,269,63,At Risk - Repeat Customer
17081,2,2011-10-24 13:08:00.0000000,2011-11-14 12:56:00.0000000,46,63,Healthy
17082,2,2011-01-25 14:36:00.0000000,2011-11-06 15:17:00.0000000,318,63,At Risk - Repeat Customer
17083,3,2011-02-09 11:38:00.0000000,2011-08-22 15:43:00.0000000,303,63,At Risk - Repeat Customer
17084,2,2011-11-04 14:49:00.0000000,2011-11-04 14:54:00.0000000,35,63,Healthy
17085,6,2010-12-12 12:24:00.0000000,2011-08-08 14:15:00.0000000,362,63,At Risk - Repeat Customer
17086,6,2011-10-07 11:22:00.0000000,2011-12-02 13:54:00.0000000,63,63,Approaching At-Risk - Repeat Customer
17088,4,2011-03-31 09:48:00.0000000,2011-11-11 14:23:00.0000000,253,63,At Risk - Repeat Customer
17090,8,2010-12-20 13:52:00.0000000,2011-12-05 13:44:00.0000000,354,63,At Risk - Repeat Customer
17091,9,2010-12-07 09:55:00.0000000,2011-12-07 10:43:00.0000000,367,63,At Risk - Repeat Customer
17092,4,2011-03-07 14:51:00.0000000,2011-10-20 19:51:00.0000000,277,63,At Risk - Repeat Customer
17094,2,2011-01-21 13:09:00.0000000,2011-01-25 17:24:00.0000000,322,63,At Risk - Repeat Customer
17095,6,2011-01-09 11:05:00.0000000,2011-11-17 16:40:00.0000000,334,63,At Risk - Repeat Customer
17096,7,2011-03-23 12:05:00.0000000,2011-11-30 15:05:00.0000000,261,63,At Risk - Repeat Customer
17097,9,2010-12-09 14:55:00.0000000,2011-12-07 17:05:00.0000000,365,63,At Risk - Repeat Customer
17100,1,2011-11-21 16:36:00.0000000,2011-11-21 16:36:00.0000000,18,63,Grace Period
17101,4,2011-06-14 14:49:00.0000000,2011-11-29 13:57:00.0000000,178,63,At Risk - Repeat Customer
17102,1,2011-03-23 10:08:00.0000000,2011-03-23 10:08:00.0000000,261,63,At Risk - First_Customer
17105,2,2011-02-06 14:46:00.0000000,2011-07-03 15:53:00.0000000,306,63,At Risk - Repeat Customer
17107,7,2011-03-06 15:17:00.0000000,2011-11-07 08:41:00.0000000,278,63,At Risk - Repeat Customer
17109,8,2011-04-21 15:46:00.0000000,2011-11-10 16:59:00.0000000,232,63,At Risk - Repeat Customer
17110,1,2011-06-27 12:58:00.0000000,2011-06-27 12:58:00.0000000,165,63,At Risk - First_Customer
17111,1,2011-10-23 15:59:00.0000000,2011-10-23 15:59:00.0000000,47,63,Grace Period
17114,10,2011-01-09 11:39:00.0000000,2011-12-04 12:17:00.0000000,334,63,At Risk - Repeat Customer
17115,5,2011-04-20 14:46:00.0000000,2011-12-01 14:30:00.0000000,233,63,At Risk - Repeat Customer
17117,1,2011-02-24 13:54:00.0000000,2011-02-24 13:54:00.0000000,288,63,At Risk - First_Customer
17118,1,2011-01-26 12:19:00.0000000,2011-01-26 12:19:00.0000000,317,63,At Risk - First_Customer
17119,3,2011-10-11 11:03:00.0000000,2011-12-06 14:40:00.0000000,59,63,Approaching At-Risk - Repeat Customer
17120,1,2011-04-20 15:21:00.0000000,2011-04-20 15:21:00.0000000,233,63,At Risk - First_Customer
17122,1,2011-08-12 14:33:00.0000000,2011-08-12 14:33:00.0000000,119,63,At Risk - First_Customer
17123,1,2011-07-01 10:47:00.0000000,2011-07-01 10:47:00.0000000,161,63,At Risk - First_Customer
17124,1,2011-06-07 14:02:00.0000000,2011-06-07 14:02:00.0000000,185,63,At Risk - First_Customer
17125,1,2011-10-20 14:41:00.0000000,2011-10-20 14:41:00.0000000,50,63,Grace Period
17126,7,2010-12-12 11:19:00.0000000,2011-07-10 13:52:00.0000000,362,63,At Risk - Repeat Customer
17128,1,2011-01-09 12:02:00.0000000,2011-01-09 12:02:00.0000000,334,63,At Risk - First_Customer
17131,5,2011-09-25 12:42:00.0000000,2011-12-04 12:52:00.0000000,75,63,At Risk - Repeat Customer
17133,7,2011-03-18 13:47:00.0000000,2011-11-24 12:27:00.0000000,266,63,At Risk - Repeat Customer
17134,2,2011-03-20 11:56:00.0000000,2011-08-25 09:53:00.0000000,264,63,At Risk - Repeat Customer
17135,7,2010-12-03 09:31:00.0000000,2011-11-23 16:48:00.0000000,371,63,At Risk - Repeat Customer
17138,1,2011-03-09 11:54:00.0000000,2011-03-09 11:54:00.0000000,275,63,At Risk - First_Customer
17139,15,2011-02-24 09:32:00.0000000,2011-11-24 10:12:00.0000000,288,63,At Risk - Repeat Customer
17140,1,2011-04-06 13:33:00.0000000,2011-04-06 13:33:00.0000000,247,63,At Risk - First_Customer
17142,1,2011-04-14 18:22:00.0000000,2011-04-14 18:22:00.0000000,239,63,At Risk - First_Customer
17144,2,2011-09-16 12:50:00.0000000,2011-12-08 17:57:00.0000000,84,63,At Risk - Repeat Customer
17146,3,2010-12-16 12:20:00.0000000,2011-08-26 12:44:00.0000000,358,63,At Risk - Repeat Customer
17147,6,2011-02-01 09:36:00.0000000,2011-11-17 12:32:00.0000000,311,63,At Risk - Repeat Customer
17148,1,2011-10-19 09:59:00.0000000,2011-10-19 09:59:00.0000000,51,63,Grace Period
17152,4,2011-03-21 16:20:00.0000000,2011-05-29 12:19:00.0000000,263,63,At Risk - Repeat Customer
17153,1,2011-11-15 13:42:00.0000000,2011-11-15 13:42:00.0000000,24,63,Grace Period
17154,1,2011-09-25 13:42:00.0000000,2011-09-25 13:42:00.0000000,75,63,At Risk - First_Customer
17155,2,2011-06-15 10:22:00.0000000,2011-11-22 12:38:00.0000000,177,63,At Risk - Repeat Customer
17157,3,2011-06-16 15:08:00.0000000,2011-12-02 09:10:00.0000000,176,63,At Risk - Repeat Customer
17158,3,2010-12-14 13:03:00.0000000,2011-11-07 15:15:00.0000000,360,63,At Risk - Repeat Customer
17159,4,2011-06-21 09:49:00.0000000,2011-11-18 10:52:00.0000000,171,63,At Risk - Repeat Customer
17160,6,2011-04-12 12:00:00.0000000,2011-11-08 14:05:00.0000000,241,63,At Risk - Repeat Customer
17162,10,2011-02-07 12:27:00.0000000,2011-11-11 11:34:00.0000000,305,63,At Risk - Repeat Customer
17163,2,2011-09-22 15:54:00.0000000,2011-11-18 08:57:00.0000000,78,63,At Risk - Repeat Customer
17164,8,2011-03-11 14:26:00.0000000,2011-11-07 09:14:00.0000000,273,63,At Risk - Repeat Customer
17165,1,2011-02-28 16:39:00.0000000,2011-02-28 16:39:00.0000000,284,63,At Risk - First_Customer
17166,3,2011-05-20 08:18:00.0000000,2011-11-01 09:46:00.0000000,203,63,At Risk - Repeat Customer
17169,4,2011-06-09 13:16:00.0000000,2011-10-20 19:15:00.0000000,183,63,At Risk - Repeat Customer
17171,1,2011-02-23 16:37:00.0000000,2011-02-23 16:37:00.0000000,289,63,At Risk - First_Customer
17172,2,2011-09-22 09:36:00.0000000,2011-09-26 12:04:00.0000000,78,63,At Risk - Repeat Customer
17173,9,2011-07-31 15:26:00.0000000,2011-12-04 14:40:00.0000000,131,63,At Risk - Repeat Customer
17174,1,2011-05-06 11:47:00.0000000,2011-05-06 11:47:00.0000000,217,63,At Risk - First_Customer
17175,5,2011-02-16 14:56:00.0000000,2011-10-26 15:31:00.0000000,296,63,At Risk - Repeat Customer
17176,1,2011-05-22 12:41:00.0000000,2011-05-22 12:41:00.0000000,201,63,At Risk - First_Customer
17179,3,2010-12-13 14:24:00.0000000,2011-06-14 16:48:00.0000000,361,63,At Risk - Repeat Customer
17180,6,2011-01-27 18:05:00.0000000,2011-10-14 15:46:00.0000000,316,63,At Risk - Repeat Customer
17181,2,2010-12-01 12:38:00.0000000,2011-10-13 14:48:00.0000000,373,63,At Risk - Repeat Customer
17183,8,2011-08-26 15:25:00.0000000,2011-12-02 10:07:00.0000000,105,63,At Risk - Repeat Customer
17186,2,2011-10-10 12:52:00.0000000,2011-10-24 10:20:00.0000000,60,63,Approaching At-Risk - Repeat Customer
17187,1,2011-04-27 12:39:00.0000000,2011-04-27 12:39:00.0000000,226,63,At Risk - First_Customer
17188,9,2010-12-12 12:56:00.0000000,2011-11-28 13:53:00.0000000,362,63,At Risk - Repeat Customer
17189,2,2010-12-15 17:28:00.0000000,2011-08-25 19:39:00.0000000,359,63,At Risk - Repeat Customer
17190,3,2011-05-16 15:29:00.0000000,2011-10-12 11:33:00.0000000,207,63,At Risk - Repeat Customer
17191,7,2010-12-06 14:36:00.0000000,2011-11-11 16:58:00.0000000,368,63,At Risk - Repeat Customer
17193,9,2011-06-16 10:04:00.0000000,2011-11-04 12:47:00.0000000,176,63,At Risk - Repeat Customer
17194,2,2010-12-14 12:06:00.0000000,2011-03-11 12:05:00.0000000,360,63,At Risk - Repeat Customer
17197,1,2011-11-10 10:32:00.0000000,2011-11-10 10:32:00.0000000,29,63,Grace Period
17198,3,2010-12-03 14:54:00.0000000,2011-11-16 10:39:00.0000000,371,63,At Risk - Repeat Customer
17201,1,2011-10-17 11:55:00.0000000,2011-10-17 11:55:00.0000000,53,63,Grace Period
17203,6,2011-10-10 14:37:00.0000000,2011-11-04 12:27:00.0000000,60,63,Approaching At-Risk - Repeat Customer
17204,9,2010-12-20 12:01:00.0000000,2011-06-23 13:54:00.0000000,354,63,At Risk - Repeat Customer
17205,1,2011-10-17 12:46:00.0000000,2011-10-17 12:46:00.0000000,53,63,Grace Period
17206,1,2011-10-17 13:25:00.0000000,2011-10-17 13:25:00.0000000,53,63,Grace Period
17211,9,2010-12-05 12:44:00.0000000,2011-11-13 12:03:00.0000000,369,63,At Risk - Repeat Customer
17212,1,2011-03-31 19:42:00.0000000,2011-03-31 19:42:00.0000000,253,63,At Risk - First_Customer
17213,11,2010-12-08 13:03:00.0000000,2011-10-30 14:53:00.0000000,366,63,At Risk - Repeat Customer
17214,7,2010-12-15 15:14:00.0000000,2011-10-10 13:17:00.0000000,359,63,At Risk - Repeat Customer
17217,1,2011-04-19 17:19:00.0000000,2011-04-19 17:19:00.0000000,234,63,At Risk - First_Customer
17218,10,2010-12-06 15:25:00.0000000,2011-12-05 13:52:00.0000000,368,63,At Risk - Repeat Customer
17219,1,2011-11-08 11:25:00.0000000,2011-11-08 11:25:00.0000000,31,63,Grace Period
17220,14,2010-12-10 14:54:00.0000000,2011-11-15 13:47:00.0000000,364,63,At Risk - Repeat Customer
17221,2,2011-11-03 17:39:00.0000000,2011-12-02 13:35:00.0000000,36,63,Healthy
17222,1,2011-10-05 13:58:00.0000000,2011-10-05 13:58:00.0000000,65,63,At Risk - First_Customer
17223,2,2010-12-06 14:08:00.0000000,2011-02-02 15:57:00.0000000,368,63,At Risk - Repeat Customer
17226,1,2011-02-04 11:52:00.0000000,2011-02-04 11:52:00.0000000,308,63,At Risk - First_Customer
17227,6,2010-12-06 11:16:00.0000000,2011-11-21 10:51:00.0000000,368,63,At Risk - Repeat Customer
17228,8,2010-12-02 16:00:00.0000000,2011-11-24 10:24:00.0000000,372,63,At Risk - Repeat Customer
17229,2,2011-07-20 12:38:00.0000000,2011-09-04 13:56:00.0000000,142,63,At Risk - Repeat Customer
17230,11,2010-12-15 11:22:00.0000000,2011-03-20 16:12:00.0000000,359,63,At Risk - Repeat Customer
17231,14,2010-12-13 13:09:00.0000000,2011-11-27 15:18:00.0000000,361,63,At Risk - Repeat Customer
17232,2,2011-11-25 12:24:00.0000000,2011-12-07 12:21:00.0000000,14,63,Healthy
17233,1,2011-11-04 14:06:00.0000000,2011-11-04 14:06:00.0000000,35,63,Grace Period
17234,1,2011-06-10 11:20:00.0000000,2011-06-10 11:20:00.0000000,182,63,At Risk - First_Customer
17235,2,2010-12-02 13:38:00.0000000,2011-11-14 15:51:00.0000000,372,63,At Risk - Repeat Customer
17236,6,2010-12-12 11:49:00.0000000,2011-11-27 12:00:00.0000000,362,63,At Risk - Repeat Customer
17237,2,2011-11-17 12:55:00.0000000,2011-11-28 15:02:00.0000000,22,63,Healthy
17238,17,2010-12-03 15:05:00.0000000,2011-12-07 11:35:00.0000000,371,63,At Risk - Repeat Customer
17239,2,2010-12-22 13:20:00.0000000,2011-01-31 09:41:00.0000000,352,63,At Risk - Repeat Customer
17242,2,2011-06-12 13:04:00.0000000,2011-08-23 14:55:00.0000000,180,63,At Risk - Repeat Customer
17243,30,2010-12-05 10:03:00.0000000,2011-12-08 13:26:00.0000000,369,63,At Risk - Repeat Customer
17244,1,2011-10-17 15:19:00.0000000,2011-10-17 15:19:00.0000000,53,63,Grace Period
17245,1,2011-05-19 10:43:00.0000000,2011-05-19 10:43:00.0000000,204,63,At Risk - First_Customer
17247,1,2011-11-24 15:21:00.0000000,2011-11-24 15:21:00.0000000,15,63,Grace Period
17248,1,2011-08-11 13:34:00.0000000,2011-08-11 13:34:00.0000000,120,63,At Risk - First_Customer
17250,2,2011-03-23 16:45:00.0000000,2011-12-06 12:15:00.0000000,261,63,At Risk - Repeat Customer
17251,1,2010-12-12 11:06:00.0000000,2010-12-12 11:06:00.0000000,362,63,At Risk - First_Customer
17252,2,2011-06-06 16:41:00.0000000,2011-08-15 09:45:00.0000000,186,63,At Risk - Repeat Customer
17253,1,2011-11-21 12:59:00.0000000,2011-11-21 12:59:00.0000000,18,63,Grace Period
17254,2,2011-11-24 14:09:00.0000000,2011-12-05 12:46:00.0000000,15,63,Healthy
17255,2,2011-02-13 15:18:00.0000000,2011-10-30 12:18:00.0000000,299,63,At Risk - Repeat Customer
17256,2,2011-01-31 14:53:00.0000000,2011-08-24 13:30:00.0000000,312,63,At Risk - Repeat Customer
17259,2,2010-12-06 12:55:00.0000000,2011-07-14 15:01:00.0000000,368,63,At Risk - Repeat Customer
17262,5,2010-12-08 13:30:00.0000000,2011-10-18 12:56:00.0000000,366,63,At Risk - Repeat Customer
17263,1,2011-05-15 14:32:00.0000000,2011-05-15 14:32:00.0000000,208,63,At Risk - First_Customer
17265,2,2011-06-12 12:00:00.0000000,2011-07-24 10:49:00.0000000,180,63,At Risk - Repeat Customer
17266,3,2011-07-15 11:57:00.0000000,2011-12-07 14:12:00.0000000,147,63,At Risk - Repeat Customer
17267,2,2011-08-04 17:19:00.0000000,2011-08-04 17:22:00.0000000,127,63,At Risk - Repeat Customer
17268,4,2011-04-08 13:20:00.0000000,2011-08-24 10:06:00.0000000,245,63,At Risk - Repeat Customer
17272,5,2011-03-22 12:05:00.0000000,2011-10-28 16:37:00.0000000,262,63,At Risk - Repeat Customer
17274,1,2011-11-04 13:16:00.0000000,2011-11-04 13:16:00.0000000,35,63,Grace Period
17277,2,2011-01-21 12:37:00.0000000,2011-04-26 12:47:00.0000000,322,63,At Risk - Repeat Customer
17278,1,2011-04-12 13:10:00.0000000,2011-04-12 13:10:00.0000000,241,63,At Risk - First_Customer
17279,1,2011-10-13 11:58:00.0000000,2011-10-13 11:58:00.0000000,57,63,Grace Period
17282,3,2011-02-13 11:36:00.0000000,2011-08-01 14:29:00.0000000,299,63,At Risk - Repeat Customer
17284,7,2011-01-07 14:31:00.0000000,2011-10-10 14:38:00.0000000,336,63,At Risk - Repeat Customer
17286,1,2011-11-18 12:47:00.0000000,2011-11-18 12:47:00.0000000,21,63,Grace Period
17287,7,2010-12-02 12:22:00.0000000,2011-11-13 13:27:00.0000000,372,63,At Risk - Repeat Customer
17288,7,2010-12-16 13:33:00.0000000,2011-11-30 16:09:00.0000000,358,63,At Risk - Repeat Customer
17289,4,2011-06-12 13:51:00.0000000,2011-11-08 12:01:00.0000000,180,63,At Risk - Repeat Customer
17290,2,2011-11-23 15:53:00.0000000,2011-12-06 12:38:00.0000000,16,63,Healthy
17291,1,2011-02-04 13:04:00.0000000,2011-02-04 13:04:00.0000000,308,63,At Risk - First_Customer
17293,9,2010-12-13 14:55:00.0000000,2011-12-01 14:37:00.0000000,361,63,At Risk - Repeat Customer
17295,3,2011-10-06 12:22:00.0000000,2011-11-11 10:49:00.0000000,64,63,At Risk - Repeat Customer
17297,1,2011-11-22 14:43:00.0000000,2011-11-22 14:43:00.0000000,17,63,Grace Period
17298,2,2011-08-07 12:21:00.0000000,2011-08-30 16:43:00.0000000,124,63,At Risk - Repeat Customer
17299,4,2011-06-19 16:04:00.0000000,2011-11-28 12:01:00.0000000,173,63,At Risk - Repeat Customer
17301,1,2011-11-18 13:43:00.0000000,2011-11-18 13:43:00.0000000,21,63,Grace Period
17302,6,2011-02-07 10:14:00.0000000,2011-11-25 09:36:00.0000000,305,63,At Risk - Repeat Customer
17303,1,2010-12-13 13:32:00.0000000,2010-12-13 13:32:00.0000000,361,63,At Risk - First_Customer
17306,20,2010-12-21 13:34:00.0000000,2011-11-29 12:14:00.0000000,353,63,At Risk - Repeat Customer
17307,1,2010-12-09 15:24:00.0000000,2010-12-09 15:24:00.0000000,365,63,At Risk - First_Customer
17309,1,2011-09-05 15:20:00.0000000,2011-09-05 15:20:00.0000000,95,63,At Risk - First_Customer
17311,2,2011-01-27 10:56:00.0000000,2011-09-22 14:11:00.0000000,316,63,At Risk - Repeat Customer
17312,3,2011-07-03 13:12:00.0000000,2011-07-24 11:52:00.0000000,159,63,At Risk - Repeat Customer
17313,2,2011-11-08 15:45:00.0000000,2011-11-22 09:23:00.0000000,31,63,Healthy
17314,11,2011-01-31 11:25:00.0000000,2011-11-15 09:41:00.0000000,312,63,At Risk - Repeat Customer
17315,43,2010-12-17 12:19:00.0000000,2011-12-09 11:58:00.0000000,357,63,At Risk - Repeat Customer
17317,5,2011-09-11 12:45:00.0000000,2011-10-24 17:26:00.0000000,89,63,At Risk - Repeat Customer
17320,3,2010-12-06 15:38:00.0000000,2011-08-31 13:31:00.0000000,368,63,At Risk - Repeat Customer
17321,2,2011-10-03 11:34:00.0000000,2011-12-01 13:41:00.0000000,67,63,At Risk - Repeat Customer
17323,9,2011-02-20 14:38:00.0000000,2011-11-24 17:29:00.0000000,292,63,At Risk - Repeat Customer
17324,4,2010-12-08 12:45:00.0000000,2011-11-22 10:34:00.0000000,366,63,At Risk - Repeat Customer
17325,1,2011-03-04 13:09:00.0000000,2011-03-04 13:09:00.0000000,280,63,At Risk - First_Customer
17329,2,2011-01-28 15:29:00.0000000,2011-11-25 14:24:00.0000000,315,63,At Risk - Repeat Customer
17330,2,2011-10-03 11:26:00.0000000,2011-11-17 08:56:00.0000000,67,63,At Risk - Repeat Customer
17331,1,2011-08-08 11:55:00.0000000,2011-08-08 11:55:00.0000000,123,63,At Risk - First_Customer
17333,1,2011-09-15 10:11:00.0000000,2011-09-15 10:11:00.0000000,85,63,At Risk - First_Customer
17334,3,2011-02-04 09:03:00.0000000,2011-02-11 16:34:00.0000000,308,63,At Risk - Repeat Customer
17337,7,2011-02-02 17:06:00.0000000,2011-07-11 14:56:00.0000000,310,63,At Risk - Repeat Customer
17338,10,2010-12-13 12:57:00.0000000,2011-11-22 14:23:00.0000000,361,63,At Risk - Repeat Customer
17339,2,2010-12-09 14:44:00.0000000,2011-09-06 13:29:00.0000000,365,63,At Risk - Repeat Customer
17340,14,2010-12-08 15:56:00.0000000,2011-11-30 17:12:00.0000000,366,63,At Risk - Repeat Customer
17341,3,2010-12-08 12:46:00.0000000,2011-07-06 12:33:00.0000000,366,63,At Risk - Repeat Customer
17343,1,2010-12-19 15:07:00.0000000,2010-12-19 15:07:00.0000000,355,63,At Risk - First_Customer
17344,1,2011-10-24 12:56:00.0000000,2011-10-24 12:56:00.0000000,46,63,Grace Period
17345,5,2011-05-27 12:26:00.0000000,2011-11-24 15:03:00.0000000,196,63,At Risk - Repeat Customer
17346,16,2010-12-01 14:34:00.0000000,2011-12-06 12:18:00.0000000,373,63,At Risk - Repeat Customer
17347,1,2011-09-14 13:12:00.0000000,2011-09-14 13:12:00.0000000,86,63,At Risk - First_Customer
17348,5,2011-02-15 10:49:00.0000000,2011-11-25 11:25:00.0000000,297,63,At Risk - Repeat Customer
17349,1,2011-06-13 14:29:00.0000000,2011-06-13 14:29:00.0000000,179,63,At Risk - First_Customer
17350,5,2011-10-19 16:05:00.0000000,2011-12-01 15:47:00.0000000,51,63,Approaching At-Risk - Repeat Customer
17351,3,2011-03-11 16:05:00.0000000,2011-11-03 18:45:00.0000000,273,63,At Risk - Repeat Customer
17353,2,2011-07-08 16:17:00.0000000,2011-08-02 17:19:00.0000000,154,63,At Risk - Repeat Customer
17354,1,2011-10-20 10:34:00.0000000,2011-10-20 10:34:00.0000000,50,63,Grace Period
17356,1,2011-02-01 11:07:00.0000000,2011-02-01 11:07:00.0000000,311,63,At Risk - First_Customer
17357,2,2011-11-15 16:29:00.0000000,2011-11-15 16:30:00.0000000,24,63,Healthy
17358,2,2010-12-19 14:16:00.0000000,2011-02-09 16:57:00.0000000,355,63,At Risk - Repeat Customer
17359,1,2011-11-28 14:37:00.0000000,2011-11-28 14:37:00.0000000,11,63,Grace Period
17360,3,2011-06-08 17:09:00.0000000,2011-11-22 13:11:00.0000000,184,63,At Risk - Repeat Customer
17361,3,2011-02-21 09:55:00.0000000,2011-10-21 15:43:00.0000000,291,63,At Risk - Repeat Customer
17362,2,2011-02-03 10:26:00.0000000,2011-04-14 14:43:00.0000000,309,63,At Risk - Repeat Customer
17364,12,2011-01-12 16:57:00.0000000,2011-12-09 09:00:00.0000000,331,63,At Risk - Repeat Customer
17365,8,2011-01-11 12:11:00.0000000,2011-11-27 12:13:00.0000000,332,63,At Risk - Repeat Customer
17367,1,2011-04-15 14:21:00.0000000,2011-04-15 14:21:00.0000000,238,63,At Risk - First_Customer
17368,9,2011-01-06 11:57:00.0000000,2011-11-16 15:26:00.0000000,337,63,At Risk - Repeat Customer
17370,4,2011-06-23 11:50:00.0000000,2011-09-28 10:14:00.0000000,169,63,At Risk - Repeat Customer
17371,3,2010-12-13 15:20:00.0000000,2011-11-22 13:30:00.0000000,361,63,At Risk - Repeat Customer
17372,8,2010-12-12 12:00:00.0000000,2011-10-30 11:37:00.0000000,362,63,At Risk - Repeat Customer
17373,4,2011-01-31 11:46:00.0000000,2011-10-30 15:28:00.0000000,312,63,At Risk - Repeat Customer
17374,2,2011-03-03 12:53:00.0000000,2011-05-05 09:05:00.0000000,281,63,At Risk - Repeat Customer
17375,4,2010-12-13 15:16:00.0000000,2011-06-02 17:30:00.0000000,361,63,At Risk - Repeat Customer
17376,2,2011-02-01 14:12:00.0000000,2011-09-30 12:36:00.0000000,311,63,At Risk - Repeat Customer
17377,21,2010-12-01 12:35:00.0000000,2011-11-16 11:17:00.0000000,373,63,At Risk - Repeat Customer
17379,1,2011-11-28 13:56:00.0000000,2011-11-28 13:56:00.0000000,11,63,Grace Period
17381,30,2010-12-02 12:58:00.0000000,2011-12-01 11:59:00.0000000,372,63,At Risk - Repeat Customer
17382,1,2011-10-05 13:05:00.0000000,2011-10-05 13:05:00.0000000,65,63,At Risk - First_Customer
17383,1,2011-12-05 17:36:00.0000000,2011-12-05 17:36:00.0000000,4,63,Grace Period
17384,2,2011-05-04 16:07:00.0000000,2011-11-20 15:48:00.0000000,219,63,At Risk - Repeat Customer
17385,1,2011-11-25 11:02:00.0000000,2011-11-25 11:02:00.0000000,14,63,Grace Period
17386,6,2011-06-27 12:11:00.0000000,2011-12-02 11:28:00.0000000,165,63,At Risk - Repeat Customer
17387,2,2011-11-06 11:25:00.0000000,2011-11-20 11:00:00.0000000,33,63,Healthy
17388,4,2011-02-25 12:28:00.0000000,2011-09-23 10:31:00.0000000,287,63,At Risk - Repeat Customer
17389,43,2011-01-04 17:12:00.0000000,2011-12-09 09:38:00.0000000,339,63,At Risk - Repeat Customer
17391,2,2011-06-28 12:21:00.0000000,2011-06-29 09:58:00.0000000,164,63,At Risk - Repeat Customer
17392,2,2010-12-16 19:04:00.0000000,2011-02-06 12:48:00.0000000,358,63,At Risk - Repeat Customer
17394,1,2011-05-04 13:22:00.0000000,2011-05-04 13:22:00.0000000,219,63,At Risk - First_Customer
17396,6,2010-12-03 09:45:00.0000000,2011-10-31 14:12:00.0000000,371,63,At Risk - Repeat Customer
17397,2,2011-11-17 13:58:00.0000000,2011-11-17 14:08:00.0000000,22,63,Healthy
17398,3,2011-03-29 13:04:00.0000000,2011-08-17 09:48:00.0000000,255,63,At Risk - Repeat Customer
17400,5,2010-12-21 17:16:00.0000000,2011-08-05 15:38:00.0000000,353,63,At Risk - Repeat Customer
17402,13,2010-12-05 13:53:00.0000000,2011-12-05 10:15:00.0000000,369,63,At Risk - Repeat Customer
17403,1,2011-11-03 15:18:00.0000000,2011-11-03 15:18:00.0000000,36,63,Grace Period
17404,17,2010-12-14 13:27:00.0000000,2011-12-05 16:26:00.0000000,360,63,At Risk - Repeat Customer
17405,5,2011-07-12 14:17:00.0000000,2011-12-08 17:12:00.0000000,150,63,At Risk - Repeat Customer
17406,5,2010-12-08 10:35:00.0000000,2011-01-13 12:52:00.0000000,366,63,At Risk - Repeat Customer
17408,1,2011-06-29 12:53:00.0000000,2011-06-29 12:53:00.0000000,163,63,At Risk - First_Customer
17409,2,2011-04-05 16:42:00.0000000,2011-06-08 10:36:00.0000000,248,63,At Risk - Repeat Customer
17410,5,2011-05-08 15:21:00.0000000,2011-11-23 15:46:00.0000000,215,63,At Risk - Repeat Customer
17411,4,2010-12-09 11:42:00.0000000,2011-11-27 14:25:00.0000000,365,63,At Risk - Repeat Customer
17412,7,2010-12-02 16:29:00.0000000,2011-12-07 11:36:00.0000000,372,63,At Risk - Repeat Customer
17414,2,2011-06-08 11:43:00.0000000,2011-10-27 12:13:00.0000000,184,63,At Risk - Repeat Customer
17415,1,2011-09-21 12:50:00.0000000,2011-09-21 12:50:00.0000000,79,63,At Risk - First_Customer
17416,9,2011-03-03 13:45:00.0000000,2011-11-10 12:47:00.0000000,281,63,At Risk - Repeat Customer
17418,2,2011-01-20 11:39:00.0000000,2011-10-28 13:00:00.0000000,323,63,At Risk - Repeat Customer
17419,14,2010-12-07 15:03:00.0000000,2011-11-28 13:47:00.0000000,367,63,At Risk - Repeat Customer
17420,3,2010-12-01 09:56:00.0000000,2011-10-20 14:52:00.0000000,373,63,At Risk - Repeat Customer
17422,10,2011-02-16 14:44:00.0000000,2011-11-23 13:27:00.0000000,296,63,At Risk - Repeat Customer
17423,4,2011-05-06 09:14:00.0000000,2011-10-25 16:49:00.0000000,217,63,At Risk - Repeat Customer
17425,2,2011-10-10 11:37:00.0000000,2011-11-20 15:30:00.0000000,60,63,Approaching At-Risk - Repeat Customer
17426,7,2011-03-02 16:34:00.0000000,2011-12-05 16:12:00.0000000,282,63,At Risk - Repeat Customer
17427,1,2011-09-29 11:29:00.0000000,2011-09-29 11:29:00.0000000,71,63,At Risk - First_Customer
17428,32,2010-12-06 09:37:00.0000000,2011-12-09 09:45:00.0000000,368,63,At Risk - Repeat Customer
17429,4,2011-05-05 09:53:00.0000000,2011-08-11 10:13:00.0000000,218,63,At Risk - Repeat Customer
17430,2,2010-12-09 13:05:00.0000000,2011-11-07 09:24:00.0000000,365,63,At Risk - Repeat Customer
17431,1,2011-01-30 14:36:00.0000000,2011-01-30 14:36:00.0000000,313,63,At Risk - First_Customer
17432,2,2011-11-02 17:30:00.0000000,2011-11-21 17:33:00.0000000,37,63,Healthy
17433,1,2011-09-12 14:24:00.0000000,2011-09-12 14:24:00.0000000,88,63,At Risk - First_Customer
17434,9,2011-09-15 13:54:00.0000000,2011-12-07 13:16:00.0000000,85,63,At Risk - Repeat Customer
17436,2,2011-04-27 11:33:00.0000000,2011-12-08 12:30:00.0000000,226,63,At Risk - Repeat Customer
17438,2,2011-03-31 10:26:00.0000000,2011-04-06 17:16:00.0000000,253,63,At Risk - Repeat Customer
17440,5,2011-04-06 12:05:00.0000000,2011-07-15 10:36:00.0000000,247,63,At Risk - Repeat Customer
17442,10,2010-12-09 15:13:00.0000000,2011-11-10 14:54:00.0000000,365,63,At Risk - Repeat Customer
17443,1,2011-05-04 10:47:00.0000000,2011-05-04 10:47:00.0000000,219,63,At Risk - First_Customer
17444,3,2011-06-20 09:04:00.0000000,2011-07-15 12:05:00.0000000,172,63,At Risk - Repeat Customer
17446,2,2011-02-02 14:40:00.0000000,2011-06-16 10:42:00.0000000,310,63,At Risk - Repeat Customer
17447,2,2011-09-29 10:10:00.0000000,2011-10-30 14:18:00.0000000,71,63,At Risk - Repeat Customer
17448,1,2011-07-18 12:26:00.0000000,2011-07-18 12:26:00.0000000,144,63,At Risk - First_Customer
17449,8,2010-12-15 10:57:00.0000000,2011-12-07 16:56:00.0000000,359,63,At Risk - Repeat Customer
17450,55,2010-12-07 09:23:00.0000000,2011-12-01 13:29:00.0000000,367,63,At Risk - Repeat Customer
17451,8,2011-08-26 11:54:00.0000000,2011-12-08 15:02:00.0000000,105,63,At Risk - Repeat Customer
17453,2,2011-10-06 17:02:00.0000000,2011-11-22 09:42:00.0000000,64,63,At Risk - Repeat Customer
17454,4,2010-12-15 10:54:00.0000000,2011-05-31 13:58:00.0000000,359,63,At Risk - Repeat Customer
17455,1,2011-05-20 12:31:00.0000000,2011-05-20 12:31:00.0000000,203,63,At Risk - First_Customer
17456,1,2010-12-09 15:23:00.0000000,2010-12-09 15:23:00.0000000,365,63,At Risk - First_Customer
17457,5,2011-01-04 14:33:00.0000000,2011-08-05 12:48:00.0000000,339,63,At Risk - Repeat Customer
17458,1,2011-11-24 13:01:00.0000000,2011-11-24 13:01:00.0000000,15,63,Grace Period
17459,2,2011-10-10 17:00:00.0000000,2011-10-27 13:25:00.0000000,60,63,Approaching At-Risk - Repeat Customer
17460,8,2010-12-01 16:24:00.0000000,2011-09-22 10:58:00.0000000,373,63,At Risk - Repeat Customer
17461,3,2011-11-10 12:01:00.0000000,2011-11-17 10:21:00.0000000,29,63,Healthy
17462,3,2011-02-28 17:01:00.0000000,2011-10-19 13:36:00.0000000,284,63,At Risk - Repeat Customer
17463,6,2011-01-30 15:48:00.0000000,2011-11-23 13:40:00.0000000,313,63,At Risk - Repeat Customer
17464,1,2011-07-04 13:19:00.0000000,2011-07-04 13:19:00.0000000,158,63,At Risk - First_Customer
17466,2,2011-09-22 09:16:00.0000000,2011-11-29 13:15:00.0000000,78,63,At Risk - Repeat Customer
17468,2,2011-11-25 12:52:00.0000000,2011-11-29 15:33:00.0000000,14,63,Healthy
17469,6,2011-05-19 08:55:00.0000000,2011-11-23 13:15:00.0000000,204,63,At Risk - Repeat Customer
17470,5,2010-12-07 09:57:00.0000000,2011-10-26 12:42:00.0000000,367,63,At Risk - Repeat Customer
17472,3,2011-02-13 14:40:00.0000000,2011-06-01 14:57:00.0000000,299,63,At Risk - Repeat Customer
17475,1,2011-09-21 14:55:00.0000000,2011-09-21 14:55:00.0000000,79,63,At Risk - First_Customer
17480,2,2011-09-23 11:39:00.0000000,2011-09-27 10:21:00.0000000,77,63,At Risk - Repeat Customer
17481,5,2011-09-07 09:57:00.0000000,2011-12-06 12:28:00.0000000,93,63,At Risk - Repeat Customer
17483,3,2011-06-09 19:40:00.0000000,2011-10-05 13:10:00.0000000,183,63,At Risk - Repeat Customer
17486,1,2011-03-23 14:00:00.0000000,2011-03-23 14:00:00.0000000,261,63,At Risk - First_Customer
17489,2,2011-05-11 11:34:00.0000000,2011-10-12 08:56:00.0000000,212,63,At Risk - Repeat Customer
17490,11,2011-06-16 09:15:00.0000000,2011-12-09 09:08:00.0000000,176,63,At Risk - Repeat Customer
17491,11,2010-12-07 12:18:00.0000000,2011-12-08 16:18:00.0000000,367,63,At Risk - Repeat Customer
17492,1,2011-04-05 15:21:00.0000000,2011-04-05 15:21:00.0000000,248,63,At Risk - First_Customer
17495,2,2011-11-01 12:06:00.0000000,2011-12-02 12:08:00.0000000,38,63,Healthy
17496,1,2010-12-16 08:39:00.0000000,2010-12-16 08:39:00.0000000,358,63,At Risk - First_Customer
17498,1,2011-09-25 12:25:00.0000000,2011-09-25 12:25:00.0000000,75,63,At Risk - First_Customer
17499,1,2011-02-23 09:14:00.0000000,2011-02-23 09:14:00.0000000,289,63,At Risk - First_Customer
17500,3,2011-11-10 09:08:00.0000000,2011-11-22 14:25:00.0000000,29,63,Healthy
17501,2,2011-05-03 09:46:00.0000000,2011-05-03 09:47:00.0000000,220,63,At Risk - Repeat Customer
17502,4,2011-11-10 16:39:00.0000000,2011-11-30 13:13:00.0000000,29,63,Healthy
17503,2,2011-11-01 11:12:00.0000000,2011-12-07 09:18:00.0000000,38,63,Healthy
17504,10,2011-01-21 11:09:00.0000000,2011-05-17 12:59:00.0000000,322,63,At Risk - Repeat Customer
17505,2,2011-05-18 09:01:00.0000000,2011-07-01 12:50:00.0000000,205,63,At Risk - Repeat Customer
17506,2,2011-09-25 11:39:00.0000000,2011-09-30 12:54:00.0000000,75,63,At Risk - Repeat Customer
17507,2,2011-02-03 18:08:00.0000000,2011-03-23 11:48:00.0000000,309,63,At Risk - Repeat Customer
17508,1,2011-03-04 08:10:00.0000000,2011-03-04 08:10:00.0000000,280,63,At Risk - First_Customer
17509,11,2011-10-07 13:14:00.0000000,2011-10-13 12:16:00.0000000,63,63,Approaching At-Risk - Repeat Customer
17510,1,2011-11-15 10:00:00.0000000,2011-11-15 10:00:00.0000000,24,63,Grace Period
17511,47,2010-12-01 10:19:00.0000000,2011-12-07 10:12:00.0000000,373,63,At Risk - Repeat Customer
17512,11,2011-02-11 12:22:00.0000000,2011-11-11 12:11:00.0000000,301,63,At Risk - Repeat Customer
17513,1,2011-09-28 16:42:00.0000000,2011-09-28 16:42:00.0000000,72,63,At Risk - First_Customer
17514,1,2011-08-03 15:45:00.0000000,2011-08-03 15:45:00.0000000,128,63,At Risk - First_Customer
17515,4,2011-01-25 14:33:00.0000000,2011-11-08 14:04:00.0000000,318,63,At Risk - Repeat Customer
17516,5,2011-02-27 12:41:00.0000000,2011-11-24 16:51:00.0000000,285,63,At Risk - Repeat Customer
17517,1,2011-02-04 11:48:00.0000000,2011-02-04 11:48:00.0000000,308,63,At Risk - First_Customer
17519,7,2010-12-06 15:18:00.0000000,2011-11-22 16:43:00.0000000,368,63,At Risk - Repeat Customer
17520,1,2011-10-17 12:04:00.0000000,2011-10-17 12:04:00.0000000,53,63,Grace Period
17521,4,2011-05-24 15:14:00.0000000,2011-11-15 14:00:00.0000000,199,63,At Risk - Repeat Customer
17522,5,2011-05-05 16:31:00.0000000,2011-12-08 12:31:00.0000000,218,63,At Risk - Repeat Customer
17523,4,2011-11-20 13:40:00.0000000,2011-11-28 13:20:00.0000000,19,63,Healthy
17524,1,2010-12-13 14:32:00.0000000,2010-12-13 14:32:00.0000000,361,63,At Risk - First_Customer
17525,1,2010-12-15 12:05:00.0000000,2010-12-15 12:05:00.0000000,359,63,At Risk - First_Customer
17526,7,2010-12-09 12:20:00.0000000,2011-12-08 18:56:00.0000000,365,63,At Risk - Repeat Customer
17527,6,2011-05-05 13:43:00.0000000,2011-10-17 12:32:00.0000000,218,63,At Risk - Repeat Customer
17528,11,2011-09-29 13:04:00.0000000,2011-12-08 13:27:00.0000000,71,63,At Risk - Repeat Customer
17530,11,2010-12-09 20:01:00.0000000,2011-12-08 18:42:00.0000000,365,63,At Risk - Repeat Customer
17531,2,2011-06-02 19:17:00.0000000,2011-08-11 10:19:00.0000000,190,63,At Risk - Repeat Customer
17534,1,2011-10-17 12:47:00.0000000,2011-10-17 12:47:00.0000000,53,63,Grace Period
17535,1,2011-03-04 15:20:00.0000000,2011-03-04 15:20:00.0000000,280,63,At Risk - First_Customer
17536,1,2011-06-15 13:23:00.0000000,2011-06-15 13:23:00.0000000,177,63,At Risk - First_Customer
17537,2,2011-02-09 13:37:00.0000000,2011-11-10 10:56:00.0000000,303,63,At Risk - Repeat Customer
17538,1,2011-11-14 12:12:00.0000000,2011-11-14 12:12:00.0000000,25,63,Grace Period
17540,3,2011-01-27 14:35:00.0000000,2011-12-01 09:00:00.0000000,316,63,At Risk - Repeat Customer
17542,1,2011-03-15 11:45:00.0000000,2011-03-15 11:45:00.0000000,269,63,At Risk - First_Customer
17545,3,2011-10-27 13:48:00.0000000,2011-10-27 14:04:00.0000000,43,63,Healthy
17547,1,2010-12-02 14:29:00.0000000,2010-12-02 14:29:00.0000000,372,63,At Risk - First_Customer
17548,3,2010-12-01 10:24:00.0000000,2011-05-06 10:00:00.0000000,373,63,At Risk - Repeat Customer
17549,2,2011-10-19 10:05:00.0000000,2011-11-16 09:59:00.0000000,51,63,Approaching At-Risk - Repeat Customer
17550,3,2011-04-10 15:19:00.0000000,2011-05-26 14:09:00.0000000,243,63,At Risk - Repeat Customer
17551,1,2010-12-15 14:12:00.0000000,2010-12-15 14:12:00.0000000,359,63,At Risk - First_Customer
17552,5,2010-12-02 18:45:00.0000000,2011-10-28 12:14:00.0000000,372,63,At Risk - Repeat Customer
17553,1,2011-08-02 10:00:00.0000000,2011-08-02 10:00:00.0000000,129,63,At Risk - First_Customer
17554,5,2011-07-14 20:01:00.0000000,2011-12-08 14:15:00.0000000,148,63,At Risk - Repeat Customer
17555,2,2011-01-09 12:31:00.0000000,2011-11-20 12:22:00.0000000,334,63,At Risk - Repeat Customer
17556,1,2011-05-18 10:48:00.0000000,2011-05-18 10:48:00.0000000,205,63,At Risk - First_Customer
17557,3,2011-09-19 14:23:00.0000000,2011-11-25 12:57:00.0000000,81,63,At Risk - Repeat Customer
17560,5,2011-02-02 11:14:00.0000000,2011-09-06 09:18:00.0000000,310,63,At Risk - Repeat Customer
17561,1,2011-11-20 12:53:00.0000000,2011-11-20 12:53:00.0000000,19,63,Grace Period
17562,8,2011-06-19 13:06:00.0000000,2011-11-25 14:21:00.0000000,173,63,At Risk - Repeat Customer
17564,3,2011-09-20 14:00:00.0000000,2011-11-15 13:27:00.0000000,80,63,At Risk - Repeat Customer
17566,2,2011-11-14 13:42:00.0000000,2011-12-01 19:54:00.0000000,25,63,Healthy
17567,10,2010-12-02 15:18:00.0000000,2011-12-02 15:48:00.0000000,372,63,At Risk - Repeat Customer
17569,1,2011-01-11 14:15:00.0000000,2011-01-11 14:15:00.0000000,332,63,At Risk - First_Customer
17571,4,2011-02-14 15:15:00.0000000,2011-10-20 15:57:00.0000000,298,63,At Risk - Repeat Customer
17572,4,2010-12-01 12:51:00.0000000,2011-09-29 17:53:00.0000000,373,63,At Risk - Repeat Customer
17573,3,2011-09-07 10:36:00.0000000,2011-11-10 13:01:00.0000000,93,63,At Risk - Repeat Customer
17574,1,2011-04-11 09:47:00.0000000,2011-04-11 09:47:00.0000000,242,63,At Risk - First_Customer
17576,21,2010-12-09 16:57:00.0000000,2011-12-01 18:12:00.0000000,365,63,At Risk - Repeat Customer
17578,2,2011-05-05 18:38:00.0000000,2011-06-02 11:42:00.0000000,218,63,At Risk - Repeat Customer
17579,4,2011-06-13 14:12:00.0000000,2011-12-05 12:28:00.0000000,179,63,At Risk - Repeat Customer
17580,3,2010-12-16 15:27:00.0000000,2011-04-01 12:41:00.0000000,358,63,At Risk - Repeat Customer
17581,30,2010-12-02 14:47:00.0000000,2011-12-09 12:21:00.0000000,372,63,At Risk - Repeat Customer
17582,1,2011-04-17 13:18:00.0000000,2011-04-17 13:18:00.0000000,236,63,At Risk - First_Customer
17584,3,2011-08-04 14:12:00.0000000,2011-12-02 17:12:00.0000000,127,63,At Risk - Repeat Customer
17585,4,2011-01-05 15:09:00.0000000,2011-08-22 13:30:00.0000000,338,63,At Risk - Repeat Customer
17588,3,2011-04-21 10:31:00.0000000,2011-08-31 13:37:00.0000000,232,63,At Risk - Repeat Customer
17589,4,2011-04-13 13:47:00.0000000,2011-10-10 16:58:00.0000000,240,63,At Risk - Repeat Customer
17590,3,2011-10-30 14:05:00.0000000,2011-12-07 12:55:00.0000000,40,63,Healthy
17591,8,2010-12-07 15:39:00.0000000,2011-09-27 13:42:00.0000000,367,63,At Risk - Repeat Customer
17593,6,2010-12-22 10:29:00.0000000,2011-12-06 10:30:00.0000000,352,63,At Risk - Repeat Customer
17594,2,2011-03-30 10:32:00.0000000,2011-09-15 16:34:00.0000000,254,63,At Risk - Repeat Customer
17595,2,2011-11-02 16:19:00.0000000,2011-11-27 16:08:00.0000000,37,63,Healthy
17596,7,2010-12-06 12:34:00.0000000,2011-11-16 14:11:00.0000000,368,63,At Risk - Repeat Customer
17597,1,2011-05-10 11:54:00.0000000,2011-05-10 11:54:00.0000000,213,63,At Risk - First_Customer
17600,1,2011-11-22 09:43:00.0000000,2011-11-22 09:43:00.0000000,17,63,Grace Period
17601,1,2011-04-14 18:02:00.0000000,2011-04-14 18:02:00.0000000,239,63,At Risk - First_Customer
17602,9,2011-01-19 16:18:00.0000000,2011-12-07 13:53:00.0000000,324,63,At Risk - Repeat Customer
17603,5,2011-03-17 14:39:00.0000000,2011-10-20 19:19:00.0000000,267,63,At Risk - Repeat Customer
17604,2,2011-01-31 15:09:00.0000000,2011-05-06 13:43:00.0000000,312,63,At Risk - Repeat Customer
17608,2,2011-11-06 13:00:00.0000000,2011-11-06 13:06:00.0000000,33,63,Healthy
17609,6,2011-01-16 16:23:00.0000000,2011-10-30 12:28:00.0000000,327,63,At Risk - Repeat Customer
17611,19,2010-12-13 13:52:00.0000000,2011-12-06 09:46:00.0000000,361,63,At Risk - Repeat Customer
17612,10,2011-02-15 10:40:00.0000000,2011-10-17 14:59:00.0000000,297,63,At Risk - Repeat Customer
17613,16,2011-02-07 11:20:00.0000000,2011-11-17 10:51:00.0000000,305,63,At Risk - Repeat Customer
17614,1,2011-10-13 16:01:00.0000000,2011-10-13 16:01:00.0000000,57,63,Grace Period
17615,3,2011-05-01 15:33:00.0000000,2011-08-01 14:06:00.0000000,222,63,At Risk - Repeat Customer
17616,3,2010-12-07 10:04:00.0000000,2011-06-19 10:11:00.0000000,367,63,At Risk - Repeat Customer
17618,3,2010-12-12 16:05:00.0000000,2011-12-04 11:50:00.0000000,362,63,At Risk - Repeat Customer
17619,1,2011-01-31 14:18:00.0000000,2011-01-31 14:18:00.0000000,312,63,At Risk - First_Customer
17620,1,2011-10-11 12:08:00.0000000,2011-10-11 12:08:00.0000000,59,63,Grace Period
17621,4,2010-12-20 13:31:00.0000000,2011-11-18 17:11:00.0000000,354,63,At Risk - Repeat Customer
17623,1,2011-11-07 11:32:00.0000000,2011-11-07 11:32:00.0000000,32,63,Grace Period
17624,2,2011-05-05 17:59:00.0000000,2011-11-25 10:52:00.0000000,218,63,At Risk - Repeat Customer
17625,4,2011-03-27 12:21:00.0000000,2011-11-21 13:36:00.0000000,257,63,At Risk - Repeat Customer
17628,1,2011-09-19 15:21:00.0000000,2011-09-19 15:21:00.0000000,81,63,At Risk - First_Customer
17629,9,2010-12-15 09:58:00.0000000,2011-12-04 10:56:00.0000000,359,63,At Risk - Repeat Customer
17630,2,2011-04-21 14:03:00.0000000,2011-06-23 11:58:00.0000000,232,63,At Risk - Repeat Customer
17631,3,2011-04-21 13:22:00.0000000,2011-12-08 09:47:00.0000000,232,63,At Risk - Repeat Customer
17633,6,2010-12-15 16:42:00.0000000,2011-11-08 13:25:00.0000000,359,63,At Risk - Repeat Customer
17634,9,2011-01-06 12:45:00.0000000,2011-11-03 13:09:00.0000000,337,63,At Risk - Repeat Customer
17636,2,2011-11-20 14:40:00.0000000,2011-12-01 08:29:00.0000000,19,63,Healthy
17637,2,2011-08-16 13:25:00.0000000,2011-11-08 12:51:00.0000000,115,63,At Risk - Repeat Customer
17639,1,2011-03-08 15:22:00.0000000,2011-03-08 15:22:00.0000000,276,63,At Risk - First_Customer
17640,1,2011-09-14 09:13:00.0000000,2011-09-14 09:13:00.0000000,86,63,At Risk - First_Customer
17642,2,2011-06-16 12:55:00.0000000,2011-08-12 09:11:00.0000000,176,63,At Risk - Repeat Customer
17643,1,2010-12-01 14:38:00.0000000,2010-12-01 14:38:00.0000000,373,63,At Risk - First_Customer
17644,17,2011-01-21 17:18:00.0000000,2011-12-08 13:43:00.0000000,322,63,At Risk - Repeat Customer
17646,4,2010-12-09 14:28:00.0000000,2011-05-04 13:17:00.0000000,365,63,At Risk - Repeat Customer
17647,1,2011-10-05 15:38:00.0000000,2011-10-05 15:38:00.0000000,65,63,At Risk - First_Customer
17648,5,2011-04-04 10:29:00.0000000,2011-10-10 09:41:00.0000000,249,63,At Risk - Repeat Customer
17649,2,2011-07-24 15:53:00.0000000,2011-07-28 10:50:00.0000000,138,63,At Risk - Repeat Customer
17650,1,2011-11-18 14:52:00.0000000,2011-11-18 14:52:00.0000000,21,63,Grace Period
17651,14,2011-06-15 15:57:00.0000000,2011-11-28 10:29:00.0000000,177,63,At Risk - Repeat Customer
17652,18,2011-03-03 14:05:00.0000000,2011-11-14 12:55:00.0000000,281,63,At Risk - Repeat Customer
17653,5,2011-08-11 15:24:00.0000000,2011-11-10 14:26:00.0000000,120,63,At Risk - Repeat Customer
17654,1,2011-03-07 13:17:00.0000000,2011-03-07 13:17:00.0000000,277,63,At Risk - First_Customer
17655,8,2010-12-08 16:45:00.0000000,2011-11-29 11:34:00.0000000,366,63,At Risk - Repeat Customer
17656,5,2011-08-03 10:45:00.0000000,2011-09-27 13:04:00.0000000,128,63,At Risk - Repeat Customer
17658,3,2011-05-12 15:23:00.0000000,2011-11-29 11:47:00.0000000,211,63,At Risk - Repeat Customer
17659,14,2010-12-02 16:46:00.0000000,2011-12-06 09:29:00.0000000,372,63,At Risk - Repeat Customer
17660,1,2011-07-21 13:37:00.0000000,2011-07-21 13:37:00.0000000,141,63,At Risk - First_Customer
17663,9,2011-02-25 14:11:00.0000000,2011-11-14 08:56:00.0000000,287,63,At Risk - Repeat Customer
17664,2,2011-05-11 14:17:00.0000000,2011-11-21 11:29:00.0000000,212,63,At Risk - Repeat Customer
17666,2,2011-10-05 11:06:00.0000000,2011-12-06 09:06:00.0000000,65,63,At Risk - Repeat Customer
17667,5,2011-02-14 09:24:00.0000000,2011-10-04 14:32:00.0000000,298,63,At Risk - Repeat Customer
17668,2,2011-11-01 14:45:00.0000000,2011-12-08 13:25:00.0000000,38,63,Healthy
17669,7,2011-04-04 10:11:00.0000000,2011-10-28 08:53:00.0000000,249,63,At Risk - Repeat Customer
17670,1,2011-04-26 09:12:00.0000000,2011-04-26 09:12:00.0000000,227,63,At Risk - First_Customer
17671,6,2010-12-09 14:27:00.0000000,2011-11-24 12:21:00.0000000,365,63,At Risk - Repeat Customer
17672,4,2011-02-03 13:29:00.0000000,2011-10-27 10:56:00.0000000,309,63,At Risk - Repeat Customer
17673,7,2011-01-23 15:16:00.0000000,2011-12-08 13:06:00.0000000,320,63,At Risk - Repeat Customer
17674,2,2010-12-06 10:20:00.0000000,2011-09-26 13:35:00.0000000,368,63,At Risk - Repeat Customer
17675,41,2010-12-07 13:22:00.0000000,2011-12-08 18:03:00.0000000,367,63,At Risk - Repeat Customer
17676,7,2010-12-08 13:49:00.0000000,2011-12-05 15:16:00.0000000,366,63,At Risk - Repeat Customer
17677,43,2010-12-06 08:42:00.0000000,2011-12-08 09:56:00.0000000,368,63,At Risk - Repeat Customer
17678,1,2011-03-21 11:52:00.0000000,2011-03-21 11:52:00.0000000,263,63,At Risk - First_Customer
17679,2,2011-09-15 10:35:00.0000000,2011-10-18 07:43:00.0000000,85,63,At Risk - Repeat Customer
17680,1,2011-11-16 12:42:00.0000000,2011-11-16 12:42:00.0000000,23,63,Grace Period
17682,7,2010-12-06 13:35:00.0000000,2011-11-29 15:59:00.0000000,368,63,At Risk - Repeat Customer
17684,1,2011-10-27 11:10:00.0000000,2011-10-27 11:10:00.0000000,43,63,Grace Period
17685,7,2010-12-02 14:42:00.0000000,2011-11-23 11:36:00.0000000,372,63,At Risk - Repeat Customer
17686,7,2011-02-10 10:18:00.0000000,2011-12-02 15:39:00.0000000,302,63,At Risk - Repeat Customer
17690,16,2010-12-01 16:15:00.0000000,2011-11-09 15:17:00.0000000,373,63,At Risk - Repeat Customer
17691,2,2010-12-06 11:10:00.0000000,2010-12-16 17:20:00.0000000,368,63,At Risk - Repeat Customer
17692,5,2010-12-15 13:37:00.0000000,2011-08-04 14:01:00.0000000,359,63,At Risk - Repeat Customer
17693,3,2011-07-25 15:48:00.0000000,2011-07-26 17:12:00.0000000,137,63,At Risk - Repeat Customer
17694,1,2011-07-21 12:00:00.0000000,2011-07-21 12:00:00.0000000,141,63,At Risk - First_Customer
17695,2,2011-06-21 12:35:00.0000000,2011-07-31 10:40:00.0000000,171,63,At Risk - Repeat Customer
17696,14,2010-12-10 09:51:00.0000000,2011-11-01 13:43:00.0000000,364,63,At Risk - Repeat Customer
17697,1,2011-04-17 15:40:00.0000000,2011-04-17 15:40:00.0000000,236,63,At Risk - First_Customer
17698,1,2011-03-24 11:34:00.0000000,2011-03-24 11:34:00.0000000,260,63,At Risk - First_Customer
17700,6,2010-12-09 15:33:00.0000000,2011-11-23 11:51:00.0000000,365,63,At Risk - Repeat Customer
17701,1,2011-04-01 12:25:00.0000000,2011-04-01 12:25:00.0000000,252,63,At Risk - First_Customer
17702,6,2010-12-09 13:40:00.0000000,2011-11-09 16:03:00.0000000,365,63,At Risk - Repeat Customer
17703,3,2011-07-24 13:30:00.0000000,2011-11-04 15:51:00.0000000,138,63,At Risk - Repeat Customer
17704,2,2011-04-14 09:28:00.0000000,2011-06-24 09:40:00.0000000,239,63,At Risk - Repeat Customer
17705,10,2011-02-11 10:57:00.0000000,2011-12-06 13:45:00.0000000,301,63,At Risk - Repeat Customer
17706,20,2010-12-08 11:02:00.0000000,2011-12-05 13:34:00.0000000,366,63,At Risk - Repeat Customer
17707,2,2011-01-07 13:30:00.0000000,2011-06-07 15:03:00.0000000,336,63,At Risk - Repeat Customer
17708,2,2011-01-19 10:09:00.0000000,2011-06-05 10:12:00.0000000,324,63,At Risk - Repeat Customer
17709,1,2011-06-23 11:55:00.0000000,2011-06-23 11:55:00.0000000,169,63,At Risk - First_Customer
17711,2,2011-02-23 11:32:00.0000000,2011-11-29 11:40:00.0000000,289,63,At Risk - Repeat Customer
17712,1,2011-10-26 12:28:00.0000000,2011-10-26 12:28:00.0000000,44,63,Grace Period
17714,1,2011-01-23 10:32:00.0000000,2011-01-23 10:32:00.0000000,320,63,At Risk - First_Customer
17715,1,2011-05-23 12:32:00.0000000,2011-05-23 12:32:00.0000000,200,63,At Risk - First_Customer
17716,12,2011-03-17 10:38:00.0000000,2011-11-17 12:00:00.0000000,267,63,At Risk - Repeat Customer
17718,1,2011-04-21 13:39:00.0000000,2011-04-21 13:39:00.0000000,232,63,At Risk - First_Customer
17719,18,2011-03-29 11:29:00.0000000,2011-11-02 10:36:00.0000000,255,63,At Risk - Repeat Customer
17720,4,2010-12-07 10:43:00.0000000,2011-11-13 15:04:00.0000000,367,63,At Risk - Repeat Customer
17722,6,2010-12-08 12:41:00.0000000,2011-09-04 15:22:00.0000000,366,63,At Risk - Repeat Customer
17723,6,2011-05-09 14:44:00.0000000,2011-08-04 18:37:00.0000000,214,63,At Risk - Repeat Customer
17724,4,2011-07-24 13:26:00.0000000,2011-10-13 10:53:00.0000000,138,63,At Risk - Repeat Customer
17725,14,2011-03-17 19:47:00.0000000,2011-11-23 16:34:00.0000000,267,63,At Risk - Repeat Customer
17727,2,2011-11-24 17:06:00.0000000,2011-11-30 15:21:00.0000000,15,63,Healthy
17728,5,2011-09-14 11:39:00.0000000,2011-12-06 08:52:00.0000000,86,63,At Risk - Repeat Customer
17730,15,2011-01-17 14:49:00.0000000,2011-12-06 15:43:00.0000000,326,63,At Risk - Repeat Customer
17731,5,2011-06-09 14:18:00.0000000,2011-09-21 15:02:00.0000000,183,63,At Risk - Repeat Customer
17732,1,2010-12-02 09:29:00.0000000,2010-12-02 09:29:00.0000000,372,63,At Risk - First_Customer
17733,2,2011-03-23 09:54:00.0000000,2011-11-01 08:16:00.0000000,261,63,At Risk - Repeat Customer
17734,3,2011-04-20 10:04:00.0000000,2011-10-17 12:33:00.0000000,233,63,At Risk - Repeat Customer
17735,19,2010-12-07 10:32:00.0000000,2011-12-07 16:47:00.0000000,367,63,At Risk - Repeat Customer
17736,4,2011-08-18 14:33:00.0000000,2011-11-30 15:36:00.0000000,113,63,At Risk - Repeat Customer
17737,2,2011-10-12 14:42:00.0000000,2011-11-30 15:16:00.0000000,58,63,Approaching At-Risk - Repeat Customer
17738,5,2011-03-02 16:26:00.0000000,2011-11-20 15:05:00.0000000,282,63,At Risk - Repeat Customer
17739,8,2010-12-14 14:26:00.0000000,2011-11-28 09:12:00.0000000,360,63,At Risk - Repeat Customer
17742,2,2011-01-11 10:04:00.0000000,2011-08-18 15:28:00.0000000,332,63,At Risk - Repeat Customer
17744,7,2010-12-16 14:17:00.0000000,2011-12-06 12:11:00.0000000,358,63,At Risk - Repeat Customer
17746,2,2011-04-13 14:31:00.0000000,2011-04-19 11:26:00.0000000,240,63,At Risk - Repeat Customer
17747,2,2011-08-19 08:13:00.0000000,2011-08-31 13:29:00.0000000,112,63,At Risk - Repeat Customer
17749,2,2011-03-28 13:39:00.0000000,2011-06-14 15:45:00.0000000,256,63,At Risk - Repeat Customer
17750,9,2011-06-28 15:44:00.0000000,2011-12-04 14:09:00.0000000,164,63,At Risk - Repeat Customer
17752,1,2010-12-15 16:19:00.0000000,2010-12-15 16:19:00.0000000,359,63,At Risk - First_Customer
17754,6,2011-03-24 13:54:00.0000000,2011-12-09 11:20:00.0000000,260,63,At Risk - Repeat Customer
17757,31,2010-12-02 17:17:00.0000000,2011-12-08 15:31:00.0000000,372,63,At Risk - Repeat Customer
17758,9,2011-04-03 15:22:00.0000000,2011-11-20 14:45:00.0000000,250,63,At Risk - Repeat Customer
17759,3,2011-06-23 13:35:00.0000000,2011-11-22 16:02:00.0000000,169,63,At Risk - Repeat Customer
17760,2,2010-12-01 15:08:00.0000000,2011-11-18 10:56:00.0000000,373,63,At Risk - Repeat Customer
17761,1,2011-11-07 10:23:00.0000000,2011-11-07 10:23:00.0000000,32,63,Grace Period
17763,1,2011-03-21 14:25:00.0000000,2011-03-21 14:25:00.0000000,263,63,At Risk - First_Customer
17764,2,2011-05-12 16:11:00.0000000,2011-10-20 11:03:00.0000000,211,63,At Risk - Repeat Customer
17765,3,2011-03-28 11:58:00.0000000,2011-07-04 12:41:00.0000000,256,63,At Risk - Repeat Customer
17767,1,2011-11-24 14:42:00.0000000,2011-11-24 14:42:00.0000000,15,63,Grace Period
17768,3,2011-06-26 13:46:00.0000000,2011-12-01 13:22:00.0000000,166,63,At Risk - Repeat Customer
17769,12,2011-01-23 11:15:00.0000000,2011-11-27 11:18:00.0000000,320,63,At Risk - Repeat Customer
17770,5,2011-03-02 13:35:00.0000000,2011-05-25 12:34:00.0000000,282,63,At Risk - Repeat Customer
17771,2,2011-01-20 14:13:00.0000000,2011-10-14 11:43:00.0000000,323,63,At Risk - Repeat Customer
17772,2,2011-11-29 10:57:00.0000000,2011-11-29 11:05:00.0000000,10,63,Healthy
17774,5,2011-02-07 13:13:00.0000000,2011-09-04 12:49:00.0000000,305,63,At Risk - Repeat Customer
17775,1,2011-03-30 10:50:00.0000000,2011-03-30 10:50:00.0000000,254,63,At Risk - First_Customer
17777,3,2011-08-31 14:35:00.0000000,2011-11-15 12:02:00.0000000,100,63,At Risk - Repeat Customer
17779,5,2011-07-19 12:19:00.0000000,2011-11-18 14:15:00.0000000,143,63,At Risk - Repeat Customer
17781,2,2011-03-31 19:54:00.0000000,2011-07-03 16:00:00.0000000,253,63,At Risk - Repeat Customer
17783,2,2011-04-06 10:07:00.0000000,2011-09-28 16:07:00.0000000,247,63,At Risk - Repeat Customer
17785,1,2011-10-17 13:43:00.0000000,2011-10-17 13:43:00.0000000,53,63,Grace Period
17786,2,2011-01-26 14:35:00.0000000,2011-09-15 12:51:00.0000000,317,63,At Risk - Repeat Customer
17787,4,2010-12-03 13:43:00.0000000,2011-07-10 11:24:00.0000000,371,63,At Risk - Repeat Customer
17788,2,2011-08-02 10:38:00.0000000,2011-09-27 10:09:00.0000000,129,63,At Risk - Repeat Customer
17789,1,2011-03-03 13:14:00.0000000,2011-03-03 13:14:00.0000000,281,63,At Risk - First_Customer
17790,14,2010-12-10 10:47:00.0000000,2011-11-13 11:30:00.0000000,364,63,At Risk - Repeat Customer
17791,1,2011-11-10 12:09:00.0000000,2011-11-10 12:09:00.0000000,29,63,Grace Period
17793,1,2011-11-14 14:24:00.0000000,2011-11-14 14:24:00.0000000,25,63,Grace Period
17795,2,2011-03-20 12:02:00.0000000,2011-06-13 12:36:00.0000000,264,63,At Risk - Repeat Customer
17796,4,2010-12-05 12:23:00.0000000,2011-10-30 15:38:00.0000000,369,63,At Risk - Repeat Customer
17797,3,2011-06-10 11:29:00.0000000,2011-11-17 13:21:00.0000000,182,63,At Risk - Repeat Customer
17799,12,2010-12-13 13:10:00.0000000,2011-11-17 15:16:00.0000000,361,63,At Risk - Repeat Customer
17800,9,2011-01-09 13:50:00.0000000,2011-11-02 12:57:00.0000000,334,63,At Risk - Repeat Customer
17802,4,2010-12-02 13:44:00.0000000,2011-09-18 14:56:00.0000000,372,63,At Risk - Repeat Customer
17805,1,2011-09-27 11:49:00.0000000,2011-09-27 11:49:00.0000000,73,63,At Risk - First_Customer
17806,1,2011-11-28 14:12:00.0000000,2011-11-28 14:12:00.0000000,11,63,Grace Period
17809,15,2010-12-01 09:41:00.0000000,2011-11-23 13:00:00.0000000,373,63,At Risk - Repeat Customer
17811,51,2011-01-10 10:58:00.0000000,2011-12-05 13:46:00.0000000,333,63,At Risk - Repeat Customer
17812,4,2010-12-06 15:27:00.0000000,2011-11-27 11:47:00.0000000,368,63,At Risk - Repeat Customer
17813,7,2011-09-29 15:57:00.0000000,2011-11-25 16:13:00.0000000,71,63,At Risk - Repeat Customer
17816,4,2010-12-09 14:10:00.0000000,2011-11-03 11:34:00.0000000,365,63,At Risk - Repeat Customer
17817,3,2011-03-07 17:30:00.0000000,2011-12-05 14:39:00.0000000,277,63,At Risk - Repeat Customer
17819,8,2010-12-03 14:26:00.0000000,2011-09-29 10:52:00.0000000,371,63,At Risk - Repeat Customer
17820,2,2010-12-15 17:04:00.0000000,2011-06-01 15:14:00.0000000,359,63,At Risk - Repeat Customer
17824,1,2011-10-19 14:14:00.0000000,2011-10-19 14:14:00.0000000,51,63,Grace Period
17827,5,2010-12-10 10:18:00.0000000,2011-12-04 15:00:00.0000000,364,63,At Risk - Repeat Customer
17828,9,2011-06-08 08:31:00.0000000,2011-12-01 09:34:00.0000000,184,63,At Risk - Repeat Customer
17829,1,2011-02-14 12:46:00.0000000,2011-02-14 12:46:00.0000000,298,63,At Risk - First_Customer
17830,3,2011-02-24 10:15:00.0000000,2011-12-08 12:28:00.0000000,288,63,At Risk - Repeat Customer
17831,1,2011-11-06 15:09:00.0000000,2011-11-06 15:09:00.0000000,33,63,Grace Period
17832,1,2011-10-21 11:43:00.0000000,2011-10-21 11:43:00.0000000,49,63,Grace Period
17835,3,2011-11-16 16:30:00.0000000,2011-12-07 11:48:00.0000000,23,63,Healthy
17836,1,2011-10-23 16:13:00.0000000,2011-10-23 16:13:00.0000000,47,63,Grace Period
17837,10,2011-06-29 16:44:00.0000000,2011-10-28 16:15:00.0000000,163,63,At Risk - Repeat Customer
17838,6,2010-12-02 15:55:00.0000000,2011-11-13 11:38:00.0000000,372,63,At Risk - Repeat Customer
17839,1,2011-10-28 17:27:00.0000000,2011-10-28 17:27:00.0000000,42,63,Grace Period
17841,168,2010-12-01 14:30:00.0000000,2011-12-08 12:07:00.0000000,373,63,At Risk - Repeat Customer
17843,1,2011-02-09 15:33:00.0000000,2011-02-09 15:33:00.0000000,303,63,At Risk - First_Customer
17844,1,2011-08-25 11:27:00.0000000,2011-08-25 11:27:00.0000000,106,63,At Risk - First_Customer
17846,1,2011-09-15 15:20:00.0000000,2011-09-15 15:20:00.0000000,85,63,At Risk - First_Customer
17848,9,2010-12-16 18:38:00.0000000,2011-09-19 16:49:00.0000000,358,63,At Risk - Repeat Customer
17849,4,2011-01-10 11:59:00.0000000,2011-05-05 13:46:00.0000000,333,63,At Risk - Repeat Customer
17850,34,2010-12-01 08:26:00.0000000,2011-02-10 14:38:00.0000000,373,63,At Risk - Repeat Customer
17852,2,2011-11-28 12:31:00.0000000,2011-11-28 12:36:00.0000000,11,63,Healthy
17854,2,2011-04-26 16:53:00.0000000,2011-06-07 16:21:00.0000000,227,63,At Risk - Repeat Customer
17855,1,2010-12-02 09:44:00.0000000,2010-12-02 09:44:00.0000000,372,63,At Risk - First_Customer
17856,6,2011-03-03 11:40:00.0000000,2011-12-08 09:40:00.0000000,281,63,At Risk - Repeat Customer
17857,25,2010-12-09 11:35:00.0000000,2011-12-06 13:41:00.0000000,365,63,At Risk - Repeat Customer
17858,12,2010-12-05 13:08:00.0000000,2011-12-04 11:56:00.0000000,369,63,At Risk - Repeat Customer
17859,1,2011-02-08 10:32:00.0000000,2011-02-08 10:32:00.0000000,304,63,At Risk - First_Customer
17860,1,2010-12-06 12:41:00.0000000,2010-12-06 12:41:00.0000000,368,63,At Risk - First_Customer
17861,9,2011-01-24 11:34:00.0000000,2011-12-06 16:21:00.0000000,319,63,At Risk - Repeat Customer
17862,1,2011-01-20 12:23:00.0000000,2011-01-20 12:23:00.0000000,323,63,At Risk - First_Customer
17863,6,2010-12-05 13:21:00.0000000,2011-10-11 13:45:00.0000000,369,63,At Risk - Repeat Customer
17864,3,2011-03-09 11:44:00.0000000,2011-11-27 11:15:00.0000000,275,63,At Risk - Repeat Customer
17865,27,2010-12-10 14:53:00.0000000,2011-11-09 12:08:00.0000000,364,63,At Risk - Repeat Customer
17866,2,2011-07-20 11:07:00.0000000,2011-07-20 11:09:00.0000000,142,63,At Risk - Repeat Customer
17867,8,2011-02-24 12:25:00.0000000,2011-11-09 14:15:00.0000000,288,63,At Risk - Repeat Customer
17869,5,2010-12-06 17:16:00.0000000,2011-08-24 16:16:00.0000000,368,63,At Risk - Repeat Customer
17870,13,2010-12-08 08:12:00.0000000,2011-12-07 15:07:00.0000000,366,63,At Risk - Repeat Customer
17871,1,2011-05-19 11:32:00.0000000,2011-05-19 11:32:00.0000000,204,63,At Risk - First_Customer
17873,6,2010-12-01 14:54:00.0000000,2011-09-20 16:41:00.0000000,373,63,At Risk - Repeat Customer
17874,7,2011-03-29 11:25:00.0000000,2011-06-07 12:54:00.0000000,255,63,At Risk - Repeat Customer
17877,1,2011-06-22 13:00:00.0000000,2011-06-22 13:00:00.0000000,170,63,At Risk - First_Customer
17878,1,2011-10-27 11:24:00.0000000,2011-10-27 11:24:00.0000000,43,63,Grace Period
17879,1,2011-06-19 12:36:00.0000000,2011-06-19 12:36:00.0000000,173,63,At Risk - First_Customer
17880,1,2010-12-10 10:21:00.0000000,2010-12-10 10:21:00.0000000,364,63,At Risk - First_Customer
17881,1,2011-02-08 17:16:00.0000000,2011-02-08 17:16:00.0000000,304,63,At Risk - First_Customer
17883,4,2011-04-07 19:16:00.0000000,2011-12-06 17:49:00.0000000,246,63,At Risk - Repeat Customer
17884,4,2010-12-03 12:11:00.0000000,2011-12-06 11:33:00.0000000,371,63,At Risk - Repeat Customer
17885,1,2011-11-27 14:40:00.0000000,2011-11-27 14:40:00.0000000,12,63,Grace Period
17886,3,2011-04-04 12:34:00.0000000,2011-11-08 10:09:00.0000000,249,63,At Risk - Repeat Customer
17887,1,2011-08-02 17:29:00.0000000,2011-08-02 17:29:00.0000000,129,63,At Risk - First_Customer
17888,10,2010-12-17 13:56:00.0000000,2011-11-21 10:18:00.0000000,357,63,At Risk - Repeat Customer
17889,2,2011-01-21 17:14:00.0000000,2011-05-11 16:26:00.0000000,322,63,At Risk - Repeat Customer
17890,2,2010-12-13 15:12:00.0000000,2011-01-21 11:19:00.0000000,361,63,At Risk - Repeat Customer
17891,1,2011-06-30 20:08:00.0000000,2011-06-30 20:08:00.0000000,162,63,At Risk - First_Customer
17892,3,2011-07-07 12:56:00.0000000,2011-10-14 16:49:00.0000000,155,63,At Risk - Repeat Customer
17893,1,2011-04-28 13:50:00.0000000,2011-04-28 13:50:00.0000000,225,63,At Risk - First_Customer
17894,8,2010-12-08 14:50:00.0000000,2011-09-29 09:23:00.0000000,366,63,At Risk - Repeat Customer
17895,1,2011-10-26 17:00:00.0000000,2011-10-26 17:00:00.0000000,44,63,Grace Period
17896,1,2011-11-16 13:59:00.0000000,2011-11-16 13:59:00.0000000,23,63,Grace Period
17897,4,2010-12-01 12:31:00.0000000,2011-06-20 11:23:00.0000000,373,63,At Risk - Repeat Customer
17898,2,2011-05-16 17:13:00.0000000,2011-09-15 14:56:00.0000000,207,63,At Risk - Repeat Customer
17899,1,2011-07-03 14:58:00.0000000,2011-07-03 14:58:00.0000000,159,63,At Risk - First_Customer
17900,4,2011-06-02 14:28:00.0000000,2011-06-28 12:09:00.0000000,190,63,At Risk - Repeat Customer
17901,1,2011-11-10 17:29:00.0000000,2011-11-10 17:29:00.0000000,29,63,Grace Period
17904,2,2011-11-18 12:57:00.0000000,2011-11-18 13:57:00.0000000,21,63,Healthy
17905,4,2010-12-01 13:21:00.0000000,2011-09-29 17:33:00.0000000,373,63,At Risk - Repeat Customer
17906,1,2011-04-06 17:25:00.0000000,2011-04-06 17:25:00.0000000,247,63,At Risk - First_Customer
17908,1,2010-12-01 11:45:00.0000000,2010-12-01 11:45:00.0000000,373,63,At Risk - First_Customer
17911,1,2011-11-30 14:52:00.0000000,2011-11-30 14:52:00.0000000,9,63,Grace Period
17912,6,2010-12-10 11:11:00.0000000,2011-02-02 14:25:00.0000000,364,63,At Risk - Repeat Customer
17913,2,2010-12-19 11:35:00.0000000,2011-10-12 10:45:00.0000000,355,63,At Risk - Repeat Customer
17914,1,2011-12-06 11:58:00.0000000,2011-12-06 11:58:00.0000000,3,63,Grace Period
17917,3,2010-12-12 12:08:00.0000000,2011-10-25 13:20:00.0000000,362,63,At Risk - Repeat Customer
17919,1,2011-09-12 13:41:00.0000000,2011-09-12 13:41:00.0000000,88,63,At Risk - First_Customer
17920,17,2010-12-01 11:49:00.0000000,2011-12-05 14:29:00.0000000,373,63,At Risk - Repeat Customer
17921,4,2011-03-18 13:19:00.0000000,2011-10-06 18:56:00.0000000,266,63,At Risk - Repeat Customer
17923,1,2011-03-02 15:15:00.0000000,2011-03-02 15:15:00.0000000,282,63,At Risk - First_Customer
17924,13,2010-12-01 10:51:00.0000000,2011-12-08 19:28:00.0000000,373,63,At Risk - Repeat Customer
17925,1,2010-12-02 10:10:00.0000000,2010-12-02 10:10:00.0000000,372,63,At Risk - First_Customer
17926,2,2011-05-20 09:24:00.0000000,2011-07-29 14:39:00.0000000,203,63,At Risk - Repeat Customer
17928,2,2011-04-07 18:03:00.0000000,2011-10-25 13:52:00.0000000,246,63,At Risk - Repeat Customer
17929,5,2011-02-04 11:40:00.0000000,2011-11-28 16:01:00.0000000,308,63,At Risk - Repeat Customer
17930,5,2011-04-14 15:46:00.0000000,2011-11-04 10:23:00.0000000,239,63,At Risk - Repeat Customer
17931,2,2011-03-29 12:31:00.0000000,2011-07-28 18:33:00.0000000,255,63,At Risk - Repeat Customer
17932,3,2011-05-12 13:58:00.0000000,2011-11-10 19:49:00.0000000,211,63,At Risk - Repeat Customer
17934,2,2011-10-12 10:50:00.0000000,2011-10-19 11:16:00.0000000,58,63,Approaching At-Risk - Repeat Customer
17935,2,2011-07-21 11:23:00.0000000,2011-07-24 13:18:00.0000000,141,63,At Risk - Repeat Customer
17936,1,2011-12-04 13:32:00.0000000,2011-12-04 13:32:00.0000000,5,63,Grace Period
17937,7,2010-12-12 14:43:00.0000000,2011-12-01 11:45:00.0000000,362,63,At Risk - Repeat Customer
17939,1,2011-07-03 12:27:00.0000000,2011-07-03 12:27:00.0000000,159,63,At Risk - First_Customer
17940,14,2011-02-10 09:29:00.0000000,2011-10-21 13:27:00.0000000,302,63,At Risk - Repeat Customer
17941,1,2011-08-01 08:30:00.0000000,2011-08-01 08:30:00.0000000,130,63,At Risk - First_Customer
17942,1,2011-12-02 10:45:00.0000000,2011-12-02 10:45:00.0000000,7,63,Grace Period
17946,2,2011-03-25 14:34:00.0000000,2011-04-20 17:00:00.0000000,259,63,At Risk - Repeat Customer
17947,1,2011-11-02 13:05:00.0000000,2011-11-02 13:05:00.0000000,37,63,Grace Period
17948,1,2011-07-15 12:58:00.0000000,2011-07-15 12:58:00.0000000,147,63,At Risk - First_Customer
17949,52,2010-12-03 13:12:00.0000000,2011-12-08 18:46:00.0000000,371,63,At Risk - Repeat Customer
17950,4,2010-12-09 15:16:00.0000000,2011-09-28 15:18:00.0000000,365,63,At Risk - Repeat Customer
17951,4,2010-12-01 12:40:00.0000000,2011-10-31 12:30:00.0000000,373,63,At Risk - Repeat Customer
17954,16,2010-12-03 14:18:00.0000000,2011-12-04 14:15:00.0000000,371,63,At Risk - Repeat Customer
17955,4,2011-05-04 12:29:00.0000000,2011-05-25 12:00:00.0000000,219,63,At Risk - Repeat Customer
17956,1,2011-04-04 13:47:00.0000000,2011-04-04 13:47:00.0000000,249,63,At Risk - First_Customer
17957,1,2011-10-04 14:58:00.0000000,2011-10-04 14:58:00.0000000,66,63,At Risk - First_Customer
17958,1,2011-08-15 12:19:00.0000000,2011-08-15 12:19:00.0000000,116,63,At Risk - First_Customer
17960,1,2011-06-21 14:15:00.0000000,2011-06-21 14:15:00.0000000,171,63,At Risk - First_Customer
17961,39,2010-12-02 19:18:00.0000000,2011-11-18 16:55:00.0000000,372,63,At Risk - Repeat Customer
17962,1,2011-07-20 14:16:00.0000000,2011-07-20 14:16:00.0000000,142,63,At Risk - First_Customer
17964,2,2010-12-02 13:32:00.0000000,2011-11-08 10:44:00.0000000,372,63,At Risk - Repeat Customer
17965,14,2010-12-05 15:54:00.0000000,2011-11-02 09:31:00.0000000,369,63,At Risk - Repeat Customer
17966,5,2011-03-23 17:25:00.0000000,2011-11-02 10:26:00.0000000,261,63,At Risk - Repeat Customer
17967,1,2010-12-03 11:19:00.0000000,2010-12-03 11:19:00.0000000,371,63,At Risk - First_Customer
17968,1,2010-12-01 12:23:00.0000000,2010-12-01 12:23:00.0000000,373,63,At Risk - First_Customer
17969,2,2010-12-13 15:34:00.0000000,2011-06-26 13:00:00.0000000,361,63,At Risk - Repeat Customer
17970,1,2011-05-12 20:03:00.0000000,2011-05-12 20:03:00.0000000,211,63,At Risk - First_Customer
17972,1,2011-04-12 12:16:00.0000000,2011-04-12 12:16:00.0000000,241,63,At Risk - First_Customer
17973,1,2011-10-19 10:34:00.0000000,2011-10-19 10:34:00.0000000,51,63,Grace Period
17974,3,2011-05-04 11:50:00.0000000,2011-11-15 11:37:00.0000000,219,63,At Risk - Repeat Customer
17975,14,2010-12-08 11:38:00.0000000,2011-11-24 13:27:00.0000000,366,63,At Risk - Repeat Customer
17976,1,2010-12-02 13:49:00.0000000,2010-12-02 13:49:00.0000000,372,63,At Risk - First_Customer
17977,1,2011-11-10 13:28:00.0000000,2011-11-10 13:28:00.0000000,29,63,Grace Period
17978,1,2010-12-09 14:05:00.0000000,2010-12-09 14:05:00.0000000,365,63,At Risk - First_Customer
17979,4,2011-03-25 11:34:00.0000000,2011-11-04 12:05:00.0000000,259,63,At Risk - Repeat Customer
17980,3,2010-12-15 15:50:00.0000000,2011-06-27 12:01:00.0000000,359,63,At Risk - Repeat Customer
17984,1,2011-07-17 15:59:00.0000000,2011-07-17 15:59:00.0000000,145,63,At Risk - First_Customer
17985,1,2011-11-17 14:24:00.0000000,2011-11-17 14:24:00.0000000,22,63,Grace Period
17986,1,2011-10-14 14:22:00.0000000,2011-10-14 14:22:00.0000000,56,63,Grace Period
17987,1,2011-06-07 14:22:00.0000000,2011-06-07 14:22:00.0000000,185,63,At Risk - First_Customer
17988,8,2011-01-17 11:59:00.0000000,2011-11-28 11:00:00.0000000,326,63,At Risk - Repeat Customer
17990,3,2010-12-13 12:10:00.0000000,2011-04-17 11:44:00.0000000,361,63,At Risk - Repeat Customer
17991,2,2011-04-27 16:39:00.0000000,2011-04-28 15:58:00.0000000,226,63,At Risk - Repeat Customer
17994,6,2011-02-22 11:02:00.0000000,2011-08-10 11:43:00.0000000,290,63,At Risk - Repeat Customer
17995,1,2011-03-03 12:30:00.0000000,2011-03-03 12:30:00.0000000,281,63,At Risk - First_Customer
17997,12,2011-06-28 17:28:00.0000000,2011-09-26 16:13:00.0000000,164,63,At Risk - Repeat Customer
17999,2,2010-12-08 15:17:00.0000000,2011-11-02 15:56:00.0000000,366,63,At Risk - Repeat Customer
18001,2,2011-09-14 11:21:00.0000000,2011-11-27 16:02:00.0000000,86,63,At Risk - Repeat Customer
18004,1,2010-12-12 13:47:00.0000000,2010-12-12 13:47:00.0000000,362,63,At Risk - First_Customer
18005,2,2011-10-23 14:40:00.0000000,2011-12-06 11:51:00.0000000,47,63,Healthy
18006,1,2011-11-16 16:52:00.0000000,2011-11-16 16:52:00.0000000,23,63,Grace Period
18008,9,2011-01-25 12:26:00.0000000,2011-09-30 15:17:00.0000000,318,63,At Risk - Repeat Customer
18009,2,2011-04-18 13:36:00.0000000,2011-04-18 13:52:00.0000000,235,63,At Risk - Repeat Customer
18010,1,2011-03-28 12:27:00.0000000,2011-03-28 12:27:00.0000000,256,63,At Risk - First_Customer
18011,1,2010-12-01 17:35:00.0000000,2010-12-01 17:35:00.0000000,373,63,At Risk - First_Customer
18013,2,2011-07-07 14:08:00.0000000,2011-07-07 14:11:00.0000000,155,63,At Risk - Repeat Customer
18014,1,2011-11-11 15:28:00.0000000,2011-11-11 15:28:00.0000000,28,63,Grace Period
18015,1,2011-12-05 14:49:00.0000000,2011-12-05 14:49:00.0000000,4,63,Grace Period
18016,5,2010-12-10 17:14:00.0000000,2011-11-07 13:25:00.0000000,364,63,At Risk - Repeat Customer
18017,3,2011-02-02 13:57:00.0000000,2011-09-19 16:15:00.0000000,310,63,At Risk - Repeat Customer
18018,2,2011-05-24 13:22:00.0000000,2011-08-23 17:37:00.0000000,199,63,At Risk - Repeat Customer
18019,1,2011-10-19 12:10:00.0000000,2011-10-19 12:10:00.0000000,51,63,Grace Period
18022,1,2011-11-04 12:45:00.0000000,2011-11-04 12:45:00.0000000,35,63,Grace Period
18024,3,2011-07-10 12:28:00.0000000,2011-07-10 12:40:00.0000000,152,63,At Risk - Repeat Customer
18027,1,2011-09-02 10:38:00.0000000,2011-09-02 10:38:00.0000000,98,63,At Risk - First_Customer
18030,3,2011-10-28 13:55:00.0000000,2011-12-05 16:37:00.0000000,42,63,Healthy
18032,1,2011-01-09 15:32:00.0000000,2011-01-09 15:32:00.0000000,334,63,At Risk - First_Customer
18033,1,2011-10-05 17:28:00.0000000,2011-10-05 17:28:00.0000000,65,63,At Risk - First_Customer
18034,2,2011-11-18 12:08:00.0000000,2011-11-18 12:22:00.0000000,21,63,Healthy
18035,3,2011-10-27 17:48:00.0000000,2011-11-04 12:39:00.0000000,43,63,Healthy
18036,3,2011-04-08 11:26:00.0000000,2011-11-07 14:40:00.0000000,245,63,At Risk - Repeat Customer
18037,6,2010-12-12 16:20:00.0000000,2011-07-08 13:39:00.0000000,362,63,At Risk - Repeat Customer
18040,2,2011-04-08 08:27:00.0000000,2011-11-20 14:20:00.0000000,245,63,At Risk - Repeat Customer
18041,22,2010-12-02 11:21:00.0000000,2011-11-28 11:39:00.0000000,372,63,At Risk - Repeat Customer
18042,1,2011-10-17 11:49:00.0000000,2011-10-17 11:49:00.0000000,53,63,Grace Period
18043,3,2010-12-08 12:35:00.0000000,2011-11-15 12:48:00.0000000,366,63,At Risk - Repeat Customer
18044,11,2010-12-14 12:25:00.0000000,2011-12-05 14:26:00.0000000,360,63,At Risk - Repeat Customer
18045,1,2011-10-25 13:07:00.0000000,2011-10-25 13:07:00.0000000,45,63,Grace Period
18048,2,2011-05-20 14:54:00.0000000,2011-05-20 14:58:00.0000000,203,63,At Risk - Repeat Customer
18050,1,2010-12-15 14:25:00.0000000,2010-12-15 14:25:00.0000000,359,63,At Risk - First_Customer
18053,2,2011-09-30 09:05:00.0000000,2011-10-04 17:31:00.0000000,70,63,At Risk - Repeat Customer
18055,11,2010-12-05 10:52:00.0000000,2011-12-02 14:25:00.0000000,369,63,At Risk - Repeat Customer
18056,1,2011-02-24 14:27:00.0000000,2011-02-24 14:27:00.0000000,288,63,At Risk - First_Customer
18058,1,2011-11-30 08:38:00.0000000,2011-11-30 08:38:00.0000000,9,63,Grace Period
18059,4,2011-10-03 09:30:00.0000000,2011-11-30 17:02:00.0000000,67,63,At Risk - Repeat Customer
18061,10,2010-12-08 13:03:00.0000000,2011-11-18 11:20:00.0000000,366,63,At Risk - Repeat Customer
18062,3,2011-01-06 10:03:00.0000000,2011-06-19 14:47:00.0000000,337,63,At Risk - Repeat Customer
18064,2,2011-04-18 15:08:00.0000000,2011-07-29 16:39:00.0000000,235,63,At Risk - Repeat Customer
18065,12,2010-12-10 12:44:00.0000000,2011-12-04 10:30:00.0000000,364,63,At Risk - Repeat Customer
18066,1,2011-09-25 15:30:00.0000000,2011-09-25 15:30:00.0000000,75,63,At Risk - First_Customer
18067,1,2011-10-30 15:58:00.0000000,2011-10-30 15:58:00.0000000,40,63,Grace Period
18068,1,2011-02-23 14:50:00.0000000,2011-02-23 14:50:00.0000000,289,63,At Risk - First_Customer
18069,7,2011-01-16 14:48:00.0000000,2011-11-13 16:05:00.0000000,327,63,At Risk - Repeat Customer
18071,2,2010-12-09 10:33:00.0000000,2011-03-27 11:59:00.0000000,365,63,At Risk - Repeat Customer
18072,2,2011-06-07 10:44:00.0000000,2011-07-07 17:22:00.0000000,185,63,At Risk - Repeat Customer
18073,13,2011-05-26 19:38:00.0000000,2011-08-17 14:02:00.0000000,197,63,At Risk - Repeat Customer
18074,1,2010-12-01 09:53:00.0000000,2010-12-01 09:53:00.0000000,373,63,At Risk - First_Customer
18075,14,2010-12-14 10:48:00.0000000,2011-11-16 15:21:00.0000000,360,63,At Risk - Repeat Customer
18077,11,2010-12-08 10:21:00.0000000,2011-12-01 13:32:00.0000000,366,63,At Risk - Repeat Customer
18078,2,2011-03-25 15:08:00.0000000,2011-05-06 14:32:00.0000000,259,63,At Risk - Repeat Customer
18079,4,2011-04-15 12:14:00.0000000,2011-10-25 15:27:00.0000000,238,63,At Risk - Repeat Customer
18080,2,2011-04-11 10:10:00.0000000,2011-11-21 08:02:00.0000000,242,63,At Risk - Repeat Customer
18081,3,2011-07-29 11:56:00.0000000,2011-11-03 16:30:00.0000000,133,63,At Risk - Repeat Customer
18082,1,2011-11-14 12:45:00.0000000,2011-11-14 12:45:00.0000000,25,63,Grace Period
18084,2,2011-02-11 16:30:00.0000000,2011-11-23 13:57:00.0000000,301,63,At Risk - Repeat Customer
18085,2,2010-12-01 12:08:00.0000000,2011-01-13 15:17:00.0000000,373,63,At Risk - Repeat Customer
18086,1,2011-03-10 13:34:00.0000000,2011-03-10 13:34:00.0000000,274,63,At Risk - First_Customer
18087,4,2011-02-11 11:24:00.0000000,2011-09-02 15:12:00.0000000,301,63,At Risk - Repeat Customer
18088,1,2011-10-09 13:41:00.0000000,2011-10-09 13:41:00.0000000,61,63,Grace Period
18092,12,2010-12-09 10:00:00.0000000,2011-12-07 13:14:00.0000000,365,63,At Risk - Repeat Customer
18093,5,2011-02-10 12:15:00.0000000,2011-09-07 15:43:00.0000000,302,63,At Risk - Repeat Customer
18094,7,2011-02-21 08:50:00.0000000,2011-09-19 09:28:00.0000000,291,63,At Risk - Repeat Customer
18095,2,2011-01-11 12:37:00.0000000,2011-01-31 12:50:00.0000000,332,63,At Risk - Repeat Customer
18096,3,2011-10-07 11:55:00.0000000,2011-11-28 12:44:00.0000000,63,63,Approaching At-Risk - Repeat Customer
18097,7,2010-12-20 14:49:00.0000000,2011-12-02 11:16:00.0000000,354,63,At Risk - Repeat Customer
18099,1,2011-08-04 15:52:00.0000000,2011-08-04 15:52:00.0000000,127,63,At Risk - First_Customer
18101,2,2011-07-19 13:05:00.0000000,2011-11-28 13:37:00.0000000,143,63,At Risk - Repeat Customer
18102,57,2010-12-07 16:42:00.0000000,2011-12-09 11:50:00.0000000,367,63,At Risk - Repeat Customer
18104,1,2011-11-02 14:07:00.0000000,2011-11-02 14:07:00.0000000,37,63,Grace Period
18105,1,2011-11-02 12:04:00.0000000,2011-11-02 12:04:00.0000000,37,63,Grace Period
18106,1,2011-01-14 12:23:00.0000000,2011-01-14 12:23:00.0000000,329,63,At Risk - First_Customer
18108,2,2011-03-30 13:56:00.0000000,2011-04-05 08:25:00.0000000,254,63,At Risk - Repeat Customer
18109,31,2010-12-05 10:58:00.0000000,2011-12-08 11:36:00.0000000,369,63,At Risk - Repeat Customer
18110,2,2011-11-20 12:34:00.0000000,2011-11-20 12:59:00.0000000,19,63,Healthy
18112,2,2011-06-26 13:56:00.0000000,2011-11-27 14:43:00.0000000,166,63,At Risk - Repeat Customer
18113,1,2010-12-06 12:31:00.0000000,2010-12-06 12:31:00.0000000,368,63,At Risk - First_Customer
18114,1,2011-02-22 13:20:00.0000000,2011-02-22 13:20:00.0000000,290,63,At Risk - First_Customer
18116,8,2010-12-10 12:14:00.0000000,2011-10-03 11:00:00.0000000,364,63,At Risk - Repeat Customer
18117,1,2011-11-14 12:47:00.0000000,2011-11-14 12:47:00.0000000,25,63,Grace Period
18118,31,2010-12-05 12:13:00.0000000,2011-11-29 11:32:00.0000000,369,63,At Risk - Repeat Customer
18119,1,2010-12-07 11:59:00.0000000,2010-12-07 11:59:00.0000000,367,63,At Risk - First_Customer
18120,1,2011-05-09 13:45:00.0000000,2011-05-09 13:45:00.0000000,214,63,At Risk - First_Customer
18121,2,2011-07-08 12:14:00.0000000,2011-07-13 12:53:00.0000000,154,63,At Risk - Repeat Customer
18122,6,2011-07-12 11:37:00.0000000,2011-12-01 13:08:00.0000000,150,63,At Risk - Repeat Customer
18123,2,2011-11-08 13:31:00.0000000,2011-11-15 14:23:00.0000000,31,63,Healthy
18125,5,2011-01-27 15:02:00.0000000,2011-11-10 12:29:00.0000000,316,63,At Risk - Repeat Customer
18126,1,2011-10-10 12:19:00.0000000,2011-10-10 12:19:00.0000000,60,63,Grace Period
18127,3,2011-07-29 10:06:00.0000000,2011-11-20 14:05:00.0000000,133,63,At Risk - Repeat Customer
18129,1,2011-04-10 14:16:00.0000000,2011-04-10 14:16:00.0000000,243,63,At Risk - First_Customer
18130,4,2011-10-13 15:58:00.0000000,2011-12-01 08:41:00.0000000,57,63,Approaching At-Risk - Repeat Customer
18133,2,2011-05-11 14:14:00.0000000,2011-05-12 15:19:00.0000000,212,63,At Risk - Repeat Customer
18135,5,2011-06-02 14:04:00.0000000,2011-11-10 19:32:00.0000000,190,63,At Risk - Repeat Customer
18136,4,2011-01-24 12:08:00.0000000,2011-10-07 15:40:00.0000000,319,63,At Risk - Repeat Customer
18138,1,2011-02-17 14:51:00.0000000,2011-02-17 14:51:00.0000000,295,63,At Risk - First_Customer
18139,8,2011-11-21 14:06:00.0000000,2011-11-22 16:18:00.0000000,18,63,Healthy
18141,1,2010-12-14 11:09:00.0000000,2010-12-14 11:09:00.0000000,360,63,At Risk - First_Customer
18142,4,2011-05-08 12:31:00.0000000,2011-07-11 13:34:00.0000000,215,63,At Risk - Repeat Customer
18143,2,2011-07-21 10:44:00.0000000,2011-08-15 12:07:00.0000000,141,63,At Risk - Repeat Customer
18144,12,2010-12-01 13:45:00.0000000,2011-12-02 12:46:00.0000000,373,63,At Risk - Repeat Customer
18145,4,2011-01-31 12:10:00.0000000,2011-11-27 11:22:00.0000000,312,63,At Risk - Repeat Customer
18146,2,2011-05-03 16:35:00.0000000,2011-07-22 12:08:00.0000000,220,63,At Risk - Repeat Customer
18147,2,2011-08-23 12:22:00.0000000,2011-10-25 11:46:00.0000000,108,63,At Risk - Repeat Customer
18149,3,2011-03-11 12:44:00.0000000,2011-10-20 12:04:00.0000000,273,63,At Risk - Repeat Customer
18150,3,2011-05-22 10:47:00.0000000,2011-11-07 16:49:00.0000000,201,63,At Risk - Repeat Customer
18151,2,2011-02-23 08:29:00.0000000,2011-07-28 11:35:00.0000000,289,63,At Risk - Repeat Customer
18154,2,2011-10-27 10:40:00.0000000,2011-12-06 16:41:00.0000000,43,63,Healthy
18155,4,2011-02-21 10:36:00.0000000,2011-09-25 13:32:00.0000000,291,63,At Risk - Repeat Customer
18156,2,2010-12-05 12:29:00.0000000,2011-11-27 12:24:00.0000000,369,63,At Risk - Repeat Customer
18158,3,2011-09-12 09:03:00.0000000,2011-11-30 16:19:00.0000000,88,63,At Risk - Repeat Customer
18159,1,2011-02-11 14:26:00.0000000,2011-02-11 14:26:00.0000000,301,63,At Risk - First_Customer
18160,2,2011-05-23 13:41:00.0000000,2011-10-13 15:50:00.0000000,200,63,At Risk - Repeat Customer
18161,6,2011-01-24 11:56:00.0000000,2011-11-29 15:38:00.0000000,319,63,At Risk - Repeat Customer
18164,2,2011-11-02 12:56:00.0000000,2011-11-08 17:49:00.0000000,37,63,Healthy
18165,1,2011-06-15 13:23:00.0000000,2011-06-15 13:23:00.0000000,177,63,At Risk - First_Customer
18167,6,2011-08-26 11:40:00.0000000,2011-12-06 09:49:00.0000000,105,63,At Risk - Repeat Customer
18168,8,2010-12-02 17:14:00.0000000,2011-06-16 19:21:00.0000000,372,63,At Risk - Repeat Customer
18169,1,2011-10-10 12:18:00.0000000,2011-10-10 12:18:00.0000000,60,63,Grace Period
18170,3,2011-05-06 15:13:00.0000000,2011-11-06 14:35:00.0000000,217,63,At Risk - Repeat Customer
18171,7,2011-01-10 09:55:00.0000000,2011-10-12 09:13:00.0000000,333,63,At Risk - Repeat Customer
18172,22,2011-02-18 16:52:00.0000000,2011-11-25 11:12:00.0000000,294,63,At Risk - Repeat Customer
18173,4,2011-03-10 11:56:00.0000000,2011-09-14 11:26:00.0000000,274,63,At Risk - Repeat Customer
18174,1,2011-12-02 16:56:00.0000000,2011-12-02 16:56:00.0000000,7,63,Grace Period
18176,2,2010-12-16 15:45:00.0000000,2010-12-21 12:33:00.0000000,358,63,At Risk - Repeat Customer
18177,6,2011-03-29 08:46:00.0000000,2011-11-08 14:44:00.0000000,255,63,At Risk - Repeat Customer
18178,6,2010-12-10 12:42:00.0000000,2011-08-18 06:34:00.0000000,364,63,At Risk - Repeat Customer
18179,6,2011-01-07 14:22:00.0000000,2011-11-30 16:23:00.0000000,336,63,At Risk - Repeat Customer
18180,6,2011-07-20 08:59:00.0000000,2011-12-05 08:39:00.0000000,142,63,At Risk - Repeat Customer
18181,1,2011-11-15 15:08:00.0000000,2011-11-15 15:08:00.0000000,24,63,Grace Period
18183,6,2011-03-10 10:08:00.0000000,2011-05-05 17:47:00.0000000,274,63,At Risk - Repeat Customer
18184,1,2011-11-24 15:28:00.0000000,2011-11-24 15:28:00.0000000,15,63,Grace Period
18185,1,2011-04-04 13:42:00.0000000,2011-04-04 13:42:00.0000000,249,63,At Risk - First_Customer
18188,4,2011-02-22 14:43:00.0000000,2011-11-24 16:46:00.0000000,290,63,At Risk - Repeat Customer
18189,3,2011-03-17 09:49:00.0000000,2011-09-23 12:40:00.0000000,267,63,At Risk - Repeat Customer
18190,3,2011-01-13 10:35:00.0000000,2011-05-31 14:48:00.0000000,330,63,At Risk - Repeat Customer
18191,1,2011-03-23 12:08:00.0000000,2011-03-23 12:08:00.0000000,261,63,At Risk - First_Customer
18192,1,2011-09-29 09:53:00.0000000,2011-09-29 09:53:00.0000000,71,63,At Risk - First_Customer
18193,3,2010-12-08 14:20:00.0000000,2011-07-12 10:56:00.0000000,366,63,At Risk - Repeat Customer
18194,2,2011-09-18 13:29:00.0000000,2011-10-06 19:54:00.0000000,82,63,At Risk - Repeat Customer
18196,2,2011-02-22 16:13:00.0000000,2011-09-05 16:22:00.0000000,290,63,At Risk - Repeat Customer
18198,21,2011-01-07 13:39:00.0000000,2011-12-05 14:49:00.0000000,336,63,At Risk - Repeat Customer
18200,1,2011-08-25 18:45:00.0000000,2011-08-25 18:45:00.0000000,106,63,At Risk - First_Customer
18202,3,2011-02-01 13:36:00.0000000,2011-05-24 12:12:00.0000000,311,63,At Risk - Repeat Customer
18203,1,2011-07-05 13:07:00.0000000,2011-07-05 13:07:00.0000000,157,63,At Risk - First_Customer
18204,4,2011-05-31 15:26:00.0000000,2011-09-29 16:44:00.0000000,192,63,At Risk - Repeat Customer
18205,2,2011-09-26 12:02:00.0000000,2011-11-03 13:22:00.0000000,74,63,At Risk - Repeat Customer
18209,1,2011-11-11 12:07:00.0000000,2011-11-11 12:07:00.0000000,28,63,Grace Period
18210,6,2011-03-17 16:58:00.0000000,2011-12-08 11:02:00.0000000,267,63,At Risk - Repeat Customer
18211,5,2011-03-06 12:09:00.0000000,2011-11-14 08:10:00.0000000,278,63,At Risk - Repeat Customer
18212,1,2011-01-17 16:14:00.0000000,2011-01-17 16:14:00.0000000,326,63,At Risk - First_Customer
18213,1,2011-04-17 10:21:00.0000000,2011-04-17 10:21:00.0000000,236,63,At Risk - First_Customer
18215,1,2011-09-11 16:05:00.0000000,2011-09-11 16:05:00.0000000,89,63,At Risk - First_Customer
18216,1,2011-11-08 16:55:00.0000000,2011-11-08 16:55:00.0000000,31,63,Grace Period
18217,2,2011-09-30 10:44:00.0000000,2011-11-10 13:18:00.0000000,70,63,At Risk - Repeat Customer
18218,4,2011-03-03 12:24:00.0000000,2011-05-17 14:16:00.0000000,281,63,At Risk - Repeat Customer
18219,11,2010-12-06 10:05:00.0000000,2011-12-07 11:43:00.0000000,368,63,At Risk - Repeat Customer
18220,2,2011-04-27 09:03:00.0000000,2011-05-04 11:23:00.0000000,226,63,At Risk - Repeat Customer
18221,6,2011-05-12 14:13:00.0000000,2011-11-17 14:40:00.0000000,211,63,At Risk - Repeat Customer
18222,1,2011-09-08 10:45:00.0000000,2011-09-08 10:45:00.0000000,92,63,At Risk - First_Customer
18223,27,2010-12-16 16:42:00.0000000,2011-12-08 11:51:00.0000000,358,63,At Risk - Repeat Customer
18224,1,2011-03-21 10:30:00.0000000,2011-03-21 10:30:00.0000000,263,63,At Risk - First_Customer
18225,17,2010-12-03 10:11:00.0000000,2011-12-06 13:27:00.0000000,371,63,At Risk - Repeat Customer
18226,14,2011-01-06 09:00:00.0000000,2011-11-01 09:57:00.0000000,337,63,At Risk - Repeat Customer
18227,1,2011-05-06 12:23:00.0000000,2011-05-06 12:23:00.0000000,217,63,At Risk - First_Customer
18228,3,2011-09-21 10:48:00.0000000,2011-10-20 19:21:00.0000000,79,63,At Risk - Repeat Customer
18229,20,2010-12-01 16:25:00.0000000,2011-11-28 09:48:00.0000000,373,63,At Risk - Repeat Customer
18230,10,2010-12-09 14:47:00.0000000,2011-11-30 13:22:00.0000000,365,63,At Risk - Repeat Customer
18231,6,2011-02-24 09:08:00.0000000,2011-05-31 14:18:00.0000000,288,63,At Risk - Repeat Customer
18232,5,2011-05-26 16:30:00.0000000,2011-09-19 11:49:00.0000000,197,63,At Risk - Repeat Customer
18233,1,2011-01-18 08:44:00.0000000,2011-01-18 08:44:00.0000000,325,63,At Risk - First_Customer
18235,3,2011-05-06 13:35:00.0000000,2011-09-29 08:27:00.0000000,217,63,At Risk - Repeat Customer
18236,6,2011-04-13 09:52:00.0000000,2011-11-10 08:06:00.0000000,240,63,At Risk - Repeat Customer
18237,5,2011-07-28 13:05:00.0000000,2011-12-07 12:49:00.0000000,134,63,At Risk - Repeat Customer
18239,5,2010-12-02 17:48:00.0000000,2011-05-05 12:38:00.0000000,372,63,At Risk - Repeat Customer
18240,1,2011-10-24 13:06:00.0000000,2011-10-24 13:06:00.0000000,46,63,Grace Period
18241,18,2011-05-06 09:22:00.0000000,2011-11-30 12:10:00.0000000,217,63,At Risk - Repeat Customer
18242,4,2011-05-10 11:20:00.0000000,2011-09-28 13:43:00.0000000,213,63,At Risk - Repeat Customer
18245,8,2010-12-19 14:58:00.0000000,2011-12-02 14:48:00.0000000,355,63,At Risk - Repeat Customer
18246,2,2011-04-20 13:55:00.0000000,2011-11-16 11:49:00.0000000,233,63,At Risk - Repeat Customer
18248,4,2011-06-06 13:18:00.0000000,2011-08-18 06:14:00.0000000,186,63,At Risk - Repeat Customer
18249,1,2011-11-22 15:07:00.0000000,2011-11-22 15:07:00.0000000,17,63,Grace Period
18250,2,2011-02-02 13:16:00.0000000,2011-02-11 13:59:00.0000000,310,63,At Risk - Repeat Customer
18251,1,2011-09-13 15:03:00.0000000,2011-09-13 15:03:00.0000000,87,63,At Risk - First_Customer
18252,2,2011-06-21 11:47:00.0000000,2011-10-20 12:43:00.0000000,171,63,At Risk - Repeat Customer
18255,1,2011-09-11 13:16:00.0000000,2011-09-11 13:16:00.0000000,89,63,At Risk - First_Customer
18256,1,2010-12-20 08:27:00.0000000,2010-12-20 08:27:00.0000000,354,63,At Risk - First_Customer
18257,12,2011-02-16 15:13:00.0000000,2011-10-31 14:48:00.0000000,296,63,At Risk - Repeat Customer
18259,3,2010-12-08 13:38:00.0000000,2011-11-15 12:34:00.0000000,366,63,At Risk - Repeat Customer
18260,8,2010-12-16 18:23:00.0000000,2011-06-20 12:37:00.0000000,358,63,At Risk - Repeat Customer
18261,2,2011-09-05 09:34:00.0000000,2011-10-27 15:36:00.0000000,95,63,At Risk - Repeat Customer
18262,1,2011-07-22 16:04:00.0000000,2011-07-22 16:04:00.0000000,140,63,At Risk - First_Customer
18263,4,2011-04-01 11:48:00.0000000,2011-11-16 16:19:00.0000000,252,63,At Risk - Repeat Customer
18265,2,2011-07-04 15:26:00.0000000,2011-09-28 14:10:00.0000000,158,63,At Risk - Repeat Customer
18268,2,2011-07-28 11:16:00.0000000,2011-07-28 19:13:00.0000000,134,63,At Risk - Repeat Customer
18269,2,2010-12-08 13:53:00.0000000,2010-12-16 15:39:00.0000000,366,63,At Risk - Repeat Customer
18270,3,2011-03-18 12:41:00.0000000,2011-11-01 13:57:00.0000000,266,63,At Risk - Repeat Customer
18272,7,2011-04-07 09:35:00.0000000,2011-12-07 12:43:00.0000000,246,63,At Risk - Repeat Customer
18273,3,2011-03-27 11:22:00.0000000,2011-12-07 13:16:00.0000000,257,63,At Risk - Repeat Customer
18274,2,2011-11-09 17:03:00.0000000,2011-11-22 10:18:00.0000000,30,63,Healthy
18276,3,2011-10-27 10:54:00.0000000,2011-11-18 17:01:00.0000000,43,63,Healthy
18277,2,2011-01-25 12:34:00.0000000,2011-10-12 15:22:00.0000000,318,63,At Risk - Repeat Customer
18278,1,2011-09-27 11:58:00.0000000,2011-09-27 11:58:00.0000000,73,63,At Risk - First_Customer
18280,1,2011-03-07 09:52:00.0000000,2011-03-07 09:52:00.0000000,277,63,At Risk - First_Customer
18281,1,2011-06-12 10:53:00.0000000,2011-06-12 10:53:00.0000000,180,63,At Risk - First_Customer
18282,3,2011-08-05 13:35:00.0000000,2011-12-02 11:43:00.0000000,126,63,At Risk - Repeat Customer
18283,16,2011-01-06 14:14:00.0000000,2011-12-06 12:02:00.0000000,337,63,At Risk - Repeat Customer
18287,3,2011-05-22 10:39:00.0000000,2011-10-28 09:29:00.0000000,201,63,At Risk - Repeat Customer
