CustomerID,Days_From_Last,Num_orders,Ln_Num_Orders,Total_Revenue,R,F,M,RFM,Segment
12346,326,1,0.693147181,77183.6,1,1,4,114,Lost
12347,3,7,2.079441542,3042.58,4,4,4,444,Champions
12348,76,4,1.609437912,1399.8,2,3,4,234,At-Risk High Value
12349,19,1,0.693147181,1149.44,3,1,4,314,Promising
12350,311,1,0.693147181,174.2,1,1,1,111,Lost
12352,37,7,2.079441542,2146.54,3,4,4,344,Loyalist
12353,205,1,0.693147181,89,1,1,1,111,Lost
12354,233,1,0.693147181,548.72,1,1,3,113,Lost
12355,215,1,0.693147181,347.5,1,1,2,112,Lost
12356,23,3,1.386294361,2148.27,3,3,4,334,Potential Loyalist
12357,34,1,0.693147181,3357.56,3,1,4,314,Promising
12358,2,2,1.098612289,635.38,4,2,3,423,Promising
12359,58,4,1.609437912,3683.65,2,3,4,234,At-Risk High Value
12360,53,3,1.386294361,1535.39,2,3,4,234,At-Risk High Value
12361,288,1,0.693147181,92.4,1,1,1,111,Lost
12362,4,10,2.397895273,3075.57,4,4,4,444,Champions
12363,110,2,1.098612289,242.64,2,2,2,222,Lost
12364,8,4,1.609437912,623.03,4,3,3,433,Promising
12365,292,1,0.693147181,447.73,1,1,2,112,Lost
12367,5,1,0.693147181,98.1,4,1,1,411,New Customers
12370,52,4,1.609437912,2454.84,2,3,4,234,At-Risk High Value
12371,45,2,1.098612289,1225.38,3,2,4,324,Potential Loyalist
12372,72,3,1.386294361,714.7,2,3,3,233,At-Risk High Value
12373,312,1,0.693147181,255.4,1,1,2,112,Lost
12374,26,1,0.693147181,579.32,3,1,3,313,Need Attention
12375,11,2,1.098612289,315.7,4,2,2,422,Promising
12377,316,2,1.098612289,939.14,1,2,3,123,At-Risk High Value
12378,130,1,0.693147181,1500.86,2,1,4,214,At-Risk High Value
12379,82,2,1.098612289,531.64,2,2,3,223,At-Risk High Value
12380,22,4,1.609437912,1910.86,3,3,4,334,Potential Loyalist
12381,5,5,1.791759469,1285.25,4,4,4,444,Champions
12383,185,5,1.791759469,1140.58,1,4,3,143,At-Risk High Value
12384,29,2,1.098612289,451.92,3,2,2,322,Need Attention
12386,338,2,1.098612289,352.1,1,2,2,122,Lost
12388,16,6,1.945910149,2150.98,4,4,4,444,Champions
12390,80,1,0.693147181,276.23,2,1,2,212,Lost
12391,22,1,0.693147181,222.23,3,1,2,312,Need Attention
12393,73,4,1.609437912,998.55,2,3,3,233,At-Risk High Value
12394,64,2,1.098612289,1109.36,2,2,3,223,At-Risk High Value
12395,20,11,2.48490665,2097.79,3,4,4,344,Loyalist
12397,36,2,1.098612289,1306.32,3,2,4,324,Potential Loyalist
12398,46,1,0.693147181,817.36,3,1,3,313,Need Attention
12399,120,4,1.609437912,629.47,2,3,3,233,At-Risk High Value
12401,304,1,0.693147181,69.3,1,1,1,111,Lost
12402,324,1,0.693147181,147.6,1,1,1,111,Lost
12403,50,1,0.693147181,427.7,3,1,2,312,Need Attention
12405,149,1,0.693147181,1164.01,1,1,4,114,Lost
12406,23,2,1.098612289,2091.62,3,2,4,324,Potential Loyalist
12407,50,5,1.791759469,1429.69,3,4,4,344,Loyalist
12408,33,4,1.609437912,1891.81,3,3,4,334,Potential Loyalist
12409,79,3,1.386294361,8229.55,2,3,4,234,At-Risk High Value
12410,309,1,0.693147181,472.23,1,1,2,112,Lost
12412,75,3,1.386294361,912.21,2,3,3,233,At-Risk High Value
12413,67,3,1.386294361,637.05,2,3,3,233,At-Risk High Value
12414,218,3,1.386294361,522.81,1,3,3,133,At-Risk High Value
12415,25,16,2.833213344,85129.35,3,4,4,344,Loyalist
12417,4,9,2.302585093,2982.4,4,4,4,444,Champions
12418,113,1,0.693147181,435.19,2,1,2,212,Lost
12420,64,1,0.693147181,424.04,2,1,2,212,Lost
12421,16,4,1.609437912,721.48,4,3,3,433,Promising
12422,96,3,1.386294361,494.76,2,3,3,233,At-Risk High Value
12423,1,8,2.197224577,1313.1,4,4,4,444,Champions
12424,163,1,0.693147181,1483.7,1,1,4,114,Lost
12425,79,1,0.693147181,457.95,2,1,2,212,Lost
12426,195,1,0.693147181,350.23,1,1,2,112,Lost
12427,22,3,1.386294361,720.5,3,3,3,333,Potential Loyalist
12428,26,7,2.079441542,5210.57,3,4,4,344,Loyalist
12429,10,4,1.609437912,2800.18,4,3,4,434,Promising
12430,44,1,0.693147181,246.44,3,1,2,312,Need Attention
12431,36,14,2.708050201,5076.52,3,4,4,344,Loyalist
12432,43,3,1.386294361,3493.36,3,3,4,334,Potential Loyalist
12433,1,6,1.945910149,8809.6,4,4,4,444,Champions
12434,85,2,1.098612289,501.93,2,2,3,223,At-Risk High Value
12435,80,2,1.098612289,4660.49,2,2,4,224,At-Risk High Value
12436,100,1,0.693147181,332.88,2,1,2,212,Lost
12437,2,15,2.772588722,4107.16,4,4,4,444,Champions
12438,15,2,1.098612289,2150.7,4,2,4,424,Promising
12441,367,1,0.693147181,84.45,1,1,1,111,Lost
12442,4,1,0.693147181,135.64,4,1,1,411,New Customers
12444,22,5,1.791759469,3451.34,3,4,4,344,Loyalist
12445,23,1,0.693147181,103.4,3,1,1,311,Need Attention
12446,58,1,0.693147181,538.04,2,1,3,213,At-Risk High Value
12447,244,1,0.693147181,251.37,1,1,2,112,Lost
12448,45,1,0.693147181,407.57,3,1,2,312,Need Attention
12449,23,4,1.609437912,2267.53,3,3,4,334,Potential Loyalist
12450,157,2,1.098612289,172.92,1,2,1,121,Lost
12451,11,5,1.791759469,5766.07,4,4,4,444,Champions
12452,17,1,0.693147181,341.67,4,1,2,412,New Customers
12453,135,1,0.693147181,340.04,2,1,2,212,Lost
12454,57,1,0.693147181,2774.02,2,1,4,214,At-Risk High Value
12455,74,6,1.945910149,1615.37,2,4,4,244,At-Risk High Value
12456,45,3,1.386294361,2219.22,3,3,4,334,Potential Loyalist
12457,67,7,2.079441542,1870.24,2,4,4,244,At-Risk High Value
12458,72,2,1.098612289,788.73,2,2,3,223,At-Risk High Value
12461,95,2,1.098612289,438,2,2,2,222,Lost
12462,19,2,1.098612289,680.03,3,2,3,323,Potential Loyalist
12463,54,4,1.609437912,976.84,2,3,3,233,At-Risk High Value
12464,11,7,2.079441542,947.8,4,4,3,443,Loyalist
12465,18,2,1.098612289,471.99,4,2,2,422,Promising
12468,188,2,1.098612289,606.64,1,2,3,123,At-Risk High Value
12471,3,20,3.044522438,17142.47,4,4,4,444,Champions
12472,33,7,2.079441542,3777.19,3,4,4,344,Loyalist
12473,30,4,1.609437912,2816.42,3,3,4,334,Potential Loyalist
12474,18,17,2.890371758,4605.39,4,4,4,444,Champions
12475,54,1,0.693147181,537.68,2,1,3,213,At-Risk High Value
12476,16,10,2.397895273,5075.69,4,4,4,444,Champions
12477,23,6,1.945910149,10023.86,3,4,4,344,Loyalist
12478,4,1,0.693147181,415.62,4,1,2,412,New Customers
12479,12,1,0.693147181,310.6,4,1,2,412,New Customers
12480,29,4,1.609437912,2205.3,3,3,4,334,Potential Loyalist
12481,23,8,2.197224577,3991.48,3,4,4,344,Loyalist
12483,18,8,2.197224577,2247,4,4,4,444,Champions
12484,33,6,1.945910149,2913.31,3,4,4,344,Loyalist
12488,10,3,1.386294361,883.86,4,3,3,433,Promising
12489,337,1,0.693147181,334.93,1,1,2,112,Lost
12490,6,10,2.397895273,3644.19,4,4,4,444,Champions
12491,39,1,0.693147181,315.35,3,1,2,312,Need Attention
12492,64,2,1.098612289,211.93,2,2,1,221,Lost
12493,166,2,1.098612289,260.14,1,2,2,122,Lost
12494,16,7,2.079441542,856.41,4,4,3,443,Loyalist
12497,82,1,0.693147181,561.6,2,1,3,213,At-Risk High Value
12498,22,2,1.098612289,265.05,3,2,2,322,Need Attention
12500,24,10,2.397895273,2774.46,3,4,4,344,Loyalist
12501,337,1,0.693147181,690.27,1,1,3,113,Lost
12502,96,5,1.791759469,2870.02,2,4,4,244,At-Risk High Value
12504,19,2,1.098612289,340.1,3,2,2,322,Need Attention
12506,233,1,0.693147181,42.2,1,1,1,111,Lost
12507,135,3,1.386294361,1029.89,2,3,3,233,At-Risk High Value
12508,27,2,1.098612289,265.36,3,2,2,322,Need Attention
12509,285,1,0.693147181,110,1,1,1,111,Lost
12510,143,2,1.098612289,661.67,1,2,3,123,At-Risk High Value
12512,67,1,0.693147181,91.42,2,1,1,211,Lost
12513,113,1,0.693147181,381.89,2,1,2,212,Lost
12514,268,1,0.693147181,521.78,1,1,3,113,Lost
12515,354,1,0.693147181,303.75,1,1,2,112,Lost
12516,78,2,1.098612289,961.36,2,2,3,223,At-Risk High Value
12517,29,4,1.609437912,1456.28,3,3,4,334,Potential Loyalist
12518,1,5,1.791759469,1315.63,4,4,4,444,Champions
12519,64,1,0.693147181,270.14,2,1,2,212,Lost
12520,80,5,1.791759469,1740.02,2,4,4,244,At-Risk High Value
12521,143,1,0.693147181,324.22,1,1,2,112,Lost
12522,40,2,1.098612289,177.87,3,2,1,321,Need Attention
12523,20,11,2.48490665,1444.44,3,4,4,344,Loyalist
12524,10,8,2.197224577,3165.16,4,4,4,444,Champions
12526,1,3,1.386294361,879.15,4,3,3,433,Promising
12527,82,3,1.386294361,241.91,2,3,2,232,Lost
12528,10,6,1.945910149,1571.14,4,4,4,444,Champions
12530,60,4,1.609437912,1135.64,2,3,3,233,At-Risk High Value
12531,15,1,0.693147181,115.16,4,1,1,411,New Customers
12532,31,1,0.693147181,299.43,3,1,2,312,Need Attention
12534,131,1,0.693147181,596.58,2,1,3,213,At-Risk High Value
12535,92,2,1.098612289,402.95,2,2,2,222,Lost
12536,44,2,1.098612289,9566.96,3,2,4,324,Potential Loyalist
12538,30,1,0.693147181,248.57,3,1,2,312,Need Attention
12539,23,4,1.609437912,2709.25,3,3,4,334,Potential Loyalist
12540,20,17,2.890371758,10093.14,3,4,4,344,Loyalist
12541,30,3,1.386294361,717.33,3,3,3,333,Potential Loyalist
12544,37,1,0.693147181,270.04,3,1,2,312,Need Attention
12545,76,2,1.098612289,591.94,2,2,3,223,At-Risk High Value
12546,47,2,1.098612289,584.28,3,2,3,323,Potential Loyalist
12547,198,2,1.098612289,157.4,1,2,1,121,Lost
12548,167,1,0.693147181,60.4,1,1,1,111,Lost
12550,80,1,0.693147181,552.23,2,1,3,213,At-Risk High Value
12551,358,1,0.693147181,48.5,1,1,1,111,Lost
12552,39,2,1.098612289,324.82,3,2,2,322,Need Attention
12553,9,10,2.397895273,2553.98,4,4,4,444,Champions
12556,51,2,1.098612289,432.2,3,2,2,322,Need Attention
12557,17,5,1.791759469,7286.84,4,4,4,444,Champions
12558,8,1,0.693147181,234.04,4,1,2,412,New Customers
12559,311,2,1.098612289,541.01,1,2,3,123,At-Risk High Value
12560,6,3,1.386294361,1273.59,4,3,4,434,Promising
12561,303,1,0.693147181,161.75,1,1,1,111,Lost
12562,9,7,2.079441542,2424.4,4,4,4,444,Champions
12564,262,1,0.693147181,216,1,1,2,112,Lost
12565,289,1,0.693147181,70.92,1,1,1,111,Lost
12566,87,1,0.693147181,259.35,2,1,2,212,Lost
12567,23,9,2.302585093,5574.95,3,4,4,344,Loyalist
12569,3,26,3.295836866,3436.71,4,4,4,444,Champions
12571,40,2,1.098612289,288.95,3,2,2,322,Need Attention
12572,9,2,1.098612289,695.74,4,2,3,423,Promising
12573,228,1,0.693147181,144.22,1,1,1,111,Lost
12574,316,1,0.693147181,162.15,1,1,1,111,Lost
12576,36,5,1.791759469,813.81,3,4,3,343,Loyalist
12577,36,2,1.098612289,381.28,3,2,2,322,Need Attention
12578,22,2,1.098612289,1571.27,3,2,4,324,Potential Loyalist
12579,79,1,0.693147181,269.57,2,1,2,212,Lost
12580,247,1,0.693147181,184.9,1,1,1,111,Lost
12581,40,1,0.693147181,127.51,3,1,1,311,Need Attention
12582,239,2,1.098612289,403.44,1,2,2,122,Lost
12583,3,15,2.772588722,5704.66,4,4,4,444,Champions
12584,4,9,2.302585093,1884.95,4,4,4,444,Champions
12585,235,2,1.098612289,1328.43,1,2,4,124,At-Risk High Value
12586,18,1,0.693147181,164.39,4,1,1,411,New Customers
12587,8,1,0.693147181,102.4,4,1,1,411,New Customers
12588,40,1,0.693147181,195.1,3,1,1,311,Need Attention
12589,29,2,1.098612289,395.71,3,2,2,322,Need Attention
12590,212,1,0.693147181,5966.06,1,1,4,114,Lost
12591,318,1,0.693147181,318.9,1,1,2,112,Lost
12592,93,2,1.098612289,233.3,2,2,2,222,Lost
12593,109,3,1.386294361,221.9,2,3,2,232,Lost
12594,38,9,2.302585093,2450.36,3,4,4,344,Loyalist
12596,52,2,1.098612289,556.05,2,2,3,223,At-Risk High Value
12597,20,4,1.609437912,2512.77,3,3,4,334,Potential Loyalist
12598,10,7,2.079441542,1962.42,4,4,4,444,Champions
12599,30,7,2.079441542,824.58,3,4,3,343,Loyalist
12600,29,10,2.397895273,2256.99,3,4,4,344,Loyalist
12601,190,5,1.791759469,562.06,1,4,3,143,At-Risk High Value
12602,59,1,0.693147181,87.52,2,1,1,211,Lost
12603,22,1,0.693147181,739.2,3,1,3,313,Need Attention
12604,80,2,1.098612289,158.74,2,2,1,221,Lost
12607,61,1,0.693147181,612.5,2,1,3,213,At-Risk High Value
12609,79,3,1.386294361,841.6,2,3,3,233,At-Risk High Value
12610,23,5,1.791759469,1411.34,3,4,4,344,Loyalist
12611,53,1,0.693147181,649.61,2,1,3,213,At-Risk High Value
12612,75,1,0.693147181,356.04,2,1,2,212,Lost
12613,58,3,1.386294361,1820.67,2,3,4,234,At-Risk High Value
12614,278,1,0.693147181,156.25,1,1,1,111,Lost
12615,3,4,1.609437912,1651.14,4,3,4,434,Promising
12616,96,2,1.098612289,475.8,2,2,2,222,Lost
12617,30,1,0.693147181,236.7,3,1,2,312,Need Attention
12618,22,1,0.693147181,151.96,3,1,1,311,Need Attention
12619,17,9,2.302585093,2508.34,4,4,4,444,Champions
12620,15,3,1.386294361,906.66,4,3,3,433,Promising
12621,2,17,2.890371758,10166.89,4,4,4,444,Champions
12622,233,1,0.693147181,169.9,1,1,1,111,Lost
12623,277,1,0.693147181,243.4,1,1,2,112,Lost
12624,107,2,1.098612289,485.08,2,2,3,223,At-Risk High Value
12625,212,2,1.098612289,1977.44,1,2,4,124,At-Risk High Value
12626,24,9,2.302585093,4096.83,3,4,4,344,Loyalist
12627,11,7,2.079441542,2424.05,4,4,4,444,Champions
12628,5,3,1.386294361,530.13,4,3,3,433,Promising
12630,10,2,1.098612289,763.72,4,2,3,423,Promising
12631,58,1,0.693147181,394.62,2,1,2,212,Lost
12633,59,4,1.609437912,1486.32,2,3,4,234,At-Risk High Value
12635,90,2,1.098612289,913.17,2,2,3,223,At-Risk High Value
12637,68,7,2.079441542,3193.63,2,4,4,244,At-Risk High Value
12638,34,1,0.693147181,528.05,3,1,3,313,Need Attention
12639,239,1,0.693147181,342.7,1,1,2,112,Lost
12640,24,3,1.386294361,780.63,3,3,3,333,Potential Loyalist
12641,116,1,0.693147181,153.6,2,1,1,211,Lost
12642,26,3,1.386294361,877.62,3,3,3,333,Potential Loyalist
12643,129,5,1.791759469,3090.24,2,4,4,244,At-Risk High Value
12644,130,1,0.693147181,308.42,2,1,2,212,Lost
12645,34,4,1.609437912,1021.8,3,3,3,333,Potential Loyalist
12646,5,2,1.098612289,767.21,4,2,3,423,Promising
12647,23,11,2.48490665,2750.96,3,4,4,344,Loyalist
12648,155,1,0.693147181,207.66,1,1,1,111,Lost
12649,108,2,1.098612289,555.71,2,2,3,223,At-Risk High Value
12650,4,1,0.693147181,247.42,4,1,2,412,New Customers
12651,335,1,0.693147181,96,1,1,1,111,Lost
12652,332,1,0.693147181,430.37,1,1,2,112,Lost
12653,149,2,1.098612289,1855.63,1,2,4,124,At-Risk High Value
12654,11,4,1.609437912,433.38,4,3,2,432,Potential Loyalist
12656,18,5,1.791759469,2655.32,4,4,4,444,Champions
12657,12,3,1.386294361,1547.67,4,3,4,434,Promising
12658,19,1,0.693147181,450.1,3,1,2,312,Need Attention
12659,30,1,0.693147181,76.68,3,1,1,311,Need Attention
12660,12,1,0.693147181,152.25,4,1,1,411,New Customers
12662,1,10,2.397895273,2637.19,4,4,4,444,Champions
12664,9,9,2.302585093,4058.68,4,4,4,444,Champions
12665,325,1,0.693147181,63,1,1,1,111,Lost
12667,59,1,0.693147181,457.75,2,1,2,212,Lost
12668,12,4,1.609437912,2641.92,4,3,4,434,Promising
12669,151,3,1.386294361,1812.81,1,3,4,134,At-Risk High Value
12670,11,5,1.791759469,2102.95,4,4,4,444,Champions
12672,330,1,0.693147181,210.6,1,1,1,111,Lost
12673,6,2,1.098612289,457.51,4,2,2,422,Promising
12674,39,4,1.609437912,1269.78,3,3,4,334,Potential Loyalist
12676,25,6,1.945910149,1115.6,3,4,3,343,Loyalist
12678,43,9,2.302585093,13185.28,3,4,4,344,Loyalist
12679,59,4,1.609437912,758.63,2,3,3,233,At-Risk High Value
12680,1,4,1.609437912,506.67,4,3,3,433,Promising
12681,15,20,3.044522438,9908.49,4,4,4,444,Champions
12682,4,27,3.33220451,9128.72,4,4,4,444,Champions
12683,5,11,2.48490665,5947.69,4,4,4,444,Champions
12684,8,7,2.079441542,1661.81,4,4,4,444,Champions
12685,29,6,1.945910149,1891.83,3,4,4,344,Loyalist
12686,372,1,0.693147181,68.98,1,1,1,111,Lost
12688,114,1,0.693147181,2715.95,2,1,4,214,At-Risk High Value
12689,26,2,1.098612289,694.77,3,2,3,323,Potential Loyalist
12690,206,1,0.693147181,337.71,1,1,2,112,Lost
12691,29,6,1.945910149,837.6,3,4,3,343,Loyalist
12693,128,4,1.609437912,774.25,2,3,3,233,At-Risk High Value
12694,71,2,1.098612289,753.91,2,2,3,223,At-Risk High Value
12695,8,4,1.609437912,517.75,4,3,3,433,Promising
12697,29,3,1.386294361,760.45,3,3,3,333,Potential Loyalist
12700,8,4,1.609437912,2332.25,4,3,4,434,Promising
12701,80,2,1.098612289,536.02,2,2,3,223,At-Risk High Value
12702,20,1,0.693147181,145.4,3,1,1,311,Need Attention
12703,72,1,0.693147181,213.55,2,1,1,211,Lost
12704,8,7,2.079441542,1905.71,4,4,4,444,Champions
12705,16,8,2.197224577,4206.7,4,4,4,444,Champions
12707,292,1,0.693147181,363.04,1,1,2,112,Lost
12708,30,10,2.397895273,1950.21,3,4,4,344,Loyalist
12709,16,15,2.772588722,8285.64,4,4,4,444,Champions
12710,97,3,1.386294361,553.28,2,3,3,233,At-Risk High Value
12712,29,13,2.63905733,3316.23,3,4,4,344,Loyalist
12713,1,1,0.693147181,534.41,4,1,3,413,New Customers
12714,10,5,1.791759469,2616.94,4,4,4,444,Champions
12715,107,1,0.693147181,203.16,2,1,1,211,Lost
12716,4,2,1.098612289,564.15,4,2,3,423,Promising
12717,152,2,1.098612289,638.44,1,2,3,123,At-Risk High Value
12718,72,1,0.693147181,183.29,2,1,1,211,Lost
12719,6,2,1.098612289,455.4,4,2,2,422,Promising
12720,3,21,3.091042453,4223.45,4,4,4,444,Champions
12721,32,6,1.945910149,1680.81,3,4,4,344,Loyalist
12722,86,4,1.609437912,720.28,2,3,3,233,At-Risk High Value
12723,4,3,1.386294361,534.48,4,3,3,433,Promising
12724,6,4,1.609437912,540.83,4,3,3,433,Promising
12725,372,1,0.693147181,219.9,1,1,2,112,Lost
12726,29,7,2.079441542,1900.2,3,4,4,344,Loyalist
12727,11,6,1.945910149,3186.99,4,4,4,444,Champions
12728,72,4,1.609437912,728.09,2,3,3,233,At-Risk High Value
12729,114,1,0.693147181,257.63,2,1,2,212,Lost
12731,24,11,2.48490665,13606.97,3,4,4,344,Loyalist
12732,180,1,0.693147181,129.22,1,1,1,111,Lost
12733,235,1,0.693147181,368.65,1,1,2,112,Lost
12734,353,1,0.693147181,55.2,1,1,1,111,Lost
12735,316,2,1.098612289,465.99,1,2,2,122,Lost
12736,333,1,0.693147181,187.2,1,1,1,111,Lost
12738,373,1,0.693147181,105.55,1,1,1,111,Lost
12739,79,2,1.098612289,589.88,2,2,3,223,At-Risk High Value
12740,64,1,0.693147181,215.1,2,1,1,211,Lost
12743,135,1,0.693147181,313.95,2,1,2,212,Lost
12744,52,6,1.945910149,18323.67,2,4,4,244,At-Risk High Value
12747,3,11,2.48490665,3800.49,4,4,4,444,Champions
12748,1,114,4.744932128,25232.54,4,4,4,444,Champions
12749,4,4,1.609437912,2386.87,4,3,4,434,Promising
12750,129,1,0.693147181,181.48,2,1,1,211,Lost
12752,82,1,0.693147181,2444.58,2,1,4,214,At-Risk High Value
12753,23,6,1.945910149,17154.53,3,4,4,344,Loyalist
12754,236,3,1.386294361,1625.55,1,3,4,134,At-Risk High Value
12755,281,2,1.098612289,3811.95,1,2,4,124,At-Risk High Value
12756,87,1,0.693147181,91.68,2,1,1,211,Lost
12757,16,9,2.302585093,5688.61,4,4,4,444,Champions
12758,117,2,1.098612289,1194.31,2,2,4,224,At-Risk High Value
12759,53,3,1.386294361,973.53,2,3,3,233,At-Risk High Value
12762,8,2,1.098612289,1345.52,4,2,4,424,Promising
12763,139,2,1.098612289,296.62,2,2,2,222,Lost
12764,317,1,0.693147181,1292.18,1,1,4,114,Lost
12766,4,7,2.079441542,4509.94,4,4,4,444,Champions
12769,239,1,0.693147181,834.81,1,1,3,113,Lost
12770,211,1,0.693147181,838.21,1,1,3,113,Lost
12772,60,1,0.693147181,549.01,2,1,3,213,At-Risk High Value
12775,18,5,1.791759469,968.54,4,4,3,443,Loyalist
12778,20,6,1.945910149,637.45,3,4,3,343,Loyalist
12779,38,8,2.197224577,3003.18,3,4,4,344,Loyalist
12781,64,2,1.098612289,730.26,2,2,3,223,At-Risk High Value
12782,5,5,1.791759469,1825.54,4,4,4,444,Champions
12783,3,5,1.791759469,1801.94,4,4,4,444,Champions
12784,10,2,1.098612289,401.77,4,2,2,422,Promising
12785,365,1,0.693147181,200.95,1,1,1,111,Lost
12787,10,3,1.386294361,412.98,4,3,2,432,Potential Loyalist
12789,66,1,0.693147181,91.85,2,1,1,211,Lost
12790,193,1,0.693147181,188.92,1,1,1,111,Lost
12791,374,1,0.693147181,192.6,1,1,1,111,Lost
12792,257,1,0.693147181,228.34,1,1,2,112,Lost
12793,335,2,1.098612289,399.73,1,2,2,122,Lost
12794,54,2,1.098612289,733.21,2,2,3,223,At-Risk High Value
12795,19,1,0.693147181,395.68,3,1,2,312,Need Attention
12797,366,1,0.693147181,143.33,1,1,1,111,Lost
12798,11,3,1.386294361,6977.04,4,3,4,434,Promising
12802,187,1,0.693147181,307.32,1,1,2,112,Lost
12808,37,3,1.386294361,315.05,3,3,2,332,Potential Loyalist
12809,178,1,0.693147181,386.23,1,1,2,112,Lost
12811,261,3,1.386294361,295.4,1,3,2,132,Lost
12812,45,1,0.693147181,140.84,3,1,1,311,Need Attention
12814,102,1,0.693147181,125.92,2,1,1,211,Lost
12815,148,2,1.098612289,677.06,1,2,3,123,At-Risk High Value
12816,96,2,1.098612289,506.8,2,2,3,223,At-Risk High Value
12817,282,1,0.693147181,166.04,1,1,1,111,Lost
12818,262,1,0.693147181,1117.18,1,1,3,113,Lost
12820,4,4,1.609437912,558.36,4,3,3,433,Promising
12821,215,1,0.693147181,82.52,1,1,1,111,Lost
12822,71,2,1.098612289,628.98,2,2,3,223,At-Risk High Value
12823,75,5,1.791759469,1759.5,2,4,4,244,At-Risk High Value
12824,60,1,0.693147181,245.5,2,1,2,212,Lost
12826,3,7,2.079441542,683.27,4,4,3,443,Loyalist
12827,6,3,1.386294361,320.95,4,3,2,432,Potential Loyalist
12828,3,6,1.945910149,855.51,4,4,3,443,Loyalist
12829,337,2,1.098612289,277.1,1,2,2,122,Lost
12830,38,5,1.791759469,5593.52,3,4,4,344,Loyalist
12831,263,1,0.693147181,199.75,1,1,1,111,Lost
12832,33,2,1.098612289,238.63,3,2,2,322,Need Attention
12833,146,1,0.693147181,317.94,1,1,2,112,Lost
12834,283,1,0.693147181,154.68,1,1,1,111,Lost
12836,60,4,1.609437912,1951,2,3,4,234,At-Risk High Value
12837,174,1,0.693147181,117.3,1,1,1,111,Lost
12838,34,2,1.098612289,462.51,3,2,2,322,Need Attention
12839,3,14,2.708050201,3509.4,4,4,4,444,Champions
12840,144,4,1.609437912,951.52,1,3,3,133,At-Risk High Value
12841,5,24,3.218875825,3506.16,4,4,4,444,Champions
12842,71,2,1.098612289,836.45,2,2,3,223,At-Risk High Value
12843,66,8,2.197224577,1387.16,2,4,4,244,At-Risk High Value
12844,30,2,1.098612289,255.66,3,2,2,322,Need Attention
12845,268,4,1.609437912,320.24,1,3,2,132,Lost
12847,23,1,0.693147181,573.69,3,1,3,313,Need Attention
12849,32,2,1.098612289,801.99,3,2,3,323,Potential Loyalist
12851,97,1,0.693147181,103.21,2,1,1,211,Lost
12852,295,1,0.693147181,160.95,1,1,1,111,Lost
12853,135,3,1.386294361,1315.78,2,3,4,234,At-Risk High Value
12854,79,3,1.386294361,941.04,2,3,3,233,At-Risk High Value
12855,373,1,0.693147181,27.9,1,1,1,111,Lost
12856,8,6,1.945910149,1483.57,4,4,4,444,Champions
12857,211,2,1.098612289,645.7,1,2,3,123,At-Risk High Value
12863,53,1,0.693147181,521.2,2,1,3,213,At-Risk High Value
12864,139,1,0.693147181,147.12,2,1,1,211,Lost
12865,27,2,1.098612289,828.84,3,2,3,323,Potential Loyalist
12866,284,1,0.693147181,488.02,1,1,3,113,Lost
12867,27,7,2.079441542,2362.31,3,4,4,344,Loyalist
12868,186,6,1.945910149,1070.39,1,4,3,143,At-Risk High Value
12871,85,2,1.098612289,335.34,2,2,2,222,Lost
12872,327,2,1.098612289,477.21,1,2,2,122,Lost
12873,283,1,0.693147181,170,1,1,1,111,Lost
12875,144,2,1.098612289,343.23,1,2,2,122,Lost
12876,58,2,1.098612289,1224.02,2,2,4,224,At-Risk High Value
12877,4,12,2.564949357,1112.82,4,4,3,443,Loyalist
12878,237,2,1.098612289,400.59,1,2,2,122,Lost
12879,45,3,1.386294361,573.22,3,3,3,333,Potential Loyalist
12881,276,1,0.693147181,264,1,1,2,112,Lost
12882,10,2,1.098612289,967.44,4,2,3,423,Promising
12883,25,2,1.098612289,541.93,3,2,3,323,Potential Loyalist
12884,89,1,0.693147181,267.45,2,1,2,212,Lost
12885,64,2,1.098612289,654.51,2,2,3,223,At-Risk High Value
12886,68,2,1.098612289,810.54,2,2,3,223,At-Risk High Value
12888,215,2,1.098612289,354.12,1,2,2,122,Lost
12890,25,1,0.693147181,289.32,3,1,2,312,Need Attention
12891,186,3,1.386294361,331,1,3,2,132,Lost
12893,31,1,0.693147181,139.61,3,1,1,311,Need Attention
12895,43,2,1.098612289,227.7,3,2,2,322,Need Attention
12897,205,2,1.098612289,216.5,1,2,2,122,Lost
12901,9,23,3.17805383,17524.64,4,4,4,444,Champions
12902,265,1,0.693147181,71.69,1,1,1,111,Lost
12904,19,2,1.098612289,390.25,3,2,2,322,Need Attention
12906,12,2,1.098612289,2590.05,4,2,4,424,Promising
12908,177,2,1.098612289,750,1,2,3,123,At-Risk High Value
12909,40,4,1.609437912,1722.75,3,3,4,334,Potential Loyalist
12910,24,6,1.945910149,2078.62,3,4,4,344,Loyalist
12912,3,5,1.791759469,1478.7,4,4,4,444,Champions
12913,5,5,1.791759469,2174.79,4,4,4,444,Champions
12915,149,2,1.098612289,277.2,1,2,2,122,Lost
12916,139,4,1.609437912,2714.75,2,3,4,234,At-Risk High Value
12917,129,1,0.693147181,297,2,1,2,212,Lost
12919,9,6,1.945910149,1144.15,4,4,3,443,Loyalist
12920,18,1,0.693147181,104.78,4,1,1,411,New Customers
12921,10,23,3.17805383,10180.29,4,4,4,444,Champions
12922,162,1,0.693147181,191.99,1,1,1,111,Lost
12923,65,1,0.693147181,108.34,2,1,1,211,Lost
12924,89,4,1.609437912,917.25,2,3,3,233,At-Risk High Value
12925,5,2,1.098612289,352.89,4,2,2,422,Promising
12928,36,5,1.791759469,1104.54,3,4,3,343,Loyalist
12929,312,1,0.693147181,74.85,1,1,1,111,Lost
12930,79,2,1.098612289,315,2,2,2,222,Lost
12931,22,12,2.564949357,37849.08,3,4,4,344,Loyalist
12933,25,3,1.386294361,439.82,3,3,2,332,Potential Loyalist
12935,3,6,1.945910149,1505.2,4,4,4,444,Champions
12936,18,3,1.386294361,756.13,4,3,3,433,Promising
12937,16,4,1.609437912,888.91,4,3,3,433,Promising
12938,26,1,0.693147181,114.14,3,1,1,311,Need Attention
12939,65,6,1.945910149,7491.8,2,4,4,244,At-Risk High Value
12940,55,2,1.098612289,605.5,2,2,3,223,At-Risk High Value
12942,132,3,1.386294361,543.17,2,3,3,233,At-Risk High Value
12944,36,2,1.098612289,452.17,3,2,2,322,Need Attention
12945,289,1,0.693147181,238.65,1,1,2,112,Lost
12947,144,6,1.945910149,918.67,1,4,3,143,At-Risk High Value
12948,17,7,2.079441542,1296.83,4,4,4,444,Champions
12949,31,5,1.791759469,2450.98,3,4,4,344,Loyalist
12950,3,3,1.386294361,565.8,4,3,3,433,Promising
12951,9,6,1.945910149,866.57,4,4,3,443,Loyalist
12952,6,3,1.386294361,906.14,4,3,3,433,Promising
12953,10,1,0.693147181,215.85,4,1,2,412,New Customers
12955,2,11,2.48490665,3543.54,4,4,4,444,Champions
12956,307,1,0.693147181,83.57,1,1,1,111,Lost
12957,10,7,2.079441542,2160.17,4,4,4,444,Champions
12962,8,2,1.098612289,243.79,4,2,2,422,Promising
12963,9,7,2.079441542,1372.62,4,4,4,444,Champions
12965,90,1,0.693147181,464.43,2,1,2,212,Lost
12966,10,1,0.693147181,130.18,4,1,1,411,New Customers
12967,359,2,1.098612289,1346.2,1,2,4,124,At-Risk High Value
12968,113,1,0.693147181,120.95,2,1,1,211,Lost
12970,8,2,1.098612289,271.11,4,2,2,422,Promising
12971,4,71,4.276666119,10243.47,4,4,4,444,Champions
12974,198,1,0.693147181,101.2,1,1,1,111,Lost
12976,212,1,0.693147181,261.64,1,1,2,112,Lost
12977,157,1,0.693147181,37.94,1,1,1,111,Lost
12980,158,9,2.302585093,6886.74,1,4,4,144,At-Risk High Value
12981,30,2,1.098612289,302.74,3,2,2,322,Need Attention
12982,243,1,0.693147181,202.14,1,1,1,111,Lost
12984,19,1,0.693147181,67.5,3,1,1,311,Need Attention
12985,1,2,1.098612289,738.23,4,2,3,423,Promising
12987,74,2,1.098612289,478.9,2,2,3,223,At-Risk High Value
12988,293,1,0.693147181,252.17,1,1,2,112,Lost
12989,4,13,2.63905733,6309.96,4,4,4,444,Champions
12990,32,3,1.386294361,182,3,3,1,331,Potential Loyalist
12991,24,2,1.098612289,223.08,3,2,2,322,Need Attention
12993,24,4,1.609437912,293.76,3,3,2,332,Potential Loyalist
12994,5,3,1.386294361,714.02,4,3,3,433,Promising
12995,86,1,0.693147181,173.16,2,1,1,211,Lost
12997,23,4,1.609437912,1025.89,3,3,3,333,Potential Loyalist
12999,197,3,1.386294361,301.44,1,3,2,132,Lost
13000,107,3,1.386294361,429.07,2,3,2,232,Lost
13001,5,13,2.63905733,7824.64,4,4,4,444,Champions
13002,319,1,0.693147181,86.15,1,1,1,111,Lost
13003,106,3,1.386294361,149.05,2,3,1,231,Lost
13004,12,17,2.890371758,3614.49,4,4,4,444,Champions
13005,174,2,1.098612289,331.75,1,2,2,122,Lost
13006,57,1,0.693147181,81.57,2,1,1,211,Lost
13008,324,1,0.693147181,131.61,1,1,1,111,Lost
13011,373,1,0.693147181,50.55,1,1,1,111,Lost
13012,10,8,2.197224577,1230.65,4,4,4,444,Champions
13013,2,12,2.564949357,3613.68,4,4,4,444,Champions
13014,11,10,2.397895273,3007.48,4,4,4,444,Champions
13015,54,4,1.609437912,1802.19,2,3,4,234,At-Risk High Value
13016,74,2,1.098612289,497.9,2,2,3,223,At-Risk High Value
13017,8,1,0.693147181,204,4,1,1,411,New Customers
13018,17,20,3.044522438,4568.83,4,4,4,444,Champions
13021,5,8,2.197224577,2003.34,4,4,4,444,Champions
13023,65,2,1.098612289,487.05,2,2,3,223,At-Risk High Value
13026,2,5,1.791759469,838.44,4,4,3,443,Loyalist
13027,114,6,1.945910149,4320,2,4,4,244,At-Risk High Value
13028,23,2,1.098612289,435.94,3,2,2,322,Need Attention
13029,31,3,1.386294361,1214.5,3,3,4,334,Potential Loyalist
13030,12,2,1.098612289,562.3,4,2,3,423,Promising
13032,53,2,1.098612289,656.48,2,2,3,223,At-Risk High Value
13033,358,1,0.693147181,82.55,1,1,1,111,Lost
13034,55,2,1.098612289,462.77,2,2,2,222,Lost
13035,74,2,1.098612289,761.08,2,2,3,223,At-Risk High Value
13037,139,3,1.386294361,661.57,2,3,3,233,At-Risk High Value
13038,81,3,1.386294361,846.06,2,3,3,233,At-Risk High Value
13040,9,2,1.098612289,466.48,4,2,2,422,Promising
13043,274,1,0.693147181,374.46,1,1,2,112,Lost
13044,292,1,0.693147181,269.49,1,1,2,112,Lost
13045,100,1,0.693147181,221.08,2,1,2,212,Lost
13046,31,2,1.098612289,559.46,3,2,3,323,Potential Loyalist
13047,32,8,2.197224577,2112.24,3,4,4,344,Loyalist
13048,15,4,1.609437912,898.86,4,3,3,433,Promising
13049,65,2,1.098612289,534.28,2,2,3,223,At-Risk High Value
13050,15,17,2.890371758,4232.79,4,4,4,444,Champions
13052,213,1,0.693147181,332.25,1,1,2,112,Lost
13055,79,2,1.098612289,776.44,2,2,3,223,At-Risk High Value
13058,25,3,1.386294361,222.35,3,3,2,332,Potential Loyalist
13059,250,1,0.693147181,165.7,1,1,1,111,Lost
13060,254,1,0.693147181,229.83,1,1,2,112,Lost
13061,73,1,0.693147181,215.61,2,1,1,211,Lost
13062,192,1,0.693147181,327.18,1,1,2,112,Lost
13064,13,4,1.609437912,965.14,4,3,3,433,Promising
13065,374,1,0.693147181,188.16,1,1,1,111,Lost
13066,25,2,1.098612289,365.17,3,2,2,322,Need Attention
13067,83,1,0.693147181,111.51,2,1,1,211,Lost
13068,11,2,1.098612289,344,4,2,2,422,Promising
13069,1,20,3.044522438,3206.75,4,4,4,444,Champions
13070,193,1,0.693147181,62.4,1,1,1,111,Lost
13072,267,1,0.693147181,147.45,1,1,1,111,Lost
13075,130,1,0.693147181,652.81,2,1,3,213,At-Risk High Value
13077,2,3,1.386294361,556.99,4,3,3,433,Promising
13078,4,25,3.258096538,9722.72,4,4,4,444,Champions
13079,5,5,1.791759469,220.1,4,4,2,442,Loyalist
13080,180,1,0.693147181,58.08,1,1,1,111,Lost
13081,12,9,2.302585093,14133.36,4,4,4,444,Champions
13082,127,7,2.079441542,3118.13,2,4,4,244,At-Risk High Value
13083,5,2,1.098612289,161.67,4,2,1,421,Promising
13085,158,2,1.098612289,297.38,1,2,2,122,Lost
13089,3,66,4.204692619,41222.77,4,4,4,444,Champions
13090,9,13,2.63905733,7171.95,4,4,4,444,Champions
13091,29,1,0.693147181,300.34,3,1,2,312,Need Attention
13092,71,5,1.791759469,368.13,2,4,2,242,At-Risk High Value
13093,276,7,2.079441542,5164.47,1,4,4,144,At-Risk High Value
13094,22,12,2.564949357,1469.4,3,4,4,344,Loyalist
13095,71,1,0.693147181,55.68,2,1,1,211,Lost
13097,33,9,2.302585093,4099.77,3,4,4,344,Loyalist
13098,2,26,3.295836866,20294.53,4,4,4,444,Champions
13099,100,1,0.693147181,207.36,2,1,1,211,Lost
13101,235,1,0.693147181,101.19,1,1,1,111,Lost
13102,2,20,3.044522438,4528.59,4,4,4,444,Champions
13103,40,1,0.693147181,169.54,3,1,1,311,Need Attention
13104,4,6,1.945910149,1068.48,4,4,3,443,Loyalist
13106,134,1,0.693147181,76.5,2,1,1,211,Lost
13107,45,4,1.609437912,1174.5,3,3,4,334,Potential Loyalist
13108,373,1,0.693147181,350.06,1,1,2,112,Lost
13109,60,2,1.098612289,489.34,2,2,3,223,At-Risk High Value
13110,32,6,1.945910149,1132.1,3,4,3,343,Loyalist
13113,1,23,3.17805383,11702.24,4,4,4,444,Champions
13115,12,4,1.609437912,952.53,4,3,3,433,Promising
13116,139,1,0.693147181,298.76,2,1,2,212,Lost
13117,22,8,2.197224577,729.81,3,4,3,343,Loyalist
13118,20,4,1.609437912,857.77,3,3,3,333,Potential Loyalist
13120,239,1,0.693147181,30.6,1,1,1,111,Lost
13121,270,1,0.693147181,183.73,1,1,1,111,Lost
13122,95,2,1.098612289,353.75,2,2,2,222,Lost
13124,90,3,1.386294361,2507.32,2,3,4,234,At-Risk High Value
13126,5,7,2.079441542,1421.7,4,4,4,444,Champions
13127,78,1,0.693147181,204.62,2,1,1,211,Lost
13130,95,1,0.693147181,64,2,1,1,211,Lost
13131,24,3,1.386294361,801.7,3,3,3,333,Potential Loyalist
13132,262,1,0.693147181,77.3,1,1,1,111,Lost
13133,274,2,1.098612289,90,1,2,1,121,Lost
13134,86,4,1.609437912,932.06,2,3,3,233,At-Risk High Value
13135,197,1,0.693147181,3096,1,1,4,114,Lost
13136,57,4,1.609437912,1589.83,2,3,4,234,At-Risk High Value
13137,11,8,2.197224577,2070.53,4,4,4,444,Champions
13138,23,6,1.945910149,582.23,3,4,3,343,Loyalist
13139,17,6,1.945910149,2839.58,4,4,4,444,Champions
13140,109,3,1.386294361,379.6,2,3,2,232,Lost
13141,85,4,1.609437912,1187.03,2,3,4,234,At-Risk High Value
13142,20,1,0.693147181,206.03,3,1,1,311,Need Attention
13144,333,1,0.693147181,87.35,1,1,1,111,Lost
13145,40,4,1.609437912,618.52,3,3,3,333,Potential Loyalist
13146,27,1,0.693147181,192.03,3,1,1,311,Need Attention
13147,11,4,1.609437912,712.8,4,3,3,433,Promising
13148,30,7,2.079441542,2834.87,3,4,4,344,Loyalist
13149,15,4,1.609437912,1215.44,4,3,4,434,Promising
13151,296,1,0.693147181,711.71,1,1,3,113,Lost
13153,6,1,0.693147181,402.46,4,1,2,412,New Customers
13155,34,4,1.609437912,644.21,3,3,3,333,Potential Loyalist
13157,50,4,1.609437912,995.32,3,3,3,333,Potential Loyalist
13158,95,4,1.609437912,583.66,2,3,3,233,At-Risk High Value
13159,9,4,1.609437912,935.53,4,3,3,433,Promising
13160,23,1,0.693147181,91.8,3,1,1,311,Need Attention
13161,314,1,0.693147181,104.25,1,1,1,111,Lost
13162,123,4,1.609437912,1176.71,2,3,4,234,At-Risk High Value
13165,47,2,1.098612289,815.58,3,2,3,323,Potential Loyalist
13166,284,1,0.693147181,296.45,1,1,2,112,Lost
13167,19,4,1.609437912,700.21,3,3,3,333,Potential Loyalist
13168,37,4,1.609437912,882.94,3,3,3,333,Potential Loyalist
13169,64,2,1.098612289,526.68,2,2,3,223,At-Risk High Value
13170,27,1,0.693147181,83.25,3,1,1,311,Need Attention
13171,22,3,1.386294361,379.85,3,3,2,332,Potential Loyalist
13173,5,2,1.098612289,266.5,4,2,2,422,Promising
13174,17,3,1.386294361,1746.4,4,3,4,434,Promising
13176,47,1,0.693147181,375.9,3,1,2,312,Need Attention
13177,65,1,0.693147181,119.85,2,1,1,211,Lost
13178,27,11,2.48490665,2147.32,3,4,4,344,Loyalist
13182,46,1,0.693147181,44.14,3,1,1,311,Need Attention
13183,8,9,2.302585093,2857.08,4,4,4,444,Champions
13184,15,9,2.302585093,1388.59,4,4,4,444,Champions
13185,268,1,0.693147181,71.4,1,1,1,111,Lost
13186,40,3,1.386294361,938.59,3,3,3,333,Potential Loyalist
13187,338,1,0.693147181,172.24,1,1,1,111,Lost
13188,12,1,0.693147181,114.6,4,1,1,411,New Customers
13189,19,2,1.098612289,159.88,3,2,1,321,Need Attention
13192,96,2,1.098612289,550.58,2,2,3,223,At-Risk High Value
13193,62,1,0.693147181,93.58,2,1,1,211,Lost
13194,136,1,0.693147181,60.7,2,1,1,211,Lost
13196,12,3,1.386294361,952.91,4,3,3,433,Promising
13198,11,6,1.945910149,1771.13,4,4,4,444,Champions
13199,4,33,3.526360525,8697.28,4,4,4,444,Champions
13200,20,4,1.609437912,679.55,3,3,3,333,Potential Loyalist
13203,10,4,1.609437912,633,4,3,3,433,Promising
13207,16,2,1.098612289,179.46,4,2,1,421,Promising
13208,59,6,1.945910149,975.41,2,4,3,243,At-Risk High Value
13209,31,6,1.945910149,2758.85,3,4,4,344,Loyalist
13210,94,1,0.693147181,188.14,2,1,1,211,Lost
13211,11,3,1.386294361,893.08,4,3,3,433,Promising
13212,20,2,1.098612289,488.84,3,2,3,323,Potential Loyalist
13213,57,4,1.609437912,924.19,2,3,3,233,At-Risk High Value
13216,268,1,0.693147181,172.12,1,1,1,111,Lost
13217,123,3,1.386294361,533.98,2,3,3,233,At-Risk High Value
13218,128,1,0.693147181,47.64,2,1,1,211,Lost
13220,79,4,1.609437912,803.74,2,3,3,233,At-Risk High Value
13221,241,2,1.098612289,622.62,1,2,3,123,At-Risk High Value
13223,201,2,1.098612289,133.2,1,2,1,121,Lost
13224,61,2,1.098612289,1134.1,2,2,3,223,At-Risk High Value
13225,4,7,2.079441542,4990.02,4,4,4,444,Champions
13226,274,1,0.693147181,80.51,1,1,1,111,Lost
13227,202,1,0.693147181,197.7,1,1,1,111,Lost
13228,82,1,0.693147181,179,2,1,1,211,Lost
13229,226,1,0.693147181,131.1,1,1,1,111,Lost
13230,5,13,2.63905733,1995.52,4,4,4,444,Champions
13232,13,7,2.079441542,1043.43,4,4,3,443,Loyalist
13233,75,2,1.098612289,450.84,2,2,2,222,Lost
13235,213,1,0.693147181,595.47,1,1,3,113,Lost
13236,25,2,1.098612289,575.7,3,2,3,323,Potential Loyalist
13238,18,4,1.609437912,308.13,4,3,2,432,Potential Loyalist
13239,262,1,0.693147181,267.16,1,1,2,112,Lost
13240,97,4,1.609437912,546.59,2,3,3,233,At-Risk High Value
13242,113,2,1.098612289,62.4,2,2,1,221,Lost
13243,204,1,0.693147181,327.39,1,1,2,112,Lost
13244,93,1,0.693147181,71.04,2,1,1,211,Lost
13245,51,1,0.693147181,331.7,3,1,2,312,Need Attention
13246,19,6,1.945910149,1651.58,3,4,4,344,Loyalist
13247,18,4,1.609437912,430.92,4,3,2,432,Potential Loyalist
13248,125,2,1.098612289,325.73,2,2,2,222,Lost
13249,93,3,1.386294361,680.41,2,3,3,233,At-Risk High Value
13253,157,2,1.098612289,821.6,1,2,3,123,At-Risk High Value
13255,10,2,1.098612289,359.71,4,2,2,422,Promising
13256,15,1,0.693147181,0,4,1,1,411,New Customers
13258,12,3,1.386294361,634.18,4,3,3,433,Promising
13259,62,1,0.693147181,156.22,2,1,1,211,Lost
13260,62,1,0.693147181,557.62,2,1,3,213,At-Risk High Value
13261,269,2,1.098612289,572.1,1,2,3,123,At-Risk High Value
13262,264,1,0.693147181,193.33,1,1,1,111,Lost
13263,2,33,3.526360525,4627.69,4,4,4,444,Champions
13265,54,5,1.791759469,1434.5,2,4,4,244,At-Risk High Value
13266,12,12,2.564949357,3174.17,4,4,4,444,Champions
13267,3,14,2.708050201,3525.09,4,4,4,444,Champions
13268,18,10,2.397895273,2131.99,4,4,4,444,Champions
13269,2,13,2.63905733,4021.33,4,4,4,444,Champions
13270,367,1,0.693147181,590,1,1,3,113,Lost
13271,38,1,0.693147181,129.86,3,1,1,311,Need Attention
13272,32,2,1.098612289,203.51,3,2,1,321,Need Attention
13273,114,1,0.693147181,128.78,2,1,1,211,Lost
13276,64,2,1.098612289,432.13,2,2,2,222,Lost
13277,16,4,1.609437912,208.4,4,3,1,431,Potential Loyalist
13278,41,1,0.693147181,352.1,3,1,2,312,Need Attention
13279,79,1,0.693147181,120.05,2,1,1,211,Lost
13280,123,3,1.386294361,447.16,2,3,2,232,Lost
13282,19,3,1.386294361,656.14,3,3,3,333,Potential Loyalist
13283,60,2,1.098612289,72.86,2,2,1,221,Lost
13284,331,1,0.693147181,169.39,1,1,1,111,Lost
13285,24,4,1.609437912,1040.6,3,3,3,333,Potential Loyalist
13291,156,1,0.693147181,267.99,1,1,2,112,Lost
13292,39,2,1.098612289,403.68,3,2,2,322,Need Attention
13294,190,2,1.098612289,529.49,1,2,3,123,At-Risk High Value
13295,360,1,0.693147181,95.6,1,1,1,111,Lost
13296,138,1,0.693147181,76.9,2,1,1,211,Lost
13297,8,3,1.386294361,1314.95,4,3,4,434,Promising
13298,2,1,0.693147181,360,4,1,2,412,New Customers
13299,269,1,0.693147181,107.1,1,1,1,111,Lost
13300,170,1,0.693147181,218.79,1,1,2,112,Lost
13301,104,4,1.609437912,545.16,2,3,3,233,At-Risk High Value
13302,156,1,0.693147181,63.75,1,1,1,111,Lost
13304,352,1,0.693147181,201.72,1,1,1,111,Lost
13305,5,10,2.397895273,1612.36,4,4,4,444,Champions
13307,121,1,0.693147181,15,2,1,1,211,Lost
13308,23,3,1.386294361,977.21,3,3,3,333,Potential Loyalist
13309,8,5,1.791759469,786.11,4,4,3,443,Loyalist
13310,29,3,1.386294361,666.83,3,3,3,333,Potential Loyalist
13311,5,2,1.098612289,518.46,4,2,3,423,Promising
13313,23,5,1.791759469,935.48,3,4,3,343,Loyalist
13314,2,3,1.386294361,566.35,4,3,3,433,Promising
13316,38,4,1.609437912,4534.54,3,3,4,334,Potential Loyalist
13317,67,4,1.609437912,1271.17,2,3,4,234,At-Risk High Value
13318,2,3,1.386294361,577.4,4,3,3,433,Promising
13319,6,17,2.890371758,7453.7,4,4,4,444,Champions
13320,79,3,1.386294361,687.42,2,3,3,233,At-Risk High Value
13321,73,2,1.098612289,481.82,2,2,3,223,At-Risk High Value
13322,18,1,0.693147181,166.59,4,1,1,411,New Customers
13323,4,5,1.791759469,736.85,4,4,3,443,Loyalist
13324,37,6,1.945910149,5679.19,3,4,4,344,Loyalist
13325,82,1,0.693147181,396.8,2,1,2,212,Lost
13327,39,7,2.079441542,2418.09,3,4,4,344,Loyalist
13328,317,1,0.693147181,620.88,1,1,3,113,Lost
13329,32,2,1.098612289,775.8,3,2,3,323,Potential Loyalist
13330,93,3,1.386294361,648.27,2,3,3,233,At-Risk High Value
13332,15,1,0.693147181,298.25,4,1,2,412,New Customers
13334,83,3,1.386294361,1882.3,2,3,4,234,At-Risk High Value
13336,78,1,0.693147181,348.58,2,1,2,212,Lost
13338,158,1,0.693147181,414.96,1,1,2,112,Lost
13339,201,1,0.693147181,438.47,1,1,2,112,Lost
13340,46,5,1.791759469,7505.3,3,4,4,344,Loyalist
13341,261,1,0.693147181,434.65,1,1,2,112,Lost
13343,178,1,0.693147181,261.03,1,1,2,112,Lost
13344,68,2,1.098612289,1398.91,2,2,4,224,At-Risk High Value
13345,288,1,0.693147181,205.05,1,1,1,111,Lost
13347,71,1,0.693147181,262.16,2,1,2,212,Lost
13348,65,1,0.693147181,113.76,2,1,1,211,Lost
13349,11,1,0.693147181,160.92,4,1,1,411,New Customers
13350,17,2,1.098612289,689.57,4,2,3,423,Promising
13351,67,1,0.693147181,305.14,2,1,2,212,Lost
13352,61,1,0.693147181,203.22,2,1,1,211,Lost
13354,72,1,0.693147181,375.07,2,1,2,212,Lost
13355,123,1,0.693147181,364.15,2,1,2,212,Lost
13356,81,1,0.693147181,483.04,2,1,3,213,At-Risk High Value
13357,258,1,0.693147181,397.09,1,1,2,112,Lost
13358,269,1,0.693147181,265.66,1,1,2,112,Lost
13359,64,1,0.693147181,330.4,2,1,2,212,Lost
13362,10,4,1.609437912,1600.84,4,3,4,434,Promising
13363,18,2,1.098612289,661.88,4,2,3,423,Promising
13364,72,1,0.693147181,95.06,2,1,1,211,Lost
13365,34,2,1.098612289,1215.19,3,2,4,324,Potential Loyalist
13366,51,1,0.693147181,56.16,3,1,1,311,Need Attention
13368,257,2,1.098612289,447.2,1,2,2,122,Lost
13369,366,1,0.693147181,197.88,1,1,1,111,Lost
13370,372,1,0.693147181,408.87,1,1,2,112,Lost
13372,90,1,0.693147181,323.38,2,1,2,212,Lost
13373,61,3,1.386294361,2005.15,2,3,4,234,At-Risk High Value
13375,89,1,0.693147181,494.15,2,1,3,213,At-Risk High Value
13376,100,3,1.386294361,762.36,2,3,3,233,At-Risk High Value
13379,27,3,1.386294361,427.37,3,3,2,332,Potential Loyalist
13381,32,6,1.945910149,2308.19,3,4,4,344,Loyalist
13382,281,1,0.693147181,104.47,1,1,1,111,Lost
13384,31,6,1.945910149,2962.49,3,4,4,344,Loyalist
13385,330,1,0.693147181,361.19,1,1,2,112,Lost
13388,132,1,0.693147181,470.38,2,1,2,212,Lost
13389,12,3,1.386294361,612.15,4,3,3,433,Promising
13390,75,1,0.693147181,436.08,2,1,2,212,Lost
13391,204,1,0.693147181,59.8,1,1,1,111,Lost
13394,2,8,2.197224577,1855.22,4,4,4,444,Champions
13395,186,1,0.693147181,233.92,1,1,2,112,Lost
13396,30,2,1.098612289,1093.45,3,2,3,323,Potential Loyalist
13397,73,5,1.791759469,1396.97,2,4,4,244,At-Risk High Value
13398,193,1,0.693147181,287.88,1,1,2,112,Lost
13402,128,2,1.098612289,406.27,2,2,2,222,Lost
13403,18,1,0.693147181,60,4,1,1,411,New Customers
13404,2,2,1.098612289,178.55,4,2,1,421,Promising
13405,75,3,1.386294361,437.05,2,3,2,232,Lost
13408,2,41,3.737669618,22963.88,4,4,4,444,Champions
13410,25,5,1.791759469,847.66,3,4,3,343,Loyalist
13411,108,1,0.693147181,161.55,2,1,1,211,Lost
13414,134,3,1.386294361,1069.05,2,3,3,233,At-Risk High Value
13416,44,2,1.098612289,437.7,3,2,2,322,Need Attention
13417,5,2,1.098612289,413.33,4,2,2,422,Promising
13418,12,13,2.63905733,3972.41,4,4,4,444,Champions
13419,64,1,0.693147181,90.7,2,1,1,211,Lost
13420,150,2,1.098612289,131.95,1,2,1,121,Lost
13421,41,2,1.098612289,1113.59,3,2,3,323,Potential Loyalist
13422,65,1,0.693147181,1106.04,2,1,3,213,At-Risk High Value
13425,109,3,1.386294361,1127.21,2,3,3,233,At-Risk High Value
13426,1,10,2.397895273,2917.7,4,4,4,444,Champions
13427,20,3,1.386294361,485.76,3,3,3,333,Potential Loyalist
13428,11,1,0.693147181,119.99,4,1,1,411,New Customers
13429,11,4,1.609437912,532.36,4,3,3,433,Promising
13430,19,2,1.098612289,484.01,3,2,3,323,Potential Loyalist
13431,68,2,1.098612289,983,2,2,3,223,At-Risk High Value
13434,75,2,1.098612289,350.04,2,2,2,222,Lost
13435,6,7,2.079441542,3643.89,4,4,4,444,Champions
13436,2,1,0.693147181,181.89,4,1,1,411,New Customers
13437,15,7,2.079441542,2006.81,4,4,4,444,Champions
13439,256,1,0.693147181,189.24,1,1,1,111,Lost
13441,92,1,0.693147181,217.64,2,1,2,212,Lost
13447,24,3,1.386294361,812.44,3,3,3,333,Potential Loyalist
13448,17,5,1.791759469,2131.8,4,4,4,444,Champions
13449,24,1,0.693147181,216.12,3,1,2,312,Need Attention
13450,27,6,1.945910149,1639.02,3,4,4,344,Loyalist
13451,27,5,1.791759469,1641.44,3,4,4,344,Loyalist
13452,260,2,1.098612289,590,1,2,3,123,At-Risk High Value
13453,166,2,1.098612289,301.38,1,2,2,122,Lost
13455,25,2,1.098612289,807.78,3,2,3,323,Potential Loyalist
13456,18,6,1.945910149,1219.46,4,4,4,444,Champions
13458,8,14,2.708050201,7065.44,4,4,4,444,Champions
13460,30,2,1.098612289,92.96,3,2,1,321,Need Attention
13461,39,3,1.386294361,626.9,3,3,3,333,Potential Loyalist
13462,253,1,0.693147181,114,1,1,1,111,Lost
13464,59,1,0.693147181,373.92,2,1,2,212,Lost
13466,185,1,0.693147181,214.3,1,1,1,111,Lost
13467,11,2,1.098612289,692.42,4,2,3,423,Promising
13468,2,36,3.610917913,4969.77,4,4,4,444,Champions
13470,100,2,1.098612289,33,2,2,1,221,Lost
13471,2,4,1.609437912,1508.94,4,3,4,434,Promising
13473,61,2,1.098612289,371.31,2,2,2,222,Lost
13474,237,1,0.693147181,153.29,1,1,1,111,Lost
13475,192,4,1.609437912,763.99,1,3,3,133,At-Risk High Value
13476,179,2,1.098612289,679.27,1,2,3,123,At-Risk High Value
13477,38,6,1.945910149,1002.16,3,4,3,343,Loyalist
13479,201,2,1.098612289,285.95,1,2,2,122,Lost
13481,46,4,1.609437912,1058.27,3,3,3,333,Potential Loyalist
13482,233,1,0.693147181,149.84,1,1,1,111,Lost
13483,66,1,0.693147181,99.78,2,1,1,211,Lost
13484,242,1,0.693147181,115.2,1,1,1,111,Lost
13485,234,1,0.693147181,377.74,1,1,2,112,Lost
13486,79,3,1.386294361,741.77,2,3,3,233,At-Risk High Value
13487,58,3,1.386294361,353.1,2,3,2,232,Lost
13488,18,12,2.564949357,5758.5,4,4,4,444,Champions
13489,106,4,1.609437912,419.52,2,3,2,232,Lost
13491,52,10,2.397895273,947.53,2,4,3,243,At-Risk High Value
13492,137,3,1.386294361,677.34,2,3,3,233,At-Risk High Value
13493,276,2,1.098612289,618.63,1,2,3,123,At-Risk High Value
13494,312,1,0.693147181,157.41,1,1,1,111,Lost
13495,8,5,1.791759469,1680.97,4,4,4,444,Champions
13496,11,2,1.098612289,476.93,4,2,2,422,Promising
13497,283,2,1.098612289,285.35,1,2,2,122,Lost
13499,18,5,1.791759469,929.85,4,4,3,443,Loyalist
13500,24,3,1.386294361,672.27,3,3,3,333,Potential Loyalist
13501,289,1,0.693147181,770.8,1,1,3,113,Lost
13502,17,3,1.386294361,285.04,4,3,2,432,Potential Loyalist
13503,72,1,0.693147181,85.65,2,1,1,211,Lost
13504,65,1,0.693147181,203.41,2,1,1,211,Lost
13505,73,4,1.609437912,2588.86,2,3,4,234,At-Risk High Value
13506,317,2,1.098612289,333.72,1,2,2,122,Lost
13507,4,4,1.609437912,1276.54,4,3,4,434,Promising
13508,244,1,0.693147181,87.08,1,1,1,111,Lost
13509,9,7,2.079441542,665.84,4,4,3,443,Loyalist
13510,2,4,1.609437912,896.13,4,3,3,433,Promising
13512,261,1,0.693147181,182.06,1,1,1,111,Lost
13513,127,1,0.693147181,137.75,2,1,1,211,Lost
13514,74,1,0.693147181,116.8,2,1,1,211,Lost
13515,73,4,1.609437912,485.54,2,3,3,233,At-Risk High Value
13516,22,3,1.386294361,986.99,3,3,3,333,Potential Loyalist
13517,60,3,1.386294361,959.47,2,3,3,233,At-Risk High Value
13518,86,1,0.693147181,340.86,2,1,2,212,Lost
13519,79,1,0.693147181,98.95,2,1,1,211,Lost
13520,59,6,1.945910149,2897.21,2,4,4,244,At-Risk High Value
13521,2,3,1.386294361,494.34,4,3,3,433,Promising
13522,31,1,0.693147181,125.8,3,1,1,311,Need Attention
13523,34,4,1.609437912,2746.01,3,3,4,334,Potential Loyalist
13524,41,5,1.791759469,545.6,3,4,3,343,Loyalist
13525,15,2,1.098612289,583.78,4,2,3,423,Promising
13527,34,6,1.945910149,1633.11,3,4,4,344,Loyalist
13529,79,2,1.098612289,192.26,2,2,1,221,Lost
13531,206,2,1.098612289,352.4,1,2,2,122,Lost
13532,34,1,0.693147181,113.01,3,1,1,311,Need Attention
13533,183,2,1.098612289,151.8,1,2,1,121,Lost
13534,3,18,2.944438979,2250.18,4,4,4,444,Champions
13536,2,7,2.079441542,2553.16,4,4,4,444,Champions
13538,44,7,2.079441542,580.95,3,4,3,343,Loyalist
13539,86,3,1.386294361,465.14,2,3,2,232,Lost
13544,40,2,1.098612289,141.3,3,2,1,321,Need Attention
13546,13,3,1.386294361,470.08,4,3,2,432,Potential Loyalist
13548,97,2,1.098612289,498.56,2,2,3,223,At-Risk High Value
13549,26,7,2.079441542,777.6,3,4,3,343,Loyalist
13551,320,1,0.693147181,56.1,1,1,1,111,Lost
13552,67,8,2.197224577,3030.77,2,4,4,244,At-Risk High Value
13555,74,2,1.098612289,2981.43,2,2,4,224,At-Risk High Value
13557,29,2,1.098612289,432.26,3,2,2,322,Need Attention
13558,6,4,1.609437912,372.63,4,3,2,432,Potential Loyalist
13560,8,1,0.693147181,97.6,4,1,1,411,New Customers
13561,216,1,0.693147181,139.78,1,1,1,111,Lost
13562,82,3,1.386294361,699.33,2,3,3,233,At-Risk High Value
13563,85,2,1.098612289,684,2,2,3,223,At-Risk High Value
13564,145,3,1.386294361,1480.51,1,3,4,134,At-Risk High Value
13565,20,2,1.098612289,187.78,3,2,1,321,Need Attention
13566,41,2,1.098612289,517.32,3,2,3,323,Potential Loyalist
13568,174,1,0.693147181,121.8,1,1,1,111,Lost
13569,18,2,1.098612289,231.1,4,2,2,422,Promising
13570,244,1,0.693147181,176.94,1,1,1,111,Lost
13571,13,12,2.564949357,1450.79,4,4,4,444,Champions
13572,206,1,0.693147181,863.95,1,1,3,113,Lost
13573,51,2,1.098612289,258.85,3,2,2,322,Need Attention
13575,24,5,1.791759469,493.17,3,4,3,343,Loyalist
13576,11,18,2.944438979,6475.94,4,4,4,444,Champions
13577,26,4,1.609437912,845.3,3,3,3,333,Potential Loyalist
13579,15,2,1.098612289,434.64,4,2,2,422,Promising
13581,310,1,0.693147181,106.2,1,1,1,111,Lost
13583,156,1,0.693147181,446.93,1,1,2,112,Lost
13584,307,1,0.693147181,112.5,1,1,1,111,Lost
13587,64,1,0.693147181,679.4,2,1,3,213,At-Risk High Value
13588,16,9,2.302585093,1619.91,4,4,4,444,Champions
13589,15,2,1.098612289,332.65,4,2,2,422,Promising
13590,12,6,1.945910149,1336.97,4,4,4,444,Champions
13591,65,3,1.386294361,720.05,2,3,3,233,At-Risk High Value
13592,36,4,1.609437912,247.96,3,3,2,332,Potential Loyalist
13593,109,5,1.791759469,1510.33,2,4,4,244,At-Risk High Value
13594,53,1,0.693147181,237.83,2,1,2,212,Lost
13596,6,2,1.098612289,345.88,4,2,2,422,Promising
13598,48,1,0.693147181,110.19,3,1,1,311,Need Attention
13599,2,15,2.772588722,4055.84,4,4,4,444,Champions
13600,313,1,0.693147181,161.62,1,1,1,111,Lost
13601,46,2,1.098612289,494.75,3,2,3,323,Potential Loyalist
13602,65,1,0.693147181,301.89,2,1,2,212,Lost
13603,27,1,0.693147181,140.9,3,1,1,311,Need Attention
13606,30,3,1.386294361,246.6,3,3,2,332,Potential Loyalist
13607,41,1,0.693147181,471.62,3,1,2,312,Need Attention
13610,13,7,2.079441542,729.57,4,4,3,443,Loyalist
13611,90,3,1.386294361,864.15,2,3,3,233,At-Risk High Value
13614,25,4,1.609437912,1014.91,3,3,3,333,Potential Loyalist
13615,319,1,0.693147181,300.09,1,1,2,112,Lost
13617,41,3,1.386294361,505.68,3,3,3,333,Potential Loyalist
13618,174,1,0.693147181,160.84,1,1,1,111,Lost
13621,117,1,0.693147181,116.41,2,1,1,211,Lost
13623,31,5,1.791759469,601.02,3,4,3,343,Loyalist
13626,253,1,0.693147181,162.61,1,1,1,111,Lost
13627,60,5,1.791759469,1203.15,2,4,4,244,At-Risk High Value
13629,24,11,2.48490665,4150.94,3,4,4,344,Loyalist
13630,6,7,2.079441542,1782.84,4,4,4,444,Champions
13631,100,7,2.079441542,3070.42,2,4,4,244,At-Risk High Value
13632,25,5,1.791759469,1325.26,3,4,4,344,Loyalist
13634,34,5,1.791759469,1233.47,3,4,4,344,Loyalist
13635,68,1,0.693147181,509.32,2,1,3,213,At-Risk High Value
13636,37,5,1.791759469,803.76,3,4,3,343,Loyalist
13637,53,3,1.386294361,587,2,3,3,233,At-Risk High Value
13638,16,1,0.693147181,90.3,4,1,1,411,New Customers
13639,75,1,0.693147181,805.04,2,1,3,213,At-Risk High Value
13642,216,1,0.693147181,236.79,1,1,2,112,Lost
13643,32,3,1.386294361,298.74,3,3,2,332,Potential Loyalist
13644,17,4,1.609437912,1287.26,4,3,4,434,Promising
13645,121,1,0.693147181,252.1,2,1,2,212,Lost
13647,10,4,1.609437912,1023.32,4,3,3,433,Promising
13649,257,2,1.098612289,308.5,1,2,2,122,Lost
13650,17,5,1.791759469,1317.59,4,4,4,444,Champions
13651,36,2,1.098612289,76.8,3,2,1,321,Need Attention
13652,46,3,1.386294361,678.93,3,3,3,333,Potential Loyalist
13654,44,5,1.791759469,1579.24,3,4,4,344,Loyalist
13655,115,2,1.098612289,606.43,2,2,3,223,At-Risk High Value
13656,165,2,1.098612289,289.01,1,2,2,122,Lost
13657,11,2,1.098612289,316.74,4,2,2,422,Promising
13658,10,3,1.386294361,1195.21,4,3,4,434,Promising
13659,206,2,1.098612289,1140.97,1,2,3,123,At-Risk High Value
13662,86,3,1.386294361,557.34,2,3,3,233,At-Risk High Value
13663,180,1,0.693147181,113.27,1,1,1,111,Lost
13666,61,2,1.098612289,74.05,2,2,1,221,Lost
13667,150,1,0.693147181,177.05,1,1,1,111,Lost
13668,3,21,3.091042453,4225.29,4,4,4,444,Champions
13669,51,2,1.098612289,140.85,3,2,1,321,Need Attention
13670,76,1,0.693147181,262.66,2,1,2,212,Lost
13672,302,2,1.098612289,186.39,1,2,1,121,Lost
13673,19,2,1.098612289,284.35,3,2,2,322,Need Attention
13675,152,2,1.098612289,328.84,1,2,2,122,Lost
13678,152,1,0.693147181,133.44,1,1,1,111,Lost
13680,2,4,1.609437912,2902.16,4,3,4,434,Promising
13681,18,4,1.609437912,690.22,4,3,3,433,Promising
13682,188,1,0.693147181,42.5,1,1,1,111,Lost
13684,286,1,0.693147181,38.03,1,1,1,111,Lost
13685,3,6,1.945910149,2405.28,4,4,4,444,Champions
13686,183,1,0.693147181,19,1,1,1,111,Lost
13689,64,1,0.693147181,194,2,1,1,211,Lost
13690,60,1,0.693147181,172.25,2,1,1,211,Lost
13692,25,3,1.386294361,968.96,3,3,3,333,Potential Loyalist
13694,4,35,3.583518938,44045.16,4,4,4,444,Champions
13695,32,14,2.708050201,2216.11,3,4,4,344,Loyalist
13697,39,1,0.693147181,98.9,3,1,1,311,Need Attention
13699,156,1,0.693147181,100.08,1,1,1,111,Lost
13700,27,8,2.197224577,1382.55,3,4,4,344,Loyalist
13703,319,1,0.693147181,99.5,1,1,1,111,Lost
13704,6,9,2.302585093,1735.17,4,4,4,444,Champions
13705,8,3,1.386294361,576.86,4,3,3,433,Promising
13706,303,1,0.693147181,177.47,1,1,1,111,Lost
13707,268,2,1.098612289,431.81,1,2,2,122,Lost
13708,272,1,0.693147181,177.7,1,1,1,111,Lost
13709,4,8,2.197224577,3691.04,4,4,4,444,Champions
13710,32,1,0.693147181,145.68,3,1,1,311,Need Attention
13711,219,1,0.693147181,223.71,1,1,2,112,Lost
13712,247,1,0.693147181,162.84,1,1,1,111,Lost
13715,282,4,1.609437912,716.34,1,3,3,133,At-Risk High Value
13716,270,1,0.693147181,104.03,1,1,1,111,Lost
13717,33,6,1.945910149,954.79,3,4,3,343,Loyalist
13718,247,2,1.098612289,276.55,1,2,2,122,Lost
13719,16,5,1.791759469,801.29,4,4,3,443,Loyalist
13720,117,4,1.609437912,517.3,2,3,3,233,At-Risk High Value
13721,37,1,0.693147181,339.34,3,1,2,312,Need Attention
13722,132,2,1.098612289,1411.15,2,2,4,224,At-Risk High Value
13723,218,1,0.693147181,199.85,1,1,1,111,Lost
13725,50,8,2.197224577,1024.79,3,4,3,343,Loyalist
13726,39,2,1.098612289,516.74,3,2,3,323,Potential Loyalist
13727,29,2,1.098612289,271.78,3,2,2,322,Need Attention
13728,37,6,1.945910149,483.04,3,4,3,343,Loyalist
13730,136,2,1.098612289,491.46,2,2,3,223,At-Risk High Value
13731,220,2,1.098612289,408.17,1,2,2,122,Lost
13732,29,1,0.693147181,226.19,3,1,2,312,Need Attention
13735,25,4,1.609437912,1862.36,3,3,4,334,Potential Loyalist
13736,6,2,1.098612289,419.73,4,2,2,422,Promising
13737,201,1,0.693147181,303.35,1,1,2,112,Lost
13739,19,1,0.693147181,216.9,3,1,2,312,Need Attention
13740,241,1,0.693147181,277.43,1,1,2,112,Lost
13741,72,3,1.386294361,513.28,2,3,3,233,At-Risk High Value
13742,17,11,2.48490665,2217.62,4,4,4,444,Champions
13743,3,7,2.079441542,1183.2,4,4,4,444,Champions
13744,96,2,1.098612289,410.8,2,2,2,222,Lost
13745,163,1,0.693147181,164.44,1,1,1,111,Lost
13747,374,1,0.693147181,79.6,1,1,1,111,Lost
13748,96,4,1.609437912,902.45,2,3,3,233,At-Risk High Value
13750,54,5,1.791759469,1536.26,2,4,4,244,At-Risk High Value
13751,289,1,0.693147181,296.25,1,1,2,112,Lost
13752,125,6,1.945910149,1064.45,2,4,3,243,At-Risk High Value
13753,288,1,0.693147181,354.16,1,1,2,112,Lost
13754,152,2,1.098612289,282.6,1,2,2,122,Lost
13755,4,8,2.197224577,1490.92,4,4,4,444,Champions
13756,3,12,2.564949357,3846.29,4,4,4,444,Champions
13758,12,7,2.079441542,2138.2,4,4,4,444,Champions
13759,34,2,1.098612289,454.79,3,2,2,322,Need Attention
13760,55,2,1.098612289,224.2,2,2,2,222,Lost
13761,51,2,1.098612289,628.43,3,2,3,323,Potential Loyalist
13762,219,1,0.693147181,216.72,1,1,2,112,Lost
13763,64,1,0.693147181,1082.32,2,1,3,213,At-Risk High Value
13764,71,3,1.386294361,1090.97,2,3,3,233,At-Risk High Value
13767,3,31,3.465735903,11693,4,4,4,444,Champions
13769,3,9,2.302585093,2220.94,4,4,4,444,Champions
13771,65,3,1.386294361,1702.92,2,3,4,234,At-Risk High Value
13772,34,3,1.386294361,740.23,3,3,3,333,Potential Loyalist
13774,82,1,0.693147181,197,2,1,1,211,Lost
13777,1,24,3.218875825,24671.08,4,4,4,444,Champions
13778,104,1,0.693147181,151.45,2,1,1,211,Lost
13780,8,2,1.098612289,283.76,4,2,2,422,Promising
13781,251,1,0.693147181,105.14,1,1,1,111,Lost
13782,13,6,1.945910149,679.95,4,4,3,443,Loyalist
13784,10,11,2.48490665,2462.79,4,4,4,444,Champions
13786,368,1,0.693147181,200.4,1,1,1,111,Lost
13787,76,2,1.098612289,232.3,2,2,2,222,Lost
13790,5,1,0.693147181,145.22,4,1,1,411,New Customers
13791,128,2,1.098612289,903,2,2,3,223,At-Risk High Value
13792,67,2,1.098612289,132.25,2,2,1,221,Lost
13798,2,53,3.988984047,32117.25,4,4,4,444,Champions
13799,117,2,1.098612289,426.48,2,2,2,222,Lost
13800,310,1,0.693147181,296.54,1,1,2,112,Lost
13801,67,1,0.693147181,245,2,1,2,212,Lost
13802,139,3,1.386294361,3554.5,2,3,4,234,At-Risk High Value
13803,256,1,0.693147181,207.17,1,1,1,111,Lost
13804,31,6,1.945910149,1848.02,3,4,4,344,Loyalist
13805,53,2,1.098612289,755.6,2,2,3,223,At-Risk High Value
13806,64,1,0.693147181,256.38,2,1,2,212,Lost
13807,368,1,0.693147181,76.9,1,1,1,111,Lost
13808,6,5,1.791759469,1174.08,4,4,4,444,Champions
13809,306,1,0.693147181,129.2,1,1,1,111,Lost
13810,29,2,1.098612289,1263.84,3,2,4,324,Potential Loyalist
13811,184,3,1.386294361,583.5,1,3,3,133,At-Risk High Value
13812,43,3,1.386294361,453.6,3,3,2,332,Potential Loyalist
13813,40,4,1.609437912,1072.14,3,3,3,333,Potential Loyalist
13814,93,2,1.098612289,722.17,2,2,3,223,At-Risk High Value
13815,23,4,1.609437912,2271.96,3,3,4,334,Potential Loyalist
13816,24,2,1.098612289,387.05,3,2,2,322,Need Attention
13817,30,2,1.098612289,284.46,3,2,2,322,Need Attention
13819,302,3,1.386294361,809.15,1,3,3,133,At-Risk High Value
13821,145,2,1.098612289,223.63,1,2,2,122,Lost
13822,6,2,1.098612289,411.61,4,2,2,422,Promising
13823,19,2,1.098612289,598.86,3,2,3,323,Potential Loyalist
13824,33,5,1.791759469,1344.44,3,4,4,344,Loyalist
13826,177,1,0.693147181,140.8,1,1,1,111,Lost
13827,58,3,1.386294361,265.65,2,3,2,232,Lost
13828,23,1,0.693147181,113.33,3,1,1,311,Need Attention
13831,17,6,1.945910149,2139.01,4,4,4,444,Champions
13832,20,1,0.693147181,52.2,3,1,1,311,Need Attention
13833,160,1,0.693147181,216.45,1,1,2,112,Lost
13835,26,4,1.609437912,609.12,3,3,3,333,Potential Loyalist
13837,212,2,1.098612289,264.49,1,2,2,122,Lost
13838,6,3,1.386294361,410.9,4,3,2,432,Potential Loyalist
13841,253,1,0.693147181,85,1,1,1,111,Lost
13842,59,9,2.302585093,2343.71,2,4,4,244,At-Risk High Value
13844,12,1,0.693147181,197.74,4,1,1,411,New Customers
13845,65,1,0.693147181,286.42,2,1,2,212,Lost
13846,25,3,1.386294361,516.3,3,3,3,333,Potential Loyalist
13848,93,3,1.386294361,1255,2,3,4,234,At-Risk High Value
13849,52,2,1.098612289,821.09,2,2,3,223,At-Risk High Value
13850,130,1,0.693147181,434.94,2,1,2,212,Lost
13851,96,3,1.386294361,2099.16,2,3,4,234,At-Risk High Value
13853,58,1,0.693147181,878.34,2,1,3,213,At-Risk High Value
13854,9,25,3.258096538,7807.36,4,4,4,444,Champions
13856,169,3,1.386294361,297.8,1,3,2,132,Lost
13858,58,1,0.693147181,166.82,2,1,1,211,Lost
13859,327,1,0.693147181,138.93,1,1,1,111,Lost
13860,2,4,1.609437912,960.76,4,3,3,433,Promising
13862,19,8,2.197224577,1410.31,3,4,4,344,Loyalist
13863,248,1,0.693147181,230.6,1,1,2,112,Lost
13865,59,4,1.609437912,446.36,2,3,2,232,Lost
13866,75,1,0.693147181,145.67,2,1,1,211,Lost
13867,32,3,1.386294361,700.69,3,3,3,333,Potential Loyalist
13868,8,2,1.098612289,2984.49,4,2,4,424,Promising
13869,124,4,1.609437912,1645.85,2,3,4,234,At-Risk High Value
13870,3,6,1.945910149,1902.28,4,4,4,444,Champions
13871,23,12,2.564949357,4049.3,3,4,4,344,Loyalist
13873,120,3,1.386294361,324.5,2,3,2,232,Lost
13874,359,1,0.693147181,507.75,1,1,3,113,Lost
13875,54,5,1.791759469,1202.39,2,4,4,244,At-Risk High Value
13876,64,1,0.693147181,95.1,2,1,1,211,Lost
13877,87,1,0.693147181,117.24,2,1,1,211,Lost
13878,55,1,0.693147181,1115.45,2,1,3,213,At-Risk High Value
13880,22,10,2.397895273,2434.6,3,4,4,344,Loyalist
13881,4,16,2.833213344,15116.1,4,4,4,444,Champions
13882,3,5,1.791759469,752.02,4,4,3,443,Loyalist
13883,11,3,1.386294361,1596.15,4,3,4,434,Promising
13884,8,4,1.609437912,596.1,4,3,3,433,Promising
13885,190,2,1.098612289,395.2,1,2,2,122,Lost
13886,72,1,0.693147181,138.76,2,1,1,211,Lost
13887,205,1,0.693147181,247.28,1,1,2,112,Lost
13888,120,2,1.098612289,424.47,2,2,2,222,Lost
13889,93,1,0.693147181,221.9,2,1,2,212,Lost
13890,2,9,2.302585093,1355.7,4,4,4,444,Champions
13892,27,4,1.609437912,617.97,3,3,3,333,Potential Loyalist
13893,298,1,0.693147181,656.1,1,1,3,113,Lost
13894,24,2,1.098612289,436.52,3,2,2,322,Need Attention
13895,29,4,1.609437912,1909.57,3,3,4,334,Potential Loyalist
13897,51,1,0.693147181,193.96,3,1,1,311,Need Attention
13898,326,1,0.693147181,116.81,1,1,1,111,Lost
13899,17,2,1.098612289,285.02,4,2,2,422,Promising
13900,184,3,1.386294361,547.73,1,3,3,133,At-Risk High Value
13901,73,5,1.791759469,1440.73,2,4,4,244,At-Risk High Value
13904,38,2,1.098612289,200.76,3,2,1,321,Need Attention
13908,80,4,1.609437912,1597.53,2,3,4,234,At-Risk High Value
13911,58,9,2.302585093,1917.86,2,4,4,244,At-Risk High Value
13914,12,2,1.098612289,521.93,4,2,3,423,Promising
13917,50,2,1.098612289,209.88,3,2,1,321,Need Attention
13918,50,2,1.098612289,942.54,3,2,3,323,Potential Loyalist
13919,60,2,1.098612289,210.87,2,2,1,221,Lost
13922,352,1,0.693147181,172.25,1,1,1,111,Lost
13923,54,1,0.693147181,230.17,2,1,2,212,Lost
13924,2,6,1.945910149,1258.97,4,4,4,444,Champions
13925,93,3,1.386294361,423.72,2,3,2,232,Lost
13926,24,1,0.693147181,188.45,3,1,1,311,Need Attention
13927,75,1,0.693147181,203.39,2,1,1,211,Lost
13928,11,4,1.609437912,449.57,4,3,2,432,Potential Loyalist
13929,170,2,1.098612289,842.65,1,2,3,123,At-Risk High Value
13930,58,2,1.098612289,200.54,2,2,1,221,Lost
13931,96,2,1.098612289,760.85,2,2,3,223,At-Risk High Value
13932,295,1,0.693147181,199.8,1,1,1,111,Lost
13933,110,2,1.098612289,391.74,2,2,2,222,Lost
13934,264,1,0.693147181,687.5,1,1,3,113,Lost
13936,180,1,0.693147181,219.8,1,1,2,112,Lost
13937,170,1,0.693147181,104.25,1,1,1,111,Lost
13938,36,1,0.693147181,65.02,3,1,1,311,Need Attention
13939,24,3,1.386294361,405.83,3,3,2,332,Potential Loyalist
13940,18,4,1.609437912,580.34,4,3,3,433,Promising
13941,22,5,1.791759469,4884.54,3,4,4,344,Loyalist
13946,80,3,1.386294361,561.57,2,3,3,233,At-Risk High Value
13947,66,1,0.693147181,51,2,1,1,211,Lost
13948,361,1,0.693147181,102,1,1,1,111,Lost
13949,3,6,1.945910149,1652.58,4,4,4,444,Champions
13950,12,4,1.609437912,562.33,4,3,3,433,Promising
13951,177,3,1.386294361,422.45,1,3,2,132,Lost
13952,218,2,1.098612289,1815.86,1,2,4,124,At-Risk High Value
13953,8,7,2.079441542,3458.08,4,4,4,444,Champions
13954,2,2,1.098612289,386.52,4,2,2,422,Promising
13955,155,2,1.098612289,256.76,1,2,2,122,Lost
13956,6,5,1.791759469,887.07,4,4,3,443,Loyalist
13959,80,3,1.386294361,437.02,2,3,2,232,Lost
13960,22,2,1.098612289,170.76,3,2,1,321,Need Attention
13962,22,2,1.098612289,169.55,3,2,1,321,Need Attention
13963,309,4,1.609437912,510.59,1,3,3,133,At-Risk High Value
13967,146,1,0.693147181,80.7,1,1,1,111,Lost
13969,8,17,2.890371758,6381.78,4,4,4,444,Champions
13971,19,8,2.197224577,1955.78,3,4,4,344,Loyalist
13972,71,2,1.098612289,136.67,2,2,1,221,Lost
13973,288,1,0.693147181,264.7,1,1,2,112,Lost
13974,50,1,0.693147181,190.17,3,1,1,311,Need Attention
13975,32,5,1.791759469,1440.57,3,4,4,344,Loyalist
13976,207,1,0.693147181,342.98,1,1,2,112,Lost
13978,15,2,1.098612289,178.07,4,2,1,421,Promising
13979,74,1,0.693147181,393.47,2,1,2,212,Lost
13980,61,1,0.693147181,195.58,2,1,1,211,Lost
13982,40,4,1.609437912,1438.97,3,3,4,334,Potential Loyalist
13983,30,10,2.397895273,2343.18,3,4,4,344,Loyalist
13984,27,5,1.791759469,849.21,3,4,3,343,Loyalist
13985,5,15,2.772588722,3772.23,4,4,4,444,Champions
13986,18,1,0.693147181,282.33,4,1,2,412,New Customers
13988,20,6,1.945910149,3002.42,3,4,4,344,Loyalist
13989,66,2,1.098612289,969.58,2,2,3,223,At-Risk High Value
13990,214,1,0.693147181,197.45,1,1,1,111,Lost
13991,13,5,1.791759469,639.76,4,4,3,443,Loyalist
13992,31,1,0.693147181,48.3,3,1,1,311,Need Attention
13993,43,9,2.302585093,2895.96,3,4,4,344,Loyalist
13994,4,6,1.945910149,1591.62,4,4,4,444,Champions
13995,16,5,1.791759469,761.69,4,4,3,443,Loyalist
13999,11,12,2.564949357,2730.08,4,4,4,444,Champions
14000,212,1,0.693147181,560.06,1,1,3,113,Lost
14001,46,3,1.386294361,1291.58,3,3,4,334,Potential Loyalist
14002,135,2,1.098612289,293.77,2,2,2,222,Lost
14004,44,7,2.079441542,2256.08,3,4,4,344,Loyalist
14005,10,5,1.791759469,1768.18,4,4,4,444,Champions
14006,116,3,1.386294361,605.07,2,3,3,233,At-Risk High Value
14009,199,2,1.098612289,403.56,1,2,2,122,Lost
14012,278,1,0.693147181,226.5,1,1,2,112,Lost
14013,111,3,1.386294361,292.48,2,3,2,232,Lost
14014,78,1,0.693147181,293.7,2,1,2,212,Lost
14015,53,1,0.693147181,563.34,2,1,3,213,At-Risk High Value
14016,162,4,1.609437912,2726.01,1,3,4,134,At-Risk High Value
14019,47,3,1.386294361,1015.41,3,3,3,333,Potential Loyalist
14020,17,2,1.098612289,461.44,4,2,2,422,Promising
14021,156,3,1.386294361,500.35,1,3,3,133,At-Risk High Value
14022,226,1,0.693147181,300.2,1,1,2,112,Lost
14023,8,2,1.098612289,403.54,4,2,2,422,Promising
14024,122,2,1.098612289,203.2,2,2,1,221,Lost
14027,61,1,0.693147181,62.46,2,1,1,211,Lost
14029,64,2,1.098612289,385.06,2,2,2,222,Lost
14030,19,7,2.079441542,1653.65,3,4,4,344,Loyalist
14031,8,17,2.890371758,15181.48,4,4,4,444,Champions
14032,3,11,2.48490665,2482.37,4,4,4,444,Champions
14034,23,2,1.098612289,571.14,3,2,3,323,Potential Loyalist
14035,29,5,1.791759469,1273.92,3,4,4,344,Loyalist
14036,285,1,0.693147181,357.7,1,1,2,112,Lost
14037,177,2,1.098612289,77.9,1,2,1,121,Lost
14038,79,3,1.386294361,555.72,2,3,3,233,At-Risk High Value
14039,34,1,0.693147181,102.7,3,1,1,311,Need Attention
14040,41,11,2.48490665,2241.27,3,4,4,344,Loyalist
14041,267,1,0.693147181,130.56,1,1,1,111,Lost
14044,27,4,1.609437912,366.3,3,3,2,332,Potential Loyalist
14045,110,3,1.386294361,1659.75,2,3,4,234,At-Risk High Value
14046,285,1,0.693147181,137.53,1,1,1,111,Lost
14047,9,5,1.791759469,1187.91,4,4,4,444,Champions
14048,306,1,0.693147181,186.67,1,1,1,111,Lost
14049,17,4,1.609437912,3045.28,4,3,4,434,Promising
14050,32,2,1.098612289,445.36,3,2,2,322,Need Attention
14051,1,22,3.135494216,13023.49,4,4,4,444,Champions
14052,20,1,0.693147181,147.43,3,1,1,311,Need Attention
14053,125,2,1.098612289,260.25,2,2,2,222,Lost
14054,66,1,0.693147181,26.46,2,1,1,211,Lost
14055,107,1,0.693147181,712.12,2,1,3,213,At-Risk High Value
14056,2,23,3.17805383,5477.51,4,4,4,444,Champions
14057,24,14,2.708050201,4015.25,3,4,4,344,Loyalist
14059,267,1,0.693147181,104.4,1,1,1,111,Lost
14060,5,19,2.995732274,5354.44,4,4,4,444,Champions
14062,10,11,2.48490665,7702.01,4,4,4,444,Champions
14064,30,5,1.791759469,1101,3,4,3,343,Loyalist
14066,267,1,0.693147181,121.95,1,1,1,111,Lost
14067,64,2,1.098612289,324.69,2,2,2,222,Lost
14068,321,1,0.693147181,211.1,1,1,1,111,Lost
14071,4,7,2.079441542,918.04,4,4,3,443,Loyalist
14073,33,1,0.693147181,95.16,3,1,1,311,Need Attention
14075,5,3,1.386294361,691.34,4,3,3,433,Promising
14076,130,1,0.693147181,86.62,2,1,1,211,Lost
14077,41,5,1.791759469,437.59,3,4,2,342,Loyalist
14078,102,6,1.945910149,967.63,2,4,3,243,At-Risk High Value
14079,125,1,0.693147181,339.1,2,1,2,212,Lost
14080,33,1,0.693147181,25.2,3,1,1,311,Need Attention
14081,303,2,1.098612289,597.65,1,2,3,123,At-Risk High Value
14082,365,1,0.693147181,127.85,1,1,1,111,Lost
14083,5,8,2.197224577,670.56,4,4,3,443,Loyalist
14085,3,16,2.833213344,3300.24,4,4,4,444,Champions
14087,3,1,0.693147181,113.9,4,1,1,411,New Customers
14088,11,12,2.564949357,42980.72,4,4,4,444,Champions
14089,57,1,0.693147181,154.25,2,1,1,211,Lost
14090,325,1,0.693147181,76.32,1,1,1,111,Lost
14092,8,12,2.564949357,2941.04,4,4,4,444,Champions
14093,13,1,0.693147181,224.91,4,1,2,412,New Customers
14096,5,17,2.890371758,37934.85,4,4,4,444,Champions
14098,37,1,0.693147181,139.4,3,1,1,311,Need Attention
14099,17,11,2.48490665,2528.56,4,4,4,444,Champions
14100,138,1,0.693147181,150.8,2,1,1,211,Lost
14101,74,6,1.945910149,5976.79,2,4,4,244,At-Risk High Value
14102,6,5,1.791759469,950.68,4,4,3,443,Loyalist
14104,155,2,1.098612289,192.61,1,2,1,121,Lost
14105,240,1,0.693147181,548.98,1,1,3,113,Lost
14107,52,7,2.079441542,1872.83,2,4,4,244,At-Risk High Value
14108,31,2,1.098612289,547.33,3,2,3,323,Potential Loyalist
14109,73,1,0.693147181,109.2,2,1,1,211,Lost
14110,4,12,2.564949357,4336.55,4,4,4,444,Champions
14111,15,4,1.609437912,692.85,4,3,3,433,Promising
14112,23,5,1.791759469,1194.86,3,4,4,344,Loyalist
14113,4,4,1.609437912,1746.94,4,3,4,434,Promising
14114,274,2,1.098612289,242.23,1,2,2,122,Lost
14116,20,5,1.791759469,1050.4,3,4,3,343,Loyalist
14117,144,1,0.693147181,30,1,1,1,111,Lost
14121,4,4,1.609437912,1615.77,4,3,4,434,Promising
14124,85,1,0.693147181,419.58,2,1,2,212,Lost
14125,11,3,1.386294361,1278.7,4,3,4,434,Promising
14126,8,2,1.098612289,624.33,4,2,3,423,Promising
14127,123,3,1.386294361,307.13,2,3,2,232,Lost
14128,61,2,1.098612289,357.3,2,2,2,222,Lost
14129,2,4,1.609437912,792.06,4,3,3,433,Promising
14130,320,1,0.693147181,290.08,1,1,2,112,Lost
14132,3,11,2.48490665,2474.97,4,4,4,444,Champions
14133,130,2,1.098612289,466.34,2,2,2,222,Lost
14135,2,14,2.708050201,3572.57,4,4,4,444,Champions
14138,2,2,1.098612289,600.1,4,2,3,423,Promising
14139,47,1,0.693147181,303.02,3,1,2,312,Need Attention
14140,4,2,1.098612289,436.37,4,2,2,422,Promising
14141,3,4,1.609437912,723.23,4,3,3,433,Promising
14142,374,1,0.693147181,247.07,1,1,2,112,Lost
14143,134,1,0.693147181,51.8,2,1,1,211,Lost
14145,47,4,1.609437912,2554.2,3,3,4,334,Potential Loyalist
14146,9,4,1.609437912,2342.34,4,3,4,434,Promising
14147,79,2,1.098612289,483.4,2,2,3,223,At-Risk High Value
14148,234,1,0.693147181,142.35,1,1,1,111,Lost
14149,221,1,0.693147181,206.11,1,1,1,111,Lost
14150,36,2,1.098612289,629.72,3,2,3,323,Potential Loyalist
14152,76,2,1.098612289,385.19,2,2,2,222,Lost
14154,240,1,0.693147181,773.12,1,1,3,113,Lost
14155,267,1,0.693147181,47.35,1,1,1,111,Lost
14156,10,43,3.784189634,90120.55,4,4,4,444,Champions
14157,20,2,1.098612289,306.15,3,2,2,322,Need Attention
14158,41,1,0.693147181,232.8,3,1,2,312,Need Attention
14159,20,11,2.48490665,2427.05,3,4,4,344,Loyalist
14161,216,3,1.386294361,864.26,1,3,3,133,At-Risk High Value
14162,174,2,1.098612289,286.06,1,2,2,122,Lost
14163,88,4,1.609437912,1940.86,2,3,4,234,At-Risk High Value
14164,71,2,1.098612289,1110.97,2,2,3,223,At-Risk High Value
14165,276,1,0.693147181,83.8,1,1,1,111,Lost
14167,40,4,1.609437912,340.64,3,3,2,332,Potential Loyalist
14171,99,1,0.693147181,268.82,2,1,2,212,Lost
14173,11,3,1.386294361,415.84,4,3,2,432,Potential Loyalist
14174,34,1,0.693147181,95.6,3,1,1,311,Need Attention
14175,60,3,1.386294361,1762.6,2,3,4,234,At-Risk High Value
14176,298,3,1.386294361,356.9,1,3,2,132,Lost
14177,87,3,1.386294361,505.36,2,3,3,233,At-Risk High Value
14178,9,7,2.079441542,1147.87,4,4,4,444,Champions
14179,41,2,1.098612289,370.46,3,2,2,322,Need Attention
14180,11,24,3.218875825,4091.42,4,4,4,444,Champions
14184,67,1,0.693147181,280.49,2,1,2,212,Lost
14185,332,1,0.693147181,197.65,1,1,1,111,Lost
14188,31,6,1.945910149,1240.76,3,4,4,344,Loyalist
14189,3,14,2.708050201,3219.75,4,4,4,444,Champions
14191,2,13,2.63905733,2544.37,4,4,4,444,Champions
14193,68,2,1.098612289,483.19,2,2,3,223,At-Risk High Value
14194,5,15,2.772588722,7014.95,4,4,4,444,Champions
14195,202,2,1.098612289,920.2,1,2,3,123,At-Risk High Value
14196,107,1,0.693147181,335.52,2,1,2,212,Lost
14198,19,4,1.609437912,574.95,3,3,3,333,Potential Loyalist
14199,219,1,0.693147181,185.4,1,1,1,111,Lost
14201,61,7,2.079441542,695.48,2,4,3,243,At-Risk High Value
14204,3,1,0.693147181,118.52,4,1,1,411,New Customers
14205,17,2,1.098612289,197.1,4,2,1,421,Promising
14206,240,1,0.693147181,158.78,1,1,1,111,Lost
14208,95,1,0.693147181,127.72,2,1,1,211,Lost
14209,11,6,1.945910149,1634.34,4,4,4,444,Champions
14210,106,6,1.945910149,1385.65,2,4,4,244,At-Risk High Value
14211,54,9,2.302585093,1675.46,2,4,4,244,At-Risk High Value
14212,90,1,0.693147181,680.68,2,1,3,213,At-Risk High Value
14214,31,5,1.791759469,692.54,3,4,3,343,Loyalist
14215,12,6,1.945910149,938.88,4,4,3,443,Loyalist
14216,4,4,1.609437912,1611.34,4,3,4,434,Promising
14217,2,16,2.833213344,1703.38,4,4,4,444,Champions
14218,43,1,0.693147181,106.62,3,1,1,311,Need Attention
14219,5,1,0.693147181,85.26,4,1,1,411,New Customers
14220,248,2,1.098612289,532.05,1,2,3,123,At-Risk High Value
14221,43,7,2.079441542,2068.38,3,4,4,344,Loyalist
14222,178,1,0.693147181,360.25,1,1,2,112,Lost
14223,93,3,1.386294361,677.99,2,3,3,233,At-Risk High Value
14224,111,4,1.609437912,838.72,2,3,3,233,At-Risk High Value
14226,29,5,1.791759469,1755.45,3,4,4,344,Loyalist
14227,27,6,1.945910149,1843.37,3,4,4,344,Loyalist
14229,52,3,1.386294361,1359.7,2,3,4,234,At-Risk High Value
14231,184,3,1.386294361,577.36,1,3,3,133,At-Risk High Value
14232,43,5,1.791759469,1452.22,3,4,4,344,Loyalist
14233,50,4,1.609437912,1282.12,3,3,4,334,Potential Loyalist
14234,23,4,1.609437912,462.18,3,3,2,332,Potential Loyalist
14235,76,4,1.609437912,2419,2,3,4,234,At-Risk High Value
14236,81,2,1.098612289,418.14,2,2,2,222,Lost
14237,374,1,0.693147181,126.3,1,1,1,111,Lost
14238,327,1,0.693147181,146.85,1,1,1,111,Lost
14239,44,11,2.48490665,1647.4,3,4,4,344,Loyalist
14240,31,2,1.098612289,724.98,3,2,3,323,Potential Loyalist
14241,184,1,0.693147181,157.3,1,1,1,111,Lost
14242,235,2,1.098612289,280.55,1,2,2,122,Lost
14243,9,10,2.397895273,2072.25,4,4,4,444,Champions
14245,220,2,1.098612289,750.21,1,2,3,123,At-Risk High Value
14246,111,3,1.386294361,992.41,2,3,3,233,At-Risk High Value
14247,279,1,0.693147181,106.27,1,1,1,111,Lost
14248,319,1,0.693147181,272.58,1,1,2,112,Lost
14250,8,2,1.098612289,941.26,4,2,3,423,Promising
14251,2,5,1.791759469,1909.56,4,4,4,444,Champions
14256,261,2,1.098612289,662.9,1,2,3,123,At-Risk High Value
14257,65,5,1.791759469,2241.42,2,4,4,244,At-Risk High Value
14258,10,8,2.197224577,10578.02,4,4,4,444,Champions
14259,142,1,0.693147181,120,2,1,1,211,Lost
14261,51,2,1.098612289,552.87,3,2,3,323,Potential Loyalist
14262,9,8,2.197224577,1447.11,4,4,4,444,Champions
14264,155,2,1.098612289,234.67,1,2,2,122,Lost
14265,110,2,1.098612289,347.08,2,2,2,222,Lost
14267,163,2,1.098612289,1179.14,1,2,4,124,At-Risk High Value
14270,332,1,0.693147181,259.35,1,1,2,112,Lost
14271,226,1,0.693147181,87.24,1,1,1,111,Lost
14272,74,2,1.098612289,393.5,2,2,2,222,Lost
14273,52,4,1.609437912,281.57,2,3,2,232,Lost
14276,99,3,1.386294361,635.29,2,3,3,233,At-Risk High Value
14277,16,3,1.386294361,2559.96,4,3,4,434,Promising
14280,197,1,0.693147181,114.24,1,1,1,111,Lost
14282,4,15,2.772588722,1921.25,4,4,4,444,Champions
14284,31,2,1.098612289,420.25,3,2,2,322,Need Attention
14285,22,4,1.609437912,1778.13,3,3,4,334,Potential Loyalist
14286,24,3,1.386294361,1762.83,3,3,4,334,Potential Loyalist
14287,9,2,1.098612289,176.63,4,2,1,421,Promising
14288,214,1,0.693147181,318.6,1,1,2,112,Lost
14289,9,6,1.945910149,610.24,4,4,3,443,Loyalist
14290,12,5,1.791759469,1633.98,4,4,4,444,Champions
14291,2,7,2.079441542,2143.28,4,4,4,444,Champions
14292,8,6,1.945910149,3400.09,4,4,4,444,Champions
14293,4,4,1.609437912,635.53,4,3,3,433,Promising
14295,41,1,0.693147181,90.6,3,1,1,311,Need Attention
14297,18,4,1.609437912,990.61,4,3,3,433,Promising
14298,9,25,3.258096538,28643.23,4,4,4,444,Champions
14299,9,9,2.302585093,3267.4,4,4,4,444,Champions
14300,19,1,0.693147181,26.7,3,1,1,311,Need Attention
14301,118,1,0.693147181,563.82,2,1,3,213,At-Risk High Value
14304,223,1,0.693147181,258.5,1,1,2,112,Lost
14305,72,3,1.386294361,1082.5,2,3,3,233,At-Risk High Value
14306,52,2,1.098612289,1670.74,2,2,4,224,At-Risk High Value
14307,89,5,1.791759469,1797.64,2,4,4,244,At-Risk High Value
14309,9,9,2.302585093,1568.31,4,4,4,444,Champions
14311,243,1,0.693147181,224.21,1,1,2,112,Lost
14312,47,6,1.945910149,1195.41,3,4,4,344,Loyalist
14314,107,1,0.693147181,110.64,2,1,1,211,Lost
14315,45,6,1.945910149,1519.58,3,4,4,344,Loyalist
14317,65,1,0.693147181,423.78,2,1,2,212,Lost
14320,207,2,1.098612289,292.51,1,2,2,122,Lost
14321,11,5,1.791759469,1103.75,4,4,3,443,Loyalist
14323,115,2,1.098612289,406.58,2,2,2,222,Lost
14326,243,1,0.693147181,151.85,1,1,1,111,Lost
14327,164,1,0.693147181,280.85,1,1,2,112,Lost
14329,18,6,1.945910149,2576.62,4,4,4,444,Champions
14331,125,2,1.098612289,301.08,2,2,2,222,Lost
14332,23,3,1.386294361,760.8,3,3,3,333,Potential Loyalist
14333,68,1,0.693147181,277.35,2,1,2,212,Lost
14334,17,8,2.197224577,1378.59,4,4,4,444,Champions
14335,17,2,1.098612289,280.81,4,2,2,422,Promising
14336,17,4,1.609437912,1140.07,4,3,3,433,Promising
14338,162,2,1.098612289,362.42,1,2,2,122,Lost
14339,243,1,0.693147181,257.42,1,1,2,112,Lost
14340,219,1,0.693147181,114.9,1,1,1,111,Lost
14341,46,5,1.791759469,1147.1,3,4,3,343,Loyalist
14342,22,4,1.609437912,605.66,3,3,3,333,Potential Loyalist
14344,128,8,2.197224577,803.34,2,4,3,243,At-Risk High Value
14345,39,1,0.693147181,108.98,3,1,1,311,Need Attention
14346,121,2,1.098612289,583.2,2,2,3,223,At-Risk High Value
14348,261,1,0.693147181,304.57,1,1,2,112,Lost
14349,11,1,0.693147181,97.14,4,1,1,411,New Customers
14350,275,1,0.693147181,155.49,1,1,1,111,Lost
14351,165,1,0.693147181,51,1,1,1,111,Lost
14352,158,3,1.386294361,743.81,1,3,3,133,At-Risk High Value
14353,216,1,0.693147181,75.6,1,1,1,111,Lost
14354,6,2,1.098612289,163.62,4,2,1,421,Promising
14355,366,1,0.693147181,111.7,1,1,1,111,Lost
14356,80,2,1.098612289,496.25,2,2,3,223,At-Risk High Value
14357,44,1,0.693147181,166.17,3,1,1,311,Need Attention
14359,20,3,1.386294361,622.98,3,3,3,333,Potential Loyalist
14360,32,3,1.386294361,1195.67,3,3,4,334,Potential Loyalist
14362,23,1,0.693147181,97.62,3,1,1,311,Need Attention
14364,109,7,2.079441542,2324.85,2,4,4,244,At-Risk High Value
14367,9,13,2.63905733,5082.8,4,4,4,444,Champions
14368,320,1,0.693147181,121,1,1,1,111,Lost
14371,296,1,0.693147181,100.5,1,1,1,111,Lost
14373,359,1,0.693147181,76.55,1,1,1,111,Lost
14375,186,1,0.693147181,191.39,1,1,1,111,Lost
14377,192,2,1.098612289,557.05,1,2,3,123,At-Risk High Value
14379,45,2,1.098612289,251.42,3,2,2,322,Need Attention
14381,53,1,0.693147181,120.9,2,1,1,211,Lost
14382,27,1,0.693147181,377.27,3,1,2,312,Need Attention
14383,39,3,1.386294361,1092.42,3,3,3,333,Potential Loyalist
14385,10,3,1.386294361,176.11,4,3,1,431,Potential Loyalist
14386,297,1,0.693147181,124.7,1,1,1,111,Lost
14387,33,3,1.386294361,1036.8,3,3,3,333,Potential Loyalist
14388,11,8,2.197224577,1872.94,4,4,4,444,Champions
14389,66,2,1.098612289,448.46,2,2,2,222,Lost
14390,11,8,2.197224577,3404.2,4,4,4,444,Champions
14393,219,1,0.693147181,67.95,1,1,1,111,Lost
14395,3,9,2.302585093,2511.45,4,4,4,444,Champions
14396,66,2,1.098612289,302.93,2,2,2,222,Lost
14397,3,19,2.995732274,2522.96,4,4,4,444,Champions
14400,150,1,0.693147181,401.55,1,1,2,112,Lost
14401,5,13,2.63905733,3144.92,4,4,4,444,Champions
14403,131,4,1.609437912,1372.06,2,3,4,234,At-Risk High Value
14404,34,6,1.945910149,967.19,3,4,3,343,Loyalist
14406,120,1,0.693147181,135.95,2,1,1,211,Lost
14407,108,6,1.945910149,1810.24,2,4,4,244,At-Risk High Value
14408,11,7,2.079441542,2035.73,4,4,4,444,Champions
14409,72,5,1.791759469,1530.75,2,4,4,244,At-Risk High Value
14410,93,7,2.079441542,738.1,2,4,3,243,At-Risk High Value
14411,311,1,0.693147181,637,1,1,3,113,Lost
14412,43,2,1.098612289,626.11,3,2,3,323,Potential Loyalist
14413,363,1,0.693147181,98,1,1,1,111,Lost
14414,92,7,2.079441542,1241.98,2,4,4,244,At-Risk High Value
14415,2,13,2.63905733,3543.46,4,4,4,444,Champions
14416,23,2,1.098612289,451.32,3,2,2,322,Need Attention
14418,4,3,1.386294361,1426.17,4,3,4,434,Promising
14419,11,6,1.945910149,650.7,4,4,3,443,Loyalist
14420,100,1,0.693147181,199.8,2,1,1,211,Lost
14421,58,2,1.098612289,656.12,2,2,3,223,At-Risk High Value
14422,1,6,1.945910149,2609.08,4,4,4,444,Champions
14423,219,1,0.693147181,265.2,1,1,2,112,Lost
14424,18,1,0.693147181,322.08,4,1,2,412,New Customers
14426,24,7,2.079441542,2710.67,3,4,4,344,Loyalist
14427,51,2,1.098612289,333.4,3,2,2,322,Need Attention
14428,8,5,1.791759469,1006.55,4,4,3,443,Loyalist
14431,303,1,0.693147181,318.26,1,1,2,112,Lost
14432,10,6,1.945910149,1471.22,4,4,4,444,Champions
14434,22,6,1.945910149,1372.8,3,4,4,344,Loyalist
14436,99,1,0.693147181,76.7,2,1,1,211,Lost
14437,366,1,0.693147181,42.6,1,1,1,111,Lost
14438,307,1,0.693147181,45.4,1,1,1,111,Lost
14439,320,1,0.693147181,1510.14,1,1,4,114,Lost
14440,9,5,1.791759469,1857.44,4,4,4,444,Champions
14441,1,4,1.609437912,1545.59,4,3,4,434,Promising
14442,205,2,1.098612289,1308.27,1,2,4,124,At-Risk High Value
14443,54,4,1.609437912,749.56,2,3,3,233,At-Risk High Value
14446,1,4,1.609437912,612.39,4,3,3,433,Promising
14447,19,4,1.609437912,580.19,3,3,3,333,Potential Loyalist
14448,10,2,1.098612289,354.05,4,2,2,422,Promising
14449,19,4,1.609437912,611.53,3,3,3,333,Potential Loyalist
14450,181,3,1.386294361,459.25,1,3,2,132,Lost
14451,61,2,1.098612289,336.64,2,2,2,222,Lost
14452,11,2,1.098612289,187.45,4,2,1,421,Promising
14453,191,1,0.693147181,94.53,1,1,1,111,Lost
14456,6,8,2.197224577,1495.49,4,4,4,444,Champions
14457,311,1,0.693147181,113.64,1,1,1,111,Lost
14459,156,1,0.693147181,1246.22,1,1,4,114,Lost
14460,111,3,1.386294361,396.9,2,3,2,232,Lost
14461,149,3,1.386294361,1273.21,1,3,4,134,At-Risk High Value
14462,67,9,2.302585093,1612.63,2,4,4,244,At-Risk High Value
14463,99,3,1.386294361,529.62,2,3,3,233,At-Risk High Value
14465,247,2,1.098612289,655.12,1,2,3,123,At-Risk High Value
14466,30,7,2.079441542,1880.45,3,4,4,344,Loyalist
14467,18,4,1.609437912,432.96,4,3,2,432,Potential Loyalist
14470,12,2,1.098612289,365.26,4,2,2,422,Promising
14472,104,8,2.197224577,1452.41,2,4,4,244,At-Risk High Value
14473,75,2,1.098612289,234.34,2,2,2,222,Lost
14474,47,1,0.693147181,320.26,3,1,2,312,Need Attention
14475,72,3,1.386294361,774.05,2,3,3,233,At-Risk High Value
14476,258,1,0.693147181,187.1,1,1,1,111,Lost
14477,20,4,1.609437912,826.8,3,3,3,333,Potential Loyalist
14479,254,2,1.098612289,251.75,1,2,2,122,Lost
14480,12,1,0.693147181,204.05,4,1,1,411,New Customers
14481,165,2,1.098612289,494.01,1,2,3,123,At-Risk High Value
14482,19,6,1.945910149,1543.72,3,4,4,344,Loyalist
14483,282,1,0.693147181,120.75,1,1,1,111,Lost
14484,51,1,0.693147181,218.76,3,1,2,312,Need Attention
14485,39,1,0.693147181,83.01,3,1,1,311,Need Attention
14487,27,5,1.791759469,859.39,3,4,3,343,Loyalist
14488,68,1,0.693147181,700.06,2,1,3,213,At-Risk High Value
14489,208,1,0.693147181,161.63,1,1,1,111,Lost
14491,176,2,1.098612289,273.23,1,2,2,122,Lost
14493,8,5,1.791759469,1556.78,4,4,4,444,Champions
14494,26,1,0.693147181,92.16,3,1,1,311,Need Attention
14495,51,2,1.098612289,61.4,3,2,1,321,Need Attention
14496,312,2,1.098612289,478.06,1,2,2,122,Lost
14497,310,1,0.693147181,336.91,1,1,2,112,Lost
14498,43,5,1.791759469,1427.76,3,4,4,344,Loyalist
14499,27,3,1.386294361,474.67,3,3,2,332,Potential Loyalist
14500,89,3,1.386294361,356.85,2,3,2,232,Lost
14501,184,2,1.098612289,194.17,1,2,1,121,Lost
14502,20,9,2.302585093,1494.04,3,4,4,344,Loyalist
14503,4,6,1.945910149,2197.61,4,4,4,444,Champions
14504,48,4,1.609437912,526.78,3,3,3,333,Potential Loyalist
14505,18,8,2.197224577,3631.72,4,4,4,444,Champions
14506,18,5,1.791759469,1162.28,4,4,4,444,Champions
14507,24,5,1.791759469,1123.7,3,4,3,343,Loyalist
14508,23,2,1.098612289,220.33,3,2,2,322,Need Attention
14511,12,5,1.791759469,901.49,4,4,3,443,Loyalist
14512,188,2,1.098612289,229.38,1,2,2,122,Lost
14513,101,3,1.386294361,453.94,2,3,2,232,Lost
14514,62,3,1.386294361,874.75,2,3,3,233,At-Risk High Value
14515,18,5,1.791759469,1760.58,4,4,4,444,Champions
14517,34,2,1.098612289,266.1,3,2,2,322,Need Attention
14518,65,1,0.693147181,136.58,2,1,1,211,Lost
14520,2,2,1.098612289,270.6,4,2,2,422,Promising
14522,25,4,1.609437912,776.24,3,3,3,333,Potential Loyalist
14523,109,1,0.693147181,205.69,2,1,1,211,Lost
14524,32,6,1.945910149,1504.2,3,4,4,344,Loyalist
14525,20,9,2.302585093,3526.43,3,4,4,344,Loyalist
14527,3,54,4.007333185,7042.01,4,4,4,444,Champions
14528,38,1,0.693147181,345.62,3,1,2,312,Need Attention
14529,61,3,1.386294361,355.43,2,3,2,232,Lost
14530,26,6,1.945910149,2462.66,3,4,4,344,Loyalist
14532,237,4,1.609437912,490.95,1,3,3,133,At-Risk High Value
14533,25,7,2.079441542,1777.4,3,4,4,344,Loyalist
14534,3,18,2.944438979,3388,4,4,4,444,Champions
14535,61,3,1.386294361,1668.31,2,3,4,234,At-Risk High Value
14536,260,1,0.693147181,142.65,1,1,1,111,Lost
14537,58,1,0.693147181,193.8,2,1,1,211,Lost
14538,65,2,1.098612289,320.51,2,2,2,222,Lost
14539,16,2,1.098612289,402.6,4,2,2,422,Promising
14540,10,3,1.386294361,838.22,4,3,3,433,Promising
14541,59,7,2.079441542,1221.95,2,4,4,244,At-Risk High Value
14542,186,1,0.693147181,103.25,1,1,1,111,Lost
14543,29,15,2.772588722,3552.73,3,4,4,344,Loyalist
14544,25,2,1.098612289,1280.2,3,2,4,324,Potential Loyalist
14546,6,5,1.791759469,1560.55,4,4,4,444,Champions
14547,4,8,2.197224577,2746.46,4,4,4,444,Champions
14548,151,2,1.098612289,652.8,1,2,3,123,At-Risk High Value
14549,312,1,0.693147181,193.99,1,1,1,111,Lost
14550,11,2,1.098612289,661.9,4,2,3,423,Promising
14551,19,2,1.098612289,186.23,3,2,1,321,Need Attention
14552,152,1,0.693147181,106.66,1,1,1,111,Lost
14553,20,4,1.609437912,711.79,3,3,3,333,Potential Loyalist
14554,11,4,1.609437912,1610.3,4,3,4,434,Promising
14555,58,2,1.098612289,275.44,2,2,2,222,Lost
14557,86,1,0.693147181,688.54,2,1,3,213,At-Risk High Value
14560,8,20,3.044522438,1938.06,4,4,4,444,Champions
14561,76,3,1.386294361,714.52,2,3,3,233,At-Risk High Value
14562,4,17,2.890371758,3811.14,4,4,4,444,Champions
14565,96,4,1.609437912,1929.93,2,3,4,234,At-Risk High Value
14566,111,1,0.693147181,358,2,1,2,212,Lost
14567,57,2,1.098612289,962.76,2,2,3,223,At-Risk High Value
14569,2,1,0.693147181,224.89,4,1,2,412,New Customers
14570,281,1,0.693147181,181.18,1,1,1,111,Lost
14572,4,7,2.079441542,2189.74,4,4,4,444,Champions
14573,180,8,2.197224577,1289.49,1,4,4,144,At-Risk High Value
14576,373,1,0.693147181,35.4,1,1,1,111,Lost
14577,13,4,1.609437912,430.81,4,3,2,432,Potential Loyalist
14578,4,1,0.693147181,117.03,4,1,1,411,New Customers
14581,17,1,0.693147181,136.5,4,1,1,411,New Customers
14582,41,1,0.693147181,100.36,3,1,1,311,Need Attention
14583,6,5,1.791759469,640.03,4,4,3,443,Loyalist
14584,170,4,1.609437912,787.15,1,3,3,133,At-Risk High Value
14585,51,1,0.693147181,113.71,3,1,1,311,Need Attention
14586,277,1,0.693147181,128.52,1,1,1,111,Lost
14587,19,9,2.302585093,1056.8,3,4,3,343,Loyalist
14589,372,1,0.693147181,23.85,1,1,1,111,Lost
14591,16,2,1.098612289,824.2,4,2,3,423,Promising
14592,36,3,1.386294361,384.26,3,3,2,332,Potential Loyalist
14593,22,2,1.098612289,437.31,3,2,2,322,Need Attention
14594,8,2,1.098612289,218.98,4,2,2,422,Promising
14595,20,6,1.945910149,1009.43,3,4,3,343,Loyalist
14597,12,2,1.098612289,770.64,4,2,3,423,Promising
14598,45,1,0.693147181,147.53,3,1,1,311,Need Attention
14600,306,1,0.693147181,269.13,1,1,2,112,Lost
14601,11,1,0.693147181,213.96,4,1,1,411,New Customers
14603,275,1,0.693147181,660,1,1,3,113,Lost
14606,2,89,4.49980967,9793.16,4,4,4,444,Champions
14607,16,7,2.079441542,11709.2,4,4,4,444,Champions
14608,5,4,1.609437912,1493.55,4,3,4,434,Promising
14609,73,4,1.609437912,601.56,2,3,3,233,At-Risk High Value
14616,243,3,1.386294361,406.08,1,3,2,132,Lost
14618,10,3,1.386294361,482.94,4,3,3,433,Promising
14619,246,1,0.693147181,280.94,1,1,2,112,Lost
14620,206,2,1.098612289,302.33,1,2,2,122,Lost
14621,2,5,1.791759469,1155.54,4,4,4,444,Champions
14622,185,1,0.693147181,214.58,1,1,1,111,Lost
14623,33,5,1.791759469,605.42,3,4,3,343,Loyalist
14624,58,2,1.098612289,202.45,2,2,1,221,Lost
14625,197,2,1.098612289,603.18,1,2,3,123,At-Risk High Value
14626,24,4,1.609437912,1834.63,3,3,4,334,Potential Loyalist
14628,92,2,1.098612289,557.81,2,2,3,223,At-Risk High Value
14629,5,2,1.098612289,524.1,4,2,3,423,Promising
14631,51,3,1.386294361,761.52,3,3,3,333,Potential Loyalist
14632,263,1,0.693147181,94.24,1,1,1,111,Lost
14633,267,1,0.693147181,206.65,1,1,1,111,Lost
14636,37,2,1.098612289,336.63,3,2,2,322,Need Attention
14638,51,1,0.693147181,392.39,3,1,2,312,Need Attention
14639,53,4,1.609437912,1600.28,2,3,4,234,At-Risk High Value
14640,25,6,1.945910149,1520.44,3,4,4,344,Loyalist
14641,22,1,0.693147181,100.26,3,1,1,311,Need Attention
14642,59,1,0.693147181,96.12,2,1,1,211,Lost
14643,171,2,1.098612289,593.01,1,2,3,123,At-Risk High Value
14644,68,2,1.098612289,618.78,2,2,3,223,At-Risk High Value
14645,157,2,1.098612289,488.31,1,2,3,123,At-Risk High Value
14646,2,45,3.828641396,196930.23,4,4,4,444,Champions
14647,202,1,0.693147181,204.94,1,1,1,111,Lost
14649,5,3,1.386294361,1033.13,4,3,3,433,Promising
14651,68,2,1.098612289,475.87,2,2,2,222,Lost
14652,78,1,0.693147181,80.64,2,1,1,211,Lost
14653,2,6,1.945910149,1321.12,4,4,4,444,Champions
14655,9,4,1.609437912,1509.43,4,3,4,434,Promising
14656,170,2,1.098612289,213.1,1,2,1,121,Lost
14657,18,4,1.609437912,517.91,4,3,3,433,Promising
14658,6,2,1.098612289,216.31,4,2,2,422,Promising
14659,9,9,2.302585093,1658.23,4,4,4,444,Champions
14660,87,2,1.098612289,250.34,2,2,2,222,Lost
14661,27,1,0.693147181,107.95,3,1,1,311,Need Attention
14662,29,4,1.609437912,487.24,3,3,3,333,Potential Loyalist
14664,20,2,1.098612289,359,3,2,2,322,Need Attention
14665,61,4,1.609437912,1135.97,2,3,3,233,At-Risk High Value
14666,25,1,0.693147181,172.3,3,1,1,311,Need Attention
14667,11,23,3.17805383,7534.47,4,4,4,444,Champions
14669,242,2,1.098612289,837.53,1,2,3,123,At-Risk High Value
14670,281,1,0.693147181,239.68,1,1,2,112,Lost
14672,235,2,1.098612289,629.4,1,2,3,123,At-Risk High Value
14673,4,5,1.791759469,1387.8,4,4,4,444,Champions
14675,17,1,0.693147181,486.36,4,1,3,413,New Customers
14676,32,6,1.945910149,2301.28,3,4,4,344,Loyalist
14680,26,16,2.833213344,17129.86,3,4,4,344,Loyalist
14681,72,2,1.098612289,498.95,2,2,3,223,At-Risk High Value
14682,188,2,1.098612289,52,1,2,1,121,Lost
14684,26,5,1.791759469,703.09,3,4,3,343,Loyalist
14687,107,1,0.693147181,628.38,2,1,3,213,At-Risk High Value
14688,8,20,3.044522438,4439.22,4,4,4,444,Champions
14689,209,1,0.693147181,90.15,1,1,1,111,Lost
14690,45,2,1.098612289,289.87,3,2,2,322,Need Attention
14691,31,4,1.609437912,1565.18,3,3,4,334,Potential Loyalist
14692,138,4,1.609437912,452.4,2,3,2,232,Lost
14693,265,1,0.693147181,172.9,1,1,1,111,Lost
14696,5,7,2.079441542,1658.21,4,4,4,444,Champions
14697,219,1,0.693147181,149.58,1,1,1,111,Lost
14698,2,5,1.791759469,810.18,4,4,3,443,Loyalist
14699,215,1,0.693147181,102.53,1,1,1,111,Lost
14700,33,3,1.386294361,1161.16,3,3,4,334,Potential Loyalist
14701,11,7,2.079441542,1975.62,4,4,4,444,Champions
14702,2,17,2.890371758,2473.26,4,4,4,444,Champions
14703,15,1,0.693147181,143.89,4,1,1,411,New Customers
14704,12,9,2.302585093,985.93,4,4,3,443,Loyalist
14705,199,1,0.693147181,179,1,1,1,111,Lost
14708,3,3,1.386294361,1019.39,4,3,3,433,Promising
14709,16,12,2.564949357,1462.03,4,4,4,444,Champions
14710,15,4,1.609437912,465.29,4,3,2,432,Potential Loyalist
14711,11,11,2.48490665,2371.74,4,4,4,444,Champions
14712,30,3,1.386294361,519.87,3,3,3,333,Potential Loyalist
14713,10,11,2.48490665,1911.74,4,4,4,444,Champions
14714,25,1,0.693147181,160.19,3,1,1,311,Need Attention
14715,25,4,1.609437912,799.28,3,3,3,333,Potential Loyalist
14716,44,2,1.098612289,261.91,3,2,2,322,Need Attention
14719,2,5,1.791759469,940.79,4,4,3,443,Loyalist
14720,6,3,1.386294361,533.71,4,3,3,433,Promising
14722,148,1,0.693147181,145.62,1,1,1,111,Lost
14723,11,5,1.791759469,848.22,4,4,3,443,Loyalist
14725,25,1,0.693147181,410.58,3,1,2,312,Need Attention
14727,275,1,0.693147181,151.88,1,1,1,111,Lost
14729,374,1,0.693147181,212.2,1,1,1,111,Lost
14730,2,7,2.079441542,1185.18,4,4,4,444,Champions
14731,48,3,1.386294361,301.05,3,3,2,332,Potential Loyalist
14732,9,8,2.197224577,2193.93,4,4,4,444,Champions
14733,17,12,2.564949357,8101.59,4,4,4,444,Champions
14735,4,20,3.044522438,4327.59,4,4,4,444,Champions
14737,4,3,1.386294361,1054.55,4,3,3,433,Promising
14738,43,7,2.079441542,1117.33,3,4,3,343,Loyalist
14739,5,7,2.079441542,2754.54,4,4,4,444,Champions
14740,198,3,1.386294361,644.11,1,3,3,133,At-Risk High Value
14741,12,6,1.945910149,1146.54,4,4,3,443,Loyalist
14744,17,6,1.945910149,842.48,4,4,3,443,Loyalist
14745,113,4,1.609437912,884.96,2,3,3,233,At-Risk High Value
14747,250,1,0.693147181,191.55,1,1,1,111,Lost
14748,30,4,1.609437912,791.55,3,3,3,333,Potential Loyalist
14752,44,1,0.693147181,389.64,3,1,2,312,Need Attention
14753,88,1,0.693147181,315.2,2,1,2,212,Lost
14754,45,2,1.098612289,472.47,3,2,2,322,Need Attention
14755,10,11,2.48490665,3839.91,4,4,4,444,Champions
14756,16,1,0.693147181,484.34,4,1,3,413,New Customers
14757,76,1,0.693147181,320.74,2,1,2,212,Lost
14758,145,4,1.609437912,1186.26,1,3,4,134,At-Risk High Value
14759,5,3,1.386294361,982.29,4,3,3,433,Promising
14760,298,1,0.693147181,71.5,1,1,1,111,Lost
14761,59,2,1.098612289,231,2,2,2,222,Lost
14762,264,1,0.693147181,167.48,1,1,1,111,Lost
14764,47,1,0.693147181,248.3,3,1,2,312,Need Attention
14765,30,3,1.386294361,232.7,3,3,2,332,Potential Loyalist
14766,9,6,1.945910149,1706.92,4,4,4,444,Champions
14768,18,2,1.098612289,192.6,4,2,1,421,Promising
14769,3,8,2.197224577,5083.03,4,4,4,444,Champions
14770,233,2,1.098612289,541.74,1,2,3,123,At-Risk High Value
14772,113,1,0.693147181,106.86,2,1,1,211,Lost
14775,59,3,1.386294361,550.2,2,3,3,233,At-Risk High Value
14776,52,9,2.302585093,1854.12,2,4,4,244,At-Risk High Value
14778,128,2,1.098612289,509.16,2,2,3,223,At-Risk High Value
14779,281,3,1.386294361,353.7,1,3,2,132,Lost
14780,55,2,1.098612289,322.88,2,2,2,222,Lost
14782,320,1,0.693147181,200.1,1,1,1,111,Lost
14784,27,2,1.098612289,268.03,3,2,2,322,Need Attention
14785,11,2,1.098612289,77.4,4,2,1,421,Promising
14788,8,2,1.098612289,619.14,4,2,3,423,Promising
14789,29,1,0.693147181,166.44,3,1,1,311,Need Attention
14790,17,4,1.609437912,532.76,4,3,3,433,Promising
14792,64,1,0.693147181,6.2,2,1,1,211,Lost
14793,22,1,0.693147181,124.59,3,1,1,311,Need Attention
14794,3,7,2.079441542,928.36,4,4,3,443,Loyalist
14795,167,1,0.693147181,59.9,1,1,1,111,Lost
14796,2,17,2.890371758,5578.4,4,4,4,444,Champions
14798,53,3,1.386294361,163.54,2,3,1,231,Lost
14799,52,1,0.693147181,127.15,2,1,1,211,Lost
14800,48,12,2.564949357,2583.58,3,4,4,344,Loyalist
14801,62,1,0.693147181,92.14,2,1,1,211,Lost
14803,163,3,1.386294361,512.13,1,3,3,133,At-Risk High Value
14804,9,1,0.693147181,343.07,4,1,2,412,New Customers
14805,16,4,1.609437912,421.1,4,3,2,432,Potential Loyalist
14806,76,1,0.693147181,109.39,2,1,1,211,Lost
14808,40,6,1.945910149,2154.92,3,4,4,344,Loyalist
14810,41,11,2.48490665,1364.1,3,4,4,344,Loyalist
14813,370,1,0.693147181,113.73,1,1,1,111,Lost
14815,37,2,1.098612289,431.41,3,2,2,322,Need Attention
14816,198,1,0.693147181,146.85,1,1,1,111,Lost
14817,201,2,1.098612289,710.24,1,2,3,123,At-Risk High Value
14818,74,3,1.386294361,513.15,2,3,3,233,At-Risk High Value
14819,65,2,1.098612289,196.17,2,2,1,221,Lost
14820,22,4,1.609437912,415.29,3,3,2,332,Potential Loyalist
14821,367,1,0.693147181,48.8,1,1,1,111,Lost
14823,181,2,1.098612289,239.03,1,2,2,122,Lost
14824,11,4,1.609437912,904.11,4,3,3,433,Promising
14825,4,12,2.564949357,1527.36,4,4,4,444,Champions
14828,197,3,1.386294361,1975.96,1,3,4,134,At-Risk High Value
14829,30,4,1.609437912,515.37,3,3,3,333,Potential Loyalist
14830,54,1,0.693147181,163.77,2,1,1,211,Lost
14834,18,6,1.945910149,1476.46,4,4,4,444,Champions
14836,11,3,1.386294361,102.45,4,3,1,431,Potential Loyalist
14837,90,4,1.609437912,996.12,2,3,3,233,At-Risk High Value
14840,268,1,0.693147181,32.85,1,1,1,111,Lost
14841,54,6,1.945910149,2155.91,2,4,4,244,At-Risk High Value
14842,44,4,1.609437912,1377.76,3,3,4,334,Potential Loyalist
14844,64,4,1.609437912,2299.45,2,3,4,234,At-Risk High Value
14847,149,1,0.693147181,218.3,1,1,2,112,Lost
14849,22,13,2.63905733,5781.35,3,4,4,344,Loyalist
14850,312,1,0.693147181,215.95,1,1,2,112,Lost
14851,24,2,1.098612289,371.13,3,2,2,322,Need Attention
14852,59,5,1.791759469,1953.14,2,4,4,244,At-Risk High Value
14853,25,2,1.098612289,475.8,3,2,2,322,Need Attention
14854,79,7,2.079441542,1885.08,2,4,4,244,At-Risk High Value
14855,120,2,1.098612289,247.25,2,2,2,222,Lost
14856,37,2,1.098612289,695.17,3,2,3,323,Potential Loyalist
14857,60,2,1.098612289,604.07,2,2,3,223,At-Risk High Value
14859,13,3,1.386294361,776.02,4,3,3,433,Promising
14860,20,1,0.693147181,165.64,3,1,1,311,Need Attention
14861,53,1,0.693147181,125.79,2,1,1,211,Lost
14862,26,2,1.098612289,643.3,3,2,3,323,Potential Loyalist
14863,30,1,0.693147181,167.16,3,1,1,311,Need Attention
14865,8,2,1.098612289,52.2,4,2,1,421,Promising
14866,11,11,2.48490665,14175.9,4,4,4,444,Champions
14867,186,3,1.386294361,597.18,1,3,3,133,At-Risk High Value
14868,4,7,2.079441542,1764.69,4,4,4,444,Champions
14869,9,2,1.098612289,488.93,4,2,3,423,Promising
14870,262,1,0.693147181,282.25,1,1,2,112,Lost
14871,4,4,1.609437912,354.21,4,3,2,432,Potential Loyalist
14873,211,1,0.693147181,332.98,1,1,2,112,Lost
14875,108,2,1.098612289,1204.32,2,2,4,224,At-Risk High Value
14878,13,9,2.302585093,1343.8,4,4,4,444,Champions
14880,78,3,1.386294361,387.4,2,3,2,232,Lost
14881,20,1,0.693147181,170.08,3,1,1,311,Need Attention
14882,27,2,1.098612289,477.2,3,2,2,322,Need Attention
14883,19,5,1.791759469,590.43,3,4,3,343,Loyalist
14885,132,1,0.693147181,604.52,2,1,3,213,At-Risk High Value
14886,253,1,0.693147181,218.4,1,1,2,112,Lost
14887,80,1,0.693147181,430,2,1,2,212,Lost
14888,208,1,0.693147181,160,1,1,1,111,Lost
14889,337,1,0.693147181,85.05,1,1,1,111,Lost
14890,254,1,0.693147181,107.95,1,1,1,111,Lost
14891,149,2,1.098612289,269.32,1,2,2,122,Lost
14893,10,2,1.098612289,692.86,4,2,3,423,Promising
14894,86,1,0.693147181,511.29,2,1,3,213,At-Risk High Value
14895,8,11,2.48490665,7133.82,4,4,4,444,Champions
14896,205,2,1.098612289,399.22,1,2,2,122,Lost
14897,8,4,1.609437912,735.26,4,3,3,433,Promising
14898,24,6,1.945910149,1028.49,3,4,3,343,Loyalist
14901,12,9,2.302585093,1344.26,4,4,4,444,Champions
14902,26,1,0.693147181,208.34,3,1,1,311,Need Attention
14903,22,5,1.791759469,1776.69,3,4,4,344,Loyalist
14904,3,2,1.098612289,787.42,4,2,3,423,Promising
14905,158,2,1.098612289,479.95,1,2,3,123,At-Risk High Value
14907,4,6,1.945910149,2246.2,4,4,4,444,Champions
14908,75,1,0.693147181,267.6,2,1,2,212,Lost
14910,3,4,1.609437912,378.92,4,3,2,432,Potential Loyalist
14911,2,132,4.890349128,99804.56,4,4,4,444,Champions
14912,17,2,1.098612289,757.45,4,2,3,423,Promising
14913,36,4,1.609437912,868.75,3,3,3,333,Potential Loyalist
14915,92,2,1.098612289,269.8,2,2,2,222,Lost
14916,71,4,1.609437912,670.99,2,3,3,233,At-Risk High Value
14918,116,2,1.098612289,968.73,2,2,3,223,At-Risk High Value
14920,213,1,0.693147181,612.37,1,1,3,113,Lost
14921,31,2,1.098612289,625.51,3,2,3,323,Potential Loyalist
14923,51,1,0.693147181,527.67,3,1,3,313,Need Attention
14924,246,1,0.693147181,295.05,1,1,2,112,Lost
14929,33,1,0.693147181,191.48,3,1,1,311,Need Attention
14930,109,2,1.098612289,1228.02,2,2,4,224,At-Risk High Value
14931,5,5,1.791759469,1117.28,4,4,3,443,Loyalist
14932,366,1,0.693147181,224.43,1,1,2,112,Lost
14934,82,2,1.098612289,1362.76,2,2,4,224,At-Risk High Value
14935,298,1,0.693147181,1126.27,1,1,3,113,Lost
14936,34,5,1.791759469,4341.29,3,4,4,344,Loyalist
14937,57,2,1.098612289,1100.96,2,2,3,223,At-Risk High Value
14944,30,7,2.079441542,4083.22,3,4,4,344,Loyalist
14946,15,1,0.693147181,67.7,4,1,1,411,New Customers
14947,73,2,1.098612289,217.17,2,2,2,222,Lost
14948,24,6,1.945910149,751.34,3,4,3,343,Loyalist
14950,20,1,0.693147181,228.44,3,1,2,312,Need Attention
14951,80,1,0.693147181,211.91,2,1,1,211,Lost
14952,60,8,2.197224577,5692.07,2,4,4,244,At-Risk High Value
14953,26,1,0.693147181,211.25,3,1,1,311,Need Attention
14954,13,1,0.693147181,194.9,4,1,1,411,New Customers
14957,254,1,0.693147181,48.74,1,1,1,111,Lost
14958,148,3,1.386294361,401.13,1,3,2,132,Lost
14959,65,4,1.609437912,532.5,2,3,3,233,At-Risk High Value
14960,9,2,1.098612289,192.54,4,2,1,421,Promising
14961,11,8,2.197224577,4503.09,4,4,4,444,Champions
14962,271,1,0.693147181,126.7,1,1,1,111,Lost
14963,10,5,1.791759469,1197.04,4,4,4,444,Champions
14964,248,1,0.693147181,206.21,1,1,1,111,Lost
14965,97,1,0.693147181,364.45,2,1,2,212,Lost
14966,15,1,0.693147181,152.73,4,1,1,411,New Customers
14967,50,1,0.693147181,448.8,3,1,2,312,Need Attention
14968,31,1,0.693147181,108.7,3,1,1,311,Need Attention
14970,69,4,1.609437912,443.53,2,3,2,232,Lost
14971,36,2,1.098612289,732.98,3,2,3,323,Potential Loyalist
14972,129,1,0.693147181,88.62,2,1,1,211,Lost
14973,108,3,1.386294361,1186.65,2,3,4,234,At-Risk High Value
14974,38,1,0.693147181,79.59,3,1,1,311,Need Attention
14975,58,1,0.693147181,279.94,2,1,2,212,Lost
14976,58,5,1.791759469,723.06,2,4,3,243,At-Risk High Value
14978,73,5,1.791759469,1052.42,2,4,3,243,At-Risk High Value
14981,247,1,0.693147181,62.16,1,1,1,111,Lost
14984,20,2,1.098612289,126.87,3,2,1,321,Need Attention
14985,199,2,1.098612289,207.86,1,2,1,121,Lost
14987,16,2,1.098612289,163.2,4,2,1,421,Promising
14988,212,1,0.693147181,256.74,1,1,2,112,Lost
14995,39,2,1.098612289,152.06,3,2,1,321,Need Attention
14997,47,3,1.386294361,466.52,3,3,2,332,Potential Loyalist
14998,171,2,1.098612289,358.3,1,2,2,122,Lost
15000,48,1,0.693147181,214.16,3,1,1,311,Need Attention
15002,116,4,1.609437912,1360.86,2,3,4,234,At-Risk High Value
15004,148,1,0.693147181,778.51,1,1,3,113,Lost
15005,16,28,3.36729583,4102.76,4,4,4,444,Champions
15006,52,1,0.693147181,255.79,2,1,2,212,Lost
15007,160,1,0.693147181,95.71,1,1,1,111,Lost
15009,13,3,1.386294361,963.46,4,3,3,433,Promising
15010,36,1,0.693147181,231.24,3,1,2,312,Need Attention
15012,54,2,1.098612289,222.69,2,2,2,222,Lost
15014,44,2,1.098612289,203.96,3,2,1,321,Need Attention
15016,173,1,0.693147181,162.09,1,1,1,111,Lost
15017,34,1,0.693147181,90.93,3,1,1,311,Need Attention
15018,39,3,1.386294361,454.04,3,3,2,332,Potential Loyalist
15019,267,1,0.693147181,168.37,1,1,1,111,Lost
15021,9,8,2.197224577,1398.67,4,4,4,444,Champions
15022,12,3,1.386294361,606.07,4,3,3,433,Promising
15023,4,11,2.48490665,4295.9,4,4,4,444,Champions
15024,10,7,2.079441542,1250.48,4,4,4,444,Champions
15025,34,1,0.693147181,209.38,3,1,1,311,Need Attention
15026,81,3,1.386294361,378.65,2,3,2,232,Lost
15027,31,4,1.609437912,856.45,3,3,3,333,Potential Loyalist
15028,9,3,1.386294361,600.76,4,3,3,433,Promising
15030,72,2,1.098612289,518.28,2,2,3,223,At-Risk High Value
15031,5,4,1.609437912,491.62,4,3,3,433,Promising
15032,257,2,1.098612289,830.35,1,2,3,123,At-Risk High Value
15033,5,10,2.397895273,1703.84,4,4,4,444,Champions
15034,16,7,2.079441542,2834.53,4,4,4,444,Champions
15035,90,1,0.693147181,195.93,2,1,1,211,Lost
15036,73,3,1.386294361,273,2,3,2,232,Lost
15038,59,6,1.945910149,443.31,2,4,2,242,At-Risk High Value
15039,10,42,3.761200116,14214.49,4,4,4,444,Champions
15041,171,1,0.693147181,96.15,1,1,1,111,Lost
15042,200,1,0.693147181,135.93,1,1,1,111,Lost
15043,32,1,0.693147181,179,3,1,1,311,Need Attention
15044,20,15,2.772588722,6046.97,3,4,4,344,Loyalist
15045,152,2,1.098612289,735.66,1,2,3,123,At-Risk High Value
15046,10,15,2.772588722,4035.86,4,4,4,444,Champions
15047,270,1,0.693147181,170.02,1,1,1,111,Lost
15048,66,4,1.609437912,297.89,2,3,2,232,Lost
15049,274,1,0.693147181,121.17,1,1,1,111,Lost
15050,26,2,1.098612289,1456.1,3,2,4,324,Potential Loyalist
15051,24,3,1.386294361,978.88,3,3,3,333,Potential Loyalist
15052,320,1,0.693147181,159.83,1,1,1,111,Lost
15053,5,3,1.386294361,515.89,4,3,3,433,Promising
15054,13,2,1.098612289,181.83,4,2,1,421,Promising
15057,276,2,1.098612289,1054.1,1,2,3,123,At-Risk High Value
15058,26,8,2.197224577,1591.18,3,4,4,344,Loyalist
15059,41,7,2.079441542,968.49,3,4,3,343,Loyalist
15060,9,2,1.098612289,187.03,4,2,1,421,Promising
15061,4,29,3.401197382,48955.3,4,4,4,444,Champions
15062,72,4,1.609437912,572.56,2,3,3,233,At-Risk High Value
15063,214,1,0.693147181,370.8,1,1,2,112,Lost
15065,38,4,1.609437912,2075.16,3,3,4,334,Potential Loyalist
15066,54,1,0.693147181,644.3,2,1,3,213,At-Risk High Value
15067,79,2,1.098612289,1196.26,2,2,4,224,At-Risk High Value
15068,47,2,1.098612289,407.48,3,2,2,322,Need Attention
15069,180,1,0.693147181,410.02,1,1,2,112,Lost
15070,373,1,0.693147181,106.2,1,1,1,111,Lost
15071,94,2,1.098612289,926.57,2,2,3,223,At-Risk High Value
15073,10,3,1.386294361,680.56,4,3,3,433,Promising
15074,106,1,0.693147181,323.97,2,1,2,212,Lost
15075,78,1,0.693147181,656.91,2,1,3,213,At-Risk High Value
15076,173,1,0.693147181,532.5,1,1,3,113,Lost
15078,8,20,3.044522438,4595.87,4,4,4,444,Champions
15079,213,3,1.386294361,677.81,1,3,3,133,At-Risk High Value
15081,23,5,1.791759469,459.3,3,4,2,342,Loyalist
15083,257,1,0.693147181,75.45,1,1,1,111,Lost
15087,282,1,0.693147181,188.84,1,1,1,111,Lost
15088,22,2,1.098612289,812.4,3,2,3,323,Potential Loyalist
15089,11,6,1.945910149,1515.68,4,4,4,444,Champions
15090,309,1,0.693147181,267.62,1,1,2,112,Lost
15091,68,1,0.693147181,274.55,2,1,2,212,Lost
15092,216,2,1.098612289,277.51,1,2,2,122,Lost
15093,19,6,1.945910149,3597.07,3,4,4,344,Loyalist
15095,104,3,1.386294361,966.98,2,3,3,233,At-Risk High Value
15096,43,1,0.693147181,201.69,3,1,1,311,Need Attention
15097,5,1,0.693147181,176.38,4,1,1,411,New Customers
15098,183,1,0.693147181,39916.5,1,1,4,114,Lost
15099,85,1,0.693147181,331.08,2,1,2,212,Lost
15100,334,3,1.386294361,876,1,3,3,133,At-Risk High Value
15101,9,2,1.098612289,317.53,4,2,2,422,Promising
15103,32,2,1.098612289,552.67,3,2,3,323,Potential Loyalist
15104,197,2,1.098612289,535.87,1,2,3,123,At-Risk High Value
15105,19,5,1.791759469,1554.29,3,4,4,344,Loyalist
15106,18,5,1.791759469,963.87,4,4,3,443,Loyalist
15107,312,6,1.945910149,299.6,1,4,2,142,At-Risk High Value
15108,142,4,1.609437912,817.85,2,3,3,233,At-Risk High Value
15109,246,1,0.693147181,257.7,1,1,2,112,Lost
15110,24,4,1.609437912,793.1,3,3,3,333,Potential Loyalist
15111,30,3,1.386294361,868.93,3,3,3,333,Potential Loyalist
15113,10,3,1.386294361,2861.13,4,3,4,434,Promising
15114,31,10,2.397895273,1510.6,3,4,4,344,Loyalist
15115,19,1,0.693147181,258.89,3,1,2,312,Need Attention
15116,18,4,1.609437912,1097.69,4,3,3,433,Promising
15117,15,5,1.791759469,925.9,4,4,3,443,Loyalist
15118,135,1,0.693147181,244.8,2,1,2,212,Lost
15119,246,1,0.693147181,234.9,1,1,2,112,Lost
15120,134,1,0.693147181,204.22,2,1,1,211,Lost
15121,51,2,1.098612289,364.08,3,2,2,322,Need Attention
15122,115,3,1.386294361,954.85,2,3,3,233,At-Risk High Value
15123,8,2,1.098612289,1135.23,4,2,3,423,Promising
15124,23,2,1.098612289,131.27,3,2,1,321,Need Attention
15125,26,10,2.397895273,8206.88,3,4,4,344,Loyalist
15127,66,1,0.693147181,303.33,2,1,2,212,Lost
15128,61,4,1.609437912,933.66,2,3,3,233,At-Risk High Value
15129,51,10,2.397895273,2963.56,3,4,4,344,Loyalist
15130,170,1,0.693147181,166.46,1,1,1,111,Lost
15132,19,5,1.791759469,609.08,3,4,3,343,Loyalist
15133,128,3,1.386294361,879.82,2,3,3,233,At-Risk High Value
15134,15,8,2.197224577,1171.99,4,4,4,444,Champions
15135,240,1,0.693147181,64.05,1,1,1,111,Lost
15136,3,3,1.386294361,792,4,3,3,433,Promising
15139,240,2,1.098612289,137.86,1,2,1,121,Lost
15140,53,6,1.945910149,1867.18,2,4,4,244,At-Risk High Value
15142,47,1,0.693147181,327.98,3,1,2,312,Need Attention
15143,226,1,0.693147181,144.85,1,1,1,111,Lost
15144,9,14,2.708050201,3182.98,4,4,4,444,Champions
15145,5,4,1.609437912,902.01,4,3,3,433,Promising
15146,165,2,1.098612289,678.24,1,2,3,123,At-Risk High Value
15147,241,1,0.693147181,357.3,1,1,2,112,Lost
15148,11,1,0.693147181,153.39,4,1,1,411,New Customers
15149,134,1,0.693147181,330.3,2,1,2,212,Lost
15150,18,10,2.397895273,3035.77,4,4,4,444,Champions
15152,10,13,2.63905733,3048.94,4,4,4,444,Champions
15153,32,1,0.693147181,256.5,3,1,2,312,Need Attention
15154,76,1,0.693147181,124.47,2,1,1,211,Lost
15156,2,3,1.386294361,693.47,4,3,3,433,Promising
15157,4,3,1.386294361,925.17,4,3,3,433,Promising
15158,46,1,0.693147181,371.4,3,1,2,312,Need Attention
15159,2,19,2.995732274,11547.75,4,4,4,444,Champions
15160,358,1,0.693147181,158.16,1,1,1,111,Lost
15163,19,2,1.098612289,300.27,3,2,2,322,Need Attention
15164,69,3,1.386294361,548.68,2,3,3,233,At-Risk High Value
15165,374,1,0.693147181,307.95,1,1,2,112,Lost
15167,321,1,0.693147181,118.05,1,1,1,111,Lost
15168,26,1,0.693147181,106.56,3,1,1,311,Need Attention
15171,332,1,0.693147181,1162,1,1,4,114,Lost
15172,9,5,1.791759469,892.59,4,4,3,443,Loyalist
15174,323,1,0.693147181,98.61,1,1,1,111,Lost
15175,72,1,0.693147181,132.14,2,1,1,211,Lost
15178,261,1,0.693147181,40.5,1,1,1,111,Lost
15179,19,5,1.791759469,1458.19,3,4,4,344,Loyalist
15180,368,1,0.693147181,87.5,1,1,1,111,Lost
15181,67,3,1.386294361,642.92,2,3,3,233,At-Risk High Value
15182,155,2,1.098612289,463.95,1,2,2,122,Lost
15184,30,2,1.098612289,262.98,3,2,2,322,Need Attention
15185,71,1,0.693147181,209.34,2,1,1,211,Lost
15186,15,2,1.098612289,302.21,4,2,2,422,Promising
15187,2,14,2.708050201,4410.4,4,4,4,444,Champions
15189,2,38,3.663561646,14377.95,4,4,4,444,Champions
15192,120,3,1.386294361,810.5,2,3,3,233,At-Risk High Value
15193,61,1,0.693147181,328.12,2,1,2,212,Lost
15194,4,15,2.772588722,5729.99,4,4,4,444,Champions
15195,3,1,0.693147181,3861,4,1,4,414,New Customers
15197,11,3,1.386294361,961.07,4,3,3,433,Promising
15198,93,2,1.098612289,193.64,2,2,1,221,Lost
15199,60,4,1.609437912,1219.65,2,3,4,234,At-Risk High Value
15201,88,4,1.609437912,859.73,2,3,3,233,At-Risk High Value
15203,26,6,1.945910149,651.84,3,4,3,343,Loyalist
15204,358,1,0.693147181,316.58,1,1,2,112,Lost
15205,86,2,1.098612289,506.24,2,2,3,223,At-Risk High Value
15206,11,4,1.609437912,157.8,4,3,1,431,Potential Loyalist
15208,2,5,1.791759469,719.57,4,4,3,443,Loyalist
15210,226,1,0.693147181,280.78,1,1,2,112,Lost
15211,61,2,1.098612289,589.21,2,2,3,223,At-Risk High Value
15212,242,1,0.693147181,86.5,1,1,1,111,Lost
15213,319,2,1.098612289,135.15,1,2,1,121,Lost
15214,2,8,2.197224577,1250.91,4,4,4,444,Champions
15215,47,2,1.098612289,448.79,3,2,2,322,Need Attention
15216,88,1,0.693147181,96.6,2,1,1,211,Lost
15218,11,9,2.302585093,4601.91,4,4,4,444,Champions
15219,177,1,0.693147181,254.75,1,1,2,112,Lost
15220,52,6,1.945910149,1306.94,2,4,4,244,At-Risk High Value
15221,367,1,0.693147181,403.25,1,1,2,112,Lost
15222,319,1,0.693147181,440,1,1,2,112,Lost
15223,226,2,1.098612289,755.75,1,2,3,123,At-Risk High Value
15224,359,2,1.098612289,260.28,1,2,2,122,Lost
15225,235,1,0.693147181,237.5,1,1,2,112,Lost
15226,311,1,0.693147181,93.21,1,1,1,111,Lost
15227,37,4,1.609437912,948.9,3,3,3,333,Potential Loyalist
15228,67,4,1.609437912,1841.79,2,3,4,234,At-Risk High Value
15230,240,2,1.098612289,244.2,1,2,2,122,Lost
15232,114,2,1.098612289,210.76,2,2,1,221,Lost
15234,277,1,0.693147181,149.3,1,1,1,111,Lost
15235,218,10,2.397895273,1521.64,1,4,4,144,At-Risk High Value
15236,299,1,0.693147181,224.15,1,1,2,112,Lost
15237,2,4,1.609437912,772.6,4,3,3,433,Promising
15238,30,3,1.386294361,852.03,3,3,3,333,Potential Loyalist
15239,11,2,1.098612289,533.05,4,2,3,423,Promising
15240,45,5,1.791759469,1289.27,3,4,4,344,Loyalist
15241,67,8,2.197224577,1150.08,2,4,4,244,At-Risk High Value
15243,75,1,0.693147181,208.38,2,1,1,211,Lost
15244,66,2,1.098612289,500.11,2,2,3,223,At-Risk High Value
15245,135,3,1.386294361,1864.59,2,3,4,234,At-Risk High Value
15246,239,2,1.098612289,300.25,1,2,2,122,Lost
15247,123,1,0.693147181,192.8,2,1,1,211,Lost
15249,32,12,2.564949357,3829.48,3,4,4,344,Loyalist
15251,10,10,2.397895273,8173.33,4,4,4,444,Champions
15252,37,2,1.098612289,397.59,3,2,2,322,Need Attention
15253,17,3,1.386294361,493.78,4,3,3,433,Promising
15254,128,1,0.693147181,190.42,2,1,1,211,Lost
15255,67,1,0.693147181,515.8,2,1,3,213,At-Risk High Value
15256,149,1,0.693147181,73.25,1,1,1,111,Lost
15257,284,1,0.693147181,297.25,1,1,2,112,Lost
15258,169,2,1.098612289,427.61,1,2,2,122,Lost
15260,101,6,1.945910149,1543.27,2,4,4,244,At-Risk High Value
15261,136,1,0.693147181,160.42,2,1,1,211,Lost
15262,324,1,0.693147181,126.55,1,1,1,111,Lost
15263,107,1,0.693147181,92.91,2,1,1,211,Lost
15264,65,1,0.693147181,258.44,2,1,2,212,Lost
15265,152,2,1.098612289,732.28,1,2,3,123,At-Risk High Value
15266,339,1,0.693147181,103.4,1,1,1,111,Lost
15267,23,5,1.791759469,1717.36,3,4,4,344,Loyalist
15269,24,1,0.693147181,408.8,3,1,2,312,Need Attention
15270,16,5,1.791759469,2237.89,4,4,4,444,Champions
15271,8,15,2.772588722,1990,4,4,4,444,Champions
15272,58,2,1.098612289,555.96,2,2,3,223,At-Risk High Value
15274,5,2,1.098612289,463.15,4,2,2,422,Promising
15275,38,1,0.693147181,423,3,1,2,312,Need Attention
15276,67,1,0.693147181,71.92,2,1,1,211,Lost
15277,47,1,0.693147181,196.26,3,1,1,311,Need Attention
15279,355,1,0.693147181,227.81,1,1,2,112,Lost
15280,173,1,0.693147181,86.75,1,1,1,111,Lost
15281,59,9,2.302585093,1585.71,2,4,4,244,At-Risk High Value
15286,50,1,0.693147181,240.55,3,1,2,312,Need Attention
15287,23,2,1.098612289,448.56,3,2,2,322,Need Attention
15288,44,5,1.791759469,1478.91,3,4,4,344,Loyalist
15289,30,3,1.386294361,666.48,3,3,3,333,Potential Loyalist
15290,5,17,2.890371758,6486.87,4,4,4,444,Champions
15291,26,15,2.772588722,3729.41,3,4,4,344,Loyalist
15292,202,1,0.693147181,151.74,1,1,1,111,Lost
15296,51,6,1.945910149,1975.17,3,4,4,344,Loyalist
15297,11,3,1.386294361,445.28,4,3,2,432,Potential Loyalist
15298,3,11,2.48490665,3601.52,4,4,4,444,Champions
15299,68,4,1.609437912,4507.01,2,3,4,234,At-Risk High Value
15300,65,1,0.693147181,321.84,2,1,2,212,Lost
15301,51,10,2.397895273,3526.91,3,4,4,344,Loyalist
15303,291,1,0.693147181,364.22,1,1,2,112,Lost
15304,61,8,2.197224577,641.3,2,4,3,243,At-Risk High Value
15306,65,3,1.386294361,861.75,2,3,3,233,At-Risk High Value
15307,96,1,0.693147181,155.7,2,1,1,211,Lost
15308,275,1,0.693147181,247.77,1,1,2,112,Lost
15311,1,90,4.510859507,43167.49,4,4,4,444,Champions
15312,76,4,1.609437912,681.05,2,3,3,233,At-Risk High Value
15313,111,1,0.693147181,52,2,1,1,211,Lost
15314,200,1,0.693147181,247.93,1,1,2,112,Lost
15315,65,2,1.098612289,385.94,2,2,2,222,Lost
15316,327,1,0.693147181,165,1,1,1,111,Lost
15318,4,1,0.693147181,165.14,4,1,1,411,New Customers
15319,284,1,0.693147181,115.6,1,1,1,111,Lost
15320,45,1,0.693147181,181.83,3,1,1,311,Need Attention
15321,71,2,1.098612289,1513.03,2,2,4,224,At-Risk High Value
15322,86,1,0.693147181,446.32,2,1,2,212,Lost
15325,104,1,0.693147181,96.16,2,1,1,211,Lost
15326,334,1,0.693147181,155.74,1,1,1,111,Lost
15327,53,1,0.693147181,156.55,2,1,1,211,Lost
15329,40,3,1.386294361,656.36,3,3,3,333,Potential Loyalist
15330,33,2,1.098612289,645.36,3,2,3,323,Potential Loyalist
15332,367,2,1.098612289,1049.96,1,2,3,123,At-Risk High Value
15333,209,1,0.693147181,658.12,1,1,3,113,Lost
15334,157,3,1.386294361,259.34,1,3,2,132,Lost
15335,54,1,0.693147181,118.49,2,1,1,211,Lost
15339,67,2,1.098612289,362.47,2,2,2,222,Lost
15341,81,1,0.693147181,1009.52,2,1,3,213,At-Risk High Value
15342,130,1,0.693147181,272.35,2,1,2,212,Lost
15343,88,1,0.693147181,262.8,2,1,2,212,Lost
15344,1,3,1.386294361,455.64,4,3,2,432,Potential Loyalist
15345,46,1,0.693147181,267.94,3,1,2,312,Need Attention
15346,333,1,0.693147181,204.87,1,1,1,111,Lost
15347,367,1,0.693147181,183.9,1,1,1,111,Lost
15348,73,1,0.693147181,70.44,2,1,1,211,Lost
15349,159,2,1.098612289,316.77,1,2,2,122,Lost
15350,374,1,0.693147181,40.05,1,1,1,111,Lost
15351,13,7,2.079441542,1496.37,4,4,4,444,Champions
15353,255,2,1.098612289,617.94,1,2,3,123,At-Risk High Value
15355,30,2,1.098612289,158.05,3,2,1,321,Need Attention
15356,32,10,2.397895273,1681.37,3,4,4,344,Loyalist
15358,5,15,2.772588722,4642.72,4,4,4,444,Champions
15360,40,1,0.693147181,304.33,3,1,2,312,Need Attention
15361,362,1,0.693147181,358.92,1,1,2,112,Lost
15363,373,1,0.693147181,272.9,1,1,2,112,Lost
15364,96,2,1.098612289,766.63,2,2,3,223,At-Risk High Value
15365,26,4,1.609437912,1521.48,3,3,4,334,Potential Loyalist
15366,76,2,1.098612289,318.08,2,2,2,222,Lost
15367,58,3,1.386294361,1117.98,2,3,3,233,At-Risk High Value
15368,22,1,0.693147181,371.34,3,1,2,312,Need Attention
15370,41,7,2.079441542,2065.69,3,4,4,344,Loyalist
15372,138,1,0.693147181,1375.2,2,1,4,214,At-Risk High Value
15373,9,11,2.48490665,2057.96,4,4,4,444,Champions
15374,129,1,0.693147181,168,2,1,1,211,Lost
15376,41,3,1.386294361,803.55,3,3,3,333,Potential Loyalist
15379,170,7,2.079441542,2475.66,1,4,4,144,At-Risk High Value
15380,9,5,1.791759469,1232.66,4,4,4,444,Champions
15381,214,2,1.098612289,527.25,1,2,3,123,At-Risk High Value
15382,15,5,1.791759469,3141.92,4,4,4,444,Champions
15384,170,2,1.098612289,407.39,1,2,2,122,Lost
15385,41,1,0.693147181,271.52,3,1,2,312,Need Attention
15386,187,1,0.693147181,150.57,1,1,1,111,Lost
15388,271,1,0.693147181,116.82,1,1,1,111,Lost
15389,173,1,0.693147181,500,1,1,3,113,Lost
15392,5,4,1.609437912,1247.28,4,3,4,434,Promising
15393,17,2,1.098612289,146.06,4,2,1,421,Promising
15394,10,4,1.609437912,1286.64,4,3,4,434,Promising
15395,326,1,0.693147181,79.1,1,1,1,111,Lost
15396,113,1,0.693147181,268.14,2,1,2,212,Lost
15397,290,1,0.693147181,94,1,1,1,111,Lost
15398,17,2,1.098612289,850.47,4,2,3,423,Promising
15399,2,3,1.386294361,524.71,4,3,3,433,Promising
15400,93,5,1.791759469,716.2,2,4,3,243,At-Risk High Value
15402,149,2,1.098612289,506.02,1,2,3,123,At-Risk High Value
15405,190,1,0.693147181,349.1,1,1,2,112,Lost
15406,32,2,1.098612289,390.46,3,2,2,322,Need Attention
15407,34,4,1.609437912,738.87,3,3,3,333,Potential Loyalist
15408,265,1,0.693147181,179.43,1,1,1,111,Lost
15410,85,8,2.197224577,2778.68,2,4,4,244,At-Risk High Value
15411,27,4,1.609437912,864.71,3,3,3,333,Potential Loyalist
15412,172,1,0.693147181,178.73,1,1,1,111,Lost
15414,10,3,1.386294361,502.89,4,3,3,433,Promising
15415,314,1,0.693147181,293.96,1,1,2,112,Lost
15416,65,4,1.609437912,2485.15,2,3,4,234,At-Risk High Value
15417,86,1,0.693147181,83.8,2,1,1,211,Lost
15419,25,1,0.693147181,135.86,3,1,1,311,Need Attention
15421,59,3,1.386294361,545.36,2,3,3,233,At-Risk High Value
15422,324,1,0.693147181,97.7,1,1,1,111,Lost
15423,39,1,0.693147181,43.5,3,1,1,311,Need Attention
15424,255,1,0.693147181,266.64,1,1,2,112,Lost
15426,20,4,1.609437912,952.71,3,3,3,333,Potential Loyalist
15427,34,2,1.098612289,879.14,3,2,3,323,Potential Loyalist
15428,16,1,0.693147181,76.08,4,1,1,411,New Customers
15429,27,2,1.098612289,273.09,3,2,2,322,Need Attention
15432,24,1,0.693147181,140.89,3,1,1,311,Need Attention
15433,214,2,1.098612289,138.37,1,2,1,121,Lost
15434,9,4,1.609437912,482.78,4,3,3,433,Promising
15435,23,1,0.693147181,124.99,3,1,1,311,Need Attention
15436,13,3,1.386294361,589.5,4,3,3,433,Promising
15437,263,1,0.693147181,127.67,1,1,1,111,Lost
15438,132,1,0.693147181,138.03,2,1,1,211,Lost
15440,55,3,1.386294361,299.3,2,3,2,232,Lost
15442,249,1,0.693147181,297,1,1,2,112,Lost
15443,2,7,2.079441542,2331.84,4,4,4,444,Champions
15444,10,2,1.098612289,730.45,4,2,3,423,Promising
15445,265,1,0.693147181,113.5,1,1,1,111,Lost
15447,331,1,0.693147181,135.37,1,1,1,111,Lost
15448,313,1,0.693147181,259.97,1,1,2,112,Lost
15449,27,3,1.386294361,637.26,3,3,3,333,Potential Loyalist
15450,31,1,0.693147181,261.88,3,1,2,312,Need Attention
15452,30,3,1.386294361,344.98,3,3,2,332,Potential Loyalist
15453,2,7,2.079441542,989.1,4,4,3,443,Loyalist
15454,363,1,0.693147181,108.35,1,1,1,111,Lost
15456,284,2,1.098612289,306.22,1,2,2,122,Lost
15457,263,1,0.693147181,106.8,1,1,1,111,Lost
15458,26,1,0.693147181,146.64,3,1,1,311,Need Attention
15460,355,1,0.693147181,140.91,1,1,1,111,Lost
15462,95,3,1.386294361,159.6,2,3,1,231,Lost
15463,30,1,0.693147181,126.14,3,1,1,311,Need Attention
15464,339,1,0.693147181,549.93,1,1,3,113,Lost
15465,20,18,2.944438979,7064.37,3,4,4,344,Loyalist
15466,86,1,0.693147181,244.87,2,1,2,212,Lost
15467,10,3,1.386294361,469.73,4,3,2,432,Potential Loyalist
15468,52,1,0.693147181,262.57,2,1,2,212,Lost
15469,51,2,1.098612289,500.8,3,2,3,323,Potential Loyalist
15471,3,1,0.693147181,357.42,4,1,2,412,New Customers
15472,114,1,0.693147181,175.27,2,1,1,211,Lost
15473,15,4,1.609437912,1465.2,4,3,4,434,Promising
15475,78,1,0.693147181,223.71,2,1,2,212,Lost
15478,41,2,1.098612289,1215.7,3,2,4,324,Potential Loyalist
15480,117,1,0.693147181,595.12,2,1,3,213,At-Risk High Value
15482,16,9,2.302585093,9040.96,4,4,4,444,Champions
15483,162,2,1.098612289,175.74,1,2,1,121,Lost
15484,2,4,1.609437912,2564.77,4,3,4,434,Promising
15485,31,3,1.386294361,1483.23,3,3,4,334,Potential Loyalist
15488,93,1,0.693147181,91.32,2,1,1,211,Lost
15489,23,3,1.386294361,811.88,3,3,3,333,Potential Loyalist
15491,96,5,1.791759469,2259.89,2,4,4,244,At-Risk High Value
15492,29,2,1.098612289,436.84,3,2,2,322,Need Attention
15493,33,4,1.609437912,1097.99,3,3,3,333,Potential Loyalist
15494,22,2,1.098612289,857.36,3,2,3,323,Potential Loyalist
15497,18,2,1.098612289,1232.2,4,2,4,424,Promising
15498,3,17,2.890371758,8462.73,4,4,4,444,Champions
15500,9,4,1.609437912,838.88,4,3,3,433,Promising
15502,16,8,2.197224577,8412.61,4,4,4,444,Champions
15503,363,1,0.693147181,58.21,1,1,1,111,Lost
15504,82,1,0.693147181,29.16,2,1,1,211,Lost
15505,53,5,1.791759469,2650.72,2,4,4,244,At-Risk High Value
15506,23,3,1.386294361,657.36,3,3,3,333,Potential Loyalist
15507,172,1,0.693147181,356.49,1,1,2,112,Lost
15508,190,4,1.609437912,737.78,1,3,3,133,At-Risk High Value
15510,331,1,0.693147181,250,1,1,2,112,Lost
15511,12,5,1.791759469,647.61,4,4,3,443,Loyalist
15512,156,2,1.098612289,106,1,2,1,121,Lost
15513,34,15,2.772588722,12583.27,3,4,4,344,Loyalist
15514,13,8,2.197224577,3486.24,4,4,4,444,Champions
15516,45,2,1.098612289,52.73,3,2,1,321,Need Attention
15517,234,1,0.693147181,245.66,1,1,2,112,Lost
15518,65,7,2.079441542,1554.93,2,4,4,244,At-Risk High Value
15520,2,1,0.693147181,192.3,4,1,1,411,New Customers
15521,41,6,1.945910149,1984,3,4,4,344,Loyalist
15522,33,2,1.098612289,310.04,3,2,2,322,Need Attention
15523,85,1,0.693147181,399.93,2,1,2,212,Lost
15524,25,1,0.693147181,440,3,1,2,312,Need Attention
15525,3,3,1.386294361,536.11,4,3,3,433,Promising
15526,34,1,0.693147181,148.44,3,1,1,311,Need Attention
15527,19,8,2.197224577,1989.77,3,4,4,344,Loyalist
15528,255,1,0.693147181,218.47,1,1,2,112,Lost
15529,23,11,2.48490665,2440.48,3,4,4,344,Loyalist
15530,22,4,1.609437912,1204.02,3,3,4,334,Potential Loyalist
15531,9,2,1.098612289,1124.98,4,2,3,423,Promising
15532,26,4,1.609437912,1066.45,3,3,3,333,Potential Loyalist
15533,20,3,1.386294361,692.07,3,3,3,333,Potential Loyalist
15535,174,3,1.386294361,272.52,1,3,2,132,Lost
15537,164,1,0.693147181,86.57,1,1,1,111,Lost
15539,8,1,0.693147181,354.8,4,1,2,412,New Customers
15540,12,1,0.693147181,175.95,4,1,1,411,New Customers
15541,115,1,0.693147181,31.08,2,1,1,211,Lost
15543,289,1,0.693147181,89.38,1,1,1,111,Lost
15544,10,9,2.302585093,1342.11,4,4,4,444,Champions
15545,55,2,1.098612289,190.55,2,2,1,221,Lost
15547,8,12,2.564949357,3642.28,4,4,4,444,Champions
15549,78,3,1.386294361,1346.71,2,3,4,234,At-Risk High Value
15550,5,4,1.609437912,455.81,4,3,2,432,Potential Loyalist
15551,37,1,0.693147181,309.66,3,1,2,312,Need Attention
15552,218,1,0.693147181,73.42,1,1,1,111,Lost
15553,61,1,0.693147181,256.11,2,1,2,212,Lost
15554,278,1,0.693147181,111,1,1,1,111,Lost
15555,13,16,2.833213344,2920.14,4,4,4,444,Champions
15556,25,1,0.693147181,221.53,3,1,2,312,Need Attention
15557,29,1,0.693147181,433.51,3,1,2,312,Need Attention
15561,12,3,1.386294361,642.23,4,3,3,433,Promising
15562,352,1,0.693147181,134.55,1,1,1,111,Lost
15563,23,3,1.386294361,1041.64,3,3,3,333,Potential Loyalist
15565,51,2,1.098612289,156.66,3,2,1,321,Need Attention
15567,19,1,0.693147181,180.25,3,1,1,311,Need Attention
15568,3,3,1.386294361,695.37,4,3,3,433,Promising
15569,104,4,1.609437912,1226.18,2,3,4,234,At-Risk High Value
15570,8,12,2.564949357,2803.6,4,4,4,444,Champions
15571,12,4,1.609437912,609.84,4,3,3,433,Promising
15572,5,5,1.791759469,2196.13,4,4,4,444,Champions
15573,32,2,1.098612289,448.25,3,2,2,322,Need Attention
15574,178,3,1.386294361,473.66,1,3,2,132,Lost
15576,38,1,0.693147181,791.19,3,1,3,313,Need Attention
15577,152,2,1.098612289,154.14,1,2,1,121,Lost
15578,163,1,0.693147181,123.2,1,1,1,111,Lost
15579,69,2,1.098612289,195.85,2,2,1,221,Lost
15581,121,12,2.564949357,3528.17,2,4,4,244,At-Risk High Value
15582,25,3,1.386294361,308.57,3,3,2,332,Potential Loyalist
15584,24,4,1.609437912,518.27,3,3,3,333,Potential Loyalist
15585,177,1,0.693147181,314.04,1,1,2,112,Lost
15587,51,4,1.609437912,913.68,3,3,3,333,Potential Loyalist
15589,256,2,1.098612289,365.73,1,2,2,122,Lost
15592,47,1,0.693147181,306.49,3,1,2,312,Need Attention
15593,71,1,0.693147181,199.8,2,1,1,211,Lost
15594,16,5,1.791759469,1044.97,4,4,3,443,Loyalist
15596,101,5,1.791759469,1117.57,2,4,3,243,At-Risk High Value
15597,36,1,0.693147181,172.71,3,1,1,311,Need Attention
15598,54,1,0.693147181,165.62,2,1,1,211,Lost
15599,27,2,1.098612289,478.92,3,2,3,323,Potential Loyalist
15601,12,14,2.708050201,3930.17,4,4,4,444,Champions
15602,9,9,2.302585093,1208.77,4,4,4,444,Champions
15603,79,1,0.693147181,48.48,2,1,1,211,Lost
15604,53,1,0.693147181,148.21,2,1,1,211,Lost
15605,37,5,1.791759469,859.03,3,4,3,343,Loyalist
15606,62,9,2.302585093,2339.66,2,4,4,244,At-Risk High Value
15607,337,1,0.693147181,59.04,1,1,1,111,Lost
15608,29,3,1.386294361,704.4,3,3,3,333,Potential Loyalist
15609,185,1,0.693147181,158.83,1,1,1,111,Lost
15610,52,1,0.693147181,91.66,2,1,1,211,Lost
15611,10,12,2.564949357,1503.01,4,4,4,444,Champions
15612,37,2,1.098612289,195.15,3,2,1,321,Need Attention
15615,11,17,2.890371758,6726.1,4,4,4,444,Champions
15618,33,3,1.386294361,525.09,3,3,3,333,Potential Loyalist
15619,11,1,0.693147181,336.4,4,1,2,412,New Customers
15620,57,3,1.386294361,947.13,2,3,3,233,At-Risk High Value
15621,5,3,1.386294361,1091.91,4,3,3,433,Promising
15622,44,5,1.791759469,2013.03,3,4,4,344,Loyalist
15623,142,1,0.693147181,205.83,2,1,1,211,Lost
15624,117,4,1.609437912,446.53,2,3,2,232,Lost
15625,104,4,1.609437912,949.71,2,3,3,233,At-Risk High Value
15626,75,2,1.098612289,400.34,2,2,2,222,Lost
15628,5,9,2.302585093,1922.63,4,4,4,444,Champions
15630,46,2,1.098612289,795.77,3,2,3,323,Potential Loyalist
15632,16,8,2.197224577,1765.15,4,4,4,444,Champions
15634,18,1,0.693147181,151.25,4,1,1,411,New Customers
15636,90,2,1.098612289,594.56,2,2,3,223,At-Risk High Value
15637,53,1,0.693147181,189.65,2,1,1,211,Lost
15639,135,1,0.693147181,163.17,2,1,1,211,Lost
15640,5,15,2.772588722,8918.17,4,4,4,444,Champions
15641,106,4,1.609437912,1184.02,2,3,4,234,At-Risk High Value
15643,192,2,1.098612289,476.05,1,2,2,122,Lost
15644,167,3,1.386294361,421.4,1,3,2,132,Lost
15645,19,1,0.693147181,472.32,3,1,2,312,Need Attention
15646,158,3,1.386294361,257.08,1,3,2,132,Lost
15648,205,2,1.098612289,567.7,1,2,3,123,At-Risk High Value
15649,337,2,1.098612289,816,1,2,3,123,At-Risk High Value
15651,37,2,1.098612289,519.66,3,2,3,323,Potential Loyalist
15652,92,1,0.693147181,252.18,2,1,2,212,Lost
15653,93,2,1.098612289,442.32,2,2,2,222,Lost
15654,10,2,1.098612289,764.73,4,2,3,423,Promising
15655,244,1,0.693147181,256.11,1,1,2,112,Lost
15656,46,4,1.609437912,581.94,3,3,3,333,Potential Loyalist
15657,23,1,0.693147181,30,3,1,1,311,Need Attention
15658,191,5,1.791759469,686.25,1,4,3,143,At-Risk High Value
15659,44,1,0.693147181,192.45,3,1,1,311,Need Attention
15660,26,6,1.945910149,1155.82,3,4,4,344,Loyalist
15661,318,2,1.098612289,296.6,1,2,2,122,Lost
15663,107,1,0.693147181,93.14,2,1,1,211,Lost
15664,51,1,0.693147181,236.47,3,1,2,312,Need Attention
15665,169,2,1.098612289,1127.29,1,2,3,123,At-Risk High Value
15667,40,1,0.693147181,181.08,3,1,1,311,Need Attention
15668,218,1,0.693147181,76.32,1,1,1,111,Lost
15669,41,4,1.609437912,549.84,3,3,3,333,Potential Loyalist
15670,297,1,0.693147181,119.95,1,1,1,111,Lost
15671,19,7,2.079441542,2168.07,3,4,4,344,Loyalist
15673,89,4,1.609437912,2057.1,2,3,4,234,At-Risk High Value
15674,74,5,1.791759469,1579.91,2,4,4,244,At-Risk High Value
15675,82,3,1.386294361,272.89,2,3,2,232,Lost
15676,19,3,1.386294361,1830.98,3,3,4,334,Potential Loyalist
15677,50,1,0.693147181,435.78,3,1,2,312,Need Attention
15678,53,1,0.693147181,248.7,2,1,2,212,Lost
15679,25,4,1.609437912,535.32,3,3,3,333,Potential Loyalist
15680,10,3,1.386294361,982.12,4,3,3,433,Promising
15681,26,4,1.609437912,1256.4,3,3,4,334,Potential Loyalist
15683,118,1,0.693147181,156.55,2,1,1,211,Lost
15687,9,8,2.197224577,1897.7,4,4,4,444,Champions
15689,120,2,1.098612289,224.1,2,2,2,222,Lost
15690,5,2,1.098612289,197.52,4,2,1,421,Promising
15691,253,1,0.693147181,136.8,1,1,1,111,Lost
15692,29,1,0.693147181,126.78,3,1,1,311,Need Attention
15694,1,14,2.708050201,6182.9,4,4,4,444,Champions
15695,267,1,0.693147181,283.38,1,1,2,112,Lost
15696,34,8,2.197224577,1836.43,3,4,4,344,Loyalist
15699,18,1,0.693147181,244.55,4,1,2,412,New Customers
15700,173,2,1.098612289,352.74,1,2,2,122,Lost
15701,3,4,1.609437912,855.48,4,3,3,433,Promising
15703,265,1,0.693147181,211.5,1,1,1,111,Lost
15704,141,3,1.386294361,1795.44,2,3,4,234,At-Risk High Value
15705,202,1,0.693147181,95.4,1,1,1,111,Lost
15706,64,4,1.609437912,691.21,2,3,3,233,At-Risk High Value
15707,36,4,1.609437912,614.61,3,3,3,333,Potential Loyalist
15708,41,7,2.079441542,2182.54,3,4,4,344,Loyalist
15709,284,1,0.693147181,133.25,1,1,1,111,Lost
15712,10,5,1.791759469,774.61,4,4,3,443,Loyalist
15713,144,2,1.098612289,341.7,1,2,2,122,Lost
15714,12,2,1.098612289,280.95,4,2,2,422,Promising
15716,146,4,1.609437912,999.06,1,3,3,133,At-Risk High Value
15717,235,1,0.693147181,150.3,1,1,1,111,Lost
15719,33,13,2.63905733,3000.46,3,4,4,344,Loyalist
15720,25,1,0.693147181,410.64,3,1,2,312,Need Attention
15721,12,1,0.693147181,301.73,4,1,2,412,New Customers
15722,36,4,1.609437912,1849.81,3,3,4,334,Potential Loyalist
15723,365,1,0.693147181,150.65,1,1,1,111,Lost
15724,202,2,1.098612289,207.75,1,2,1,121,Lost
15725,16,1,0.693147181,313.74,4,1,2,412,New Customers
15727,17,7,2.079441542,3374.7,4,4,4,444,Champions
15729,213,1,0.693147181,55,1,1,1,111,Lost
15730,66,3,1.386294361,734.84,2,3,3,233,At-Risk High Value
15732,213,2,1.098612289,183.62,1,2,1,121,Lost
15733,283,1,0.693147181,112.6,1,1,1,111,Lost
15734,115,2,1.098612289,1025.05,2,2,3,223,At-Risk High Value
15737,15,7,2.079441542,811.76,4,4,3,443,Loyalist
15738,19,15,2.772588722,4400.05,3,4,4,344,Loyalist
15739,67,1,0.693147181,425.32,2,1,2,212,Lost
15740,50,1,0.693147181,120.94,3,1,1,311,Need Attention
15743,17,4,1.609437912,528.71,4,3,3,433,Promising
15744,78,1,0.693147181,20.88,2,1,1,211,Lost
15745,20,4,1.609437912,922.14,3,3,3,333,Potential Loyalist
15746,135,1,0.693147181,140.4,2,1,1,211,Lost
15747,13,3,1.386294361,588.78,4,3,3,433,Promising
15748,41,1,0.693147181,130.86,3,1,1,311,Need Attention
15749,236,2,1.098612289,44534.3,1,2,4,124,At-Risk High Value
15750,3,7,2.079441542,1570.32,4,4,4,444,Champions
15752,40,7,2.079441542,1249.97,3,4,4,344,Loyalist
15753,305,1,0.693147181,79.2,1,1,1,111,Lost
15754,52,3,1.386294361,276.77,2,3,2,232,Lost
15755,11,6,1.945910149,1653.22,4,4,4,444,Champions
15756,62,4,1.609437912,298.86,2,3,2,232,Lost
15757,66,2,1.098612289,437.72,2,2,2,222,Lost
15758,25,1,0.693147181,128.85,3,1,1,311,Need Attention
15759,219,3,1.386294361,253.04,1,3,2,132,Lost
15762,66,2,1.098612289,403.37,2,2,2,222,Lost
15763,32,2,1.098612289,591.32,3,2,3,323,Potential Loyalist
15764,89,4,1.609437912,1683.47,2,3,4,234,At-Risk High Value
15766,65,1,0.693147181,167.58,2,1,1,211,Lost
15768,116,3,1.386294361,501.68,2,3,3,233,At-Risk High Value
15769,8,22,3.135494216,38842.88,4,4,4,444,Champions
15773,6,1,0.693147181,628.6,4,1,3,413,New Customers
15774,69,1,0.693147181,208.6,2,1,1,211,Lost
15775,246,1,0.693147181,59.9,1,1,1,111,Lost
15776,134,1,0.693147181,221.76,2,1,2,212,Lost
15777,242,3,1.386294361,1001.51,1,3,3,133,At-Risk High Value
15780,184,3,1.386294361,388.13,1,3,2,132,Lost
15781,26,3,1.386294361,300.46,3,3,2,332,Potential Loyalist
15782,10,3,1.386294361,1738.78,4,3,4,434,Promising
15783,11,1,0.693147181,181.5,4,1,1,411,New Customers
15785,33,4,1.609437912,2002.75,3,3,4,334,Potential Loyalist
15786,47,2,1.098612289,1621.66,3,2,4,324,Potential Loyalist
15787,27,2,1.098612289,615.38,3,2,3,323,Potential Loyalist
15789,359,1,0.693147181,192.34,1,1,1,111,Lost
15790,11,1,0.693147181,163.85,4,1,1,411,New Customers
15791,44,2,1.098612289,1157.59,3,2,4,324,Potential Loyalist
15793,15,3,1.386294361,965.61,4,3,3,433,Promising
15795,150,1,0.693147181,250.31,1,1,2,112,Lost
15796,2,8,2.197224577,1895.66,4,4,4,444,Champions
15797,114,4,1.609437912,1962.6,2,3,4,234,At-Risk High Value
15799,76,3,1.386294361,725.84,2,3,3,233,At-Risk High Value
15800,108,2,1.098612289,491.82,2,2,3,223,At-Risk High Value
15801,47,3,1.386294361,606.99,3,3,3,333,Potential Loyalist
15802,143,1,0.693147181,451.42,1,1,2,112,Lost
15803,52,1,0.693147181,381.82,2,1,2,212,Lost
15804,1,13,2.63905733,2758.84,4,4,4,444,Champions
15805,24,13,2.63905733,3027.32,3,4,4,344,Loyalist
15806,47,3,1.386294361,703.22,3,3,3,333,Potential Loyalist
15807,51,2,1.098612289,427.14,3,2,2,322,Need Attention
15808,307,4,1.609437912,2742.47,1,3,4,134,At-Risk High Value
15809,37,5,1.791759469,442.27,3,4,2,342,Loyalist
15810,79,4,1.609437912,727.23,2,3,3,233,At-Risk High Value
15811,23,6,1.945910149,1501.13,3,4,4,344,Loyalist
15812,108,5,1.791759469,1542.99,2,4,4,244,At-Risk High Value
15813,208,2,1.098612289,929.61,1,2,3,123,At-Risk High Value
15814,17,3,1.386294361,1727.55,4,3,4,434,Promising
15815,64,5,1.791759469,1320.7,2,4,4,244,At-Risk High Value
15819,50,4,1.609437912,943.04,3,3,3,333,Potential Loyalist
15820,320,1,0.693147181,206.98,1,1,1,111,Lost
15821,45,2,1.098612289,462.61,3,2,2,322,Need Attention
15822,4,2,1.098612289,772.07,4,2,3,423,Promising
15823,373,1,0.693147181,15,1,1,1,111,Lost
15825,173,1,0.693147181,446.12,1,1,2,112,Lost
15826,57,2,1.098612289,1145.09,2,2,3,223,At-Risk High Value
15827,74,11,2.48490665,1395.09,2,4,4,244,At-Risk High Value
15829,100,2,1.098612289,465.8,2,2,2,222,Lost
15830,38,1,0.693147181,280.68,3,1,2,312,Need Attention
15831,59,3,1.386294361,613.08,2,3,3,233,At-Risk High Value
15832,255,1,0.693147181,299.81,1,1,2,112,Lost
15834,71,3,1.386294361,1182.06,2,3,4,234,At-Risk High Value
15835,45,4,1.609437912,611.89,3,3,3,333,Potential Loyalist
15836,51,1,0.693147181,114.67,3,1,1,311,Need Attention
15837,65,1,0.693147181,326.54,2,1,2,212,Lost
15838,12,15,2.772588722,26240.76,4,4,4,444,Champions
15839,34,3,1.386294361,597.8,3,3,3,333,Potential Loyalist
15840,59,2,1.098612289,264.55,2,2,2,222,Lost
15841,73,4,1.609437912,927.44,2,3,3,233,At-Risk High Value
15843,304,1,0.693147181,75.75,1,1,1,111,Lost
15844,47,1,0.693147181,59.34,3,1,1,311,Need Attention
15845,18,8,2.197224577,2536.76,4,4,4,444,Champions
15847,39,2,1.098612289,279.97,3,2,2,322,Need Attention
15850,20,2,1.098612289,164.3,3,2,1,321,Need Attention
15852,187,2,1.098612289,117.82,1,2,1,121,Lost
15853,52,1,0.693147181,69.7,2,1,1,211,Lost
15854,5,10,2.397895273,2348.43,4,4,4,444,Champions
15855,137,5,1.791759469,531.66,2,4,3,243,At-Risk High Value
15856,5,21,3.091042453,12663.18,4,4,4,444,Champions
15857,19,1,0.693147181,165.9,3,1,1,311,Need Attention
15858,16,5,1.791759469,948.21,4,4,3,443,Loyalist
15860,41,8,2.197224577,757.04,3,4,3,343,Loyalist
15861,13,6,1.945910149,1720.09,4,4,4,444,Champions
15862,9,4,1.609437912,632.5,4,3,3,433,Promising
15863,26,2,1.098612289,56.08,3,2,1,321,Need Attention
15864,23,6,1.945910149,1621.14,3,4,4,344,Loyalist
15865,41,3,1.386294361,693.09,3,3,3,333,Potential Loyalist
15866,102,1,0.693147181,121.41,2,1,1,211,Lost
15867,6,15,2.772588722,2108.11,4,4,4,444,Champions
15869,278,1,0.693147181,132.24,1,1,1,111,Lost
15870,33,1,0.693147181,187.45,3,1,1,311,Need Attention
15872,15,1,0.693147181,158.57,4,1,1,411,New Customers
15874,64,6,1.945910149,3311.13,2,4,4,244,At-Risk High Value
15877,2,2,1.098612289,366.27,4,2,2,422,Promising
15880,370,1,0.693147181,181.11,1,1,1,111,Lost
15881,313,3,1.386294361,481.29,1,3,3,133,At-Risk High Value
15882,199,2,1.098612289,367.5,1,2,2,122,Lost
15883,3,2,1.098612289,298.37,4,2,2,422,Promising
15885,93,3,1.386294361,234.65,2,3,2,232,Lost
15886,61,1,0.693147181,181.09,2,1,1,211,Lost
15888,81,1,0.693147181,154.79,2,1,1,211,Lost
15889,157,2,1.098612289,313.82,1,2,2,122,Lost
15891,227,1,0.693147181,309.84,1,1,2,112,Lost
15894,254,2,1.098612289,197.48,1,2,1,121,Lost
15895,150,1,0.693147181,175.42,1,1,1,111,Lost
15897,195,1,0.693147181,202.76,1,1,1,111,Lost
15898,2,5,1.791759469,1096.21,4,4,3,443,Loyalist
15899,369,1,0.693147181,56.25,1,1,1,111,Lost
15900,24,1,0.693147181,197.09,3,1,1,311,Need Attention
15901,17,3,1.386294361,271.86,4,3,2,432,Potential Loyalist
15903,10,7,2.079441542,2722.2,4,4,4,444,Champions
15904,9,1,0.693147181,129.15,4,1,1,411,New Customers
15906,20,5,1.791759469,1276.96,3,4,4,344,Loyalist
15907,4,3,1.386294361,529.99,4,3,3,433,Promising
15909,174,1,0.693147181,91.14,1,1,1,111,Lost
15910,1,8,2.197224577,933.72,4,4,3,443,Loyalist
15912,179,2,1.098612289,247.4,1,2,2,122,Lost
15916,17,7,2.079441542,1223.77,4,4,4,444,Champions
15917,248,1,0.693147181,112.9,1,1,1,111,Lost
15918,191,2,1.098612289,246.53,1,2,2,122,Lost
15919,20,2,1.098612289,273.67,3,2,2,322,Need Attention
15920,155,1,0.693147181,129.95,1,1,1,111,Lost
15921,173,1,0.693147181,323.03,1,1,2,112,Lost
15922,374,1,0.693147181,304.1,1,1,2,112,Lost
15923,373,1,0.693147181,115.98,1,1,1,111,Lost
15925,195,1,0.693147181,185.35,1,1,1,111,Lost
15930,68,1,0.693147181,241.63,2,1,2,212,Lost
15932,5,8,2.197224577,2078.25,4,4,4,444,Champions
15933,22,3,1.386294361,737.89,3,3,3,333,Potential Loyalist
15935,240,2,1.098612289,361.66,1,2,2,122,Lost
15937,65,1,0.693147181,85.95,2,1,1,211,Lost
15938,113,5,1.791759469,359.58,2,4,2,242,At-Risk High Value
15939,90,14,2.708050201,5790.89,2,4,4,244,At-Risk High Value
15940,312,1,0.693147181,35.8,1,1,1,111,Lost
15942,134,1,0.693147181,286.68,2,1,2,212,Lost
15944,277,1,0.693147181,289.7,1,1,2,112,Lost
15945,366,1,0.693147181,181,1,1,1,111,Lost
15947,83,1,0.693147181,734.08,2,1,3,213,At-Risk High Value
15948,9,2,1.098612289,405.94,4,2,2,422,Promising
15949,17,2,1.098612289,243.62,4,2,2,422,Promising
15950,32,4,1.609437912,1029.09,3,3,3,333,Potential Loyalist
15951,9,2,1.098612289,554.3,4,2,3,423,Promising
15952,34,4,1.609437912,617.86,3,3,3,333,Potential Loyalist
15953,16,8,2.197224577,1399.43,4,4,4,444,Champions
15955,25,10,2.397895273,3117,3,4,4,344,Loyalist
15957,32,1,0.693147181,362.13,3,1,2,312,Need Attention
15958,75,1,0.693147181,96.1,2,1,1,211,Lost
15963,20,2,1.098612289,346.11,3,2,2,322,Need Attention
15965,18,3,1.386294361,653.41,4,3,3,433,Promising
15967,24,2,1.098612289,302.72,3,2,2,322,Need Attention
15969,3,3,1.386294361,550.4,4,3,3,433,Promising
15970,304,1,0.693147181,98.7,1,1,1,111,Lost
15971,18,11,2.48490665,3896.75,4,4,4,444,Champions
15973,367,1,0.693147181,307.82,1,1,2,112,Lost
15974,40,7,2.079441542,2348.98,3,4,4,344,Loyalist
15975,85,1,0.693147181,205.65,2,1,1,211,Lost
15976,166,2,1.098612289,294.06,1,2,2,122,Lost
15977,18,2,1.098612289,579.17,4,2,3,423,Promising
15978,78,1,0.693147181,750.44,2,1,3,213,At-Risk High Value
15980,89,2,1.098612289,1944.81,2,2,4,224,At-Risk High Value
15981,25,8,2.197224577,1496.58,3,4,4,344,Loyalist
15983,23,4,1.609437912,1181.34,3,3,4,334,Potential Loyalist
15984,3,10,2.397895273,2274.91,4,4,4,444,Champions
15985,124,2,1.098612289,899.42,2,2,3,223,At-Risk High Value
15986,31,1,0.693147181,99.68,3,1,1,311,Need Attention
15987,13,6,1.945910149,1224.35,4,4,4,444,Champions
15988,20,1,0.693147181,142.18,3,1,1,311,Need Attention
15990,45,2,1.098612289,567.66,3,2,3,323,Potential Loyalist
15992,4,1,0.693147181,28.47,4,1,1,411,New Customers
15993,9,5,1.791759469,1900.55,4,4,4,444,Champions
15994,55,1,0.693147181,333.57,2,1,2,212,Lost
15996,89,6,1.945910149,778.83,2,4,3,243,At-Risk High Value
15998,37,5,1.791759469,1516.17,3,4,4,344,Loyalist
16000,3,1,0.693147181,10682.5,4,1,4,414,New Customers
16003,30,4,1.609437912,1927.13,3,3,4,334,Potential Loyalist
16005,13,3,1.386294361,369.31,4,3,2,432,Potential Loyalist
16006,212,1,0.693147181,101.4,1,1,1,111,Lost
16007,48,4,1.609437912,996.68,3,3,3,333,Potential Loyalist
16008,24,3,1.386294361,349.78,3,3,2,332,Potential Loyalist
16009,23,4,1.609437912,655.01,3,3,3,333,Potential Loyalist
16010,246,3,1.386294361,319.05,1,3,2,132,Lost
16011,9,16,2.833213344,2393.46,4,4,4,444,Champions
16012,36,3,1.386294361,1080.06,3,3,3,333,Potential Loyalist
16013,4,28,3.36729583,36512.2,4,4,4,444,Champions
16014,38,3,1.386294361,391.31,3,3,2,332,Potential Loyalist
16015,4,3,1.386294361,450.68,4,3,2,432,Potential Loyalist
16016,4,7,2.079441542,1055.65,4,4,3,443,Loyalist
16017,48,1,0.693147181,158.16,3,1,1,311,Need Attention
16018,40,2,1.098612289,397,3,2,2,322,Need Attention
16019,47,9,2.302585093,2841.89,3,4,4,344,Loyalist
16020,17,2,1.098612289,577.73,4,2,3,423,Promising
16022,261,1,0.693147181,429.28,1,1,2,112,Lost
16023,47,3,1.386294361,473.6,3,3,2,332,Potential Loyalist
16024,13,1,0.693147181,172.39,4,1,1,411,New Customers
16025,30,1,0.693147181,244,3,1,2,312,Need Attention
16026,44,1,0.693147181,149.14,3,1,1,311,Need Attention
16027,92,6,1.945910149,919.87,2,4,3,243,At-Risk High Value
16029,39,39,3.688879454,67356.44,3,4,4,344,Loyalist
16030,310,1,0.693147181,252.34,1,1,2,112,Lost
16031,93,2,1.098612289,352.66,2,2,2,222,Lost
16033,6,18,2.944438979,5811.53,4,4,4,444,Champions
16034,197,3,1.386294361,371.55,1,3,2,132,Lost
16036,88,2,1.098612289,380.79,2,2,2,222,Lost
16037,270,3,1.386294361,649.82,1,3,3,133,At-Risk High Value
16038,8,3,1.386294361,348.68,4,3,2,432,Potential Loyalist
16040,66,3,1.386294361,1006.8,2,3,3,233,At-Risk High Value
16041,31,2,1.098612289,3166.4,3,2,4,324,Potential Loyalist
16042,23,4,1.609437912,658.89,3,3,3,333,Potential Loyalist
16043,38,4,1.609437912,546.44,3,3,3,333,Potential Loyalist
16045,120,4,1.609437912,796.9,2,3,3,233,At-Risk High Value
16048,374,1,0.693147181,87.84,1,1,1,111,Lost
16049,41,3,1.386294361,609.86,3,3,3,333,Potential Loyalist
16050,174,1,0.693147181,137.9,1,1,1,111,Lost
16052,55,1,0.693147181,306.86,2,1,2,212,Lost
16053,33,2,1.098612289,734.7,3,2,3,323,Potential Loyalist
16054,146,1,0.693147181,412.71,1,1,2,112,Lost
16055,221,1,0.693147181,134.8,1,1,1,111,Lost
16056,46,1,0.693147181,450.47,3,1,2,312,Need Attention
16057,17,4,1.609437912,1518.83,4,3,4,434,Promising
16059,66,6,1.945910149,936.51,2,4,3,243,At-Risk High Value
16062,10,4,1.609437912,819.17,4,3,3,433,Promising
16063,261,1,0.693147181,180.23,1,1,1,111,Lost
16065,366,1,0.693147181,243.54,1,1,2,112,Lost
16066,17,5,1.791759469,1233.7,4,4,4,444,Champions
16070,23,2,1.098612289,537.74,3,2,3,323,Potential Loyalist
16071,45,1,0.693147181,206.44,3,1,1,311,Need Attention
16072,289,1,0.693147181,418.47,1,1,2,112,Lost
16073,298,1,0.693147181,122.4,1,1,1,111,Lost
16076,4,9,2.302585093,1599.37,4,4,4,444,Champions
16078,284,1,0.693147181,79.2,1,1,1,111,Lost
16079,17,3,1.386294361,1224.5,4,3,4,434,Promising
16080,82,2,1.098612289,182.76,2,2,1,221,Lost
16081,57,5,1.791759469,1810.06,2,4,4,244,At-Risk High Value
16083,101,2,1.098612289,804.34,2,2,3,223,At-Risk High Value
16084,300,1,0.693147181,332.53,1,1,2,112,Lost
16085,24,5,1.791759469,686.46,3,4,3,343,Loyalist
16086,60,5,1.791759469,1008.19,2,4,3,243,At-Risk High Value
16091,155,2,1.098612289,216.36,1,2,2,122,Lost
16092,115,3,1.386294361,460.16,2,3,2,232,Lost
16093,107,1,0.693147181,17,2,1,1,211,Lost
16094,12,3,1.386294361,754.53,4,3,3,433,Promising
16096,265,1,0.693147181,260.08,1,1,2,112,Lost
16097,241,1,0.693147181,100.25,1,1,1,111,Lost
16098,88,7,2.079441542,1821.81,2,4,4,244,At-Risk High Value
16099,51,3,1.386294361,390,3,3,2,332,Potential Loyalist
16101,71,1,0.693147181,468.79,2,1,2,212,Lost
16102,43,3,1.386294361,1543.78,3,3,4,334,Potential Loyalist
16103,8,6,1.945910149,1039.64,4,4,3,443,Loyalist
16104,62,1,0.693147181,202.93,2,1,1,211,Lost
16105,249,1,0.693147181,290.46,1,1,2,112,Lost
16106,66,1,0.693147181,108.38,2,1,1,211,Lost
16107,18,7,2.079441542,2933.86,4,4,4,444,Champions
16108,85,1,0.693147181,416.88,2,1,2,212,Lost
16109,219,2,1.098612289,501.48,1,2,3,123,At-Risk High Value
16110,46,3,1.386294361,705.46,3,3,3,333,Potential Loyalist
16112,144,4,1.609437912,146.9,1,3,1,131,Lost
16113,184,1,0.693147181,143.48,1,1,1,111,Lost
16114,171,1,0.693147181,64.95,1,1,1,111,Lost
16115,10,8,2.197224577,1123.78,4,4,3,443,Loyalist
16116,212,1,0.693147181,435.96,1,1,2,112,Lost
16117,190,1,0.693147181,199.96,1,1,1,111,Lost
16119,9,2,1.098612289,326.46,4,2,2,422,Promising
16120,60,1,0.693147181,1129.74,2,1,3,213,At-Risk High Value
16121,58,2,1.098612289,505.48,2,2,3,223,At-Risk High Value
16122,74,4,1.609437912,535.5,2,3,3,233,At-Risk High Value
16123,52,1,0.693147181,237.73,2,1,2,212,Lost
16124,318,1,0.693147181,135.4,1,1,1,111,Lost
16125,368,1,0.693147181,234.75,1,1,2,112,Lost
16126,30,4,1.609437912,4182.73,3,3,4,334,Potential Loyalist
16127,40,1,0.693147181,350.61,3,1,2,312,Need Attention
16128,18,5,1.791759469,1254.76,4,4,4,444,Champions
16131,52,4,1.609437912,2602.26,2,3,4,234,At-Risk High Value
16133,4,29,3.401197382,12440,4,4,4,444,Champions
16134,22,2,1.098612289,395.55,3,2,2,322,Need Attention
16135,263,1,0.693147181,398.75,1,1,2,112,Lost
16136,60,3,1.386294361,537.2,2,3,3,233,At-Risk High Value
16139,19,3,1.386294361,445.21,3,3,2,332,Potential Loyalist
16140,66,2,1.098612289,531.5,2,2,3,223,At-Risk High Value
16141,89,1,0.693147181,429.48,2,1,2,212,Lost
16142,250,1,0.693147181,286.8,1,1,2,112,Lost
16143,4,6,1.945910149,1789.08,4,4,4,444,Champions
16144,247,1,0.693147181,175.2,1,1,1,111,Lost
16145,9,11,2.48490665,2638.16,4,4,4,444,Champions
16146,158,3,1.386294361,572.97,1,3,3,133,At-Risk High Value
16147,134,1,0.693147181,216.96,2,1,2,212,Lost
16148,297,1,0.693147181,76.32,1,1,1,111,Lost
16149,5,2,1.098612289,230.12,4,2,2,422,Promising
16150,43,5,1.791759469,1454.55,3,4,4,344,Loyalist
16152,269,1,0.693147181,1611.64,1,1,4,114,Lost
16153,50,5,1.791759469,1267.76,3,4,4,344,Loyalist
16156,9,9,2.302585093,2401,4,4,4,444,Champions
16157,16,3,1.386294361,567.59,4,3,3,433,Promising
16159,282,1,0.693147181,181.6,1,1,1,111,Lost
16160,66,2,1.098612289,618.64,2,2,3,223,At-Risk High Value
16161,2,19,2.995732274,3145.19,4,4,4,444,Champions
16162,253,1,0.693147181,37.4,1,1,1,111,Lost
16163,233,2,1.098612289,840.25,1,2,3,123,At-Risk High Value
16164,18,3,1.386294361,709.44,4,3,3,433,Promising
16168,11,25,3.258096538,3206.55,4,4,4,444,Champions
16169,9,4,1.609437912,1183.23,4,3,4,434,Promising
16170,51,6,1.945910149,1287.21,3,4,4,344,Loyalist
16171,60,1,0.693147181,48.3,2,1,1,211,Lost
16172,96,4,1.609437912,872.11,2,3,3,233,At-Risk High Value
16173,16,6,1.945910149,974.67,4,4,3,443,Loyalist
16174,127,3,1.386294361,836.2,2,3,3,233,At-Risk High Value
16175,95,4,1.609437912,653.08,2,3,3,233,At-Risk High Value
16177,51,1,0.693147181,247.25,3,1,2,312,Need Attention
16178,139,1,0.693147181,183.15,2,1,1,211,Lost
16179,61,1,0.693147181,195.03,2,1,1,211,Lost
16180,101,7,2.079441542,2846.43,2,4,4,244,At-Risk High Value
16181,74,1,0.693147181,285.74,2,1,2,212,Lost
16182,73,4,1.609437912,3280.85,2,3,4,234,At-Risk High Value
16183,68,1,0.693147181,238.32,2,1,2,212,Lost
16184,65,6,1.945910149,848.98,2,4,3,243,At-Risk High Value
16185,17,2,1.098612289,434.31,4,2,2,422,Promising
16186,23,10,2.397895273,2626.21,3,4,4,344,Loyalist
16187,32,11,2.48490665,4973.06,3,4,4,344,Loyalist
16188,45,4,1.609437912,661.64,3,3,3,333,Potential Loyalist
16189,16,2,1.098612289,165.73,4,2,1,421,Promising
16190,41,1,0.693147181,215.08,3,1,1,311,Need Attention
16191,3,10,2.397895273,3819.06,4,4,4,444,Champions
16193,237,1,0.693147181,236.45,1,1,2,112,Lost
16198,76,1,0.693147181,228.18,2,1,2,212,Lost
16200,5,2,1.098612289,723.82,4,2,3,423,Promising
16201,4,4,1.609437912,863.27,4,3,3,433,Promising
16202,361,1,0.693147181,305.27,1,1,2,112,Lost
16203,59,4,1.609437912,262.9,2,3,2,232,Lost
16204,24,1,0.693147181,248.77,3,1,2,312,Need Attention
16205,31,4,1.609437912,521.74,3,3,3,333,Potential Loyalist
16206,55,4,1.609437912,428.18,2,3,2,232,Lost
16207,26,1,0.693147181,348.04,3,1,2,312,Need Attention
16208,45,2,1.098612289,540.84,3,2,3,323,Potential Loyalist
16209,89,5,1.791759469,2004.44,2,4,4,244,At-Risk High Value
16210,2,17,2.890371758,20219.62,4,4,4,444,Champions
16211,89,1,0.693147181,427.84,2,1,2,212,Lost
16212,20,2,1.098612289,476.29,3,2,2,322,Need Attention
16213,79,1,0.693147181,159,2,1,1,211,Lost
16214,171,3,1.386294361,695.4,1,3,3,133,At-Risk High Value
16215,81,1,0.693147181,158.05,2,1,1,211,Lost
16216,268,1,0.693147181,706.88,1,1,3,113,Lost
16217,236,2,1.098612289,304.25,1,2,2,122,Lost
16218,30,6,1.945910149,2002.32,3,4,4,344,Loyalist
16221,37,3,1.386294361,686.21,3,3,3,333,Potential Loyalist
16222,319,1,0.693147181,391.46,1,1,2,112,Lost
16224,58,4,1.609437912,899.06,2,3,3,233,At-Risk High Value
16225,45,4,1.609437912,718.04,3,3,3,333,Potential Loyalist
16226,204,3,1.386294361,207.42,1,3,1,131,Lost
16227,226,1,0.693147181,314.22,1,1,2,112,Lost
16229,88,2,1.098612289,630.22,2,2,3,223,At-Risk High Value
16230,190,2,1.098612289,324.13,1,2,2,122,Lost
16232,44,3,1.386294361,691.79,3,3,3,333,Potential Loyalist
16233,72,3,1.386294361,320.62,2,3,2,232,Lost
16235,41,5,1.791759469,704.51,3,4,3,343,Loyalist
16236,79,1,0.693147181,277.46,2,1,2,212,Lost
16239,57,2,1.098612289,284.9,2,2,2,222,Lost
16240,25,2,1.098612289,2489.49,3,2,4,324,Potential Loyalist
16241,10,12,2.564949357,1422.04,4,4,4,444,Champions
16242,9,7,2.079441542,2073.41,4,4,4,444,Champions
16243,34,2,1.098612289,323.6,3,2,2,322,Need Attention
16244,212,2,1.098612289,803.5,1,2,3,123,At-Risk High Value
16245,24,3,1.386294361,893.31,3,3,3,333,Potential Loyalist
16247,171,1,0.693147181,108.16,1,1,1,111,Lost
16248,62,1,0.693147181,77.82,2,1,1,211,Lost
16249,53,5,1.791759469,1445.86,2,4,4,244,At-Risk High Value
16250,262,2,1.098612289,303.94,1,2,2,122,Lost
16253,67,2,1.098612289,2416.58,2,2,4,224,At-Risk High Value
16255,17,8,2.197224577,2056.21,4,4,4,444,Champions
16256,267,1,0.693147181,327.87,1,1,2,112,Lost
16257,177,1,0.693147181,46.95,1,1,1,111,Lost
16258,46,5,1.791759469,3020.18,3,4,4,344,Loyalist
16260,51,1,0.693147181,732.25,3,1,3,313,Need Attention
16261,18,4,1.609437912,532.84,4,3,3,433,Promising
16265,10,8,2.197224577,3524.45,4,4,4,444,Champions
16266,74,6,1.945910149,720.34,2,4,3,243,At-Risk High Value
16268,72,1,0.693147181,420.4,2,1,2,212,Lost
16270,354,1,0.693147181,545.8,1,1,3,113,Lost
16271,3,5,1.791759469,938.71,4,4,3,443,Loyalist
16272,117,1,0.693147181,73.6,2,1,1,211,Lost
16274,374,1,0.693147181,222.07,1,1,2,112,Lost
16275,197,1,0.693147181,404.93,1,1,2,112,Lost
16276,177,1,0.693147181,780.6,1,1,3,113,Lost
16278,101,1,0.693147181,410.74,2,1,2,212,Lost
16279,22,3,1.386294361,915.24,3,3,3,333,Potential Loyalist
16281,73,1,0.693147181,969.58,2,1,3,213,At-Risk High Value
16282,340,1,0.693147181,168.3,1,1,1,111,Lost
16283,6,5,1.791759469,1044.82,4,4,3,443,Loyalist
16284,32,2,1.098612289,580.83,3,2,3,323,Potential Loyalist
16287,170,1,0.693147181,100.95,1,1,1,111,Lost
16292,122,1,0.693147181,213.53,2,1,1,211,Lost
16293,22,6,1.945910149,1600.59,3,4,4,344,Loyalist
16295,10,4,1.609437912,906,4,3,3,433,Promising
16297,269,1,0.693147181,192.45,1,1,1,111,Lost
16298,23,3,1.386294361,480.6,3,3,3,333,Potential Loyalist
16302,127,1,0.693147181,203.22,2,1,1,211,Lost
16303,26,3,1.386294361,2534.83,3,3,4,334,Potential Loyalist
16305,139,1,0.693147181,101.56,2,1,1,211,Lost
16306,214,6,1.945910149,438.87,1,4,2,142,At-Risk High Value
16308,38,4,1.609437912,2560,3,3,4,334,Potential Loyalist
16309,107,2,1.098612289,523.47,2,2,3,223,At-Risk High Value
16311,18,2,1.098612289,484.2,4,2,3,423,Promising
16313,4,2,1.098612289,221.05,4,2,2,422,Promising
16315,331,1,0.693147181,178.85,1,1,1,111,Lost
16316,65,7,2.079441542,2082.46,2,4,4,244,At-Risk High Value
16317,120,3,1.386294361,1010.05,2,3,3,233,At-Risk High Value
16318,36,1,0.693147181,236.9,3,1,2,312,Need Attention
16319,218,1,0.693147181,261.6,1,1,2,112,Lost
16320,173,2,1.098612289,540.32,1,2,3,123,At-Risk High Value
16321,73,3,1.386294361,355.95,2,3,2,232,Lost
16322,2,2,1.098612289,224.1,4,2,2,422,Promising
16323,197,1,0.693147181,207.5,1,1,1,111,Lost
16324,129,2,1.098612289,299.99,2,2,2,222,Lost
16325,47,3,1.386294361,541.14,3,3,3,333,Potential Loyalist
16326,6,13,2.63905733,1725.77,4,4,4,444,Champions
16327,15,6,1.945910149,2748.28,4,4,4,444,Champions
16330,18,2,1.098612289,235.71,4,2,2,422,Promising
16332,29,7,2.079441542,1156.86,3,4,4,344,Loyalist
16333,8,13,2.63905733,26263.92,4,4,4,444,Champions
16337,37,1,0.693147181,125.85,3,1,1,311,Need Attention
16338,158,1,0.693147181,204.9,1,1,1,111,Lost
16339,285,1,0.693147181,30.9,1,1,1,111,Lost
16340,108,1,0.693147181,332.94,2,1,2,212,Lost
16341,25,3,1.386294361,1481.47,3,3,4,334,Potential Loyalist
16342,76,4,1.609437912,322.41,2,3,2,232,Lost
16343,17,1,0.693147181,282.5,4,1,2,412,New Customers
16344,159,1,0.693147181,101.1,1,1,1,111,Lost
16345,45,1,0.693147181,408.74,3,1,2,312,Need Attention
16347,12,2,1.098612289,662.63,4,2,3,423,Promising
16348,33,6,1.945910149,1022.43,3,4,3,343,Loyalist
16349,291,1,0.693147181,53.5,1,1,1,111,Lost
16350,22,4,1.609437912,792.47,3,3,3,333,Potential Loyalist
16351,333,1,0.693147181,81.9,1,1,1,111,Lost
16352,18,2,1.098612289,335.38,4,2,2,422,Promising
16353,4,20,3.044522438,6397.91,4,4,4,444,Champions
16354,64,2,1.098612289,295.8,2,2,2,222,Lost
16356,198,3,1.386294361,167.37,1,3,1,131,Lost
16357,34,3,1.386294361,460.78,3,3,2,332,Potential Loyalist
16358,2,4,1.609437912,1222.3,4,3,4,434,Promising
16359,8,9,2.302585093,1436.77,4,4,4,444,Champions
16360,5,6,1.945910149,1879.13,4,4,4,444,Champions
16361,10,4,1.609437912,687.91,4,3,3,433,Promising
16362,33,3,1.386294361,587.08,3,3,3,333,Potential Loyalist
16363,54,1,0.693147181,94.36,2,1,1,211,Lost
16364,12,2,1.098612289,624.44,4,2,3,423,Promising
16365,18,8,2.197224577,1473.47,4,4,4,444,Champions
16366,19,1,0.693147181,219.6,3,1,2,312,Need Attention
16367,38,2,1.098612289,447.1,3,2,2,322,Need Attention
16368,3,2,1.098612289,352.83,4,2,2,422,Promising
16369,19,3,1.386294361,1278.82,3,3,4,334,Potential Loyalist
16370,83,4,1.609437912,831.53,2,3,3,233,At-Risk High Value
16372,34,1,0.693147181,200.8,3,1,1,311,Need Attention
16374,67,2,1.098612289,326.05,2,2,2,222,Lost
16376,9,2,1.098612289,717.16,4,2,3,423,Promising
16377,268,1,0.693147181,676.2,1,1,3,113,Lost
16378,248,3,1.386294361,254.35,1,3,2,132,Lost
16379,5,4,1.609437912,1274.82,4,3,4,434,Promising
16380,62,1,0.693147181,1685.74,2,1,4,214,At-Risk High Value
16383,75,2,1.098612289,383.96,2,2,2,222,Lost
16384,90,2,1.098612289,322.9,2,2,2,222,Lost
16385,61,3,1.386294361,456.63,2,3,2,232,Lost
16386,29,2,1.098612289,222.06,3,2,2,322,Need Attention
16387,323,1,0.693147181,79.36,1,1,1,111,Lost
16389,54,4,1.609437912,1082.67,2,3,3,233,At-Risk High Value
16392,270,1,0.693147181,172.99,1,1,1,111,Lost
16393,3,13,2.63905733,2210.29,4,4,4,444,Champions
16394,57,5,1.791759469,996.91,2,4,3,243,At-Risk High Value
16395,61,5,1.791759469,990.76,2,4,3,243,At-Risk High Value
16398,155,2,1.098612289,1026.89,1,2,3,123,At-Risk High Value
16399,20,2,1.098612289,297.65,3,2,2,322,Need Attention
16400,95,1,0.693147181,289.83,2,1,2,212,Lost
16401,2,12,2.564949357,2541.04,4,4,4,444,Champions
16402,265,2,1.098612289,208.8,1,2,1,121,Lost
16403,313,1,0.693147181,122,1,1,1,111,Lost
16404,71,1,0.693147181,288.85,2,1,2,212,Lost
16405,303,2,1.098612289,167.25,1,2,1,121,Lost
16406,19,1,0.693147181,99.48,3,1,1,311,Need Attention
16407,13,9,2.302585093,1624.81,4,4,4,444,Champions
16409,37,5,1.791759469,1286.55,3,4,4,344,Loyalist
16411,20,2,1.098612289,169.65,3,2,1,321,Need Attention
16412,54,1,0.693147181,100.39,2,1,1,211,Lost
16413,57,1,0.693147181,214.2,2,1,1,211,Lost
16414,22,2,1.098612289,126.25,3,2,1,321,Need Attention
16415,45,1,0.693147181,123.93,3,1,1,311,Need Attention
16416,27,3,1.386294361,927.47,3,3,3,333,Potential Loyalist
16418,45,3,1.386294361,485.57,3,3,3,333,Potential Loyalist
16419,113,5,1.791759469,938.71,2,4,3,243,At-Risk High Value
16422,18,48,3.891820298,31343.16,4,4,4,444,Champions
16423,25,1,0.693147181,218.38,3,1,2,312,Need Attention
16424,192,1,0.693147181,133.56,1,1,1,111,Lost
16425,303,1,0.693147181,150.5,1,1,1,111,Lost
16426,3,7,2.079441542,1021.44,4,4,3,443,Loyalist
16427,264,2,1.098612289,203.56,1,2,1,121,Lost
16429,107,1,0.693147181,284.55,2,1,2,212,Lost
16430,58,1,0.693147181,300.85,2,1,2,212,Lost
16431,214,2,1.098612289,443.06,1,2,2,122,Lost
16432,65,1,0.693147181,287.4,2,1,2,212,Lost
16433,29,1,0.693147181,155.22,3,1,1,311,Need Attention
16434,30,7,2.079441542,1133.2,3,4,3,343,Loyalist
16438,6,5,1.791759469,591.2,4,4,3,443,Loyalist
16440,8,5,1.791759469,2479.02,4,4,4,444,Champions
16441,68,2,1.098612289,350.9,2,2,2,222,Lost
16442,2,3,1.386294361,369.7,4,3,2,432,Potential Loyalist
16444,47,4,1.609437912,577.79,3,3,3,333,Potential Loyalist
16445,34,1,0.693147181,136.65,3,1,1,311,Need Attention
16446,1,2,1.098612289,168472.49,4,2,4,424,Promising
16447,136,1,0.693147181,143.76,2,1,1,211,Lost
16448,199,1,0.693147181,155.44,1,1,1,111,Lost
16449,198,2,1.098612289,560.39,1,2,3,123,At-Risk High Value
16450,150,1,0.693147181,216.36,1,1,2,112,Lost
16451,88,1,0.693147181,183.47,2,1,1,211,Lost
16454,45,2,1.098612289,6.9,3,2,1,321,Need Attention
16455,64,6,1.945910149,880.13,2,4,3,243,At-Risk High Value
16456,100,5,1.791759469,1033.4,2,4,3,243,At-Risk High Value
16457,219,1,0.693147181,208.36,1,1,1,111,Lost
16458,3,18,2.944438979,1597.82,4,4,4,444,Champions
16460,29,3,1.386294361,500.06,3,3,3,333,Potential Loyalist
16461,178,1,0.693147181,101.17,1,1,1,111,Lost
16462,74,3,1.386294361,136,2,3,1,231,Lost
16463,22,4,1.609437912,883.61,3,3,3,333,Potential Loyalist
16464,20,3,1.386294361,956.27,3,3,3,333,Potential Loyalist
16466,34,7,2.079441542,1371.86,3,4,4,344,Loyalist
16468,75,1,0.693147181,74.9,2,1,1,211,Lost
16469,24,3,1.386294361,379.25,3,3,2,332,Potential Loyalist
16470,52,4,1.609437912,530.67,2,3,3,233,At-Risk High Value
16471,275,1,0.693147181,134.65,1,1,1,111,Lost
16473,165,3,1.386294361,301.11,1,3,2,132,Lost
16474,8,6,1.945910149,1264.53,4,4,4,444,Champions
16475,89,4,1.609437912,386.8,2,3,2,232,Lost
16477,64,7,2.079441542,1366.19,2,4,4,244,At-Risk High Value
16478,26,3,1.386294361,295.6,3,3,2,332,Potential Loyalist
16479,11,1,0.693147181,253.88,4,1,2,412,New Customers
16480,76,1,0.693147181,590.1,2,1,3,213,At-Risk High Value
16482,16,1,0.693147181,181.53,4,1,1,411,New Customers
16483,193,1,0.693147181,100.95,1,1,1,111,Lost
16484,174,2,1.098612289,285.05,1,2,2,122,Lost
16485,78,1,0.693147181,314.03,2,1,2,212,Lost
16488,34,3,1.386294361,413.99,3,3,2,332,Potential Loyalist
16491,47,1,0.693147181,510.2,3,1,3,313,Need Attention
16493,80,4,1.609437912,1060.75,2,3,3,233,At-Risk High Value
16494,297,1,0.693147181,496.94,1,1,3,113,Lost
16495,4,2,1.098612289,549.76,4,2,3,423,Promising
16496,9,3,1.386294361,873.62,4,3,3,433,Promising
16497,50,5,1.791759469,1920.66,3,4,4,344,Loyalist
16498,162,2,1.098612289,89.72,1,2,1,121,Lost
16499,361,2,1.098612289,244.55,1,2,2,122,Lost
16500,5,5,1.791759469,400.86,4,4,2,442,Loyalist
16503,107,4,1.609437912,897.69,2,3,3,233,At-Risk High Value
16504,26,1,0.693147181,369.79,3,1,2,312,Need Attention
16505,32,1,0.693147181,627.84,3,1,3,313,Need Attention
16506,20,2,1.098612289,90.3,3,2,1,321,Need Attention
16509,297,1,0.693147181,294.3,1,1,2,112,Lost
16510,373,1,0.693147181,228.2,1,1,2,112,Lost
16511,22,3,1.386294361,611.06,3,3,3,333,Potential Loyalist
16513,5,4,1.609437912,598.66,4,3,3,433,Promising
16515,53,5,1.791759469,1372.52,2,4,4,244,At-Risk High Value
16516,31,1,0.693147181,84.3,3,1,1,311,Need Attention
16517,278,1,0.693147181,146,1,1,1,111,Lost
16518,62,2,1.098612289,445.47,2,2,2,222,Lost
16519,26,2,1.098612289,190.08,3,2,1,321,Need Attention
16520,187,3,1.386294361,685.41,1,3,3,133,At-Risk High Value
16523,2,18,2.944438979,4329.17,4,4,4,444,Champions
16525,3,26,3.295836866,11490.13,4,4,4,444,Champions
16526,172,1,0.693147181,277.86,1,1,2,112,Lost
16527,82,1,0.693147181,143.56,2,1,1,211,Lost
16528,4,1,0.693147181,166.17,4,1,1,411,New Customers
16529,191,1,0.693147181,257.8,1,1,2,112,Lost
16531,23,7,2.079441542,905.41,3,4,3,343,Loyalist
16532,18,3,1.386294361,6748.8,4,3,4,434,Promising
16533,20,3,1.386294361,686.87,3,3,3,333,Potential Loyalist
16535,6,1,0.693147181,397.62,4,1,2,412,New Customers
16536,111,1,0.693147181,402.56,2,1,2,212,Lost
16539,3,4,1.609437912,647.51,4,3,3,433,Promising
16542,54,1,0.693147181,119.62,2,1,1,211,Lost
16545,165,1,0.693147181,339.3,1,1,2,112,Lost
16546,291,2,1.098612289,587.55,1,2,3,123,At-Risk High Value
16549,11,8,2.197224577,2365.02,4,4,4,444,Champions
16550,109,5,1.791759469,1498.63,2,4,4,244,At-Risk High Value
16551,96,3,1.386294361,773.28,2,3,3,233,At-Risk High Value
16552,243,2,1.098612289,296.21,1,2,2,122,Lost
16553,164,6,1.945910149,5315.62,1,4,4,144,At-Risk High Value
16554,43,3,1.386294361,620.45,3,3,3,333,Potential Loyalist
16555,36,2,1.098612289,260.81,3,2,2,322,Need Attention
16556,67,7,2.079441542,2009.63,2,4,4,244,At-Risk High Value
16557,25,2,1.098612289,224.35,3,2,2,322,Need Attention
16558,1,20,3.044522438,5748.08,4,4,4,444,Champions
16560,27,2,1.098612289,608.19,3,2,3,323,Potential Loyalist
16561,6,2,1.098612289,388.42,4,2,2,422,Promising
16563,54,1,0.693147181,870.02,2,1,3,213,At-Risk High Value
16565,365,1,0.693147181,155.85,1,1,1,111,Lost
16566,16,5,1.791759469,614.66,4,4,3,443,Loyalist
16567,195,2,1.098612289,564.99,1,2,3,123,At-Risk High Value
16569,4,1,0.693147181,103.2,4,1,1,411,New Customers
16570,16,9,2.302585093,2721.1,4,4,4,444,Champions
16571,27,3,1.386294361,923.75,3,3,3,333,Potential Loyalist
16572,128,3,1.386294361,711.3,2,3,3,233,At-Risk High Value
16573,85,2,1.098612289,508.03,2,2,3,223,At-Risk High Value
16574,72,1,0.693147181,168.96,2,1,1,211,Lost
16581,183,1,0.693147181,67.44,1,1,1,111,Lost
16582,114,1,0.693147181,303.12,2,1,2,212,Lost
16583,374,1,0.693147181,117.65,1,1,1,111,Lost
16584,81,2,1.098612289,615.92,2,2,3,223,At-Risk High Value
16586,249,1,0.693147181,343.95,1,1,2,112,Lost
16587,233,1,0.693147181,210.15,1,1,1,111,Lost
16589,72,3,1.386294361,226.47,2,3,2,232,Lost
16591,69,1,0.693147181,203.6,2,1,1,211,Lost
16592,5,9,2.302585093,2711,4,4,4,444,Champions
16593,51,3,1.386294361,272.43,3,3,2,332,Potential Loyalist
16594,76,1,0.693147181,116.19,2,1,1,211,Lost
16595,62,1,0.693147181,213.67,2,1,1,211,Lost
16596,16,2,1.098612289,215.85,4,2,2,422,Promising
16597,5,1,0.693147181,80.68,4,1,1,411,New Customers
16598,286,1,0.693147181,85.5,1,1,1,111,Lost
16600,5,6,1.945910149,600.22,4,4,3,443,Loyalist
16601,41,1,0.693147181,229.55,3,1,2,312,Need Attention
16602,37,1,0.693147181,301.28,3,1,2,312,Need Attention
16603,75,2,1.098612289,353.5,2,2,2,222,Lost
16607,18,14,2.708050201,2758.69,4,4,4,444,Champions
16609,16,7,2.079441542,2791.41,4,4,4,444,Champions
16610,220,1,0.693147181,64.26,1,1,1,111,Lost
16611,187,1,0.693147181,82.04,1,1,1,111,Lost
16612,33,4,1.609437912,682.76,3,3,3,333,Potential Loyalist
16613,71,1,0.693147181,368.87,2,1,2,212,Lost
16614,183,1,0.693147181,299.49,1,1,2,112,Lost
16616,16,2,1.098612289,328.03,4,2,2,422,Promising
16617,236,1,0.693147181,151.85,1,1,1,111,Lost
16618,32,4,1.609437912,1594.82,3,3,4,334,Potential Loyalist
16619,264,1,0.693147181,196.36,1,1,1,111,Lost
16620,4,2,1.098612289,97.06,4,2,1,421,Promising
16621,52,4,1.609437912,748.08,2,3,3,233,At-Risk High Value
16623,246,1,0.693147181,111.75,1,1,1,111,Lost
16624,81,2,1.098612289,674.21,2,2,3,223,At-Risk High Value
16625,275,1,0.693147181,199.68,1,1,1,111,Lost
16626,1,17,2.890371758,3306.97,4,4,4,444,Champions
16627,80,1,0.693147181,198.56,2,1,1,211,Lost
16628,30,5,1.791759469,1189.38,3,4,4,344,Loyalist
16629,74,2,1.098612289,302.72,2,2,2,222,Lost
16633,18,6,1.945910149,2046.4,4,4,4,444,Champions
16634,223,2,1.098612289,200.2,1,2,1,121,Lost
16637,33,4,1.609437912,765.49,3,3,3,333,Potential Loyalist
16638,23,10,2.397895273,1271.02,3,4,4,344,Loyalist
16639,32,3,1.386294361,937.91,3,3,3,333,Potential Loyalist
16641,106,1,0.693147181,131.98,2,1,1,211,Lost
16642,5,2,1.098612289,553.33,4,2,3,423,Promising
16643,246,1,0.693147181,371.6,1,1,2,112,Lost
16644,178,2,1.098612289,384.9,1,2,2,122,Lost
16647,170,2,1.098612289,168.16,1,2,1,121,Lost
16648,43,1,0.693147181,141.42,3,1,1,311,Need Attention
16650,72,1,0.693147181,325.22,2,1,2,212,Lost
16652,59,5,1.791759469,4773.79,2,4,4,244,At-Risk High Value
16653,17,2,1.098612289,633.48,4,2,3,423,Promising
16654,142,4,1.609437912,505.17,2,3,3,233,At-Risk High Value
16655,18,6,1.945910149,2337.98,4,4,4,444,Champions
16656,23,15,2.772588722,8253.44,3,4,4,344,Loyalist
16657,10,4,1.609437912,555.74,4,3,3,433,Promising
16658,369,1,0.693147181,123.24,1,1,1,111,Lost
16659,190,1,0.693147181,39.12,1,1,1,111,Lost
16660,17,3,1.386294361,1109.55,4,3,3,433,Promising
16665,363,1,0.693147181,129.5,1,1,1,111,Lost
16666,20,1,0.693147181,40.26,3,1,1,311,Need Attention
16667,69,2,1.098612289,422.93,2,2,2,222,Lost
16668,16,6,1.945910149,276.72,4,4,2,442,Loyalist
16669,24,2,1.098612289,945.89,3,2,3,323,Potential Loyalist
16670,17,10,2.397895273,2237.28,4,4,4,444,Champions
16671,29,3,1.386294361,1692.27,3,3,4,334,Potential Loyalist
16672,3,18,2.944438979,6608.94,4,4,4,444,Champions
16674,55,2,1.098612289,212.41,2,2,1,221,Lost
16676,34,4,1.609437912,1147.14,3,3,3,333,Potential Loyalist
16678,3,12,2.564949357,2435.35,4,4,4,444,Champions
16679,367,1,0.693147181,129.75,1,1,1,111,Lost
16680,44,1,0.693147181,71.9,3,1,1,311,Need Attention
16681,73,6,1.945910149,1449.94,2,4,4,244,At-Risk High Value
16682,5,5,1.791759469,977.6,4,4,3,443,Loyalist
16684,5,16,2.833213344,54317.08,4,4,4,444,Champions
16685,62,1,0.693147181,185.34,2,1,1,211,Lost
16686,48,7,2.079441542,1741.59,3,4,4,344,Loyalist
16688,2,4,1.609437912,665.62,4,3,3,433,Promising
16689,76,2,1.098612289,387.2,2,2,2,222,Lost
16690,73,2,1.098612289,190.54,2,2,1,221,Lost
16692,257,2,1.098612289,1276,1,2,4,124,At-Risk High Value
16693,69,2,1.098612289,384.25,2,2,2,222,Lost
16696,136,4,1.609437912,604.8,2,3,3,233,At-Risk High Value
16697,242,1,0.693147181,81.55,1,1,1,111,Lost
16698,227,2,1.098612289,1998,1,2,4,124,At-Risk High Value
16700,9,13,2.63905733,3164.99,4,4,4,444,Champions
16701,9,12,2.564949357,4681.3,4,4,4,444,Champions
16705,1,12,2.564949357,10920.39,4,4,4,444,Champions
16706,38,3,1.386294361,306.14,3,3,2,332,Potential Loyalist
16708,46,1,0.693147181,492.83,3,1,3,313,Need Attention
16709,85,4,1.609437912,2367.03,2,3,4,234,At-Risk High Value
16710,20,9,2.302585093,1684.62,3,4,4,344,Loyalist
16711,4,5,1.791759469,1507.03,4,4,4,444,Champions
16712,10,9,2.302585093,2521.43,4,4,4,444,Champions
16713,19,15,2.772588722,4590.41,3,4,4,344,Loyalist
16714,219,2,1.098612289,862.11,1,2,3,123,At-Risk High Value
16715,79,1,0.693147181,256.74,2,1,2,212,Lost
16716,267,2,1.098612289,901.2,1,2,3,123,At-Risk High Value
16717,24,6,1.945910149,2522.2,3,4,4,344,Loyalist
16718,370,1,0.693147181,437.73,1,1,2,112,Lost
16719,15,7,2.079441542,1404.17,4,4,4,444,Champions
16720,27,1,0.693147181,96.92,3,1,1,311,Need Attention
16721,263,1,0.693147181,210.97,1,1,1,111,Lost
16722,18,13,2.63905733,2055.19,4,4,4,444,Champions
16723,92,2,1.098612289,506.41,2,2,3,223,At-Risk High Value
16725,303,6,1.945910149,604.52,1,4,3,143,At-Risk High Value
16726,27,4,1.609437912,884.14,3,3,3,333,Potential Loyalist
16727,365,1,0.693147181,177.47,1,1,1,111,Lost
16728,47,4,1.609437912,702.08,3,3,3,333,Potential Loyalist
16729,39,19,2.995732274,5308.66,3,4,4,344,Loyalist
16730,53,3,1.386294361,496.77,2,3,3,233,At-Risk High Value
16732,32,1,0.693147181,408.55,3,1,2,312,Need Attention
16734,53,2,1.098612289,437.26,2,2,2,222,Lost
16735,79,4,1.609437912,1614.17,2,3,4,234,At-Risk High Value
16737,54,1,0.693147181,417.6,2,1,2,212,Lost
16738,298,1,0.693147181,3.75,1,1,1,111,Lost
16739,177,1,0.693147181,248.6,1,1,2,112,Lost
16742,47,1,0.693147181,464.9,3,1,2,312,Need Attention
16743,30,6,1.945910149,1432.03,3,4,4,344,Loyalist
16744,12,7,2.079441542,909.01,4,4,3,443,Loyalist
16745,87,17,2.890371758,4882.14,2,4,4,244,At-Risk High Value
16746,5,17,2.890371758,3990.83,4,4,4,444,Champions
16747,38,2,1.098612289,672.45,3,2,3,323,Potential Loyalist
16748,18,5,1.791759469,472.6,4,4,2,442,Loyalist
16750,45,5,1.791759469,472.84,3,4,2,342,Loyalist
16751,31,1,0.693147181,1672.56,3,1,4,314,Promising
16752,373,1,0.693147181,207.5,1,1,1,111,Lost
16753,59,1,0.693147181,151.57,2,1,1,211,Lost
16754,373,1,0.693147181,2002.4,1,1,4,114,Lost
16755,115,3,1.386294361,987.61,2,3,3,233,At-Risk High Value
16756,215,1,0.693147181,204,1,1,1,111,Lost
16757,319,1,0.693147181,95.19,1,1,1,111,Lost
16758,66,1,0.693147181,320.44,2,1,2,212,Lost
16759,8,2,1.098612289,536.19,4,2,3,423,Promising
16761,97,1,0.693147181,231.42,2,1,2,212,Lost
16762,20,3,1.386294361,750.77,3,3,3,333,Potential Loyalist
16763,199,1,0.693147181,292.55,1,1,2,112,Lost
16764,4,13,2.63905733,1729.21,4,4,4,444,Champions
16765,295,1,0.693147181,34,1,1,1,111,Lost
16766,274,1,0.693147181,807.2,1,1,3,113,Lost
16767,31,8,2.197224577,4251.89,3,4,4,344,Loyalist
16768,48,3,1.386294361,413.16,3,3,2,332,Potential Loyalist
16769,261,1,0.693147181,265.04,1,1,2,112,Lost
16770,58,5,1.791759469,454.65,2,4,2,242,At-Risk High Value
16771,34,5,1.791759469,1595.47,3,4,4,344,Loyalist
16773,58,1,0.693147181,110.59,2,1,1,211,Lost
16774,68,4,1.609437912,614.77,2,3,3,233,At-Risk High Value
16775,11,11,2.48490665,1495.01,4,4,4,444,Champions
16776,61,1,0.693147181,273.39,2,1,2,212,Lost
16777,81,2,1.098612289,144.86,2,2,1,221,Lost
16778,75,2,1.098612289,232.74,2,2,2,222,Lost
16779,3,21,3.091042453,8915.81,4,4,4,444,Champions
16780,101,2,1.098612289,326.54,2,2,2,222,Lost
16781,373,1,0.693147181,222.15,1,1,2,112,Lost
16782,11,13,2.63905733,1764.3,4,4,4,444,Champions
16784,20,1,0.693147181,77.6,3,1,1,311,Need Attention
16788,124,2,1.098612289,257.39,2,2,2,222,Lost
16789,9,1,0.693147181,65,4,1,1,411,New Customers
16790,4,6,1.945910149,801.12,4,4,3,443,Loyalist
16791,30,6,1.945910149,1112.28,3,4,3,343,Loyalist
16792,283,1,0.693147181,85.18,1,1,1,111,Lost
16793,58,1,0.693147181,221.16,2,1,2,212,Lost
16794,2,9,2.302585093,805.89,4,4,3,443,Loyalist
16795,366,1,0.693147181,308.95,1,1,2,112,Lost
16796,90,1,0.693147181,199.44,2,1,1,211,Lost
16800,12,1,0.693147181,590.68,4,1,3,413,New Customers
16801,164,4,1.609437912,938.43,1,3,3,133,At-Risk High Value
16803,66,1,0.693147181,200.97,2,1,1,211,Lost
16804,24,2,1.098612289,334.26,3,2,2,322,Need Attention
16805,174,2,1.098612289,306.84,1,2,2,122,Lost
16806,104,4,1.609437912,642.93,2,3,3,233,At-Risk High Value
16807,143,3,1.386294361,493.13,1,3,3,133,At-Risk High Value
16808,100,2,1.098612289,222.66,2,2,2,222,Lost
16809,24,5,1.791759469,314.87,3,4,2,342,Loyalist
16810,193,1,0.693147181,253.09,1,1,2,112,Lost
16811,5,2,1.098612289,417.41,4,2,2,422,Promising
16812,361,1,0.693147181,401.05,1,1,2,112,Lost
16813,9,10,2.397895273,980.69,4,4,3,443,Loyalist
16814,15,21,3.091042453,5097.65,4,4,4,444,Champions
16816,104,4,1.609437912,334.56,2,3,2,232,Lost
16817,3,9,2.302585093,1389.93,4,4,4,444,Champions
16818,11,11,2.48490665,2358.22,4,4,4,444,Champions
16820,96,1,0.693147181,353.91,2,1,2,212,Lost
16823,228,1,0.693147181,235.98,1,1,2,112,Lost
16824,16,2,1.098612289,324.59,4,2,2,422,Promising
16825,39,2,1.098612289,547.18,3,2,3,323,Potential Loyalist
16826,52,1,0.693147181,173.85,2,1,1,211,Lost
16828,94,2,1.098612289,115.9,2,2,1,221,Lost
16829,157,1,0.693147181,167.52,1,1,1,111,Lost
16830,39,1,0.693147181,222.81,3,1,2,312,Need Attention
16832,185,3,1.386294361,173.35,1,3,1,131,Lost
16833,2,3,1.386294361,837.93,4,3,3,433,Promising
16834,228,1,0.693147181,184.22,1,1,1,111,Lost
16835,129,2,1.098612289,102.55,2,2,1,221,Lost
16836,40,2,1.098612289,251.87,3,2,2,322,Need Attention
16837,32,9,2.302585093,2218.82,3,4,4,344,Loyalist
16838,198,2,1.098612289,526,1,2,3,123,At-Risk High Value
16839,9,32,3.496507561,15461.79,4,4,4,444,Champions
16841,37,6,1.945910149,1285.12,3,4,4,344,Loyalist
16842,101,3,1.386294361,759.95,2,3,3,233,At-Risk High Value
16843,43,12,2.564949357,6012.76,3,4,4,344,Loyalist
16846,51,1,0.693147181,114.36,3,1,1,311,Need Attention
16847,44,1,0.693147181,148.44,3,1,1,311,Need Attention
16848,53,1,0.693147181,235.42,2,1,2,212,Lost
16849,187,1,0.693147181,104.67,1,1,1,111,Lost
16850,334,1,0.693147181,256.93,1,1,2,112,Lost
16851,5,3,1.386294361,308.79,4,3,2,432,Potential Loyalist
16852,11,2,1.098612289,144.91,4,2,1,421,Promising
16855,24,2,1.098612289,253.4,3,2,2,322,Need Attention
16856,15,1,0.693147181,17.7,4,1,1,411,New Customers
16858,369,1,0.693147181,362.19,1,1,2,112,Lost
16859,145,2,1.098612289,430.99,1,2,2,122,Lost
16861,60,2,1.098612289,117.36,2,2,1,221,Lost
16863,32,2,1.098612289,354.6,3,2,2,322,Need Attention
16866,141,3,1.386294361,177.89,2,3,1,231,Lost
16869,23,4,1.609437912,689.02,3,3,3,333,Potential Loyalist
16871,23,5,1.791759469,1691.26,3,4,4,344,Loyalist
16872,78,3,1.386294361,680.02,2,3,3,233,At-Risk High Value
16873,5,6,1.945910149,4774.7,4,4,4,444,Champions
16875,68,4,1.609437912,1185.84,2,3,4,234,At-Risk High Value
16877,13,6,1.945910149,645.25,4,4,3,443,Loyalist
16878,85,1,0.693147181,13.3,2,1,1,211,Lost
16880,31,6,1.945910149,1140.88,3,4,3,343,Loyalist
16881,67,1,0.693147181,432,2,1,2,212,Lost
16882,67,3,1.386294361,498.3,2,3,3,233,At-Risk High Value
16883,188,2,1.098612289,229.93,1,2,2,122,Lost
16884,38,1,0.693147181,317.04,3,1,2,312,Need Attention
16885,16,3,1.386294361,330.49,4,3,2,432,Potential Loyalist
16887,36,1,0.693147181,139.05,3,1,1,311,Need Attention
16889,195,3,1.386294361,960.52,1,3,3,133,At-Risk High Value
16891,2,5,1.791759469,489.73,4,4,3,443,Loyalist
16892,2,4,1.609437912,422.07,4,3,2,432,Potential Loyalist
16893,367,1,0.693147181,84.06,1,1,1,111,Lost
16895,65,1,0.693147181,141.88,2,1,1,211,Lost
16897,300,2,1.098612289,166.93,1,2,1,121,Lost
16898,27,3,1.386294361,367.55,3,3,2,332,Potential Loyalist
16899,8,6,1.945910149,852.22,4,4,3,443,Loyalist
16900,17,3,1.386294361,510.93,4,3,3,433,Promising
16902,117,1,0.693147181,1350.18,2,1,4,214,At-Risk High Value
16903,30,1,0.693147181,293.1,3,1,2,312,Need Attention
16904,5,15,2.772588722,2388.81,4,4,4,444,Champions
16905,6,6,1.945910149,2526.36,4,4,4,444,Champions
16906,82,4,1.609437912,471.12,2,3,2,232,Lost
16907,30,5,1.791759469,727.47,3,4,3,343,Loyalist
16909,73,1,0.693147181,237.36,2,1,2,212,Lost
16910,5,8,2.197224577,799.72,4,4,3,443,Loyalist
16912,29,6,1.945910149,1805.18,3,4,4,344,Loyalist
16913,291,1,0.693147181,110.94,1,1,1,111,Lost
16914,37,1,0.693147181,147.87,3,1,1,311,Need Attention
16915,10,6,1.945910149,518.83,4,4,3,443,Loyalist
16916,24,2,1.098612289,367.05,3,2,2,322,Need Attention
16917,277,1,0.693147181,344.72,1,1,2,112,Lost
16918,50,5,1.791759469,822.47,3,4,3,343,Loyalist
16919,157,11,2.48490665,1767.19,1,4,4,144,At-Risk High Value
16921,62,1,0.693147181,118.58,2,1,1,211,Lost
16923,13,17,2.890371758,5567.5,4,4,4,444,Champions
16924,22,3,1.386294361,611.02,3,3,3,333,Potential Loyalist
16926,372,1,0.693147181,127.7,1,1,1,111,Lost
16927,116,3,1.386294361,543.05,2,3,3,233,At-Risk High Value
16928,81,17,2.890371758,1901.45,2,4,4,244,At-Risk High Value
16929,4,7,2.079441542,830.96,4,4,3,443,Loyalist
16930,27,2,1.098612289,325.52,3,2,2,322,Need Attention
16931,6,20,3.044522438,2856.03,4,4,4,444,Champions
16932,54,1,0.693147181,104.96,2,1,1,211,Lost
16933,2,2,1.098612289,523.04,4,2,3,423,Promising
16934,55,1,0.693147181,639.81,2,1,3,213,At-Risk High Value
16936,26,1,0.693147181,160.94,3,1,1,311,Need Attention
16938,9,4,1.609437912,1751.81,4,3,4,434,Promising
16940,53,3,1.386294361,1667.18,2,3,4,234,At-Risk High Value
16942,13,8,2.197224577,1337.19,4,4,4,444,Champions
16943,212,3,1.386294361,730.03,1,3,3,133,At-Risk High Value
16945,22,13,2.63905733,1812.72,3,4,4,344,Loyalist
16947,236,1,0.693147181,236.64,1,1,2,112,Lost
16948,139,3,1.386294361,318.77,2,3,2,232,Lost
16949,4,6,1.945910149,1133.42,4,4,3,443,Loyalist
16950,57,3,1.386294361,1096.72,2,3,3,233,At-Risk High Value
16951,135,3,1.386294361,594.31,2,3,3,233,At-Risk High Value
16952,110,1,0.693147181,144.91,2,1,1,211,Lost
16953,31,1,0.693147181,20.8,3,1,1,311,Need Attention
16954,1,8,2.197224577,1830.68,4,4,4,444,Champions
16955,185,4,1.609437912,425.41,1,3,2,132,Lost
16956,18,1,0.693147181,259.24,4,1,2,412,New Customers
16957,240,2,1.098612289,316.14,1,2,2,122,Lost
16959,88,1,0.693147181,108.85,2,1,1,211,Lost
16960,39,3,1.386294361,365.1,3,3,2,332,Potential Loyalist
16961,117,1,0.693147181,154.17,2,1,1,211,Lost
16963,188,1,0.693147181,60.15,1,1,1,111,Lost
16965,227,1,0.693147181,167.85,1,1,1,111,Lost
16966,9,7,2.079441542,2154.97,4,4,4,444,Champions
16967,190,1,0.693147181,120.42,1,1,1,111,Lost
16968,5,2,1.098612289,344.57,4,2,2,422,Promising
16969,40,3,1.386294361,410.08,3,3,2,332,Potential Loyalist
16971,39,1,0.693147181,288.42,3,1,2,312,Need Attention
16976,268,1,0.693147181,251.52,1,1,2,112,Lost
16978,78,1,0.693147181,225.44,2,1,2,212,Lost
16979,4,6,1.945910149,1568.02,4,4,4,444,Champions
16980,256,2,1.098612289,759.11,1,2,3,123,At-Risk High Value
16982,61,1,0.693147181,243.38,2,1,2,212,Lost
16983,13,7,2.079441542,1348.01,4,4,4,444,Champions
16984,89,2,1.098612289,2619.16,2,2,4,224,At-Risk High Value
16985,18,7,2.079441542,3081.29,4,4,4,444,Champions
16986,30,2,1.098612289,1873.2,3,2,4,324,Potential Loyalist
16987,4,6,1.945910149,1182.55,4,4,4,444,Champions
16988,6,1,0.693147181,126.12,4,1,1,411,New Customers
16989,8,6,1.945910149,743.25,4,4,3,443,Loyalist
16990,219,1,0.693147181,179,1,1,1,111,Lost
16992,11,5,1.791759469,1057.71,4,4,3,443,Loyalist
16996,31,5,1.791759469,1142.56,3,4,3,343,Loyalist
16997,289,3,1.386294361,292.5,1,3,2,132,Lost
16998,150,3,1.386294361,295,1,3,2,132,Lost
16999,24,2,1.098612289,390.17,3,2,2,322,Need Attention
17001,1,11,2.48490665,2519.72,4,4,4,444,Champions
17002,86,3,1.386294361,1279.13,2,3,4,234,At-Risk High Value
17004,47,2,1.098612289,822.75,3,2,3,323,Potential Loyalist
17006,5,4,1.609437912,702.03,4,3,3,433,Promising
17007,51,5,1.791759469,826.69,3,4,3,343,Loyalist
17010,19,1,0.693147181,162.66,3,1,1,311,Need Attention
17011,31,1,0.693147181,170.7,3,1,1,311,Need Attention
17014,9,3,1.386294361,453.53,4,3,2,432,Potential Loyalist
17015,29,3,1.386294361,799.53,3,3,3,333,Potential Loyalist
17017,3,16,2.833213344,7094.06,4,4,4,444,Champions
17018,41,2,1.098612289,345,3,2,2,322,Need Attention
17019,12,4,1.609437912,816.3,4,3,3,433,Promising
17022,32,1,0.693147181,57.08,3,1,1,311,Need Attention
17024,46,3,1.386294361,95.85,3,3,1,331,Potential Loyalist
17025,61,2,1.098612289,327.77,2,2,2,222,Lost
17026,186,2,1.098612289,144.63,1,2,1,121,Lost
17027,79,5,1.791759469,603.01,2,4,3,243,At-Risk High Value
17029,111,2,1.098612289,716,2,2,3,223,At-Risk High Value
17030,64,1,0.693147181,140.07,2,1,1,211,Lost
17031,12,2,1.098612289,151.95,4,2,1,421,Promising
17033,87,3,1.386294361,865.02,2,3,3,233,At-Risk High Value
17034,17,3,1.386294361,665.84,4,3,3,433,Promising
17035,246,2,1.098612289,315.09,1,2,2,122,Lost
17037,88,1,0.693147181,600.19,2,1,3,213,At-Risk High Value
17038,31,1,0.693147181,58.05,3,1,1,311,Need Attention
17040,138,1,0.693147181,406.53,2,1,2,212,Lost
17041,27,3,1.386294361,766.5,3,3,3,333,Potential Loyalist
17042,3,5,1.791759469,785.93,4,4,3,443,Loyalist
17043,33,4,1.609437912,1137.33,3,3,3,333,Potential Loyalist
17044,26,1,0.693147181,948.48,3,1,3,313,Need Attention
17045,114,3,1.386294361,320.64,2,3,2,232,Lost
17046,158,1,0.693147181,487.12,1,1,3,113,Lost
17047,86,2,1.098612289,740.09,2,2,3,223,At-Risk High Value
17048,118,3,1.386294361,729.55,2,3,3,233,At-Risk High Value
17049,3,8,2.197224577,3238.27,4,4,4,444,Champions
17050,97,6,1.945910149,2242.95,2,4,4,244,At-Risk High Value
17051,195,1,0.693147181,126.64,1,1,1,111,Lost
17052,29,1,0.693147181,274.41,3,1,2,312,Need Attention
17053,131,1,0.693147181,396.48,2,1,2,212,Lost
17054,29,5,1.791759469,937.98,3,4,3,343,Loyalist
17058,82,3,1.386294361,801.69,2,3,3,233,At-Risk High Value
17059,30,5,1.791759469,1833.21,3,4,4,344,Loyalist
17060,267,1,0.693147181,216.54,1,1,2,112,Lost
17061,74,9,2.302585093,4047.63,2,4,4,244,At-Risk High Value
17062,314,4,1.609437912,474.44,1,3,2,132,Lost
17063,22,4,1.609437912,849.43,3,3,3,333,Potential Loyalist
17064,59,3,1.386294361,622.1,2,3,3,233,At-Risk High Value
17068,13,21,3.091042453,2320.68,4,4,4,444,Champions
17069,29,8,2.197224577,1637.55,3,4,4,344,Loyalist
17070,115,1,0.693147181,201.53,2,1,1,211,Lost
17071,29,8,2.197224577,1776.05,3,4,4,344,Loyalist
17073,18,4,1.609437912,914.88,4,3,3,433,Promising
17075,18,4,1.609437912,698.51,4,3,3,433,Promising
17076,37,3,1.386294361,665.88,3,3,3,333,Potential Loyalist
17078,37,1,0.693147181,226.64,3,1,2,312,Need Attention
17079,79,1,0.693147181,59.4,2,1,1,211,Lost
17080,23,2,1.098612289,267.22,3,2,2,322,Need Attention
17081,26,2,1.098612289,193.38,3,2,1,321,Need Attention
17082,34,2,1.098612289,1154.39,3,2,4,324,Potential Loyalist
17083,110,3,1.386294361,907.54,2,3,3,233,At-Risk High Value
17084,36,1,0.693147181,1732.39,3,1,4,314,Promising
17085,124,5,1.791759469,1043.62,2,4,3,243,At-Risk High Value
17086,8,6,1.945910149,1503.78,4,4,4,444,Champions
17088,29,4,1.609437912,1168.74,3,3,4,334,Potential Loyalist
17090,5,7,2.079441542,1483.14,4,4,4,444,Champions
17091,3,7,2.079441542,1503.4,4,4,4,444,Champions
17092,51,4,1.609437912,1448.97,3,3,4,334,Potential Loyalist
17094,323,1,0.693147181,178.5,1,1,1,111,Lost
17095,23,3,1.386294361,710.46,3,3,3,333,Potential Loyalist
17096,16,4,1.609437912,770.53,4,3,3,433,Promising
17097,3,7,2.079441542,673.86,4,4,3,443,Loyalist
17100,19,1,0.693147181,332.27,3,1,2,312,Need Attention
17101,11,4,1.609437912,1270.39,4,3,4,434,Promising
17102,262,1,0.693147181,25.5,1,1,1,111,Lost
17105,160,2,1.098612289,473.58,1,2,2,122,Lost
17107,34,5,1.791759469,4705.4,3,4,4,344,Loyalist
17109,30,4,1.609437912,607.71,3,3,3,333,Potential Loyalist
17110,166,1,0.693147181,127.6,1,1,1,111,Lost
17111,48,1,0.693147181,162,3,1,1,311,Need Attention
17114,6,8,2.197224577,632.03,4,4,3,443,Loyalist
17115,9,3,1.386294361,611,4,3,3,433,Promising
17117,289,1,0.693147181,109.6,1,1,1,111,Lost
17118,318,1,0.693147181,84.96,1,1,1,111,Lost
17119,4,2,1.098612289,446.81,4,2,2,422,Promising
17120,234,1,0.693147181,136.31,1,1,1,111,Lost
17122,120,1,0.693147181,81.02,2,1,1,211,Lost
17123,162,1,0.693147181,260.1,1,1,2,112,Lost
17124,186,1,0.693147181,254.59,1,1,2,112,Lost
17125,51,1,0.693147181,186,3,1,1,311,Need Attention
17126,153,3,1.386294361,666.66,1,3,3,133,At-Risk High Value
17128,335,1,0.693147181,112.19,1,1,1,111,Lost
17131,6,4,1.609437912,2039.89,4,3,4,434,Promising
17133,16,6,1.945910149,4405.04,4,4,4,444,Champions
17134,107,2,1.098612289,330.25,2,2,2,222,Lost
17135,17,5,1.791759469,936.3,4,4,3,443,Loyalist
17138,276,1,0.693147181,258.75,1,1,2,112,Lost
17139,16,9,2.302585093,4528.8,4,4,4,444,Champions
17140,248,1,0.693147181,452.54,1,1,2,112,Lost
17142,240,1,0.693147181,470.7,1,1,2,112,Lost
17144,2,2,1.098612289,704.28,4,2,3,423,Promising
17146,106,3,1.386294361,589.43,2,3,3,233,At-Risk High Value
17147,23,4,1.609437912,1293.09,3,3,4,334,Potential Loyalist
17148,52,1,0.693147181,99.88,2,1,1,211,Lost
17152,195,2,1.098612289,960.25,1,2,3,123,At-Risk High Value
17153,25,1,0.693147181,119.38,3,1,1,311,Need Attention
17154,76,1,0.693147181,222.3,2,1,2,212,Lost
17155,18,2,1.098612289,207.09,4,2,1,421,Promising
17157,8,2,1.098612289,294.1,4,2,2,422,Promising
17158,33,3,1.386294361,704.65,3,3,3,333,Potential Loyalist
17159,22,3,1.386294361,907.36,3,3,3,333,Potential Loyalist
17160,32,6,1.945910149,1139.55,3,4,3,343,Loyalist
17162,29,6,1.945910149,1126.14,3,4,3,343,Loyalist
17163,22,2,1.098612289,293.1,3,2,2,322,Need Attention
17164,33,5,1.791759469,1424.13,3,4,4,344,Loyalist
17165,285,1,0.693147181,95.98,1,1,1,111,Lost
17166,39,2,1.098612289,152.82,3,2,1,321,Need Attention
17169,58,2,1.098612289,419.79,2,2,2,222,Lost
17171,290,1,0.693147181,189.39,1,1,1,111,Lost
17172,79,1,0.693147181,204.24,2,1,1,211,Lost
17173,6,7,2.079441542,2602.24,4,4,4,444,Champions
17174,218,1,0.693147181,40.4,1,1,1,111,Lost
17175,45,4,1.609437912,969.99,3,3,3,333,Potential Loyalist
17176,202,1,0.693147181,258.13,1,1,2,112,Lost
17179,179,3,1.386294361,529.47,1,3,3,133,At-Risk High Value
17180,57,3,1.386294361,497.73,2,3,3,233,At-Risk High Value
17181,58,2,1.098612289,211.57,2,2,1,221,Lost
17183,8,6,1.945910149,2854.93,4,4,4,444,Champions
17186,47,2,1.098612289,144,3,2,1,321,Need Attention
17187,227,1,0.693147181,184.05,1,1,1,111,Lost
17188,12,6,1.945910149,2038.31,4,4,4,444,Champions
17189,107,2,1.098612289,331.67,2,2,2,222,Lost
17190,59,2,1.098612289,439.13,2,2,2,222,Lost
17191,29,5,1.791759469,1718.87,3,4,4,344,Loyalist
17193,36,5,1.791759469,1170.1,3,4,4,344,Loyalist
17194,274,2,1.098612289,238.56,1,2,2,122,Lost
17197,30,1,0.693147181,668.56,3,1,3,313,Need Attention
17198,24,3,1.386294361,582.46,3,3,3,333,Potential Loyalist
17201,54,1,0.693147181,252.56,2,1,2,212,Lost
17203,36,3,1.386294361,3100.24,3,3,4,334,Potential Loyalist
17204,176,3,1.386294361,1080.96,1,3,3,133,At-Risk High Value
17205,54,1,0.693147181,305.96,2,1,2,212,Lost
17206,54,1,0.693147181,119.64,2,1,1,211,Lost
17211,27,8,2.197224577,1603.11,3,4,4,344,Loyalist
17212,254,1,0.693147181,226.85,1,1,2,112,Lost
17213,41,6,1.945910149,1924.73,3,4,4,344,Loyalist
17214,61,6,1.945910149,815.07,2,4,3,243,At-Risk High Value
17217,235,1,0.693147181,111.4,1,1,1,111,Lost
17218,5,10,2.397895273,1332.41,4,4,4,444,Champions
17219,32,1,0.693147181,93.46,3,1,1,311,Need Attention
17220,25,10,2.397895273,2128.59,3,4,4,344,Loyalist
17221,8,2,1.098612289,273.45,4,2,2,422,Promising
17222,66,1,0.693147181,269.64,2,1,2,212,Lost
17223,311,2,1.098612289,351.54,1,2,2,122,Lost
17226,309,1,0.693147181,388.45,1,1,2,112,Lost
17227,19,6,1.945910149,892.67,3,4,3,343,Loyalist
17228,16,8,2.197224577,1088.74,4,4,3,443,Loyalist
17229,97,2,1.098612289,149.79,2,2,1,221,Lost
17230,265,4,1.609437912,2889.39,1,3,4,134,At-Risk High Value
17231,13,10,2.397895273,2168.7,4,4,4,444,Champions
17232,3,2,1.098612289,350.3,4,2,2,422,Promising
17233,36,1,0.693147181,156.5,3,1,1,311,Need Attention
17234,183,1,0.693147181,124.04,1,1,1,111,Lost
17235,26,2,1.098612289,427.73,3,2,2,322,Need Attention
17236,13,6,1.945910149,771.68,4,4,3,443,Loyalist
17237,12,2,1.098612289,309.59,4,2,2,422,Promising
17238,3,15,2.772588722,2580.76,4,4,4,444,Champions
17239,313,1,0.693147181,347.75,1,1,2,112,Lost
17242,109,2,1.098612289,570,2,2,3,223,At-Risk High Value
17243,2,26,3.295836866,7539.11,4,4,4,444,Champions
17244,54,1,0.693147181,752.55,2,1,3,213,At-Risk High Value
17245,205,1,0.693147181,136.35,1,1,1,111,Lost
17247,16,1,0.693147181,174.27,4,1,1,411,New Customers
17248,121,1,0.693147181,191.98,2,1,1,211,Lost
17250,4,2,1.098612289,315.99,4,2,2,422,Promising
17251,363,1,0.693147181,169.83,1,1,1,111,Lost
17252,117,2,1.098612289,166.06,2,2,1,221,Lost
17253,19,1,0.693147181,157.01,3,1,1,311,Need Attention
17254,5,2,1.098612289,170.56,4,2,1,421,Promising
17255,41,2,1.098612289,198.16,3,2,1,321,Need Attention
17256,108,2,1.098612289,228.95,2,2,2,222,Lost
17259,149,2,1.098612289,397.37,1,2,2,122,Lost
17262,53,4,1.609437912,1104.36,2,3,3,233,At-Risk High Value
17263,209,1,0.693147181,37.05,1,1,1,111,Lost
17265,139,2,1.098612289,330.73,2,2,2,222,Lost
17266,3,3,1.386294361,235.15,4,3,2,432,Potential Loyalist
17267,128,1,0.693147181,238.82,2,1,2,212,Lost
17268,108,4,1.609437912,763.64,2,3,3,233,At-Risk High Value
17272,43,4,1.609437912,1263.51,3,3,4,334,Potential Loyalist
17274,36,1,0.693147181,82.19,3,1,1,311,Need Attention
17277,228,2,1.098612289,749.69,1,2,3,123,At-Risk High Value
17278,242,1,0.693147181,211.12,1,1,1,111,Lost
17279,58,1,0.693147181,187.83,2,1,1,211,Lost
17282,131,3,1.386294361,1559.7,2,3,4,234,At-Risk High Value
17284,61,6,1.945910149,1015.15,2,4,3,243,At-Risk High Value
17286,22,1,0.693147181,87.02,3,1,1,311,Need Attention
17287,27,7,2.079441542,873.09,3,4,3,343,Loyalist
17288,10,7,2.079441542,965.31,4,4,3,443,Loyalist
17289,32,3,1.386294361,754.31,3,3,3,333,Potential Loyalist
17290,4,2,1.098612289,412.63,4,2,2,422,Promising
17291,309,1,0.693147181,550.8,1,1,3,113,Lost
17293,9,8,2.197224577,1578.58,4,4,4,444,Champions
17295,29,2,1.098612289,388.37,3,2,2,322,Need Attention
17297,18,1,0.693147181,92.1,4,1,1,411,New Customers
17298,102,2,1.098612289,402.01,2,2,2,222,Lost
17299,12,4,1.609437912,559.86,4,3,3,433,Promising
17301,22,1,0.693147181,92.57,3,1,1,311,Need Attention
17302,15,5,1.791759469,978.03,4,4,3,443,Loyalist
17303,362,1,0.693147181,159.81,1,1,1,111,Lost
17306,11,15,2.772588722,8328.91,4,4,4,444,Champions
17309,96,1,0.693147181,74.05,2,1,1,211,Lost
17311,79,2,1.098612289,1077.57,2,2,3,223,At-Risk High Value
17312,139,3,1.386294361,606.35,2,3,3,233,At-Risk High Value
17313,32,1,0.693147181,1672.44,3,1,4,314,Promising
17314,25,8,2.197224577,1726.17,3,4,4,344,Loyalist
17315,2,35,3.583518938,5479.81,4,4,4,444,Champions
17317,47,3,1.386294361,2600.34,3,3,4,334,Potential Loyalist
17320,101,3,1.386294361,947.36,2,3,3,233,At-Risk High Value
17321,9,2,1.098612289,507.7,4,2,3,423,Promising
17323,16,7,2.079441542,509.65,4,4,3,443,Loyalist
17324,18,4,1.609437912,615.17,4,3,3,433,Promising
17325,281,1,0.693147181,60.5,1,1,1,111,Lost
17329,15,2,1.098612289,349.28,4,2,2,422,Promising
17330,23,2,1.098612289,318.9,3,2,2,322,Need Attention
17331,124,1,0.693147181,175.2,2,1,1,211,Lost
17333,86,1,0.693147181,304.23,2,1,2,212,Lost
17334,303,2,1.098612289,217.02,1,2,2,122,Lost
17337,152,4,1.609437912,971.61,1,3,3,133,At-Risk High Value
17338,18,8,2.197224577,3849.62,4,4,4,444,Champions
17339,95,2,1.098612289,198.36,2,2,1,221,Lost
17340,30,8,2.197224577,8514.93,3,4,4,344,Loyalist
17341,157,2,1.098612289,421.87,1,2,2,122,Lost
17343,356,1,0.693147181,193.64,1,1,1,111,Lost
17344,47,1,0.693147181,125.32,3,1,1,311,Need Attention
17345,16,3,1.386294361,450.69,4,3,2,432,Potential Loyalist
17346,4,14,2.708050201,1934.39,4,4,4,444,Champions
17347,87,1,0.693147181,228.96,2,1,2,212,Lost
17348,15,5,1.791759469,848.35,4,4,3,443,Loyalist
17349,180,1,0.693147181,98.25,1,1,1,111,Lost
17350,9,3,1.386294361,952.82,4,3,3,433,Promising
17351,37,3,1.386294361,470.75,3,3,2,332,Potential Loyalist
17353,130,2,1.098612289,435,2,2,2,222,Lost
17354,51,1,0.693147181,1295.56,3,1,4,314,Promising
17356,312,1,0.693147181,136.78,1,1,1,111,Lost
17357,25,1,0.693147181,339.01,3,1,2,312,Need Attention
17358,304,2,1.098612289,286.22,1,2,2,122,Lost
17359,12,1,0.693147181,127.08,4,1,1,411,New Customers
17360,18,2,1.098612289,383.63,4,2,2,422,Promising
17361,50,3,1.386294361,473.2,3,3,2,332,Potential Loyalist
17362,240,2,1.098612289,220.08,1,2,2,122,Lost
17364,1,10,2.397895273,3360.67,4,4,4,444,Champions
17365,13,7,2.079441542,2913.44,4,4,4,444,Champions
17367,239,1,0.693147181,127.65,1,1,1,111,Lost
17368,24,8,2.197224577,1615.85,3,4,4,344,Loyalist
17370,73,4,1.609437912,281.3,2,3,2,232,Lost
17371,18,2,1.098612289,329.6,4,2,2,422,Promising
17372,41,8,2.197224577,905.86,3,4,3,343,Loyalist
17373,41,4,1.609437912,537.44,3,3,3,333,Potential Loyalist
17374,219,2,1.098612289,194.57,1,2,1,121,Lost
17375,200,3,1.386294361,278.93,1,3,2,132,Lost
17376,71,2,1.098612289,158,2,2,1,221,Lost
17377,24,20,3.044522438,2938.11,3,4,4,344,Loyalist
17379,12,1,0.693147181,273.99,4,1,2,412,New Customers
17381,9,20,3.044522438,19252.61,4,4,4,444,Champions
17382,66,1,0.693147181,65.4,2,1,1,211,Lost
17383,5,1,0.693147181,144.99,4,1,1,411,New Customers
17384,20,2,1.098612289,316.83,3,2,2,322,Need Attention
17385,15,1,0.693147181,174.32,4,1,1,411,New Customers
17386,8,4,1.609437912,2331.58,4,3,4,434,Promising
17387,20,2,1.098612289,563.47,3,2,3,323,Potential Loyalist
17388,78,4,1.609437912,1259.56,2,3,4,234,At-Risk High Value
17389,1,32,3.496507561,30653.18,4,4,4,444,Champions
17391,164,2,1.098612289,305.28,1,2,2,122,Lost
17392,307,2,1.098612289,348.99,1,2,2,122,Lost
17394,220,1,0.693147181,203.87,1,1,1,111,Lost
17396,40,4,1.609437912,4795.6,3,3,4,334,Potential Loyalist
17397,23,1,0.693147181,500.18,3,1,3,313,Need Attention
17398,115,3,1.386294361,486.74,2,3,3,233,At-Risk High Value
17400,127,5,1.791759469,1361.89,2,4,4,244,At-Risk High Value
17402,5,12,2.564949357,2591.85,4,4,4,444,Champions
17403,37,1,0.693147181,235.94,3,1,2,312,Need Attention
17404,5,15,2.772588722,24063.67,4,4,4,444,Champions
17405,2,3,1.386294361,591.03,4,3,3,433,Promising
17406,334,2,1.098612289,1739.02,1,2,4,124,At-Risk High Value
17408,164,1,0.693147181,32.65,1,1,1,111,Lost
17409,185,2,1.098612289,588.25,1,2,3,123,At-Risk High Value
17410,17,5,1.791759469,795.78,4,4,3,443,Loyalist
17411,13,3,1.386294361,603.26,4,3,3,433,Promising
17412,3,7,2.079441542,939.11,4,4,3,443,Loyalist
17414,44,2,1.098612289,778,3,2,3,323,Potential Loyalist
17415,80,1,0.693147181,378.44,2,1,2,212,Lost
17416,30,7,2.079441542,3076.52,3,4,4,344,Loyalist
17418,43,2,1.098612289,391.01,3,2,2,322,Need Attention
17419,12,11,2.48490665,3121.83,4,4,4,444,Champions
17420,51,3,1.386294361,370.45,3,3,2,332,Potential Loyalist
17422,17,6,1.945910149,1239.57,4,4,4,444,Champions
17423,47,2,1.098612289,444.31,3,2,2,322,Need Attention
17425,20,2,1.098612289,319.89,3,2,2,322,Need Attention
17426,9,4,1.609437912,2412.97,4,3,4,434,Promising
17427,72,1,0.693147181,100.8,2,1,1,211,Lost
17428,1,21,3.091042453,12499.6,4,4,4,444,Champions
17429,129,3,1.386294361,423.29,2,3,2,232,Lost
17430,33,2,1.098612289,214.46,3,2,1,321,Need Attention
17431,314,1,0.693147181,308.65,1,1,2,112,Lost
17432,19,2,1.098612289,340.66,3,2,2,322,Need Attention
17433,89,1,0.693147181,170.15,2,1,1,211,Lost
17434,3,7,2.079441542,1629.4,4,4,4,444,Champions
17436,2,2,1.098612289,155.1,4,2,1,421,Promising
17438,254,1,0.693147181,271.9,1,1,2,112,Lost
17440,157,2,1.098612289,186.42,1,2,1,121,Lost
17442,37,6,1.945910149,1441.16,3,4,4,344,Loyalist
17443,220,1,0.693147181,534.24,1,1,3,113,Lost
17444,148,3,1.386294361,1752.23,1,3,4,134,At-Risk High Value
17446,177,2,1.098612289,41.7,1,2,1,121,Lost
17447,41,2,1.098612289,355.55,3,2,2,322,Need Attention
17449,3,6,1.945910149,1544.46,4,4,4,444,Champions
17450,9,27,3.33220451,168263.41,4,4,4,444,Champions
17451,2,5,1.791759469,1160.44,4,4,4,444,Champions
17453,18,2,1.098612289,260.22,4,2,2,422,Promising
17454,193,4,1.609437912,316.48,1,3,2,132,Lost
17455,204,1,0.693147181,65.7,1,1,1,111,Lost
17456,366,1,0.693147181,183.74,1,1,1,111,Lost
17457,127,5,1.791759469,1724.95,2,4,4,244,At-Risk High Value
17458,16,1,0.693147181,229.57,4,1,2,412,New Customers
17459,44,2,1.098612289,342.63,3,2,2,322,Need Attention
17460,95,6,1.945910149,561.68,2,4,3,243,At-Risk High Value
17461,23,2,1.098612289,485.99,3,2,3,323,Potential Loyalist
17462,61,2,1.098612289,503.59,2,2,3,223,At-Risk High Value
17463,17,5,1.791759469,1225.47,4,4,4,444,Champions
17464,159,1,0.693147181,203.81,1,1,1,111,Lost
17466,11,2,1.098612289,449.08,4,2,2,422,Promising
17468,11,2,1.098612289,77,4,2,1,421,Promising
17469,17,5,1.791759469,944.17,4,4,3,443,Loyalist
17470,45,5,1.791759469,780.25,3,4,3,343,Loyalist
17472,192,3,1.386294361,472.63,1,3,2,132,Lost
17475,80,1,0.693147181,163.17,2,1,1,211,Lost
17480,78,1,0.693147181,277.12,2,1,2,212,Lost
17481,4,4,1.609437912,900.66,4,3,3,433,Promising
17483,66,3,1.386294361,396.34,2,3,2,232,Lost
17486,262,1,0.693147181,217.17,1,1,2,112,Lost
17489,59,2,1.098612289,227.4,2,2,2,222,Lost
17490,1,6,1.945910149,1715.58,4,4,4,444,Champions
17491,2,10,2.397895273,3005.72,4,4,4,444,Champions
17492,249,1,0.693147181,319.01,1,1,2,112,Lost
17495,8,2,1.098612289,403.36,4,2,2,422,Promising
17496,359,1,0.693147181,204.15,1,1,1,111,Lost
17498,76,1,0.693147181,171.74,2,1,1,211,Lost
17499,290,1,0.693147181,364.71,1,1,2,112,Lost
17500,18,3,1.386294361,1121.5,4,3,3,433,Promising
17501,221,1,0.693147181,230.4,1,1,2,112,Lost
17502,10,4,1.609437912,586.2,4,3,3,433,Promising
17503,3,2,1.098612289,427.86,4,2,2,422,Promising
17504,207,6,1.945910149,2402.8,1,4,4,144,At-Risk High Value
17505,162,2,1.098612289,800.8,1,2,3,123,At-Risk High Value
17506,76,1,0.693147181,201.5,2,1,1,211,Lost
17507,262,2,1.098612289,404.53,1,2,2,122,Lost
17508,281,1,0.693147181,258.56,1,1,2,112,Lost
17509,58,3,1.386294361,1993.31,2,3,4,234,At-Risk High Value
17510,25,1,0.693147181,210.38,3,1,1,311,Need Attention
17511,3,28,3.36729583,61307.74,4,4,4,444,Champions
17512,29,10,2.397895273,2292.49,3,4,4,344,Loyalist
17513,73,1,0.693147181,513.2,2,1,3,213,At-Risk High Value
17514,129,1,0.693147181,156.16,2,1,1,211,Lost
17515,32,4,1.609437912,426.59,3,3,2,332,Potential Loyalist
17516,16,4,1.609437912,554.02,4,3,3,433,Promising
17517,309,1,0.693147181,136.24,1,1,1,111,Lost
17519,18,6,1.945910149,1535.53,4,4,4,444,Champions
17520,54,1,0.693147181,437.35,2,1,2,212,Lost
17521,30,3,1.386294361,448.05,3,3,2,332,Potential Loyalist
17522,2,5,1.791759469,868.71,4,4,3,443,Loyalist
17523,12,3,1.386294361,598.84,4,3,3,433,Promising
17524,362,1,0.693147181,145,1,1,1,111,Lost
17525,360,1,0.693147181,271.5,1,1,2,112,Lost
17526,5,4,1.609437912,1162.9,4,3,4,434,Promising
17527,54,4,1.609437912,647.71,2,3,3,233,At-Risk High Value
17528,2,7,2.079441542,2416.71,4,4,4,444,Champions
17530,2,9,2.302585093,1597.93,4,4,4,444,Champions
17531,191,1,0.693147181,191.7,1,1,1,111,Lost
17534,54,1,0.693147181,203.56,2,1,1,211,Lost
17535,281,1,0.693147181,81.1,1,1,1,111,Lost
17536,178,1,0.693147181,25.5,1,1,1,111,Lost
17537,30,2,1.098612289,578.55,3,2,3,323,Potential Loyalist
17538,26,1,0.693147181,73.22,3,1,1,311,Need Attention
17540,25,2,1.098612289,365.25,3,2,2,322,Need Attention
17542,270,1,0.693147181,164.5,1,1,1,111,Lost
17545,44,1,0.693147181,430.76,3,1,2,312,Need Attention
17548,234,1,0.693147181,70.3,1,1,1,111,Lost
17549,24,2,1.098612289,148.86,3,2,1,321,Need Attention
17550,198,2,1.098612289,209.11,1,2,1,121,Lost
17551,360,1,0.693147181,185.54,1,1,1,111,Lost
17552,61,3,1.386294361,573.23,2,3,3,233,At-Risk High Value
17553,130,1,0.693147181,1487.6,2,1,4,214,At-Risk High Value
17554,2,5,1.791759469,1466.9,4,4,4,444,Champions
17555,20,2,1.098612289,228.71,3,2,2,322,Need Attention
17556,206,1,0.693147181,157.9,1,1,1,111,Lost
17557,15,3,1.386294361,507.26,4,3,3,433,Promising
17560,95,5,1.791759469,801.15,2,4,3,243,At-Risk High Value
17561,20,1,0.693147181,118.82,3,1,1,311,Need Attention
17562,15,7,2.079441542,820.78,4,4,3,443,Loyalist
17564,25,3,1.386294361,290.61,3,3,2,332,Potential Loyalist
17566,9,2,1.098612289,594.75,4,2,3,423,Promising
17567,8,8,2.197224577,2634.82,4,4,4,444,Champions
17569,333,1,0.693147181,280.49,1,1,2,112,Lost
17571,51,4,1.609437912,939.76,3,3,3,333,Potential Loyalist
17572,72,4,1.609437912,155.95,2,3,1,231,Lost
17573,30,3,1.386294361,287.9,3,3,2,332,Potential Loyalist
17574,243,1,0.693147181,160.45,1,1,1,111,Lost
17576,9,18,2.944438979,2896.72,4,4,4,444,Champions
17578,219,1,0.693147181,143.46,1,1,1,111,Lost
17579,5,3,1.386294361,315.21,4,3,2,432,Potential Loyalist
17580,253,3,1.386294361,173.04,1,3,1,131,Lost
17581,1,10,2.397895273,6037.85,4,4,4,444,Champions
17582,237,1,0.693147181,147.04,1,1,1,111,Lost
17584,8,2,1.098612289,1167.7,4,2,4,424,Promising
17585,110,4,1.609437912,749.64,2,3,3,233,At-Risk High Value
17588,101,3,1.386294361,972.3,2,3,3,233,At-Risk High Value
17589,61,4,1.609437912,1580.64,2,3,4,234,At-Risk High Value
17590,3,3,1.386294361,1095.93,4,3,3,433,Promising
17591,74,7,2.079441542,1447.12,2,4,4,244,At-Risk High Value
17593,4,5,1.791759469,2524.84,4,4,4,444,Champions
17594,86,2,1.098612289,266.72,2,2,2,222,Lost
17595,13,2,1.098612289,250.19,4,2,2,422,Promising
17596,24,7,2.079441542,2505.72,3,4,4,344,Loyalist
17597,214,1,0.693147181,1768.13,1,1,4,114,Lost
17600,18,1,0.693147181,135.15,4,1,1,411,New Customers
17601,240,1,0.693147181,116.01,1,1,1,111,Lost
17602,3,6,1.945910149,3370.58,4,4,4,444,Champions
17603,79,1,0.693147181,327.28,2,1,2,212,Lost
17604,218,2,1.098612289,242.45,1,2,2,122,Lost
17608,34,1,0.693147181,133.58,3,1,1,311,Need Attention
17609,41,4,1.609437912,727.78,3,3,3,333,Potential Loyalist
17611,8,14,2.708050201,2266.55,4,4,4,444,Champions
17612,54,6,1.945910149,1222.56,2,4,4,244,At-Risk High Value
17613,23,11,2.48490665,2931.37,3,4,4,344,Loyalist
17614,58,1,0.693147181,253.95,2,1,2,212,Lost
17615,131,3,1.386294361,329.6,2,3,2,232,Lost
17616,174,3,1.386294361,571.2,1,3,3,133,At-Risk High Value
17618,6,3,1.386294361,644.83,4,3,3,433,Promising
17619,313,1,0.693147181,98.99,1,1,1,111,Lost
17620,60,1,0.693147181,61.04,2,1,1,211,Lost
17621,22,3,1.386294361,1088,3,3,3,333,Potential Loyalist
17623,33,1,0.693147181,295.84,3,1,2,312,Need Attention
17624,15,2,1.098612289,515.92,4,2,3,423,Promising
17625,19,4,1.609437912,1307.11,3,3,4,334,Potential Loyalist
17628,82,1,0.693147181,49.35,2,1,1,211,Lost
17629,6,8,2.197224577,1543.48,4,4,4,444,Champions
17630,170,2,1.098612289,410.1,1,2,2,122,Lost
17631,2,3,1.386294361,474.22,4,3,2,432,Potential Loyalist
17633,32,4,1.609437912,800.16,3,3,3,333,Potential Loyalist
17634,37,9,2.302585093,1590.6,3,4,4,344,Loyalist
17636,20,1,0.693147181,178.54,3,1,1,311,Need Attention
17637,32,2,1.098612289,401.16,3,2,2,322,Need Attention
17639,277,1,0.693147181,88.6,1,1,1,111,Lost
17640,87,1,0.693147181,621.66,2,1,3,213,At-Risk High Value
17642,120,2,1.098612289,528.39,2,2,3,223,At-Risk High Value
17643,374,1,0.693147181,65.25,1,1,1,111,Lost
17644,2,8,2.197224577,1959.73,4,4,4,444,Champions
17646,220,3,1.386294361,803.54,1,3,3,133,At-Risk High Value
17647,66,1,0.693147181,116.06,2,1,1,211,Lost
17648,61,3,1.386294361,1265.85,2,3,4,234,At-Risk High Value
17649,139,1,0.693147181,391.94,2,1,2,212,Lost
17650,22,1,0.693147181,152.88,3,1,1,311,Need Attention
17651,12,9,2.302585093,2112.9,4,4,4,444,Champions
17652,26,12,2.564949357,2977.62,3,4,4,344,Loyalist
17653,37,4,1.609437912,1076.57,3,3,3,333,Potential Loyalist
17654,278,1,0.693147181,97.25,1,1,1,111,Lost
17655,11,7,2.079441542,2005.89,4,4,4,444,Champions
17656,74,5,1.791759469,1417.61,2,4,4,244,At-Risk High Value
17658,26,2,1.098612289,552.76,3,2,3,323,Potential Loyalist
17659,18,12,2.564949357,2416.56,4,4,4,444,Champions
17660,142,1,0.693147181,129.39,2,1,1,211,Lost
17663,26,7,2.079441542,1490.61,3,4,4,344,Loyalist
17664,19,2,1.098612289,352.08,3,2,2,322,Need Attention
17666,4,2,1.098612289,483.96,4,2,3,423,Promising
17667,67,4,1.609437912,1323.11,2,3,4,234,At-Risk High Value
17668,2,2,1.098612289,261.05,4,2,2,422,Promising
17669,43,7,2.079441542,1900.37,3,4,4,344,Loyalist
17670,228,1,0.693147181,104.9,1,1,1,111,Lost
17671,16,4,1.609437912,1141.73,4,3,3,433,Promising
17672,51,2,1.098612289,2077.67,3,2,4,324,Potential Loyalist
17673,2,6,1.945910149,1193,4,4,4,444,Champions
17674,75,2,1.098612289,444.6,2,2,2,222,Lost
17675,2,29,3.401197382,14246.15,4,4,4,444,Champions
17676,5,6,1.945910149,831.1,4,4,3,443,Loyalist
17677,2,18,2.944438979,9186.99,4,4,4,444,Champions
17678,264,1,0.693147181,177.21,1,1,1,111,Lost
17679,53,2,1.098612289,1597.31,2,2,4,224,At-Risk High Value
17680,24,1,0.693147181,149,3,1,1,311,Need Attention
17682,11,6,1.945910149,1295.93,4,4,4,444,Champions
17684,44,1,0.693147181,159.61,3,1,1,311,Need Attention
17685,17,7,2.079441542,2540.49,4,4,4,444,Champions
17686,8,5,1.791759469,2476.66,4,4,4,444,Champions
17690,31,14,2.708050201,3044.32,3,4,4,344,Loyalist
17691,359,2,1.098612289,194.25,1,2,1,121,Lost
17692,128,4,1.609437912,565.67,2,3,3,233,At-Risk High Value
17693,138,1,0.693147181,110.09,2,1,1,211,Lost
17694,142,1,0.693147181,210.16,2,1,1,211,Lost
17695,132,2,1.098612289,574.04,2,2,3,223,At-Risk High Value
17696,39,7,2.079441542,1865.23,3,4,4,344,Loyalist
17697,237,1,0.693147181,283.75,1,1,2,112,Lost
17698,261,1,0.693147181,135.15,1,1,1,111,Lost
17700,17,4,1.609437912,1682.47,4,3,4,434,Promising
17701,253,1,0.693147181,155.75,1,1,1,111,Lost
17702,31,4,1.609437912,1103.85,3,3,3,333,Potential Loyalist
17703,36,3,1.386294361,485.12,3,3,3,333,Potential Loyalist
17704,169,2,1.098612289,789.79,1,2,3,123,At-Risk High Value
17705,4,9,2.302585093,861.76,4,4,3,443,Loyalist
17706,5,12,2.564949357,6745.78,4,4,4,444,Champions
17707,186,2,1.098612289,152.4,1,2,1,121,Lost
17708,188,2,1.098612289,172.33,1,2,1,121,Lost
17709,170,1,0.693147181,137.45,1,1,1,111,Lost
17711,11,2,1.098612289,299.3,4,2,2,422,Promising
17712,45,1,0.693147181,365.96,3,1,2,312,Need Attention
17714,321,1,0.693147181,48,1,1,1,111,Lost
17715,201,1,0.693147181,326.4,1,1,2,112,Lost
17716,23,9,2.302585093,2933.32,3,4,4,344,Loyalist
17718,233,1,0.693147181,109.35,1,1,1,111,Lost
17719,38,15,2.772588722,3522.35,3,4,4,344,Loyalist
17720,27,4,1.609437912,1002.84,3,3,3,333,Potential Loyalist
17722,97,4,1.609437912,1496.82,2,3,4,234,At-Risk High Value
17723,128,6,1.945910149,3276.4,2,4,4,244,At-Risk High Value
17724,72,3,1.386294361,675.3,2,3,3,233,At-Risk High Value
17725,17,11,2.48490665,2378.98,4,4,4,444,Champions
17727,16,1,0.693147181,443.61,4,1,2,412,New Customers
17728,4,3,1.386294361,1151.59,4,3,4,434,Promising
17730,4,13,2.63905733,4315.1,4,4,4,444,Champions
17731,80,3,1.386294361,941.47,2,3,3,233,At-Risk High Value
17732,373,1,0.693147181,179.92,1,1,1,111,Lost
17733,39,2,1.098612289,552.87,3,2,3,323,Potential Loyalist
17734,54,3,1.386294361,479.2,2,3,3,233,At-Risk High Value
17735,3,18,2.944438979,5814.35,4,4,4,444,Champions
17736,10,3,1.386294361,329.68,4,3,2,432,Potential Loyalist
17737,10,2,1.098612289,120.54,4,2,1,421,Promising
17738,20,3,1.386294361,1232.28,3,3,4,334,Potential Loyalist
17739,12,7,2.079441542,2222.25,4,4,4,444,Champions
17742,114,2,1.098612289,329.61,2,2,2,222,Lost
17744,4,6,1.945910149,1543.84,4,4,4,444,Champions
17746,241,1,0.693147181,110.25,1,1,1,111,Lost
17747,113,1,0.693147181,71.4,2,1,1,211,Lost
17749,179,2,1.098612289,532.32,1,2,3,123,At-Risk High Value
17750,6,9,2.302585093,805.46,4,4,3,443,Loyalist
17752,360,1,0.693147181,80.64,1,1,1,111,Lost
17754,1,5,1.791759469,1172.43,4,4,4,444,Champions
17757,2,30,3.433987204,4515.65,4,4,4,444,Champions
17758,20,6,1.945910149,1972.3,3,4,4,344,Loyalist
17759,18,2,1.098612289,682.9,4,2,3,423,Promising
17760,22,2,1.098612289,262.34,3,2,2,322,Need Attention
17761,33,1,0.693147181,603.73,3,1,3,313,Need Attention
17763,264,1,0.693147181,15,1,1,1,111,Lost
17764,51,2,1.098612289,604,3,2,3,323,Potential Loyalist
17765,159,3,1.386294361,308.21,1,3,2,132,Lost
17767,16,1,0.693147181,233.7,4,1,2,412,New Customers
17768,9,3,1.386294361,1343.95,4,3,4,434,Promising
17769,13,10,2.397895273,3297.73,4,4,4,444,Champions
17770,199,4,1.609437912,666.11,1,3,3,133,At-Risk High Value
17771,57,2,1.098612289,123.84,2,2,1,221,Lost
17772,11,1,0.693147181,102.9,4,1,1,411,New Customers
17774,97,4,1.609437912,830.08,2,3,3,233,At-Risk High Value
17775,255,1,0.693147181,36,1,1,1,111,Lost
17777,25,3,1.386294361,418.8,3,3,2,332,Potential Loyalist
17779,22,3,1.386294361,526.08,3,3,3,333,Potential Loyalist
17781,160,2,1.098612289,168.33,1,2,1,121,Lost
17783,73,2,1.098612289,154.53,2,2,1,221,Lost
17785,54,1,0.693147181,106.14,2,1,1,211,Lost
17786,86,2,1.098612289,216.81,2,2,2,222,Lost
17787,153,4,1.609437912,1308.24,1,3,4,134,At-Risk High Value
17788,74,2,1.098612289,1117.9,2,2,3,223,At-Risk High Value
17789,282,1,0.693147181,146.3,1,1,1,111,Lost
17790,27,12,2.564949357,1675.51,3,4,4,344,Loyalist
17791,30,1,0.693147181,64.3,3,1,1,311,Need Attention
17793,26,1,0.693147181,204.92,3,1,1,311,Need Attention
17795,180,2,1.098612289,289.38,1,2,2,122,Lost
17796,41,4,1.609437912,509.7,3,3,3,333,Potential Loyalist
17797,23,2,1.098612289,594.23,3,2,3,323,Potential Loyalist
17799,23,9,2.302585093,2188.82,3,4,4,344,Loyalist
17800,38,9,2.302585093,1066.06,3,4,3,343,Loyalist
17802,83,3,1.386294361,948.2,2,3,3,233,At-Risk High Value
17805,74,1,0.693147181,512.31,2,1,3,213,At-Risk High Value
17806,12,1,0.693147181,410.27,4,1,2,412,New Customers
17809,17,10,2.397895273,5000.16,4,4,4,444,Champions
17811,5,38,3.663561646,6577.83,4,4,4,444,Champions
17812,13,4,1.609437912,551.7,4,3,3,433,Promising
17813,15,5,1.791759469,999.8,4,4,3,443,Loyalist
17816,37,4,1.609437912,33.98,3,3,1,331,Potential Loyalist
17817,5,2,1.098612289,368.27,4,2,2,422,Promising
17819,72,7,2.079441542,3010.16,2,4,4,244,At-Risk High Value
17824,52,1,0.693147181,158.24,2,1,1,211,Lost
17827,6,3,1.386294361,1420.54,4,3,4,434,Promising
17828,23,4,1.609437912,1443.17,3,3,4,334,Potential Loyalist
17829,299,1,0.693147181,522.94,1,1,3,113,Lost
17830,2,3,1.386294361,266.6,4,3,2,432,Potential Loyalist
17831,34,1,0.693147181,17.7,3,1,1,311,Need Attention
17832,50,1,0.693147181,105.46,3,1,1,311,Need Attention
17835,3,3,1.386294361,271.74,4,3,2,432,Potential Loyalist
17836,48,1,0.693147181,101.01,3,1,1,311,Need Attention
17837,43,8,2.197224577,1178.89,3,4,4,344,Loyalist
17838,27,5,1.791759469,1878.6,3,4,4,344,Loyalist
17839,43,1,0.693147181,232.95,3,1,2,312,Need Attention
17841,2,112,4.727387819,28450.55,4,4,4,444,Champions
17843,304,1,0.693147181,135.23,1,1,1,111,Lost
17844,107,1,0.693147181,44.92,2,1,1,211,Lost
17846,86,1,0.693147181,2033.1,2,1,4,214,At-Risk High Value
17848,82,9,2.302585093,876.38,2,4,3,243,At-Risk High Value
17849,219,4,1.609437912,581.95,1,3,3,133,At-Risk High Value
17850,373,2,1.098612289,3760.23,1,2,4,124,At-Risk High Value
17852,12,1,0.693147181,78.44,4,1,1,411,New Customers
17854,186,2,1.098612289,311.26,1,2,2,122,Lost
17855,373,1,0.693147181,127.07,1,1,1,111,Lost
17856,2,4,1.609437912,1373.03,4,3,4,434,Promising
17857,5,20,3.044522438,17961.24,4,4,4,444,Champions
17858,6,12,2.564949357,3389.96,4,4,4,444,Champions
17859,305,1,0.693147181,118.31,1,1,1,111,Lost
17860,369,1,0.693147181,149.2,1,1,1,111,Lost
17861,4,7,2.079441542,1378.91,4,4,4,444,Champions
17862,324,1,0.693147181,223.9,1,1,2,112,Lost
17863,60,6,1.945910149,2136.8,2,4,4,244,At-Risk High Value
17864,13,3,1.386294361,371.42,4,3,2,432,Potential Loyalist
17865,31,16,2.833213344,7334.04,3,4,4,344,Loyalist
17866,143,1,0.693147181,329.65,1,1,2,112,Lost
17867,31,4,1.609437912,1082.61,3,3,3,333,Potential Loyalist
17869,108,4,1.609437912,398.58,2,3,2,232,Lost
17870,3,9,2.302585093,1536.62,4,4,4,444,Champions
17871,205,1,0.693147181,106.1,1,1,1,111,Lost
17873,81,5,1.791759469,1351.71,2,4,4,244,At-Risk High Value
17874,186,3,1.386294361,599.23,1,3,3,133,At-Risk High Value
17877,171,1,0.693147181,233.86,1,1,2,112,Lost
17878,44,1,0.693147181,323.76,3,1,2,312,Need Attention
17879,174,1,0.693147181,178.52,1,1,1,111,Lost
17880,365,1,0.693147181,253.06,1,1,2,112,Lost
17881,305,1,0.693147181,127.4,1,1,1,111,Lost
17883,4,4,1.609437912,532.9,4,3,3,433,Promising
17884,4,4,1.609437912,510.63,4,3,3,433,Promising
17885,13,1,0.693147181,107.01,4,1,1,411,New Customers
17886,32,3,1.386294361,780.95,3,3,3,333,Potential Loyalist
17887,130,1,0.693147181,108.4,2,1,1,211,Lost
17888,22,8,2.197224577,646.56,3,4,3,343,Loyalist
17889,213,2,1.098612289,179.57,1,2,1,121,Lost
17890,323,2,1.098612289,358.48,1,2,2,122,Lost
17891,163,1,0.693147181,63.34,1,1,1,111,Lost
17892,57,3,1.386294361,237.4,2,3,2,232,Lost
17893,226,1,0.693147181,83.8,1,1,1,111,Lost
17894,72,8,2.197224577,941.01,2,4,3,243,At-Risk High Value
17895,45,1,0.693147181,60.53,3,1,1,311,Need Attention
17896,24,1,0.693147181,256.32,3,1,2,312,Need Attention
17897,173,3,1.386294361,423.88,1,3,2,132,Lost
17898,86,2,1.098612289,113.24,2,2,1,221,Lost
17899,160,1,0.693147181,98.04,1,1,1,111,Lost
17900,191,1,0.693147181,82.2,1,1,1,111,Lost
17901,30,1,0.693147181,104.13,3,1,1,311,Need Attention
17904,22,1,0.693147181,137.07,3,1,1,311,Need Attention
17905,72,4,1.609437912,787.84,2,3,3,233,At-Risk High Value
17906,248,1,0.693147181,57.3,1,1,1,111,Lost
17908,374,1,0.693147181,157.33,1,1,1,111,Lost
17911,10,1,0.693147181,293.39,4,1,2,412,New Customers
17912,311,4,1.609437912,251.23,1,3,2,132,Lost
17913,59,2,1.098612289,336.8,2,2,2,222,Lost
17914,4,1,0.693147181,233.93,4,1,2,412,New Customers
17917,46,3,1.386294361,227.88,3,3,2,332,Potential Loyalist
17919,89,1,0.693147181,1058.94,2,1,3,213,At-Risk High Value
17920,5,17,2.890371758,2861.92,4,4,4,444,Champions
17921,65,4,1.609437912,569.72,2,3,3,233,At-Risk High Value
17923,283,1,0.693147181,207.5,1,1,1,111,Lost
17924,12,5,1.791759469,2774.7,4,4,4,444,Champions
17925,373,1,0.693147181,244.08,1,1,2,112,Lost
17926,134,2,1.098612289,346.89,2,2,2,222,Lost
17928,46,2,1.098612289,204.2,3,2,1,321,Need Attention
17929,12,4,1.609437912,744.9,4,3,3,433,Promising
17930,36,5,1.791759469,1630.44,3,4,4,344,Loyalist
17931,135,2,1.098612289,273.51,2,2,2,222,Lost
17932,30,3,1.386294361,613.07,3,3,3,333,Potential Loyalist
17934,52,2,1.098612289,572.19,2,2,3,223,At-Risk High Value
17935,139,2,1.098612289,97.7,2,2,1,221,Lost
17936,6,1,0.693147181,274.97,4,1,2,412,New Customers
17937,9,7,2.079441542,3129.42,4,4,4,444,Champions
17939,160,1,0.693147181,88.85,1,1,1,111,Lost
17940,50,9,2.302585093,3069.64,3,4,4,344,Loyalist
17941,131,1,0.693147181,304.56,2,1,2,212,Lost
17942,8,1,0.693147181,77.5,4,1,1,411,New Customers
17946,234,2,1.098612289,121.78,1,2,1,121,Lost
17947,38,1,0.693147181,166.6,3,1,1,311,Need Attention
17948,148,1,0.693147181,358.56,1,1,2,112,Lost
17949,2,29,3.401197382,57831.28,4,4,4,444,Champions
17950,73,2,1.098612289,396.85,2,2,2,222,Lost
17951,40,3,1.386294361,672.78,3,3,3,333,Potential Loyalist
17954,6,12,2.564949357,1443.64,4,4,4,444,Champions
17955,199,3,1.386294361,289.1,1,3,2,132,Lost
17956,250,1,0.693147181,12.75,1,1,1,111,Lost
17957,67,1,0.693147181,72.59,2,1,1,211,Lost
17958,117,1,0.693147181,467.96,2,1,2,212,Lost
17960,172,1,0.693147181,61.22,1,1,1,111,Lost
17961,22,35,3.583518938,1083.03,3,4,3,343,Loyalist
17962,143,1,0.693147181,88.53,1,1,1,111,Lost
17964,32,2,1.098612289,331.28,3,2,2,322,Need Attention
17965,38,13,2.63905733,1739.16,3,4,4,344,Loyalist
17966,38,4,1.609437912,330.8,3,3,2,332,Potential Loyalist
17967,372,1,0.693147181,73.32,1,1,1,111,Lost
17968,374,1,0.693147181,157.86,1,1,1,111,Lost
17969,167,2,1.098612289,228.2,1,2,2,122,Lost
17970,212,1,0.693147181,443.24,1,1,2,112,Lost
17972,242,1,0.693147181,83.89,1,1,1,111,Lost
17973,52,1,0.693147181,305.42,2,1,2,212,Lost
17974,25,3,1.386294361,478.29,3,3,3,333,Potential Loyalist
17975,16,13,2.63905733,3724.09,4,4,4,444,Champions
17976,373,1,0.693147181,176.74,1,1,1,111,Lost
17977,30,1,0.693147181,278.78,3,1,2,312,Need Attention
17978,366,1,0.693147181,262.97,1,1,2,112,Lost
17979,36,3,1.386294361,515.63,3,3,3,333,Potential Loyalist
17980,166,3,1.386294361,790.55,1,3,3,133,At-Risk High Value
17984,146,1,0.693147181,97.94,1,1,1,111,Lost
17985,23,1,0.693147181,384.85,3,1,2,312,Need Attention
17986,57,1,0.693147181,20.8,2,1,1,211,Lost
17987,186,1,0.693147181,175.17,1,1,1,111,Lost
17988,12,5,1.791759469,188.64,4,4,1,441,Loyalist
17990,237,3,1.386294361,545.25,1,3,3,133,At-Risk High Value
17991,226,2,1.098612289,90.4,1,2,1,121,Lost
17994,122,4,1.609437912,447.26,2,3,2,232,Lost
17995,282,1,0.693147181,76.1,1,1,1,111,Lost
17997,75,8,2.197224577,1506.58,2,4,4,244,At-Risk High Value
17999,38,2,1.098612289,265.67,3,2,2,322,Need Attention
18001,13,2,1.098612289,336,4,2,2,422,Promising
18004,363,1,0.693147181,129.83,1,1,1,111,Lost
18005,4,2,1.098612289,176.75,4,2,1,421,Promising
18006,24,1,0.693147181,349.93,3,1,2,312,Need Attention
18008,71,8,2.197224577,2000.45,2,4,4,244,At-Risk High Value
18009,236,1,0.693147181,202.74,1,1,1,111,Lost
18010,257,1,0.693147181,154.75,1,1,1,111,Lost
18011,374,1,0.693147181,66.44,1,1,1,111,Lost
18013,156,1,0.693147181,154.94,1,1,1,111,Lost
18014,29,1,0.693147181,125.29,3,1,1,311,Need Attention
18015,5,1,0.693147181,92.08,4,1,1,411,New Customers
18016,33,5,1.791759469,1109.83,3,4,3,343,Loyalist
18017,82,3,1.386294361,523,2,3,3,233,At-Risk High Value
18018,109,2,1.098612289,92.19,2,2,1,221,Lost
18019,52,1,0.693147181,28.55,2,1,1,211,Lost
18022,36,1,0.693147181,304.84,3,1,2,312,Need Attention
18024,153,1,0.693147181,382.35,1,1,2,112,Lost
18027,99,1,0.693147181,75.63,2,1,1,211,Lost
18030,5,2,1.098612289,230.65,4,2,2,422,Promising
18032,335,1,0.693147181,60.9,1,1,1,111,Lost
18033,66,1,0.693147181,44.03,2,1,1,211,Lost
18034,22,1,0.693147181,321.81,3,1,2,312,Need Attention
18035,36,2,1.098612289,625.45,3,2,3,323,Potential Loyalist
18036,33,3,1.386294361,257.39,3,3,2,332,Potential Loyalist
18037,155,6,1.945910149,62.92,1,4,1,141,At-Risk High Value
18040,20,2,1.098612289,226.55,3,2,2,322,Need Attention
18041,12,20,3.044522438,3205.86,4,4,4,444,Champions
18042,54,1,0.693147181,155.15,2,1,1,211,Lost
18043,25,3,1.386294361,383.35,3,3,2,332,Potential Loyalist
18044,5,10,2.397895273,1301.73,4,4,4,444,Champions
18045,46,1,0.693147181,107.24,3,1,1,311,Need Attention
18048,204,1,0.693147181,172.29,1,1,1,111,Lost
18050,360,1,0.693147181,59.4,1,1,1,111,Lost
18053,71,1,0.693147181,185.34,2,1,1,211,Lost
18055,8,10,2.397895273,4770.99,4,4,4,444,Champions
18056,289,1,0.693147181,239.45,1,1,2,112,Lost
18058,10,1,0.693147181,88.56,4,1,1,411,New Customers
18059,24,3,1.386294361,261.46,3,3,2,332,Potential Loyalist
18061,22,10,2.397895273,1960.41,3,4,4,344,Loyalist
18062,174,3,1.386294361,448.02,1,3,2,132,Lost
18064,134,2,1.098612289,414.5,2,2,2,222,Lost
18065,6,6,1.945910149,1527.87,4,4,4,444,Champions
18066,76,1,0.693147181,213,2,1,1,211,Lost
18067,41,1,0.693147181,320.43,3,1,2,312,Need Attention
18068,290,1,0.693147181,101.7,1,1,1,111,Lost
18069,27,5,1.791759469,1198.37,3,4,4,344,Loyalist
18071,258,2,1.098612289,300.3,1,2,2,122,Lost
18072,186,1,0.693147181,164.52,1,1,1,111,Lost
18073,115,10,2.397895273,3455.12,2,4,4,244,At-Risk High Value
18074,374,1,0.693147181,471.9,1,1,2,112,Lost
18075,24,10,2.397895273,2098.83,3,4,4,344,Loyalist
18077,9,11,2.48490665,1973.36,4,4,4,444,Champions
18078,218,2,1.098612289,331.23,1,2,2,122,Lost
18079,46,3,1.386294361,2293.95,3,3,4,334,Potential Loyalist
18080,19,2,1.098612289,1231.5,3,2,4,324,Potential Loyalist
18081,37,3,1.386294361,183.25,3,3,1,331,Potential Loyalist
18082,26,1,0.693147181,461.58,3,1,2,312,Need Attention
18084,17,1,0.693147181,90.48,4,1,1,411,New Customers
18085,331,2,1.098612289,469.25,1,2,2,122,Lost
18086,275,1,0.693147181,101.34,1,1,1,111,Lost
18087,99,2,1.098612289,4055.72,2,2,4,224,At-Risk High Value
18088,62,1,0.693147181,101.92,2,1,1,211,Lost
18092,3,10,2.397895273,7732.06,4,4,4,444,Champions
18093,94,4,1.609437912,1609.32,2,3,4,234,At-Risk High Value
18094,82,5,1.791759469,2318.08,2,4,4,244,At-Risk High Value
18095,313,2,1.098612289,349.95,1,2,2,122,Lost
18096,12,3,1.386294361,600.24,4,3,3,433,Promising
18097,8,5,1.791759469,2188.64,4,4,4,444,Champions
18099,128,1,0.693147181,99.13,2,1,1,211,Lost
18101,12,2,1.098612289,152.55,4,2,1,421,Promising
18102,1,26,3.295836866,171079.02,4,4,4,444,Champions
18104,38,1,0.693147181,289.4,3,1,2,312,Need Attention
18105,38,1,0.693147181,69.03,3,1,1,311,Need Attention
18106,330,1,0.693147181,373.8,1,1,2,112,Lost
18108,255,1,0.693147181,191.4,1,1,1,111,Lost
18109,2,25,3.258096538,7637.97,4,4,4,444,Champions
18110,20,1,0.693147181,138.85,3,1,1,311,Need Attention
18112,13,2,1.098612289,242.69,4,2,2,422,Promising
18113,369,1,0.693147181,76.32,1,1,1,111,Lost
18114,291,1,0.693147181,165.15,1,1,1,111,Lost
18116,68,8,2.197224577,952.29,2,4,3,243,At-Risk High Value
18117,26,1,0.693147181,212.85,3,1,1,311,Need Attention
18118,11,26,3.295836866,3819.73,4,4,4,444,Champions
18119,368,1,0.693147181,154.26,1,1,1,111,Lost
18120,215,1,0.693147181,101.1,1,1,1,111,Lost
18121,150,2,1.098612289,458.3,1,2,2,122,Lost
18122,9,6,1.945910149,1152.5,4,4,4,444,Champions
18123,25,2,1.098612289,430,3,2,2,322,Need Attention
18125,30,4,1.609437912,714.63,3,3,3,333,Potential Loyalist
18126,61,1,0.693147181,141.77,2,1,1,211,Lost
18127,20,2,1.098612289,261.26,3,2,2,322,Need Attention
18129,244,1,0.693147181,98.75,1,1,1,111,Lost
18130,16,3,1.386294361,616.46,4,3,3,433,Promising
18133,213,1,0.693147181,931.5,1,1,3,113,Lost
18135,30,5,1.791759469,678.61,3,4,3,343,Loyalist
18136,64,3,1.386294361,532.85,2,3,3,233,At-Risk High Value
18138,296,1,0.693147181,152.65,1,1,1,111,Lost
18139,18,2,1.098612289,5185.74,4,2,4,424,Promising
18142,158,2,1.098612289,874.2,1,2,3,123,At-Risk High Value
18143,117,2,1.098612289,528.73,2,2,3,223,At-Risk High Value
18144,8,11,2.48490665,2805.25,4,4,4,444,Champions
18145,13,4,1.609437912,1331.41,4,3,4,434,Promising
18146,141,2,1.098612289,89.85,2,2,1,221,Lost
18147,46,2,1.098612289,149.34,3,2,1,321,Need Attention
18149,51,3,1.386294361,521.88,3,3,3,333,Potential Loyalist
18150,33,3,1.386294361,293.88,3,3,2,332,Potential Loyalist
18151,135,2,1.098612289,400.52,2,2,2,222,Lost
18154,4,2,1.098612289,287.59,4,2,2,422,Promising
18155,76,3,1.386294361,291.22,2,3,2,232,Lost
18156,13,2,1.098612289,410.49,4,2,2,422,Promising
18158,10,2,1.098612289,143.7,4,2,1,421,Promising
18159,302,1,0.693147181,303.75,1,1,2,112,Lost
18160,58,2,1.098612289,463.26,2,2,2,222,Lost
18161,16,5,1.791759469,1354.42,4,4,4,444,Champions
18164,38,1,0.693147181,267.63,3,1,2,312,Need Attention
18165,178,1,0.693147181,292.38,1,1,2,112,Lost
18167,24,3,1.386294361,952.86,3,3,3,333,Potential Loyalist
18168,177,6,1.945910149,884.18,1,4,3,143,At-Risk High Value
18169,61,1,0.693147181,177.75,2,1,1,211,Lost
18170,34,3,1.386294361,725.36,3,3,3,333,Potential Loyalist
18171,59,5,1.791759469,1015.91,2,4,3,243,At-Risk High Value
18172,15,14,2.708050201,5385.64,4,4,4,444,Champions
18173,87,4,1.609437912,1803.94,2,3,4,234,At-Risk High Value
18174,8,1,0.693147181,104,4,1,1,411,New Customers
18176,359,1,0.693147181,304.75,1,1,2,112,Lost
18177,32,6,1.945910149,645.37,3,4,3,343,Loyalist
18178,129,4,1.609437912,755.97,2,3,3,233,At-Risk High Value
18179,10,6,1.945910149,1333.23,4,4,4,444,Champions
18180,5,6,1.945910149,1121.51,4,4,3,443,Loyalist
18181,25,1,0.693147181,290.65,3,1,2,312,Need Attention
18183,228,2,1.098612289,453.52,1,2,2,122,Lost
18184,16,1,0.693147181,49.8,4,1,1,411,New Customers
18185,250,1,0.693147181,229.55,1,1,2,112,Lost
18188,16,3,1.386294361,1552.16,4,3,4,434,Promising
18189,78,2,1.098612289,541.34,2,2,3,223,At-Risk High Value
18190,193,2,1.098612289,213.56,1,2,1,121,Lost
18191,262,1,0.693147181,141.8,1,1,1,111,Lost
18192,72,1,0.693147181,402.12,2,1,2,212,Lost
18193,166,1,0.693147181,158.5,1,1,1,111,Lost
18194,83,1,0.693147181,769.84,2,1,3,213,At-Risk High Value
18196,96,2,1.098612289,443.94,2,2,2,222,Lost
18198,5,17,2.890371758,4768.66,4,4,4,444,Champions
18200,107,1,0.693147181,123.71,2,1,1,211,Lost
18202,200,2,1.098612289,944.09,1,2,3,123,At-Risk High Value
18203,158,1,0.693147181,123.77,1,1,1,111,Lost
18204,72,3,1.386294361,1231.56,2,3,4,234,At-Risk High Value
18205,37,2,1.098612289,441.98,3,2,2,322,Need Attention
18209,29,1,0.693147181,106.25,3,1,1,311,Need Attention
18210,2,6,1.945910149,1796.19,4,4,4,444,Champions
18211,26,5,1.791759469,565.29,3,4,3,343,Loyalist
18212,327,1,0.693147181,181.32,1,1,1,111,Lost
18213,237,1,0.693147181,183.58,1,1,1,111,Lost
18215,90,1,0.693147181,264.3,2,1,2,212,Lost
18216,32,1,0.693147181,350.5,3,1,2,312,Need Attention
18217,30,2,1.098612289,441.05,3,2,2,322,Need Attention
18218,212,2,1.098612289,392.61,1,2,2,122,Lost
18219,3,9,2.302585093,1779.25,4,4,4,444,Champions
18220,227,1,0.693147181,152.64,1,1,1,111,Lost
18221,23,5,1.791759469,770.53,3,4,3,343,Loyalist
18222,93,1,0.693147181,319.04,2,1,2,212,Lost
18223,5,13,2.63905733,4586.95,4,4,4,444,Champions
18224,264,1,0.693147181,96.25,1,1,1,111,Lost
18225,4,12,2.564949357,4007.84,4,4,4,444,Champions
18226,45,11,2.48490665,2937.15,3,4,4,344,Loyalist
18227,218,1,0.693147181,53.25,1,1,1,111,Lost
18228,57,2,1.098612289,533.34,2,2,3,223,At-Risk High Value
18229,12,20,3.044522438,5677.4,4,4,4,444,Champions
18230,10,7,2.079441542,2440.24,4,4,4,444,Champions
18231,193,5,1.791759469,1262.84,1,4,4,144,At-Risk High Value
18232,82,4,1.609437912,467.72,2,3,2,232,Lost
18233,326,1,0.693147181,440,1,1,2,112,Lost
18235,72,3,1.386294361,1010.2,2,3,3,233,At-Risk High Value
18236,30,6,1.945910149,787.74,3,4,3,343,Loyalist
18237,3,5,1.791759469,654.36,4,4,3,443,Loyalist
18239,219,5,1.791759469,1005.91,1,4,3,143,At-Risk High Value
18240,47,1,0.693147181,404.73,3,1,2,312,Need Attention
18241,10,17,2.890371758,1671.24,4,4,4,444,Champions
18242,73,3,1.386294361,1677.1,2,3,4,234,At-Risk High Value
18245,8,5,1.791759469,1614.68,4,4,4,444,Champions
18246,24,2,1.098612289,596.1,3,2,3,323,Potential Loyalist
18248,123,2,1.098612289,577.22,2,2,3,223,At-Risk High Value
18249,18,1,0.693147181,58.5,4,1,1,411,New Customers
18250,311,1,0.693147181,266.72,1,1,2,112,Lost
18251,88,1,0.693147181,2778.24,2,1,4,214,At-Risk High Value
18252,51,2,1.098612289,364.37,3,2,2,322,Need Attention
18255,90,1,0.693147181,103.3,2,1,1,211,Lost
18257,40,7,2.079441542,1463.18,3,4,4,344,Loyalist
18259,25,3,1.386294361,1338,3,3,4,334,Potential Loyalist
18260,173,6,1.945910149,2022.09,1,4,4,144,At-Risk High Value
18261,44,2,1.098612289,218.94,3,2,2,322,Need Attention
18262,141,1,0.693147181,121.7,2,1,1,211,Lost
18263,26,3,1.386294361,778.94,3,3,3,333,Potential Loyalist
18265,73,2,1.098612289,577.71,2,2,3,223,At-Risk High Value
18268,135,1,0.693147181,25.5,2,1,1,211,Lost
18269,367,1,0.693147181,128.4,1,1,1,111,Lost
18270,39,2,1.098612289,249.95,3,2,2,322,Need Attention
18272,3,6,1.945910149,2051.03,4,4,4,444,Champions
18273,3,3,1.386294361,204,4,3,1,431,Potential Loyalist
18274,31,1,0.693147181,123.72,3,1,1,311,Need Attention
18276,44,1,0.693147181,278.38,3,1,2,312,Need Attention
18277,59,1,0.693147181,92.53,2,1,1,211,Lost
18278,74,1,0.693147181,109.4,2,1,1,211,Lost
18280,278,1,0.693147181,147.9,1,1,1,111,Lost
18281,181,1,0.693147181,53.79,1,1,1,111,Lost
18282,8,2,1.098612289,165.3,4,2,1,421,Promising
18283,4,14,2.708050201,854.33,4,4,3,443,Loyalist
18287,43,3,1.386294361,1195.76,3,3,4,334,Potential Loyalist
