Description,Repeat_Customers,Unique_Customers,Repeat_Rate,Repeat_Product_Flag
10 COLOUR SPACEBOY PEN,6,93,0.0645,1
12 COLOURED PARTY BALLOONS,1,45,0.0222,1
12 EGG HOUSE PAINTED WOOD,3,13,0.2308,1
12 HANGING EGGS HAND PAINTED,0,14,0,0
12 MESSAGE CARDS WITH ENVELOPES,6,83,0.0723,1
12 PENCIL SMALL TUBE WOODLAND,25,209,0.1196,1
12 PENCILS SMALL TUBE RED RETROSPOT,19,178,0.1067,1
12 PENCILS SMALL TUBE SKULL,5,73,0.0685,1
12 PENCILS TALL TUBE RED RETROSPOT,9,109,0.0826,1
12 PENCILS TALL TUBE SKULLS,10,128,0.0781,1
12 PENCILS TALL TUBE WOODLAND,10,89,0.1124,1
12 RED ROSE PEG PLACE SETTINGS,3,23,0.1304,1
15 PINK FLUFFY CHICKS IN BOX,0,2,0,0
15CM CHRISTMAS GLASS BALL 20 LIGHTS,25,182,0.1374,1
16 PIECE CUTLERY SET PANTRY DESIGN,0,12,0,0
2 PICTURE BOOK EGGS EASTER BUNNY,0,2,0,0
2 PICTURE BOOK EGGS EASTER CHICKS,0,2,0,0
2 PICTURE BOOK EGGS EASTER DUCKS,0,2,0,0
20 DOLLY PEGS RETROSPOT,8,64,0.125,1
200 BENDY SKULL STRAWS,0,10,0,0
200 RED + WHITE BENDY STRAWS,1,39,0.0256,1
3 BLACK CATS W HEARTS BLANK CARD,0,4,0,0
3 DRAWER ANTIQUE WHITE WOOD CABINET,26,178,0.1461,1
3 GARDENIA MORRIS BOXED CANDLES,5,56,0.0893,1
3 HEARTS HANGING DECORATION RUSTIC,27,183,0.1475,1
3 HOOK HANGER MAGIC GARDEN,0,2,0,0
3 HOOK PHOTO SHELF ANTIQUE WHITE,8,94,0.0851,1
3 PIECE SPACEBOY COOKIE CUTTER SET,8,120,0.0667,1
3 RAFFIA RIBBONS 50'S CHRISTMAS,8,132,0.0606,1
3 RAFFIA RIBBONS VINTAGE CHRISTMAS,2,37,0.0541,1
3 ROSE MORRIS BOXED CANDLES,18,157,0.1146,1
3 STRIPEY MICE FELTCRAFT,21,183,0.1148,1
3 TIER CAKE TIN GREEN AND CREAM,2,37,0.0541,1
3 TIER CAKE TIN RED AND CREAM,1,47,0.0213,1
3 TIER SWEETHEART GARDEN SHELF,0,2,0,0
3 TRADITIONAl BISCUIT CUTTERS SET,4,57,0.0702,1
3 WHITE CHOC MORRIS BOXED CANDLES,9,93,0.0968,1
36 DOILIES DOLLY GIRL,0,7,0,0
36 DOILIES VINTAGE CHRISTMAS,0,27,0,0
36 FOIL HEART CAKE CASES,2,39,0.0513,1
36 FOIL STAR CAKE CASES,4,41,0.0976,1
36 PENCILS TUBE RED RETROSPOT,8,92,0.087,1
36 PENCILS TUBE SKULLS,13,90,0.1444,1
36 PENCILS TUBE WOODLAND,0,2,0,0
3D CHRISTMAS STAMPS STICKERS,5,70,0.0714,1
3D DOG PICTURE PLAYING CARDS,2,27,0.0741,1
3D SHEET OF CAT STICKERS,0,7,0,0
3D SHEET OF DOG STICKERS,0,14,0,0
3D TRADITIONAL CHRISTMAS STICKERS,11,110,0.1,1
3D VINTAGE CHRISTMAS STICKERS,5,96,0.0521,1
4 BLUE DINNER CANDLES SILVER FLOCK,0,11,0,0
4 BURGUNDY WINE DINNER CANDLES,0,5,0,0
4 IVORY DINNER CANDLES SILVER FLOCK,3,53,0.0566,1
4 LAVENDER BOTANICAL DINNER CANDLES,9,114,0.0789,1
4 LILY BOTANICAL DINNER CANDLES,5,53,0.0943,1
4 PEAR BOTANICAL DINNER CANDLES,17,124,0.1371,1
4 PINK DINNER CANDLE SILVER FLOCK,1,26,0.0385,1
4 PINK FLOCK CHRISTMAS BALLS,1,11,0.0909,1
4 PURPLE FLOCK DINNER CANDLES,1,30,0.0333,1
4 ROSE PINK DINNER CANDLES,0,2,0,0
4 SKY BLUE DINNER CANDLES,0,6,0,0
4 TRADITIONAL SPINNING TOPS,15,166,0.0904,1
4 VANILLA BOTANICAL CANDLES,19,138,0.1377,1
4 WILDFLOWER BOTANICAL CANDLES,1,38,0.0263,1
5 HOOK HANGER RED MAGIC TOADSTOOL,0,5,0,0
5 STRAND GLASS NECKLACE AMETHYST,0,1,0,0
5 STRAND GLASS NECKLACE BLACK,0,1,0,0
5 STRAND GLASS NECKLACE CRYSTAL,0,3,0,0
50CM METAL STRING WITH 7 CLIPS,1,5,0.2,1
50'S CHRISTMAS GIFT BAG LARGE,3,112,0.0268,1
50'S CHRISTMAS PAPER GIFT BAG,2,86,0.0233,1
6 CHOCOLATE LOVE HEART T-LIGHTS,5,41,0.122,1
6 EGG HOUSE PAINTED WOOD,3,23,0.1304,1
6 GIFT TAGS 50'S CHRISTMAS,21,237,0.0886,1
6 GIFT TAGS VINTAGE CHRISTMAS,18,223,0.0807,1
6 RIBBONS ELEGANT CHRISTMAS,9,110,0.0818,1
6 RIBBONS EMPIRE,4,62,0.0645,1
6 RIBBONS RUSTIC CHARM,27,199,0.1357,1
6 RIBBONS SHIMMERING PINKS,2,47,0.0426,1
6 ROCKET BALLOONS,3,61,0.0492,1
60 CAKE CASES DOLLY GIRL DESIGN,7,117,0.0598,1
60 CAKE CASES VINTAGE CHRISTMAS,55,335,0.1642,1
60 TEATIME FAIRY CAKE CASES,20,176,0.1136,1
6PC WOOD PLATE SET DISPOSABLE,0,2,0,0
70'S ALPHABET WALL ART,0,3,0,0
72 SWEETHEART FAIRY CAKE CASES,17,160,0.1062,1
75 GREEN FAIRY CAKE CASES,0,11,0,0
75 GREEN PETIT FOUR CASES,0,11,0,0
A PRETTY THANK YOU CARD,0,45,0,0
A4 WALL TIDY BLUE OFFICE,0,2,0,0
A4 WALL TIDY RED FLOWERS,0,2,0,0
ABC TREASURE BOOK BOX,4,59,0.0678,1
ABSTRACT CIRCLE JOURNAL,0,4,0,0
ABSTRACT CIRCLES POCKET BOOK,1,20,0.05,1
ABSTRACT CIRCLES SKETCHBOOK,2,31,0.0645,1
ACRYLIC GEOMETRIC LAMP,0,4,0,0
ACRYLIC HANGING JEWEL;BLUE,1,13,0.0769,1
ACRYLIC HANGING JEWEL;PINK,0,6,0,0
ACRYLIC JEWEL ICICLE; BLUE,0,1,0,0
ACRYLIC JEWEL ICICLE; PINK,0,13,0,0
ACRYLIC JEWEL SNOWFLAKE; PINK,0,3,0,0
ADULT APRON APPLE DELIGHT,4,40,0.1,1
ADVENT CALENDAR GINGHAM SACK,11,132,0.0833,1
AFGHAN SLIPPER SOCK PAIR,0,8,0,0
AGED GLASS SILVER T-LIGHT HOLDER,12,117,0.1026,1
AIRLINE BAG VINTAGE JET SET BROWN,2,34,0.0588,1
AIRLINE BAG VINTAGE JET SET RED,5,61,0.082,1
AIRLINE BAG VINTAGE JET SET WHITE,1,29,0.0345,1
AIRLINE BAG VINTAGE TOKYO 78,13,91,0.1429,1
AIRLINE BAG VINTAGE WORLD CHAMPION,2,43,0.0465,1
AIRLINE LOUNGE;METAL SIGN,15,58,0.2586,1
ALARM CLOCK BAKELIKE CHOCOLATE,17,128,0.1328,1
ALARM CLOCK BAKELIKE GREEN,57,311,0.1833,1
ALARM CLOCK BAKELIKE IVORY,26,175,0.1486,1
ALARM CLOCK BAKELIKE ORANGE,0,8,0,0
ALARM CLOCK BAKELIKE PINK,32,241,0.1328,1
ALARM CLOCK BAKELIKE RED,60,317,0.1893,1
ALPHABET HEARTS STICKER SHEET,0,11,0,0
ALPHABET STENCIL CRAFT,3,79,0.038,1
ALUMINIUM STAMPED HEART,5,49,0.102,1
AMBER CHUNKY BEAD BRACELET W STRAP,0,2,0,0
AMBER CHUNKY GLASS+BEAD NECKLACE,0,2,0,0
AMBER DROP EARRINGS W LONG BEADS,0,1,0,0
AMBER FINE BEAD NECKLACE W TASSEL,0,2,0,0
AMBER GLASS/SHELL/PEARL NECKLACE,0,1,0,0
AMBER GLASS/SILVER BRACELET,0,2,0,0
AMETHYST CHUNKY BEAD BRACELET W STR,0,4,0,0
ANGEL DECORATION 3 BUTTONS,7,97,0.0722,1
ANGEL DECORATION PAINTED ZINC,0,25,0,0
ANGEL DECORATION STARS ON DRESS,11,66,0.1667,1
ANIMAL STICKERS,0,22,0,0
ANIMALS AND NATURE WALL ART,0,11,0,0
ANT COPPER LIME BOUDICCA BRACELET,0,9,0,0
ANT COPPER PINK BOUDICCA BRACELET,0,5,0,0
ANT COPPER RED BOUDICCA BRACELET,0,4,0,0
ANT COPPER TURQ BOUDICCA BRACELET,0,6,0,0
ANT SILVER FUSCHIA BOUDICCA RING,0,2,0,0
ANT SILVER LIME GREEN BOUDICCA RING,0,5,0,0
ANT SILVER PURPLE BOUDICCA RING,0,2,0,0
ANT SILVER TURQUOISE BOUDICCA RING,0,1,0,0
ANT WHITE WIRE HEART SPIRAL,3,16,0.1875,1
ANTIQUE ALL GLASS CANDLESTICK,2,70,0.0286,1
ANTIQUE CREAM CUTLERY CUPBOARD,0,6,0,0
ANTIQUE CREAM CUTLERY SHELF,0,4,0,0
ANTIQUE GLASS DRESSING TABLE POT,6,69,0.087,1
ANTIQUE GLASS PEDESTAL BOWL,9,65,0.1385,1
ANTIQUE GLASS PLACE SETTING,0,2,0,0
ANTIQUE HEART SHELF UNIT,9,119,0.0756,1
ANTIQUE IVORY WIRE BOWL SMALL,0,6,0,0
ANTIQUE OPAL WHITE FLOWER EARRINGS,0,2,0,0
ANTIQUE SILVER BAUBLE LAMP,8,78,0.1026,1
ANTIQUE SILVER TEA GLASS ENGRAVED,15,125,0.12,1
ANTIQUE SILVER T-LIGHT GLASS,51,313,0.1629,1
ANTIQUE TALL SWIRLGLASS TRINKET POT,4,51,0.0784,1
APOTHECARY MEASURING JAR,0,9,0,0
APPLE BATH SPONGE,8,50,0.16,1
AQUA BERTIE GLASS BEAD BAG CHARM,0,2,0,0
AREA PATROLLED METAL SIGN,17,119,0.1429,1
ARMY CAMO BOOKCOVER TAPE,0,2,0,0
ART LIGHTS;FUNK MONKEY,8,16,0.5,1
ASS COLOUR GLOWING TIARAS,0,21,0,0
ASS DES PHONE SPONGE CRAFT STICKER,0,6,0,0
ASS FLORAL PRINT MULTI SCREWDRIVER,4,80,0.05,1
ASS FLORAL PRINT SPIRIT LEVEL,0,19,0,0
ASSORTED BOTTLE TOP MAGNETS,2,46,0.0435,1
ASSORTED CAKES FRIDGE MAGNETS,0,4,0,0
ASSORTED CIRCULAR MOBILE,1,10,0.1,1
ASSORTED COLOUR BIRD ORNAMENT,73,431,0.1694,1
ASSORTED COLOUR LIZARD SUCTION HOOK,2,16,0.125,1
ASSORTED COLOUR METAL CAT,1,10,0.1,1
ASSORTED COLOUR MINI CASES,11,115,0.0957,1
ASSORTED COLOUR SUCTION CUP HOOK,0,6,0,0
ASSORTED COLOUR T-LIGHT HOLDER,1,44,0.0227,1
ASSORTED COLOURED CIRCLE MOBILE,0,7,0,0
ASSORTED COLOURS SILK FAN,3,60,0.05,1
ASSORTED CREEPY CRAWLIES,1,4,0.25,1
ASSORTED EASTER DECORATIONS BELLS,0,3,0,0
ASSORTED EASTER GIFT TAGS,0,2,0,0
"ASSORTED FLOWER COLOUR ""LEIS""",0,17,0,0
ASSORTED INCENSE PACK,0,10,0,0
ASSORTED MONKEY SUCTION CUP HOOK,1,11,0.0909,1
ASSORTED SHAPES PHOTO CLIP SILVER,0,9,0,0
ASSORTED TUTTI FRUTTI BRACELET,1,27,0.037,1
ASSORTED TUTTI FRUTTI FOB NOTEBOOK,2,30,0.0667,1
ASSORTED TUTTI FRUTTI HEART BOX,0,8,0,0
ASSORTED TUTTI FRUTTI LARGE PURSE,0,5,0,0
ASSORTED TUTTI FRUTTI MIRROR,1,7,0.1429,1
ASSORTED TUTTI FRUTTI NOTEBOOK,1,21,0.0476,1
ASSORTED TUTTI FRUTTI PEN,10,61,0.1639,1
ASSORTED TUTTI FRUTTI SMALL PURSE,1,8,0.125,1
ASSTD COL BUTTERFLY/CRYSTAL W/CHIME,0,2,0,0
ASSTD DESIGN 3D PAPER STICKERS,0,18,0,0
ASSTD DESIGN RACING CAR PEN,2,19,0.1053,1
ASSTD FRUIT+FLOWERS FRIDGE MAGNETS,0,20,0,0
ASSTD MULTICOLOUR CIRCLES MUG,0,1,0,0
ASSTD RASTA KEY-CHAINS,0,4,0,0
BABUSHKA LIGHTS STRING OF 10,3,35,0.0857,1
BABY MOUSE RED GINGHAM DRESS,0,16,0,0
BAG 125g SWIRLY MARBLES,5,114,0.0439,1
BAG 250g SWIRLY MARBLES,9,114,0.0789,1
BAG 500g SWIRLY MARBLES,11,80,0.1375,1
BAKING MOULD CHOCOLATE CUPCAKES,1,16,0.0625,1
BAKING MOULD EASTER EGG MILK CHOC,0,6,0,0
BAKING MOULD EASTER EGG WHITE CHOC,0,2,0,0
BAKING MOULD HEART MILK CHOCOLATE,3,32,0.0938,1
BAKING MOULD HEART WHITE CHOCOLATE,1,21,0.0476,1
BAKING MOULD ROSE MILK CHOCOLATE,1,8,0.125,1
BAKING MOULD ROSE WHITE CHOCOLATE,0,9,0,0
BAKING MOULD TOFFEE CUP CHOCOLATE,1,16,0.0625,1
BAKING SET 9 PIECE RETROSPOT,60,394,0.1523,1
BAKING SET SPACEBOY DESIGN,20,189,0.1058,1
BALLOON ART MAKE YOUR OWN FLOWERS,1,52,0.0192,1
BALLOON PUMP WITH 10 BALLOONS,2,49,0.0408,1
BALLOON WATER BOMB PACK OF 35,1,36,0.0278,1
BALLOONS WRITING SET,12,119,0.1008,1
Bank Charges,1,7,0.1429,1
BANQUET BIRTHDAY CARD,1,22,0.0455,1
BAROQUE BUTTERFLY EARRINGS CRYSTAL,0,2,0,0
BASKET OF FLOWERS SEWING KIT,1,20,0.05,1
BASKET OF TOADSTOOLS,2,28,0.0714,1
BATH BUILDING BLOCK WORD,3,55,0.0545,1
BATHROOM HOOK,0,28,0,0
BATHROOM METAL SIGN,16,94,0.1702,1
BATHROOM SCALES FOOTPRINTS IN SAND,0,4,0,0
BATHROOM SCALES RUBBER DUCKS,0,5,0,0
BATHROOM SCALES; TROPICAL BEACH,1,3,0.3333,1
BEACH HUT SHELF W 3 DRAWERS,1,5,0.2,1
BEADED CHANDELIER T-LIGHT HOLDER,3,12,0.25,1
BEADED CRYSTAL HEART BLUE LARGE,0,13,0,0
BEADED CRYSTAL HEART BLUE ON STICK,1,3,0.3333,1
BEADED CRYSTAL HEART BLUE SMALL,1,3,0.3333,1
BEADED CRYSTAL HEART GREEN LARGE,1,10,0.1,1
BEADED CRYSTAL HEART GREEN ON STICK,1,8,0.125,1
BEADED CRYSTAL HEART GREEN SMALL,0,2,0,0
BEADED CRYSTAL HEART PINK LARGE,0,10,0,0
BEADED CRYSTAL HEART PINK ON STICK,1,6,0.1667,1
BEADED CRYSTAL HEART PINK SMALL,1,7,0.1429,1
BEADED PEARL HEART WHITE ON STICK,0,2,0,0
BELLE JARDINIERE CUSHION COVER,12,132,0.0909,1
BEWARE OF THE CAT METAL SIGN,5,99,0.0505,1
BICYCLE PUNCTURE REPAIR KIT,17,171,0.0994,1
BICYCLE SAFTEY WALL ART,0,28,0,0
BIG DOUGHNUT FRIDGE MAGNETS,1,9,0.1111,1
BILI NUT AND WOOD NECKLACE,0,2,0,0
BINGO SET,10,134,0.0746,1
BIRD DECORATION GREEN POLKADOT,0,2,0,0
BIRD DECORATION RED RETROSPOT,2,12,0.1667,1
BIRD HOUSE HOT WATER BOTTLE,8,115,0.0696,1
BIRDCAGE DECORATION TEALIGHT HOLDER,1,22,0.0455,1
BIRDHOUSE DECORATION MAGIC GARDEN,1,5,0.2,1
BIRDHOUSE GARDEN MARKER,2,14,0.1429,1
BIRDS MOBILE VINTAGE DESIGN,2,26,0.0769,1
BIRTHDAY BANQUET GIFT WRAP,0,9,0,0
BIRTHDAY CARD; RETRO SPOT,9,58,0.1552,1
BIRTHDAY PARTY CORDON BARRIER TAPE,2,22,0.0909,1
BISCUIT TIN 50'S CHRISTMAS,16,202,0.0792,1
BISCUIT TIN VINTAGE CHRISTMAS,13,184,0.0707,1
BISCUIT TIN VINTAGE GREEN,2,21,0.0952,1
BISCUIT TIN VINTAGE RED,1,53,0.0189,1
BLACK AND WHITE CAT BOWL,0,4,0,0
BLACK BAROQUE CARRIAGE CLOCK,1,7,0.1429,1
BLACK BAROQUE WALL CLOCK,0,2,0,0
BLACK BIRD GARDEN DESIGN MUG,0,5,0,0
BLACK CHRISTMAS TREE 120CM,2,24,0.0833,1
BLACK CHRISTMAS TREE 60CM,2,16,0.125,1
BLACK CHUNKY BEAD BRACELET W STRAP,0,4,0,0
BLACK DROP CRYSTAL NECKLACE,0,1,0,0
BLACK EAR MUFF HEADPHONES,0,9,0,0
BLACK ENAMEL FLOWER RING,0,1,0,0
BLACK ENCHANTED FOREST PLACEMAT,1,10,0.1,1
BLACK GEMSTONE BRACELET,0,2,0,0
BLACK GEMSTONE NECKLACE 45CM,0,3,0,0
BLACK HEART CARD HOLDER,1,47,0.0213,1
BLACK KITCHEN SCALES,2,36,0.0556,1
BLACK LOVE BIRD CANDLE,1,5,0.2,1
BLACK LOVE BIRD T-LIGHT HOLDER,0,4,0,0
BLACK MINI TAPE MEASURE,1,9,0.1111,1
BLACK ORANGE SQUEEZER,1,7,0.1429,1
BLACK PIRATE TREASURE CHEST,2,47,0.0426,1
BLACK RECORD COVER FRAME,19,136,0.1397,1
BLACK SILOUETTE CANDLE PLATE,0,9,0,0
BLACK SIL'T SQU CANDLE PLATE,0,3,0,0
BLACK SQUARE TABLE CLOCK,1,16,0.0625,1
BLACK SWEETHEART BRACELET,0,6,0,0
BLACK TEA TOWEL CLASSIC DESIGN,2,54,0.037,1
BLACK TEA;COFFEE;SUGAR JARS,4,18,0.2222,1
BLACK VINT ART DEC CRYSTAL BRACELET,0,2,0,0
BLACK VINT ART DEC CRYSTAL NECKLACE,0,2,0,0
BLACK WINE GLASS,0,2,0,0
BLACK/BLUE POLKADOT UMBRELLA,5,73,0.0685,1
BLACK+WHITE NECKLACE W TASSEL,0,1,0,0
BLING KEY RING STAND,0,4,0,0
BLOND DOLL DOORSTOP,0,9,0,0
BLOSSOM IMAGES GIFT WRAP SET,3,51,0.0588,1
BLOSSOM IMAGES NOTEBOOK SET,1,14,0.0714,1
BLUE BIRDHOUSE DECORATION,2,22,0.0909,1
BLUE BUNNY EASTER EGG BASKET,0,1,0,0
BLUE CALCULATOR RULER,6,47,0.1277,1
BLUE CHARLIE+LOLA PERSONAL DOORSIGN,4,59,0.0678,1
BLUE CHENILLE SHAGGY CUSHION COVER,0,3,0,0
BLUE CIRCLES DESIGN MONKEY DOLL,0,2,0,0
BLUE CIRCLES DESIGN TEDDY,0,11,0,0
BLUE CLIMBING HYDRANGA ART FLOWER,0,3,0,0
BLUE COAT RACK PARIS FASHION,0,29,0,0
BLUE DAISY MOBILE,0,3,0,0
BLUE DELPHINIUM ARTIFICIAL FLOWER,0,3,0,0
BLUE DIAMANTE PEN IN GIFT BOX,1,11,0.0909,1
BLUE DINER WALL CLOCK,7,89,0.0787,1
BLUE DISCO HANDBAG,0,7,0,0
BLUE DRAGONFLY HELICOPTER,0,6,0,0
BLUE DRAWER KNOB ACRYLIC EDWARDIAN,1,22,0.0455,1
BLUE EASTER EGG HUNT START POST,0,2,0,0
BLUE EGG SPOON,1,20,0.05,1
BLUE FLY SWAT,1,14,0.0714,1
BLUE GIANT GARDEN THERMOMETER,0,9,0,0
BLUE GLASS CHUNKY CHARM BRACELET,0,2,0,0
BLUE GLASS GEMS IN BAG,0,2,0,0
BLUE GREEN EMBROIDERY COSMETIC BAG,0,4,0,0
BLUE HAPPY BIRTHDAY BUNTING,2,66,0.0303,1
BLUE HARMONICA IN BOX,30,284,0.1056,1
BLUE HOLE PUNCH,0,6,0,0
BLUE JUICY FRUIT PHOTO FRAME,0,9,0,0
BLUE MURANO TWIST BRACELET,0,2,0,0
BLUE ORGANDY ROUND LAMPSHADE W BEA,0,3,0,0
BLUE OWL SOFT TOY,0,14,0,0
BLUE PAISLEY JOURNAL,2,26,0.0769,1
BLUE PAISLEY POCKET BOOK,2,26,0.0769,1
BLUE PAISLEY SKETCHBOOK,0,17,0,0
BLUE PAISLEY TISSUE BOX,3,56,0.0536,1
BLUE PARTY BAGS,2,18,0.1111,1
BLUE POLKADOT BEAKER,0,9,0,0
BLUE POLKADOT BOWL,4,51,0.0784,1
BLUE POLKADOT CUP,3,41,0.0732,1
BLUE POLKADOT GARDEN PARASOL,0,2,0,0
BLUE POLKADOT KIDS BAG,1,6,0.1667,1
BLUE POLKADOT LUGGAGE TAG,3,16,0.1875,1
BLUE POLKADOT PASSPORT COVER,0,15,0,0
BLUE POLKADOT PLATE,0,2,0,0
BLUE POLKADOT PURSE,0,4,0,0
BLUE POLKADOT WASHING UP GLOVES,1,29,0.0345,1
BLUE POLKADOT WRAP,2,56,0.0357,1
BLUE POT PLANT CANDLE,2,27,0.0741,1
BLUE PUDDING SPOON,0,22,0,0
BLUE REFECTORY CLOCK,2,43,0.0465,1
BLUE RETRO KITCHEN WALL CLOCK,1,28,0.0357,1
BLUE ROSE FABRIC MIRROR,2,19,0.1053,1
BLUE SCANDINAVIAN PAISLEY WRAP,0,11,0,0
BLUE SCOTTIE DOG W FLOWER PATTERN,1,15,0.0667,1
BLUE SPOT CERAMIC DRAWER KNOB,4,67,0.0597,1
BLUE STONES ON WIRE FOR CANDLE,0,2,0,0
BLUE STRIPE CERAMIC DRAWER KNOB,4,72,0.0556,1
BLUE TABLE RUN FLOWER,0,5,0,0
BLUE TILE HOOK,0,9,0,0
BLUE VICTORIAN FABRIC OVAL BOX,1,22,0.0455,1
BLUE VINTAGE SPOT BEAKER,2,42,0.0476,1
BLUE VOILE LAMPSHADE,0,2,0,0
BLUE/CREAM STRIPE CUSHION COVER,1,21,0.0476,1
BLUE/YELLOW FLOWER DESIGN BIG MUG,0,4,0,0
BOHEMIAN COLLAGE STATIONERY SET,5,56,0.0893,1
BOOM BOX SPEAKER BOYS,3,42,0.0714,1
BOOM BOX SPEAKER GIRLS,0,22,0,0
BOOZE & WOMEN GREETING CARD,0,4,0,0
BOTANICAL GARDENS WALL CLOCK,23,134,0.1716,1
BOTANICAL LAVENDER BIRTHDAY CARD,1,13,0.0769,1
BOTANICAL LAVENDER GIFT WRAP,0,7,0,0
BOTANICAL LILY GIFT WRAP,0,1,0,0
BOTANICAL LILY GREETING CARD,0,8,0,0
BOTANICAL ROSE GIFT WRAP,0,7,0,0
BOTTLE BAG RETROSPOT,3,22,0.1364,1
BOUDOIR SQUARE TISSUE BOX,13,74,0.1757,1
BOX OF 24 COCKTAIL PARASOLS,12,127,0.0945,1
BOX OF 6 ASSORTED COLOUR TEASPOONS,2,18,0.1111,1
BOX OF 6 CHRISTMAS CAKE DECORATIONS,28,216,0.1296,1
BOX OF 6 MINI 50'S CRACKERS,45,333,0.1351,1
BOX OF 6 MINI VINTAGE CRACKERS,35,291,0.1203,1
BOX OF 9 PEBBLE CANDLES,0,9,0,0
BOX OF VINTAGE ALPHABET BLOCKS,5,86,0.0581,1
BOX OF VINTAGE JIGSAW BLOCKS,5,103,0.0485,1
BOYS ALPHABET IRON ON PATCHES,1,3,0.3333,1
BOYS VINTAGE TIN SEASIDE BUCKET,2,19,0.1053,1
BREAD BIN DINER STYLE IVORY,9,121,0.0744,1
BREAD BIN DINER STYLE MINT,0,2,0,0
BREAD BIN DINER STYLE PINK,0,5,0,0
BREAD BIN DINER STYLE RED,9,68,0.1324,1
BREAD BIN; DINER STYLE; IVORY,0,1,0,0
BROCADE RING PURSE,8,97,0.0825,1
BROCANTE SHELF WITH HOOKS,0,14,0,0
BROWN CHECK CAT DOORSTOP,1,13,0.0769,1
BROWN KUKUI COCONUT SEED NECKLACE,0,2,0,0
BROWN PIRATE TREASURE CHEST,2,25,0.08,1
BUBBLEGUM RING ASSORTED,9,131,0.0687,1
BUFFALO BILL TREASURE BOOK BOX,5,51,0.098,1
BUFFALO BILL WALL ART,0,9,0,0
BULL DOG BOTTLE OPENER,9,69,0.1304,1
BULL DOG BOTTLE TOP WALL CLOCK,0,17,0,0
BUNDLE OF 3 ALPHABET EXERCISE BOOKS,12,149,0.0805,1
BUNDLE OF 3 RETRO NOTE BOOKS,6,119,0.0504,1
BUNDLE OF 3 SCHOOL EXERCISE BOOKS,6,80,0.075,1
BUNNY DECORATION MAGIC GARDEN,0,2,0,0
BUNNY EGG GARLAND,0,2,0,0
BUNNY WOODEN PAINTED WITH BIRD,1,27,0.037,1
BUNNY WOODEN PAINTED WITH FLOWER,0,18,0,0
BUNTING ; SPOTTY,0,2,0,0
BUTTERFLIES STICKERS,1,13,0.0769,1
BUTTERFLY CROCHET FOOD COVER,0,6,0,0
BUTTON BOX,2,33,0.0606,1
BUTTONS AND STRIPES NOTEBOOK,0,2,0,0
CABIN BAG VINTAGE PAISLEY,0,7,0,0
CABIN BAG VINTAGE RETROSPOT,1,7,0.1429,1
CACTI T-LIGHT CANDLES,2,34,0.0588,1
CAKE PLATE LOVEBIRD PINK,1,6,0.1667,1
CAKE PLATE LOVEBIRD WHITE,2,32,0.0625,1
CAKE STAND 3 TIER MAGIC GARDEN,2,19,0.1053,1
CAKE STAND LOVEBIRD 2 TIER PINK,1,21,0.0476,1
CAKE STAND LOVEBIRD 2 TIER WHITE,2,48,0.0417,1
CAKE STAND VICTORIAN FILIGREE MED,0,2,0,0
CAKE STAND VICTORIAN FILIGREE SMALL,1,27,0.037,1
CAKE STAND WHITE TWO TIER LACE,3,48,0.0625,1
CAKES AND BOWS GIFT TAPE,0,10,0,0
CAKES AND RABBITS DESIGN FLANNEL,0,5,0,0
CALENDAR FAMILY FAVOURITES,1,19,0.0526,1
CALENDAR IN SEASON DESIGN,3,38,0.0789,1
CALENDAR PAPER CUT DESIGN,5,46,0.1087,1
CAMOUFLAGE EAR MUFF HEADPHONES,1,6,0.1667,1
CAMOUFLAGE LED TORCH,2,64,0.0313,1
CAMPHOR WOOD PORTOBELLO MUSHROOM,1,10,0.1,1
CANDLE HOLDER SILVER MADELINE,1,15,0.0667,1
CANDLE PLATE LACE WHITE,0,4,0,0
CANDY HEART HANGING DECORATION,2,20,0.1,1
CANDY SHOP STICKER SHEET,0,3,0,0
CANDY SPOT BUNNY,0,5,0,0
CANDY SPOT EGG WARMER HARE,0,2,0,0
CANDY SPOT EGG WARMER RABBIT,0,18,0,0
CANDY SPOT HAND BAG,1,8,0.125,1
CARAVAN SQUARE TISSUE BOX,6,62,0.0968,1
CARD BILLBOARD FONT,3,92,0.0326,1
CARD BIRTHDAY COWBOY,1,35,0.0286,1
CARD CAT AND TREE,0,14,0,0
CARD CHRISTMAS VILLAGE,7,136,0.0515,1
CARD CIRCUS PARADE,1,43,0.0233,1
CARD DOG AND BALL,0,12,0,0
CARD DOLLY GIRL,4,68,0.0588,1
CARD GINGHAM ROSE,0,20,0,0
CARD HOLDER GINGHAM HEART,3,63,0.0476,1
CARD HOLDER LOVE BIRD LARGE,11,83,0.1325,1
CARD HOLDER LOVE BIRD SMALL,4,79,0.0506,1
CARD I LOVE LONDON,0,23,0,0
CARD MOTORBIKE SANTA,7,150,0.0467,1
CARD PARTY GAMES,1,29,0.0345,1
CARD PSYCHEDELIC APPLES,0,25,0,0
CARD SUKI BIRTHDAY,2,35,0.0571,1
CARD WEDDING DAY,0,3,0,0
CARDHOLDER GINGHAM CHRISTMAS TREE,5,54,0.0926,1
CARDHOLDER GINGHAM STAR,2,34,0.0588,1
CARDHOLDER HOLLY WREATH METAL,5,83,0.0602,1
CAROUSEL DESIGN WASHBAG,0,12,0,0
CARRIAGE,3,31,0.0968,1
CARROT CHARLIE+LOLA COASTER SET,5,59,0.0847,1
CARTOON PENCIL SHARPENERS,2,31,0.0645,1
CAT AND BIRD WALL ART,0,2,0,0
CAT BOWL VINTAGE CREAM,2,27,0.0741,1
CAT WITH SUNGLASSES BLANK CARD,0,2,0,0
CD WALL TIDY BLUE OFFICE,0,2,0,0
CD WALL TIDY RED FLOWERS,0,2,0,0
CERAMIC BOWL WITH STRAWBERRY DESIGN,2,31,0.0645,1
CERAMIC CAKE BOWL + HANGING CAKES,3,22,0.1364,1
CERAMIC CAKE DESIGN SPOTTED MUG,2,37,0.0541,1
CERAMIC CAKE DESIGN SPOTTED PLATE,2,19,0.1053,1
CERAMIC CAKE STAND + HANGING CAKES,5,40,0.125,1
CERAMIC CHERRY CAKE MONEY BANK,4,91,0.044,1
CERAMIC HEART FAIRY CAKE MONEY BANK,5,98,0.051,1
CERAMIC LOVE HEART MONEY BANK,0,13,0,0
CERAMIC PIRATE CHEST MONEY BANK,2,51,0.0392,1
CERAMIC PLATE STRAWBERRY DESIGN,2,41,0.0488,1
CERAMIC STRAWBERRY CAKE MONEY BANK,9,90,0.1,1
CERAMIC STRAWBERRY DESIGN MUG,4,68,0.0588,1
CERAMIC STRAWBERRY MONEY BOX,0,5,0,0
CERAMIC STRAWBERRY TRINKET TRAY,0,2,0,0
CHAMBRE HOOK,1,20,0.05,1
CHAMPAGNE TRAY BLANK CARD,0,2,0,0
CHARLIE & LOLA WASTEPAPER BIN BLUE,3,42,0.0714,1
CHARLIE & LOLA WASTEPAPER BIN FLORA,3,51,0.0588,1
CHARLIE + LOLA RED HOT WATER BOTTLE,7,98,0.0714,1
CHARLIE LOLA BLUE HOT WATER BOTTLE,2,26,0.0769,1
CHARLIE+LOLA MY ROOM DOOR SIGN,4,44,0.0909,1
CHARLIE+LOLA PINK HOT WATER BOTTLE,3,74,0.0405,1
CHARLIE+LOLA RED HOT WATER BOTTLE,4,37,0.1081,1
"CHARLIE+LOLA""EXTREMELY BUSY"" SIGN",7,44,0.1591,1
CHARLOTTE BAG APPLES DESIGN,13,123,0.1057,1
CHARLOTTE BAG DOLLY GIRL DESIGN,14,100,0.14,1
CHARLOTTE BAG PINK POLKADOT,17,132,0.1288,1
CHARLOTTE BAG SUKI DESIGN,26,150,0.1733,1
CHARLOTTE BAG VINTAGE ALPHABET,13,113,0.115,1
CHERRY BLOSSOM DECORATIVE FLASK,2,42,0.0476,1
CHERRY BLOSSOM LUGGAGE TAG,1,5,0.2,1
CHERRY BLOSSOM PASSPORT COVER,0,11,0,0
CHERRY CROCHET FOOD COVER,0,7,0,0
CHERUB HEART DECORATION GOLD,5,52,0.0962,1
CHERUB HEART DECORATION SILVER,6,52,0.1154,1
CHEST 7 DRAWER MA CAMPAGNE,0,5,0,0
CHEST NATURAL WOOD 20 DRAWERS,0,2,0,0
CHEST OF DRAWERS GINGHAM HEART,2,21,0.0952,1
CHICK GREY HOT WATER BOTTLE,24,187,0.1283,1
CHILDRENS APRON APPLES DESIGN,6,102,0.0588,1
CHILDREN'S APRON DOLLY GIRL,14,120,0.1167,1
CHILDRENS APRON SPACEBOY DESIGN,20,207,0.0966,1
CHILDREN'S CIRCUS PARADE MUG,2,22,0.0909,1
CHILDRENS CUTLERY CIRCUS PARADE,4,44,0.0909,1
CHILDRENS CUTLERY DOLLY GIRL,18,103,0.1748,1
CHILDRENS CUTLERY POLKADOT BLUE,6,97,0.0619,1
CHILDRENS CUTLERY POLKADOT GREEN,5,65,0.0769,1
CHILDRENS CUTLERY POLKADOT PINK,12,137,0.0876,1
CHILDRENS CUTLERY RETROSPOT RED,3,84,0.0357,1
CHILDRENS CUTLERY SPACEBOY,17,119,0.1429,1
CHILDRENS DOLLY GIRL MUG,2,55,0.0364,1
CHILDREN'S SPACEBOY MUG,5,59,0.0847,1
CHILDRENS TOY COOKING UTENSIL SET,7,100,0.07,1
CHILDS BREAKFAST SET CIRCUS PARADE,4,73,0.0548,1
CHILDS BREAKFAST SET DOLLY GIRL,6,71,0.0845,1
CHILDS BREAKFAST SET SPACEBOY,11,69,0.1594,1
CHILDS GARDEN FORK BLUE,1,17,0.0588,1
CHILDS GARDEN FORK PINK,0,12,0,0
CHILDS GARDEN RAKE BLUE,0,2,0,0
CHILDS GARDEN RAKE PINK,1,14,0.0714,1
CHILDS GARDEN SPADE BLUE,1,13,0.0769,1
CHILDS GARDEN SPADE PINK,1,15,0.0667,1
CHILLI LIGHTS,24,191,0.1257,1
CHOC TRUFFLE GOLD TRINKET POT,0,26,0,0
CHOCOLATE 1 WICK MORRIS BOX CANDLE,1,30,0.0333,1
CHOCOLATE 3 WICK MORRIS BOX CANDLE,0,13,0,0
CHOCOLATE BOX RIBBONS,6,64,0.0938,1
CHOCOLATE CALCULATOR,3,57,0.0526,1
CHOCOLATE HOT WATER BOTTLE,78,387,0.2016,1
CHOCOLATE THIS WAY METAL SIGN,11,113,0.0973,1
CHRISTMAS CARD SCREEN PRINT,1,38,0.0263,1
CHRISTMAS CARD SINGING ANGEL,0,20,0,0
CHRISTMAS CARD STACK OF PRESENTS,0,7,0,0
CHRISTMAS CRAFT LITTLE FRIENDS,49,352,0.1392,1
CHRISTMAS CRAFT TREE TOP ANGEL,36,274,0.1314,1
CHRISTMAS CRAFT WHITE FAIRY,23,264,0.0871,1
CHRISTMAS DECOUPAGE CANDLE,1,25,0.04,1
CHRISTMAS GARLAND STARS;TREES,0,12,0,0
CHRISTMAS GINGHAM STAR,10,104,0.0962,1
CHRISTMAS GINGHAM TREE,9,92,0.0978,1
CHRISTMAS HANGING SNOWFLAKE,4,59,0.0678,1
CHRISTMAS HANGING STAR WITH BELL,29,173,0.1676,1
CHRISTMAS HANGING TREE WITH BELL,3,55,0.0545,1
CHRISTMAS LIGHTS 10 REINDEER,25,206,0.1214,1
CHRISTMAS LIGHTS 10 SANTAS,12,120,0.1,1
CHRISTMAS LIGHTS 10 VINTAGE BAUBLES,7,78,0.0897,1
CHRISTMAS METAL POSTCARD WITH BELLS,5,57,0.0877,1
CHRISTMAS METAL TAGS ASSORTED,4,112,0.0357,1
CHRISTMAS MUSICAL ZINC STAR,10,79,0.1266,1
CHRISTMAS MUSICAL ZINC TREE,6,52,0.1154,1
CHRISTMAS PUDDING TRINKET POT,17,157,0.1083,1
CHRISTMAS RETROSPOT ANGEL WOOD,14,112,0.125,1
CHRISTMAS RETROSPOT STAR WOOD,16,124,0.129,1
CHRISTMAS RETROSPOT TREE WOOD,13,115,0.113,1
CHRISTMAS STAR WISH LIST CHALKBOARD,20,215,0.093,1
CHRISTMAS TABLE SILVER CANDLE SPIKE,7,66,0.1061,1
CHRISTMAS TOILET ROLL,17,127,0.1339,1
CHRISTMAS TREE DECORATION WITH BELL,0,2,0,0
CHRISTMAS TREE HANGING GOLD,4,45,0.0889,1
CHRISTMAS TREE HANGING SILVER,4,45,0.0889,1
CHRISTMAS TREE HEART DECORATION,0,18,0,0
CHRISTMAS TREE PAINTED ZINC,3,45,0.0667,1
CHRISTMAS TREE STAR DECORATION,1,37,0.027,1
CHRISTMAS TREE T-LIGHT HOLDER,0,8,0,0
CHRYSANTHEMUM JOURNAL,2,15,0.1333,1
CHRYSANTHEMUM NOTEBOOK,0,20,0,0
CHRYSANTHEMUM POCKET BOOK,0,11,0,0
CHRYSANTHEMUM SKETCHBOOK,2,24,0.0833,1
CHUNKY SILVER NECKLACE PASTEL FLOWE,0,6,0,0
CINAMMON & ORANGE WREATH,0,32,0,0
CINAMMON SET OF 9 T-LIGHTS,6,46,0.1304,1
CINDERELLA CHANDELIER,1,7,0.1429,1
CINNAMON SCENTED VOTIVE CANDLE,0,24,0,0
CIRCUS PARADE BABY GIFT SET,0,28,0,0
CIRCUS PARADE CHILDRENS EGG CUP,1,31,0.0323,1
CIRCUS PARADE LUNCH BOX,3,63,0.0476,1
CITRONELLA CANDLE FLOWERPOT,0,24,0,0
CITRONELLA CANDLE GARDEN POT,1,20,0.05,1
CLAM SHELL SMALL,0,11,0,0
CLASSIC BICYCLE CLIPS,13,145,0.0897,1
CLASSIC CAFE SUGAR DISPENSER,11,92,0.1196,1
CLASSIC CHROME BICYCLE BELL,35,273,0.1282,1
CLASSIC CROME BICYCLE BELL,0,3,0,0
CLASSIC DIAMANTE NECKLACE JET,1,3,0.3333,1
CLASSIC FRENCH STYLE BASKET BROWN,1,23,0.0435,1
CLASSIC FRENCH STYLE BASKET NATURAL,0,5,0,0
CLASSIC GLASS COOKIE JAR,18,139,0.1295,1
CLASSIC METAL BIRDCAGE PLANT HOLDER,5,76,0.0658,1
CLASSICAL ROSE TABLE LAMP,0,2,0,0
CLEAR ACRYLIC FACETED BANGLE,0,3,0,0
CLEAR CRYSTAL STAR PHONE CHARM,0,6,0,0
CLEAR DRAWER KNOB ACRYLIC EDWARDIAN,3,75,0.04,1
CLEAR LOVE BIRD T-LIGHT HOLDER,0,8,0,0
CLOCK MAGNET MUM'S KITCHEN,0,14,0,0
CLOTHES PEGS RETROSPOT PACK 24,18,167,0.1078,1
COCKLE SHELL DISH,1,18,0.0556,1
COCKTAIL SWORDS 50 PIECES,1,38,0.0263,1
COFFEE MUG APPLES DESIGN,5,58,0.0862,1
COFFEE MUG BLUE PAISLEY DESIGN,0,14,0,0
COFFEE MUG CAT + BIRD DESIGN,6,51,0.1176,1
COFFEE MUG DOG + BALL DESIGN,6,38,0.1579,1
COFFEE MUG PEARS DESIGN,4,50,0.08,1
COFFEE MUG PINK PAISLEY DESIGN,1,7,0.1429,1
COFFEE SCENT PILLAR CANDLE,1,20,0.05,1
COLOUR GLASS T-LIGHT HOLDER HANGING,6,74,0.0811,1
COLOUR GLASS. STAR T-LIGHT HOLDER,6,79,0.0759,1
COLOURED GLASS STAR T-LIGHT HOLDER,10,75,0.1333,1
COLOURING PENCILS BROWN TUBE,6,42,0.1429,1
COLUMBIAN CANDLE RECTANGLE,0,11,0,0
COLUMBIAN CANDLE ROUND,2,31,0.0645,1
COLUMBIAN CUBE CANDLE,1,9,0.1111,1
CONDIMENT TRAY 4 BOWLS AND 4 SPOONS,0,2,0,0
COOK WITH WINE METAL SIGN,15,161,0.0932,1
CORDIAL GLASS JUG,0,7,0,0
CORDIAL JUG,0,2,0,0
COSMETIC BAG VINTAGE ROSE PAISLEY,1,21,0.0476,1
COSY HOUR CIGAR BOX MATCHES,9,111,0.0811,1
COSY SLIPPER SHOES LARGE GREEN,0,15,0,0
COSY SLIPPER SHOES SMALL GREEN,3,34,0.0882,1
COSY SLIPPER SHOES SMALL RED,0,2,0,0
COTE D'AZURE NECKLACE,0,2,0,0
COTTON APRON PANTRY DESIGN,4,48,0.0833,1
COWBOYS AND INDIANS BIRTHDAY CARD,1,57,0.0175,1
CRACKED GLAZE NECKLACE IVORY,1,1,1,1
CRAZY DAISY HEART DECORATION,1,11,0.0909,1
CREAM BUNNY EASTER EGG BASKET,0,1,0,0
CREAM CLIMBING HYDRANGA ART FLOWER,0,4,0,0
CREAM CUPID HEARTS COAT HANGER,1,53,0.0189,1
CREAM DELPHINIUM ARTIFICIAL FLOWER,0,2,0,0
CREAM HANGING HEART T-LIGHT HOLDER,0,14,0,0
CREAM HEART CARD HOLDER,14,137,0.1022,1
CREAM SLICE FLANNEL CHOCOLATE SPOT,2,13,0.1538,1
CREAM SLICE FLANNEL PINK SPOT,3,25,0.12,1
CREAM SWEETHEART MINI CHEST,18,137,0.1314,1
CREAM WALL PLANTER HEART SHAPED,0,16,0,0
CROCHET LILAC/RED BEAR KEYRING,0,1,0,0
CROCHET ROSE PURSE WITH SUEDE BACK,0,6,0,0
CRUK Commission,1,8,0.125,1
CRYSTAL CZECH CROSS PHONE CHARM,1,6,0.1667,1
CRYSTAL DIAMANTE STAR BROOCH,0,6,0,0
CRYSTAL FROG PHONE CHARM,1,9,0.1111,1
CRYSTAL HOOP EARRING FLORAL LEAF,0,6,0,0
CRYSTAL PAIR HEART HAIR SLIDES,0,2,0,0
CRYSTAL SEA HORSE PHONE CHARM,1,7,0.1429,1
CRYSTAL STILETTO PHONE CHARM,0,2,0,0
CRYSTAL STUD EARRINGS ASSORTED COL,0,13,0,0
CRYSTAL STUD EARRINGS CLEAR DISPLAY,0,7,0,0
CUBIC MUG FLOCK PINK ON BROWN,0,5,0,0
CUPBOARD 3 DRAWER MA CAMPAGNE,3,23,0.1304,1
CUPCAKE LACE PAPER SET 6,3,45,0.0667,1
CUPID DESIGN SCENTED CANDLES,1,15,0.0667,1
CURIO CABINET LINEN AND LACE,0,6,0,0
CURIOUS IMAGES GIFT WRAP SET,2,45,0.0444,1
CUSHION COVER PINK UNION JACK,1,15,0.0667,1
CUT GLASS HEXAGON T-LIGHT HOLDER,0,3,0,0
CUT GLASS T-LIGHT HOLDER OCTAGON,1,22,0.0455,1
CUTE CATS TAPE,1,14,0.0714,1
DAIRY MAID LARGE MILK JUG,2,32,0.0625,1
DAIRY MAID STRIPE MUG,1,7,0.1429,1
DAIRY MAID TOASTRACK,2,26,0.0769,1
DAIRY MAID TRADITIONAL TEAPOT,1,19,0.0526,1
DAISIES HONEYCOMB GARLAND,0,10,0,0
DAISY FOLKART HEART DECORATION,0,2,0,0
DAISY GARDEN MARKER,0,8,0,0
DAISY HAIR BAND,0,2,0,0
DAISY JOURNAL,1,20,0.05,1
DAISY NOTEBOOK,0,13,0,0
DAISY SKETCHBOOK,0,17,0,0
DANISH ROSE DECORATIVE PLATE,3,26,0.1154,1
DANISH ROSE DELUXE COASTER,1,14,0.0714,1
DANISH ROSE PHOTO FRAME,0,5,0,0
DANISH ROSE ROUND SEWING BOX,1,34,0.0294,1
DANISH ROSE TRINKET TRAYS,0,11,0,0
DANISH ROSE UMBRELLA STAND,0,2,0,0
DARK BIRD HOUSE TREE DECORATION,3,74,0.0405,1
DECORATION ; WOBBLY CHICKEN; METAL,0,14,0,0
DECORATION ; WOBBLY RABBIT ; METAL,0,8,0,0
DECORATION PINK CHICK MAGIC GARDEN,1,3,0.3333,1
DECORATION SITTING BUNNY,0,12,0,0
DECORATION WHITE CHICK MAGIC GARDEN,0,2,0,0
DECORATION WOBBLY CHICKEN,0,19,0,0
DECORATION WOBBLY RABBIT METAL,0,21,0,0
DECORATIVE CATS BATHROOM BOTTLE,0,19,0,0
DECORATIVE FLORE BATHROOM BOTTLE,2,18,0.1111,1
DECORATIVE PLANT POT WITH FRIEZE,0,4,0,0
DECORATIVE ROSE BATHROOM BOTTLE,1,17,0.0588,1
DECORATIVE VINTAGE COFFEE BOX,4,26,0.1538,1
DECORATIVE WICKER HEART LARGE,20,167,0.1198,1
DECORATIVE WICKER HEART MEDIUM,17,170,0.1,1
DECORATIVE WICKER HEART SMALL,5,80,0.0625,1
DECOUPAGE;GREETING CARD,4,12,0.3333,1
DECROTIVEVINTAGE COFFEE GRINDER BOX,0,8,0,0
DELUXE SEWING KIT,9,77,0.1169,1
DIAMANTE BOW BROOCH BLACK COLOUR,0,2,0,0
DIAMANTE BOW BROOCH GREEN COLOUR,0,7,0,0
DIAMANTE BOW BROOCH RED COLOUR,0,3,0,0
DIAMANTE HAIR GRIP PACK/2 BLACK DIA,0,2,0,0
DIAMANTE HAIR GRIP PACK/2 LT ROSE,0,2,0,0
DIAMANTE HAIR GRIP PACK/2 MONTANA,0,2,0,0
DIAMANTE HAIR GRIP PACK/2 RUBY,0,2,0,0
DIAMANTE HEART SHAPED WALL MIRROR,2,15,0.1333,1
DIAMANTE HEART SHAPED WALL MIRROR;,1,15,0.0667,1
DIAMANTE NECKLACE BLACK,0,2,0,0
DIAMANTE NECKLACE PURPLE,1,2,0.5,1
DIAMANTE RING ASSORTED IN BOX.,0,22,0,0
DIAMOND LAS VEGAS NECKLACE 45CM,0,3,0,0
DINOSAUR HEIGHT CHART STICKER SET,0,11,0,0
DINOSAUR KEYRINGS ASSORTED,0,4,0,0
DINOSAUR LUNCH BOX WITH CUTLERY,4,30,0.1333,1
DINOSAUR PARTY BAG + STICKER SET,0,19,0,0
DINOSAURS WRITING SET,11,106,0.1038,1
DISCO BALL CHRISTMAS DECORATION,14,148,0.0946,1
DISCO BALL ROTATOR BATTERY OPERATED,4,37,0.1081,1
Discount,2,12,0.1667,1
DO NOT TOUCH MY STUFF DOOR HANGER,0,11,0,0
DOCTOR'S BAG SOFT TOY,1,25,0.04,1
DOG AND BALL WALL ART,0,2,0,0
DOG BOWL CHASING BALL DESIGN,2,36,0.0556,1
DOG BOWL VINTAGE CREAM,2,27,0.0741,1
DOG LICENCE WALL ART,1,18,0.0556,1
DOG TOY WITH PINK CROCHET SKIRT,1,35,0.0286,1
DOGGY RUBBER,1,17,0.0588,1
DOILEY STORAGE TIN,0,2,0,0
DOILY THANK YOU CARD,4,74,0.0541,1
DOLLY CABINET 2 DRAWERS,2,33,0.0606,1
DOLLY CABINET 3 DRAWERS,6,56,0.1071,1
DOLLY GIRL BABY GIFT SET,0,25,0,0
DOLLY GIRL BEAKER,7,65,0.1077,1
DOLLY GIRL CHILDRENS BOWL,6,69,0.087,1
DOLLY GIRL CHILDRENS CUP,8,69,0.1159,1
DOLLY GIRL CHILDRENS EGG CUP,2,22,0.0909,1
DOLLY GIRL LUNCH BOX,24,158,0.1519,1
DOLLY GIRL MINI BACKPACK,8,95,0.0842,1
DOLLY GIRL WALL ART,0,4,0,0
DOLLY HONEYCOMB GARLAND,0,4,0,0
DOLLY MIXTURE CHILDREN'S UMBRELLA,1,17,0.0588,1
DOOR HANGER MUM + DADS ROOM,2,28,0.0714,1
DOORMAT 3 SMILEY CATS,2,44,0.0455,1
DOORMAT AIRMAIL,1,45,0.0222,1
DOORMAT BLACK FLOCK,6,54,0.1111,1
DOORMAT CHRISTMAS VILLAGE,1,9,0.1111,1
DOORMAT ENGLISH ROSE,5,76,0.0658,1
DOORMAT FAIRY CAKE,3,53,0.0566,1
DOORMAT FANCY FONT HOME SWEET HOME,11,114,0.0965,1
DOORMAT HEARTS,9,114,0.0789,1
DOORMAT HOME SWEET HOME BLUE,4,74,0.0541,1
DOORMAT I LOVE LONDON,0,29,0,0
DOORMAT KEEP CALM AND COME IN,47,308,0.1526,1
DOORMAT MERRY CHRISTMAS RED,3,40,0.075,1
DOORMAT MULTICOLOUR STRIPE,3,28,0.1071,1
DOORMAT NEIGHBOURHOOD WITCH,3,22,0.1364,1
DOORMAT NEW ENGLAND,12,134,0.0896,1
DOORMAT PEACE ON EARTH BLUE,0,15,0,0
DOORMAT RED RETROSPOT,18,143,0.1259,1
DOORMAT RESPECTABLE HOUSE,2,37,0.0541,1
DOORMAT SPOTTY HOME SWEET HOME,3,96,0.0313,1
DOORMAT TOPIARY,8,48,0.1667,1
DOORMAT UNION FLAG,11,109,0.1009,1
DOORMAT UNION JACK GUNS AND ROSES,1,23,0.0435,1
DOORMAT VINTAGE LEAF,10,109,0.0917,1
DOORMAT WELCOME PUPPIES,3,51,0.0588,1
DOORMAT WELCOME SUNRISE,2,26,0.0769,1
DOORMAT WELCOME TO OUR HOME,4,62,0.0645,1
DOORSTOP FOOTBALL DESIGN,1,35,0.0286,1
DOORSTOP RACING CAR DESIGN,0,20,0,0
DOORSTOP RETROSPOT HEART,5,84,0.0595,1
DOTCOM POSTAGE,1,8,0.125,1
DOUGHNUT LIP GLOSS,20,143,0.1399,1
DRAGONS BLOOD INCENSE,0,3,0,0
DRAWER KNOB CERAMIC BLACK,2,29,0.069,1
DRAWER KNOB CERAMIC IVORY,9,100,0.09,1
DRAWER KNOB CERAMIC RED,1,28,0.0357,1
DRAWER KNOB CRACKLE GLAZE BLUE,1,8,0.125,1
DRAWER KNOB CRACKLE GLAZE GREEN,5,55,0.0909,1
DRAWER KNOB CRACKLE GLAZE IVORY,4,52,0.0769,1
DRAWER KNOB CRACKLE GLAZE PINK,4,58,0.069,1
DRAWER KNOB VINTAGE GLASS BALL,0,23,0,0
DRAWER KNOB VINTAGE GLASS HEXAGON,2,16,0.125,1
DRAWER KNOB VINTAGE GLASS STAR,0,25,0,0
DROP EARRINGS W FLOWER & LEAF,0,2,0,0
DUSTY PINK CHRISTMAS TREE 60CM,0,4,0,0
EASTER BUNNY WITH BASKET ON BACK,0,4,0,0
EASTER CRAFT 4 CHICKS,0,10,0,0
EASTER DECORATION EGG BUNNY,1,21,0.0476,1
EASTER DECORATION HANGING BUNNY,0,27,0,0
EASTER DECORATION NATURAL CHICK,0,8,0,0
EASTER TIN BUNNY BOUQUET,0,9,0,0
EASTER TIN CHICKS PINK DAISY,0,2,0,0
EASTER TREE YELLOW BIRDS,0,4,0,0
EAU DE NIL LOVE BIRD CANDLE,1,5,0.2,1
EAU DE NILE HEART SHAPE PHOTO FRAME,0,13,0,0
EAU DE NILE JEWELLED PHOTOFRAME,0,11,0,0
EAU DE NILE JEWELLED T-LIGHT HOLDER,0,7,0,0
ECONOMY LUGGAGE TAG,2,14,0.1429,1
EDWARDIAN DROP EARRINGS JET BLACK,0,1,0,0
EDWARDIAN HEART PHOTO FRAME,0,12,0,0
EDWARDIAN PARASOL BLACK,7,83,0.0843,1
EDWARDIAN PARASOL NATURAL,7,70,0.1,1
EDWARDIAN PARASOL PINK,3,37,0.0811,1
EDWARDIAN PARASOL RED,7,81,0.0864,1
EDWARDIAN PHOTO FRAME,1,13,0.0769,1
EGG CUP HENRIETTA HEN CREAM,1,40,0.025,1
EGG CUP HENRIETTA HEN PINK,2,27,0.0741,1
EGG CUP MILKMAID HEIDI,3,73,0.0411,1
EGG CUP MILKMAID HELGA,5,49,0.102,1
EGG CUP MILKMAID INGRID,4,63,0.0635,1
EGG CUP NATURAL CHICKEN,3,30,0.1,1
EGG FRYING PAN BLUE,5,44,0.1136,1
EGG FRYING PAN IVORY,4,53,0.0755,1
EGG FRYING PAN MINT,2,43,0.0465,1
EGG FRYING PAN PINK,5,42,0.119,1
EGG FRYING PAN RED,10,61,0.1639,1
EIGHT PIECE SNAKE SET,2,45,0.0444,1
ELEPHANT BIRTHDAY CARD,4,75,0.0533,1
ELEPHANT CARNIVAL POUFFE,0,2,0,0
ELEPHANT; BIRTHDAY CARD,5,53,0.0943,1
EMBOSSED GLASS TEALIGHT HOLDER,5,72,0.0694,1
EMBOSSED HEART TRINKET BOX,2,28,0.0714,1
EMBROIDERED RIBBON REEL CLAIRE,1,16,0.0625,1
EMBROIDERED RIBBON REEL DAISY,2,54,0.037,1
EMBROIDERED RIBBON REEL EMILY,3,69,0.0435,1
EMBROIDERED RIBBON REEL RACHEL,1,27,0.037,1
EMBROIDERED RIBBON REEL REBECCA,1,39,0.0256,1
EMBROIDERED RIBBON REEL ROSIE,4,45,0.0889,1
EMBROIDERED RIBBON REEL RUBY,1,21,0.0476,1
EMBROIDERED RIBBON REEL SALLY,5,54,0.0926,1
EMBROIDERED RIBBON REEL SOPHIE,2,34,0.0588,1
EMBROIDERED RIBBON REEL SUSIE,3,53,0.0566,1
EMERGENCY FIRST AID TIN,4,27,0.1481,1
EMPIRE BIRTHDAY CARD,1,27,0.037,1
EMPIRE DESIGN ROSETTE,0,5,0,0
EMPIRE GIFT WRAP,0,36,0,0
EMPIRE TISSUE BOX,12,74,0.1622,1
EMPIRE UNION JACK TV DINNER TRAY,2,44,0.0455,1
ENAMEL BLUE RIM COFFEE CONTAINER,0,6,0,0
ENAMEL BREAD BIN CREAM,9,91,0.0989,1
ENAMEL COLANDER CREAM,1,26,0.0385,1
ENAMEL FIRE BUCKET CREAM,1,28,0.0357,1
ENAMEL FLOWER JUG CREAM,1,9,0.1111,1
ENAMEL MEASURING JUG CREAM,6,75,0.08,1
ENAMEL PINK COFFEE CONTAINER,0,1,0,0
ENAMEL WASH BOWL CREAM,2,29,0.069,1
ENAMEL WATERING CAN CREAM,1,31,0.0323,1
ENCHANTED BIRD COATHANGER 5 HOOK,7,60,0.1167,1
ENGLISH ROSE GARDEN SECATEURS,0,24,0,0
ENGLISH ROSE HOT WATER BOTTLE,15,155,0.0968,1
ENGLISH ROSE NOTEBOOK A7 SIZE,9,97,0.0928,1
ENGLISH ROSE SMALL SCENTED FLOWER,0,19,0,0
ENGLISH ROSE SPIRIT LEVEL,5,54,0.0926,1
ENVELOPE 50 BLOSSOM IMAGES,1,14,0.0714,1
EUCALYPTUS & PINECONE WREATH,1,13,0.0769,1
FAIRY CAKE BIRTHDAY CANDLE SET,1,18,0.0556,1
FAIRY CAKE DESIGN UMBRELLA,0,2,0,0
FAIRY CAKE FLANNEL ASSORTED COLOUR,24,165,0.1455,1
FAIRY CAKES NOTEBOOK A6 SIZE,2,45,0.0444,1
FAIRY CAKES NOTEBOOK A7 SIZE,1,31,0.0323,1
FAIRY DREAMS INCENSE,0,13,0,0
FAIRY TALE COTTAGE NIGHT LIGHT,6,74,0.0811,1
FAMILY ALBUM WHITE PICTURE FRAME,12,85,0.1412,1
FAMILY PHOTO FRAME CORNICE,8,84,0.0952,1
FAN BLACK FRAME,0,7,0,0
FANCY FONT BIRTHDAY CARD,11,101,0.1089,1
FANCY FONT BIRTHDAY CARD;,2,53,0.0377,1
FANCY FONTS BIRTHDAY WRAP,2,84,0.0238,1
FAUX FUR CHOCOLATE THROW,1,27,0.037,1
FAWN BLUE HOT WATER BOTTLE,29,226,0.1283,1
FEATHER PEN;COAL BLACK,11,57,0.193,1
FEATHER PEN;HOT PINK,15,85,0.1765,1
FEATHER PEN;LIGHT PINK,10,51,0.1961,1
FELT EGG COSY BLUE RABBIT,4,16,0.25,1
FELT EGG COSY CHICKEN,4,20,0.2,1
FELT EGG COSY LADYBIRD,2,8,0.25,1
FELT EGG COSY WHITE RABBIT,2,18,0.1111,1
FELT FARM ANIMAL RABBIT,0,4,0,0
FELT FARM ANIMAL SHEEP,0,2,0,0
FELT TOADSTOOL LARGE,0,10,0,0
FELT TOADSTOOL SMALL,1,20,0.05,1
FELTCRAFT 6 FLOWER FRIENDS,0,8,0,0
FELTCRAFT BOY JEAN-PAUL KIT,3,54,0.0556,1
FELTCRAFT BUTTERFLY HEARTS,4,34,0.1176,1
FELTCRAFT CHRISTMAS FAIRY,19,209,0.0909,1
FELTCRAFT CUSHION BUTTERFLY,0,13,0,0
FELTCRAFT CUSHION OWL,16,142,0.1127,1
FELTCRAFT CUSHION RABBIT,0,4,0,0
FELTCRAFT DOLL EMILY,10,118,0.0847,1
FELTCRAFT DOLL MOLLY,12,127,0.0945,1
FELTCRAFT DOLL ROSIE,6,97,0.0619,1
FELTCRAFT GIRL AMELIE KIT,14,128,0.1094,1
FELTCRAFT GIRL NICOLE KIT,6,84,0.0714,1
FELTCRAFT HAIRBAND PINK AND BLUE,2,67,0.0299,1
FELTCRAFT HAIRBAND PINK AND PURPLE,3,72,0.0417,1
FELTCRAFT HAIRBAND RED AND BLUE,4,90,0.0444,1
FELTCRAFT HAIRBANDS PINK AND WHITE,3,56,0.0536,1
FELTCRAFT PRINCESS CHARLOTTE DOLL,21,163,0.1288,1
FELTCRAFT PRINCESS LOLA DOLL,22,187,0.1176,1
FELTCRAFT PRINCESS OLIVIA DOLL,7,134,0.0522,1
FENG SHUI PILLAR CANDLE,3,27,0.1111,1
FILIGREE DIAMANTE EARRINGS,0,2,0,0
FILIGREE HEART BIRD WHITE,4,45,0.0889,1
FILIGREE HEART BUTTERFLY WHITE,6,49,0.1224,1
FILIGREE HEART DAISY WHITE,6,36,0.1667,1
FILIGRIS HEART WITH BUTTERFLY,5,52,0.0962,1
FINE SILVER NECKLACE W PASTEL FLOWE,0,2,0,0
FIRST AID TIN,2,32,0.0625,1
FIRST CLASS HOLIDAY PURSE,0,2,0,0
FIRST CLASS LUGGAGE TAG,0,5,0,0
FIRST CLASS PASSPORT COVER,1,14,0.0714,1
FIVE CATS HANGING DECORATION,1,8,0.125,1
FIVE HEART HANGING DECORATION,2,15,0.1333,1
FLAMES SUNGLASSES PINK LENSES,0,1,0,0
FLOOR CUSHION ELEPHANT CARNIVAL,1,11,0.0909,1
FLORAL BLUE MONSTER,0,1,0,0
FLORAL FOLK STATIONERY SET,12,144,0.0833,1
FLORAL PINK MONSTER,0,4,0,0
FLORAL SOFT CAR TOY,0,4,0,0
FLOWER FAIRY 5 DRAWER LINERS,2,23,0.087,1
FLOWER FAIRY;5 SUMMER B'DRAW LINERS,1,12,0.0833,1
"FLOWER GLASS GARLAND NECKL.36""BLUE",0,1,0,0
"FLOWER GLASS GARLD NECKL36""AMETHYST",0,2,0,0
FLOWER SHOP DESIGN MUG,0,2,0,0
FLOWER VINE RAFFIA FOOD COVER,3,25,0.12,1
FLOWERS CHANDELIER T-LIGHT HOLDER,4,13,0.3077,1
FLOWERS STICKERS,1,9,0.1111,1
FLOWERS TILE COASTER,2,14,0.1429,1
FLUTED ANTIQUE CANDLE HOLDER,3,83,0.0361,1
FLYING PIG WATERING CAN,0,11,0,0
FOLDING BUTTERFLY MIRROR HOT PINK,9,65,0.1385,1
FOLDING BUTTERFLY MIRROR IVORY,5,46,0.1087,1
FOLDING BUTTERFLY MIRROR RED,5,50,0.1,1
FOLDING SHOE TIDY,0,2,0,0
FOLDING UMBRELLA BLACKBLUE POLKADOT,0,32,0,0
FOLDING UMBRELLA CHOCOLATE POLKADOT,0,10,0,0
FOLDING UMBRELLA CREAM POLKADOT,0,9,0,0
FOLDING UMBRELLA PINKWHITE POLKADOT,0,13,0,0
FOLDING UMBRELLA RED/WHITE POLKADOT,0,20,0,0
FOLDING UMBRELLA WHITE/RED POLKADOT,0,5,0,0
FOLK ART GREETING CARD;pack/12,1,4,0.25,1
FOLK ART METAL HEART T-LIGHT HOLDER,0,5,0,0
FOLK ART METAL STAR T-LIGHT HOLDER,0,18,0,0
FOLK FELT HANGING MULTICOL GARLAND,0,6,0,0
FOLKART CLIP ON STARS,1,41,0.0244,1
FOLKART STAR CHRISTMAS DECORATIONS,6,94,0.0638,1
FOLKART ZINC HEART CHRISTMAS DEC,6,52,0.1154,1
FOOD CONTAINER SET 3 LOVE HEART,3,57,0.0526,1
FOOD COVER WITH BEADS ; SET 2 SIZES,0,1,0,0
FOOD COVER WITH BEADS SET 2,0,23,0,0
FOOD/DRINK SPONGE STICKERS,0,17,0,0
FOOT STOOL HOME SWEET HOME,10,115,0.087,1
FORKED CACTUS CANDLE,0,12,0,0
FOUR HOOK WHITE LOVEBIRDS,6,79,0.0759,1
FRAPPUCINO SCARF KNITTING KIT,3,30,0.1,1
FRENCH BATHROOM SIGN BLUE METAL,2,39,0.0513,1
FRENCH BLUE METAL DOOR SIGN 0,2,18,0.1111,1
FRENCH BLUE METAL DOOR SIGN 1,5,37,0.1351,1
FRENCH BLUE METAL DOOR SIGN 2,2,29,0.069,1
FRENCH BLUE METAL DOOR SIGN 3,5,31,0.1613,1
FRENCH BLUE METAL DOOR SIGN 4,3,30,0.1,1
FRENCH BLUE METAL DOOR SIGN 5,3,33,0.0909,1
FRENCH BLUE METAL DOOR SIGN 6,3,25,0.12,1
FRENCH BLUE METAL DOOR SIGN 7,2,22,0.0909,1
FRENCH BLUE METAL DOOR SIGN 8,3,26,0.1154,1
FRENCH BLUE METAL DOOR SIGN 9,1,15,0.0667,1
FRENCH BLUE METAL DOOR SIGN No,6,27,0.2222,1
FRENCH CARRIAGE LANTERN,2,23,0.087,1
FRENCH ENAMEL CANDLEHOLDER,6,80,0.075,1
FRENCH ENAMEL POT W LID,2,25,0.08,1
FRENCH ENAMEL WATER BASIN,1,26,0.0385,1
FRENCH FLORAL CUSHION COVER,0,24,0,0
FRENCH GARDEN SIGN BLUE METAL,0,24,0,0
FRENCH KITCHEN SIGN BLUE METAL,2,32,0.0625,1
FRENCH LATTICE CUSHION COVER,0,11,0,0
FRENCH LAUNDRY SIGN BLUE METAL,3,25,0.12,1
FRENCH LAVENDER SCENT HEART,0,4,0,0
FRENCH PAISLEY CUSHION COVER,1,31,0.0323,1
FRENCH STYLE EMBOSSED HEART CABINET,0,6,0,0
FRENCH STYLE STORAGE JAR BONBONS,0,17,0,0
FRENCH STYLE STORAGE JAR CAFE,3,43,0.0698,1
FRENCH STYLE STORAGE JAR JAM,0,20,0,0
FRENCH TOILET SIGN BLUE METAL,2,29,0.069,1
FRENCH WC SIGN BLUE METAL,4,50,0.08,1
FRIDGE MAGNETS LA VIE EN ROSE,2,30,0.0667,1
FRIDGE MAGNETS LES ENFANTS ASSORTED,1,23,0.0435,1
FRIDGE MAGNETS US DINER ASSORTED,0,22,0,0
FROSTED WHITE BASE,0,2,0,0
FRUIT SALAD BAG CHARM,0,4,0,0
FRYING PAN BLUE POLKADOT,0,22,0,0
FRYING PAN PINK POLKADOT,1,28,0.0357,1
FRYING PAN RED RETROSPOT,1,50,0.02,1
FRYING PAN UNION FLAG,5,51,0.098,1
FULL ENGLISH BREAKFAST PLATE,13,94,0.1383,1
FUNKY DIVA PEN,2,41,0.0488,1
FUNKY MONKEY CUSHION COVER,0,8,0,0
FUNKY MONKEY GIFT BAG MEDIUM,0,6,0,0
FUNKY WASHING UP GLOVES ASSORTED,5,58,0.0862,1
GAOLERS KEYS DECORATIVE GARDEN,6,61,0.0984,1
GARAGE KEY FOB,6,58,0.1034,1
GARDEN PATH JOURNAL,1,29,0.0345,1
GARDEN PATH POCKET BOOK,0,9,0,0
GARDEN PATH SKETCHBOOK,2,17,0.1176,1
GARDENERS KNEELING PAD CUP OF TEA,53,310,0.171,1
GARDENERS KNEELING PAD KEEP CALM,65,374,0.1738,1
GARDENIA 1 WICK MORRIS BOXED CANDLE,1,14,0.0714,1
GARDENIA 3 WICK MORRIS BOXED CANDLE,0,19,0,0
GARLAND WITH HEARTS AND BELLS,1,33,0.0303,1
GARLAND WITH STARS AND BELLS,3,35,0.0857,1
GARLAND WOODEN HAPPY EASTER,0,4,0,0
GARLAND; VINTAGE BELLS,0,10,0,0
GENTLEMAN SHIRT REPAIR KIT,2,42,0.0476,1
GEORGIAN TRINKET BOX,0,26,0,0
GIANT 50'S CHRISTMAS CRACKER,35,300,0.1167,1
GIFT BAG BIRTHDAY,0,10,0,0
GIFT BAG PSYCHEDELIC APPLES,0,21,0,0
GIN & TONIC DIET GREETING CARD,3,33,0.0909,1
GIN + TONIC DIET METAL SIGN,13,167,0.0778,1
GIN AND TONIC DIET METAL SIGN,3,64,0.0469,1
GIN AND TONIC MUG,5,62,0.0806,1
GINGERBREAD MAN COOKIE CUTTER,27,224,0.1205,1
GINGHAM BABUSHKA DOORSTOP,3,27,0.1111,1
GINGHAM HEART DECORATION,13,173,0.0751,1
GINGHAM HEART DOORSTOP RED,8,98,0.0816,1
GINGHAM RECIPE BOOK BOX,3,80,0.0375,1
GIRAFFE WOODEN RULER,11,117,0.094,1
GIRLS ALPHABET IRON ON PATCHES,1,5,0.2,1
GIRLS VINTAGE TIN SEASIDE BUCKET,1,19,0.0526,1
GLAMOROUS MUG,7,49,0.1429,1
GLASS APOTHECARY BOTTLE ELIXIR,6,67,0.0896,1
GLASS APOTHECARY BOTTLE PERFUME,12,107,0.1121,1
GLASS APOTHECARY BOTTLE TONIC,8,109,0.0734,1
GLASS BEAD HOOP NECKLACE AMETHYST,0,2,0,0
GLASS BEAD HOOP NECKLACE GREEN,0,1,0,0
GLASS BON BON JAR,7,65,0.1077,1
GLASS BONNE JAM JAR,0,6,0,0
GLASS CLOCHE SMALL,2,35,0.0571,1
GLASS HEART T-LIGHT HOLDER,5,36,0.1389,1
GLASS JAR DAISY FRESH COTTON WOOL,3,45,0.0667,1
GLASS JAR DIGESTIVE BISCUITS,4,32,0.125,1
GLASS JAR ENGLISH CONFECTIONERY,6,65,0.0923,1
GLASS JAR KINGS CHOICE,3,20,0.15,1
GLASS JAR MARMALADE,2,16,0.125,1
GLASS JAR PEACOCK BATH SALTS,4,35,0.1143,1
GLASS SONGBIRD STORAGE JAR,2,37,0.0541,1
GLASS SPHERE CANDLE STAND MEDIUM,0,22,0,0
GLASS STAR FROSTED T-LIGHT HOLDER,6,46,0.1304,1
GLASS TWIST BON BON JAR,0,17,0,0
GLITTER BUTTERFLY CLIPS,7,67,0.1045,1
GLITTER CHRISTMAS STAR,19,115,0.1652,1
GLITTER CHRISTMAS TREE,3,37,0.0811,1
GLITTER CHRISTMAS TREE WITH BELLS,8,75,0.1067,1
GLITTER HANGING BUTTERFLY STRING,6,61,0.0984,1
GLITTER HEART DECORATION,19,127,0.1496,1
GLITTER HEART GARLAND WITH BELLS,8,56,0.1429,1
GLITTER STAR GARLAND WITH BELLS,2,43,0.0465,1
GLOW IN DARK DOLPHINS,0,29,0,0
GOLD DIAMANTE STAR BROOCH,0,2,0,0
GOLD EAR MUFF HEADPHONES,1,17,0.0588,1
GOLD FABRIC MIRROR,0,21,0,0
GOLD FISHING GNOME,0,3,0,0
GOLD M.O.P ORBIT DROP EARRINGS,0,2,0,0
GOLD M.O.P. ORBIT NECKLACE,0,2,0,0
GOLD MINI TAPE MEASURE,0,16,0,0
GOLD MUG BONE CHINA TREE OF LIFE,8,58,0.1379,1
GOLD PHOTO FRAME,0,11,0,0
GOLD STANDING GNOME,0,5,0,0
GOLD/M.O.P PENDANT ORBIT NECKLACE,0,2,0,0
GOLDIE LOOKING MIRROR,0,2,0,0
GRAND CHOCOLATECANDLE,6,88,0.0682,1
GRASS HOPPER WOODEN WALL CLOCK,0,11,0,0
GREEN BIRDHOUSE DECORATION,0,19,0,0
GREEN BITTY LIGHT CHAIN,1,19,0.0526,1
GREEN CHRISTMAS TREE CARD HOLDER,12,143,0.0839,1
GREEN CHRISTMAS TREE STRING 20LIGHT,0,4,0,0
GREEN DIAMANTE PEN IN GIFT BOX,0,2,0,0
GREEN DRAWER KNOB ACRYLIC EDWARDIAN,3,30,0.1,1
GREEN FERN JOURNAL,1,17,0.0588,1
GREEN FERN POCKET BOOK,0,9,0,0
GREEN FERN SKETCHBOOK,2,14,0.1429,1
GREEN GEISHA GIRL,0,3,0,0
GREEN GLASS TASSLE BAG CHARM,0,2,0,0
GREEN GOOSE FEATHER CHRISTMAS TREE,0,20,0,0
GREEN GOOSE FEATHER TREE 60CM,3,46,0.0652,1
GREEN HEART COMPACT MIRROR,1,20,0.05,1
GREEN JUICY FRUIT PHOTO FRAME,0,2,0,0
GREEN METAL BOX ARMY SUPPLIES,8,60,0.1333,1
GREEN MURANO TWIST BRACELET,0,2,0,0
GREEN MURANO TWIST NECKLACE,0,1,0,0
GREEN PEONY CUSHION COVER,0,2,0,0
GREEN POLKADOT BOWL,2,51,0.0392,1
GREEN POLKADOT PLATE,0,26,0,0
GREEN REGENCY TEACUP AND SAUCER,17,153,0.1111,1
GREEN ROSE WASHBAG,1,11,0.0909,1
GREEN ROUND COMPACT MIRROR,1,5,0.2,1
GREEN SQUARE COMPACT MIRROR,1,11,0.0909,1
GREEN SWEETHEART BRACELET,0,6,0,0
GREEN VINTAGE EARRINGS,0,4,0,0
GREEN VINTAGE SPOT BEAKER,2,34,0.0588,1
GREEN WIRE STANDING CANDLE HOLDER,0,4,0,0
GREETING CARD; OVERCROWDED POOL.,0,11,0,0
GREETING CARD; STICKY GORDON,1,6,0.1667,1
GREETING CARD;SQUARE; DOUGHNUTS,0,4,0,0
GREY HEART HOT WATER BOTTLE,45,260,0.1731,1
GROOVY CACTUS INFLATABLE,0,13,0,0
GROW A FLYTRAP OR SUNFLOWER IN TIN,6,76,0.0789,1
GROW YOUR OWN BASIL IN ENAMEL MUG,5,70,0.0714,1
GROW YOUR OWN FLOWERS SET OF 3,3,49,0.0612,1
GUMBALL COAT RACK,24,179,0.1341,1
GUMBALL MAGAZINE RACK,5,46,0.1087,1
GYMKHANA TREASURE BOOK BOX,7,73,0.0959,1
HAIRCLIPS FORTIES FABRIC ASSORTED,1,34,0.0294,1
HAND OPEN SHAPE GOLD,1,17,0.0588,1
HAND OVER THE CHOCOLATE SIGN,14,150,0.0933,1
HAND PAINTED HANGING EASTER EGG,0,6,0,0
HAND TOWEL PINK FLOWER AND DAISY,1,5,0.2,1
HAND WARMER BABUSHKA DESIGN,13,122,0.1066,1
HAND WARMER BIRD DESIGN,63,359,0.1755,1
HAND WARMER OWL DESIGN,88,416,0.2115,1
HAND WARMER RED LOVE HEART,54,361,0.1496,1
HAND WARMER RED RETROSPOT,38,263,0.1445,1
HAND WARMER SCOTTY DOG DESIGN,62,349,0.1777,1
HAND WARMER UNION JACK,58,332,0.1747,1
HANGING BAUBLE T-LIGHT HOLDER LARGE,0,9,0,0
HANGING BAUBLE T-LIGHT HOLDER SMALL,1,13,0.0769,1
HANGING BUTTERFLY T-LIGHT HOLDER,6,88,0.0682,1
HANGING CHICK CREAM DECORATION,0,4,0,0
HANGING CHICK GREEN DECORATION,0,10,0,0
HANGING CHICK YELLOW DECORATION,0,9,0,0
HANGING CLEAR MINI BOTTLE,0,10,0,0
HANGING ENGRAVED METAL HEART,1,29,0.0345,1
HANGING FAIRY CAKE DECORATION,0,4,0,0
HANGING HEART BONHEUR,0,55,0,0
HANGING HEART JAR T-LIGHT HOLDER,17,119,0.1429,1
HANGING HEART MIRROR DECORATION,6,47,0.1277,1
HANGING HEART WITH BELL,9,109,0.0826,1
HANGING HEART ZINC T-LIGHT HOLDER,2,86,0.0233,1
HANGING HEN ON NEST DECORATION,0,14,0,0
HANGING JAM JAR T-LIGHT HOLDERS,5,57,0.0877,1
HANGING METAL CHICKEN DECORATION,0,2,0,0
HANGING METAL HEART LANTERN,5,99,0.0505,1
HANGING METAL RABBIT DECORATION,0,6,0,0
HANGING METAL STAR LANTERN,10,90,0.1111,1
HANGING MINI COLOURED BOTTLES,1,24,0.0417,1
HANGING PHOTO CLIP ROPE LADDER,1,13,0.0769,1
HANGING QUILTED PATCHWORK APPLES,2,44,0.0455,1
HANGING SPRING FLOWER EGG LARGE,0,2,0,0
HANGING SPRING FLOWER EGG SMALL,0,18,0,0
HANGING WOOD AND FELT BUTTERFLY,0,11,0,0
HANGING WOOD AND FELT FLOWER,0,17,0,0
HANGING WOOD AND FELT HEART,0,10,0,0
HAPPY BIRTHDAY CARD STRIPEY TEDDY,0,2,0,0
HAPPY EASTER HANGING DECORATION,0,3,0,0
HAPPY STENCIL CRAFT,11,136,0.0809,1
HARDMAN MUG 3 ASSORTED,0,2,0,0
HAWAIIAN GRASS SKIRT,0,10,0,0
HEADS AND TAILS SPORTING FUN,3,26,0.1154,1
HEART BEADED TRELLIS DECORATION,3,25,0.12,1
HEART CALCULATOR,3,52,0.0577,1
HEART DECORATION PAINTED ZINC,4,46,0.087,1
HEART DECORATION RUSTIC HANGING,4,67,0.0597,1
HEART DECORATION WITH PEARLS,6,54,0.1111,1
HEART FILIGREE DOVE LARGE,2,43,0.0465,1
HEART FILIGREE DOVE SMALL,6,52,0.1154,1
HEART GARLAND RUSTIC PADDED,0,8,0,0
HEART IVORY TRELLIS LARGE,3,55,0.0545,1
HEART IVORY TRELLIS SMALL,4,61,0.0656,1
HEART MINI PORTRAIT FRAME,12,118,0.1017,1
HEART OF WICKER LARGE,30,240,0.125,1
HEART OF WICKER SMALL,46,315,0.146,1
HEART SHAPE WIRELESS DOORBELL,1,29,0.0345,1
HEART SHAPED HOLLY WREATH,10,109,0.0917,1
HEART STRING MEMO HOLDER HANGING,5,36,0.1389,1
HEART T-LIGHT HOLDER,0,11,0,0
HEART T-LIGHT HOLDER WILLIE WINKIE,6,67,0.0896,1
HEART TRELLIS TRIPLE T-LIGHT HOLDER,0,25,0,0
HEART WOODEN CHRISTMAS DECORATION,14,137,0.1022,1
HEART WREATH DECORATION WITH BELL,11,111,0.0991,1
HEARTS GIFT TAPE,0,18,0,0
HEARTS STICKERS,2,20,0.1,1
HELLO SAILOR BATHROOM SET,0,6,0,0
HELLO SAILOR BLUE SOAP HOLDER,0,11,0,0
HEN HOUSE DECORATION,1,10,0.1,1
HEN HOUSE WITH CHICK STANDING,0,2,0,0
HEN PARTY CORDON BARRIER TAPE,1,8,0.125,1
HENRIETTA HEN MUG,3,48,0.0625,1
HERB MARKER BASIL,1,38,0.0263,1
HERB MARKER CHIVES,2,35,0.0571,1
HERB MARKER MINT,2,33,0.0606,1
HERB MARKER PARSLEY,2,41,0.0488,1
HERB MARKER ROSEMARY,2,39,0.0513,1
HERB MARKER THYME,1,35,0.0286,1
HI TEC ALPINE HAND WARMER,3,37,0.0811,1
High Resolution Image,0,4,0,0
HILDA CANDY SPOT RABBIT,0,3,0,0
HIPPY CHIC DECORATIVE PARASOL,0,2,0,0
HOLIDAY FUN LUDO,2,80,0.025,1
HOME BUILDING BLOCK WORD,16,148,0.1081,1
HOME GARLAND PAINTED ZINC,0,14,0,0
HOME SWEET HOME 2 DRAWER CABINET,2,48,0.0417,1
HOME SWEET HOME 3 PEG HANGER,2,34,0.0588,1
HOME SWEET HOME BLACKBOARD,15,115,0.1304,1
HOME SWEET HOME BOTTLE,4,55,0.0727,1
HOME SWEET HOME CUSHION COVER,14,132,0.1061,1
HOME SWEET HOME HANGING HEART,7,113,0.0619,1
HOME SWEET HOME HOOK,4,49,0.0816,1
HOME SWEET HOME KEY HOLDER,4,75,0.0533,1
HOME SWEET HOME METAL SIGN,4,61,0.0656,1
HOME SWEET HOME MUG,6,84,0.0714,1
HOMEMADE JAM SCENTED CANDLES,4,85,0.0471,1
HOOK; 1 HANGER ;MAGIC GARDEN,2,22,0.0909,1
HORSE & PONY WALL ART,0,6,0,0
HOT BATHS METAL SIGN,18,145,0.1241,1
HOT BATHS SOAP HOLDER,1,19,0.0526,1
HOT STUFF HOT WATER BOTTLE,5,64,0.0781,1
HOT WATER BOTTLE I AM SO POORLY,53,289,0.1834,1
HOT WATER BOTTLE KEEP CALM,109,537,0.203,1
HOT WATER BOTTLE SEX BOMB,3,96,0.0313,1
HOT WATER BOTTLE TEA AND SYMPATHY,64,363,0.1763,1
HOUSE SHAPE PENCIL SHARPENER,2,21,0.0952,1
HYACINTH BULB T-LIGHT CANDLES,0,17,0,0
I LOVE LONDON BABY GIFT SET,2,21,0.0952,1
I LOVE LONDON BEAKER,6,26,0.2308,1
I LOVE LONDON MINI BACKPACK,4,50,0.08,1
I LOVE LONDON WALL ART,0,1,0,0
ICE CREAM BUBBLES,3,65,0.0462,1
ICE CREAM PEN LIP GLOSS,5,89,0.0562,1
ICE CREAM SUNDAE LIP GLOSS,5,94,0.0532,1
ICON MUG REVOLUTIONARY,4,49,0.0816,1
ICON PLACEMAT POP ART ELVIS,0,8,0,0
IF YOU CAN'T STAND THE HEAT MUG,2,25,0.08,1
ILLUSTRATED CAT BOWL,1,24,0.0417,1
I'M ON HOLIDAY METAL SIGN,4,74,0.0541,1
IVORY CAFE HANGING LAMP,3,29,0.1034,1
IVORY CHANDELIER T-LIGHT HOLDER,3,12,0.25,1
IVORY DINER WALL CLOCK,15,92,0.163,1
IVORY EMBROIDERED QUILT,0,2,0,0
IVORY ENCHANTED FOREST PLACEMAT,1,20,0.05,1
IVORY GOLD METAL BAG CHARM,0,2,0,0
IVORY HANGING DECORATION BIRD,1,11,0.0909,1
IVORY HANGING DECORATION EGG,0,15,0,0
IVORY HANGING DECORATION HEART,4,39,0.1026,1
IVORY KITCHEN SCALES,18,211,0.0853,1
IVORY KNITTED MUG COSY,5,24,0.2083,1
IVORY LOVE BIRD CANDLE,0,13,0,0
IVORY PAPER CUP CAKE CASES,0,11,0,0
IVORY PILLAR CANDLE GOLD FLOCK,0,8,0,0
IVORY PILLAR CANDLE SILVER FLOCK,2,36,0.0556,1
IVORY REFECTORY CLOCK,1,27,0.037,1
IVORY RETRO KITCHEN WALL CLOCK,2,45,0.0444,1
IVORY SCULPTED RND CANDLE,0,1,0,0
IVORY SHELL HEART NECKLACE,0,2,0,0
IVORY STRING CURTAIN WITH POLE,0,14,0,0
IVORY SWEETHEART SOAP DISH,0,20,0,0
IVORY SWEETHEART WIRE LETTER RACK,4,39,0.1026,1
IVORY WICKER HEART LARGE,24,215,0.1116,1
IVORY WICKER HEART MEDIUM,22,190,0.1158,1
IVORY WICKER HEART SMALL,6,83,0.0723,1
IVORY WIRE KITCHEN ORGANISER,0,5,0,0
IVORY WIRE SWEETHEART LETTER TRAY,0,19,0,0
IVY HEART WREATH,0,6,0,0
JADE DROP EARRINGS W FILIGREE,0,3,0,0
JAM CLOCK MAGNET,0,20,0,0
JAM JAR WITH GREEN LID,3,40,0.075,1
JAM JAR WITH PINK LID,4,54,0.0741,1
JAM MAKING SET PRINTED,17,173,0.0983,1
JAM MAKING SET WITH JARS,24,211,0.1137,1
JASMINE VOTIVE CANDLE,0,2,0,0
JAZZ HEARTS ADDRESS BOOK,5,89,0.0562,1
JAZZ HEARTS PURSE NOTEBOOK,16,131,0.1221,1
JET BLACK LAS VEGAS NECKLACE 45CM,0,1,0,0
JIGSAW RABBIT AND BIRDHOUSE,1,31,0.0323,1
JIGSAW TOADSTOOLS 3 PIECE,0,29,0,0
JIGSAW TREE WITH BIRDHOUSE,2,37,0.0541,1
JIGSAW TREE WITH WATERING CAN,1,21,0.0476,1
JINGLE BELL HEART ANTIQUE GOLD,5,90,0.0556,1
JINGLE BELL HEART ANTIQUE SILVER,16,193,0.0829,1
JINGLE BELL HEART DECORATION,29,251,0.1155,1
JINGLE BELLS TREE DECORATION,1,17,0.0588,1
JOY WOODEN BLOCK LETTERS,2,70,0.0286,1
JUMBO BAG 50'S CHRISTMAS,93,458,0.2031,1
JUMBO BAG ALPHABET,39,239,0.1632,1
JUMBO BAG APPLES,28,190,0.1474,1
JUMBO BAG BAROQUE BLACK WHITE,26,179,0.1453,1
JUMBO BAG DOILEY PATTERNS,0,2,0,0
JUMBO BAG DOLLY GIRL DESIGN,8,82,0.0976,1
JUMBO BAG OWLS,10,107,0.0935,1
JUMBO BAG PAISLEY PARK,86,403,0.2134,1
JUMBO BAG PEARS,24,159,0.1509,1
JUMBO BAG PINK POLKADOT,27,202,0.1337,1
JUMBO BAG PINK VINTAGE PAISLEY,12,150,0.08,1
JUMBO BAG RED RETROSPOT,75,418,0.1794,1
JUMBO BAG SCANDINAVIAN BLUE PAISLEY,21,149,0.1409,1
JUMBO BAG SPACEBOY DESIGN,18,153,0.1176,1
JUMBO BAG STRAWBERRY,15,148,0.1014,1
JUMBO BAG TOYS,0,49,0,0
JUMBO BAG VINTAGE CHRISTMAS,58,296,0.1959,1
JUMBO BAG VINTAGE DOILY,62,385,0.161,1
JUMBO BAG VINTAGE LEAF,36,277,0.13,1
JUMBO BAG WOODLAND ANIMALS,14,141,0.0993,1
JUMBO SHOPPER VINTAGE RED PAISLEY,35,224,0.1563,1
JUMBO STORAGE BAG SKULLS,17,151,0.1126,1
JUMBO STORAGE BAG SUKI,32,207,0.1546,1
JUNGLE POPSICLES ICE LOLLY MOULDS,2,24,0.0833,1
KEEP CALM BIRTHDAY WRAP,0,4,0,0
KEEP CALM WALL ART,0,14,0,0
KENSINGTON COFFEE SET,0,13,0,0
KEY CABINET MA CAMPAGNE,1,29,0.0345,1
KEY FOB ; BACK DOOR,17,93,0.1828,1
KEY FOB ; FRONT DOOR,15,67,0.2239,1
KEY FOB ; GARAGE DESIGN,4,37,0.1081,1
KEY FOB ; SHED,26,108,0.2407,1
KEY RING BASEBALL BOOT ASSORTED,11,115,0.0957,1
KEY RING BASEBALL BOOT UNION JACK,8,101,0.0792,1
KIDS RAIN MAC BLUE,1,25,0.04,1
KIDS RAIN MAC PINK,1,25,0.04,1
KINGS CHOICE BISCUIT TIN,2,21,0.0952,1
KINGS CHOICE GIANT TUBE MATCHES,1,1,1,1
KINGS CHOICE MUG,3,45,0.0667,1
KINGS CHOICE TEA CADDY,4,29,0.1379,1
KITCHEN METAL SIGN,5,54,0.0926,1
KITTENS DESIGN FLANNEL,2,27,0.0741,1
KITTY PENCIL ERASERS,3,41,0.0732,1
KNEELING MAT HOUSEWORK DESIGN,6,96,0.0625,1
KNICKERBOCKERGLORY MAGNET ASSORTED,2,29,0.069,1
KNITTED UNION FLAG HOT WATER BOTTLE,22,172,0.1279,1
LA PALMIERA TILE COASTER,2,15,0.1333,1
LADIES & GENTLEMEN METAL SIGN,12,133,0.0902,1
LADS ONLY TISSUE BOX,6,71,0.0845,1
LANDMARK FRAME BAKER STREET,4,46,0.087,1
LANDMARK FRAME CAMDEN TOWN,11,99,0.1111,1
LANDMARK FRAME COVENT GARDEN,7,82,0.0854,1
LANDMARK FRAME LONDON BRIDGE,4,80,0.05,1
LANDMARK FRAME NOTTING HILL,4,82,0.0488,1
LANDMARK FRAME OXFORD STREET,7,84,0.0833,1
LANTERN CREAM GAZEBO,5,77,0.0649,1
LARGE ANTIQUE WHITE PHOTO FRAME,1,43,0.0233,1
LARGE APOTHECARY MEASURING JAR,0,4,0,0
LARGE BLUE PROVENCAL CERAMIC BALL,1,3,0.3333,1
LARGE BONNE JAM JAR T-LIGHT HOLDER,0,4,0,0
LARGE CAKE STAND HANGING STRAWBERY,5,49,0.102,1
LARGE CAKE TOWEL CHOCOLATE SPOTS,4,53,0.0755,1
LARGE CAKE TOWEL PINK SPOTS,0,19,0,0
LARGE CAKE TOWEL; CHOCOLATE SPOTS,0,1,0,0
LARGE CAMPHOR WOOD FIELD MUSHROOM,0,3,0,0
LARGE CERAMIC TOP STORAGE JAR,8,90,0.0889,1
LARGE CHINESE STYLE SCISSOR,2,25,0.08,1
LARGE CIRCULAR MIRROR MOBILE,5,38,0.1316,1
LARGE DECO JEWELLERY STAND,0,4,0,0
LARGE HANGING IVORY & RED WOOD BIRD,3,24,0.125,1
LARGE HEART MEASURING SPOONS,10,85,0.1176,1
LARGE IVORY HEART WALL ORGANISER,6,44,0.1364,1
LARGE MEDINA STAMPED METAL BOWL,1,23,0.0435,1
LARGE MINT DIAMANTE HAIRSLIDE,0,1,0,0
LARGE PARLOUR FRAME,0,3,0,0
LARGE PARLOUR PICTURE FRAME,1,46,0.0217,1
LARGE PURPLE BABUSHKA NOTEBOOK,6,69,0.087,1
LARGE RED BABUSHKA NOTEBOOK,7,71,0.0986,1
LARGE RED RETROSPOT WINDMILL,0,6,0,0
LARGE ROUND WICKER PLATTER,3,56,0.0536,1
LARGE STRIPES CHOCOLATE GIFT BAG,0,5,0,0
LARGE TALL CAMPHOR WOOD TOADSTOOL,0,4,0,0
LARGE WHITE HEART OF WICKER,38,286,0.1329,1
LARGE WHITE HONEYCOMB PAPER BELL,1,27,0.037,1
LARGE YELLOW BABUSHKA NOTEBOOK,4,60,0.0667,1
LARGE ZINC GLASS CANDLEHOLDER,0,2,0,0
LAUNDRY 15C METAL SIGN,5,73,0.0685,1
LAUREL HEART ANTIQUE GOLD,3,30,0.1,1
LAUREL HEART ANTIQUE SILVER,3,57,0.0526,1
LAUREL STAR ANTIQUE GOLD,2,25,0.08,1
LAUREL STAR ANTIQUE SILVER,4,43,0.093,1
LAVENDER INCENSE 40 CONES IN TIN,0,3,0,0
LAVENDER SCENT CAKE CANDLE,0,8,0,0
LAVENDER SCENTED FABRIC HEART,3,30,0.1,1
LAVENDER TOILETTE BOTTLE,4,58,0.069,1
LAZER CUT NECKLACE W PASTEL BEADS,0,2,0,0
LE GRAND TRAY CHIC SET,0,24,0,0
LE JARDIN BOTANIQUE CUSHION COVER,5,113,0.0442,1
LETS GO SHOPPING COTTON TOTE BAG,0,15,0,0
"LETTER ""A"" BLING KEY RING",1,9,0.1111,1
"LETTER ""B"" BLING KEY RING",0,2,0,0
"LETTER ""C"" BLING KEY RING",0,8,0,0
"LETTER ""D"" BLING KEY RING",0,7,0,0
"LETTER ""E"" BLING KEY RING",0,7,0,0
"LETTER ""F"" BLING KEY RING",0,4,0,0
"LETTER ""G"" BLING KEY RING",0,7,0,0
"LETTER ""H"" BLING KEY RING",0,6,0,0
"LETTER ""I"" BLING KEY RING",0,4,0,0
"LETTER ""J"" BLING KEY RING",0,3,0,0
"LETTER ""K"" BLING KEY RING",0,6,0,0
"LETTER ""L"" BLING KEY RING",0,6,0,0
"LETTER ""M"" BLING KEY RING",0,3,0,0
"LETTER ""N"" BLING KEY RING",0,5,0,0
"LETTER ""O"" BLING KEY RING",0,2,0,0
"LETTER ""P"" BLING KEY RING",0,6,0,0
"LETTER ""R"" BLING KEY RING",0,4,0,0
"LETTER ""S"" BLING KEY RING",0,7,0,0
"LETTER ""T"" BLING KEY RING",0,2,0,0
"LETTER ""U"" BLING KEY RING",0,2,0,0
"LETTER ""V"" BLING KEY RING",0,2,0,0
"LETTER ""W"" BLING KEY RING",0,2,0,0
"LETTER ""Y"" BLING KEY RING",0,4,0,0
"LETTER ""Z"" BLING KEY RING",0,2,0,0
LETTER HOLDER HOME SWEET HOME,5,72,0.0694,1
LETTER SHAPE PENCIL SHARPENER,2,22,0.0909,1
LIGHT DECORATION BATTERY OPERATED,0,1,0,0
LIGHT GARLAND BUTTERFILES PINK,6,55,0.1091,1
LILAC DIAMANTE PEN IN GIFT BOX,0,4,0,0
LILY BROOCH AMETHYST COLOUR,0,5,0,0
LILY BROOCH OLIVE COLOUR,0,3,0,0
LIPSTICK PEN BABY PINK,3,51,0.0588,1
LIPSTICK PEN FUSCHIA,4,62,0.0645,1
LIPSTICK PEN RED,7,85,0.0824,1
LITTLE GREEN MONSTER SOFT TOY,0,2,0,0
LITTLE PINK MONSTER SOFT TOY,0,2,0,0
LOCAL CAFE MUG,2,32,0.0625,1
LOLITA DESIGN COTTON TOTE BAG,1,10,0.1,1
LONDON BUS COFFEE MUG,6,92,0.0652,1
LOVE BUILDING BLOCK WORD,9,115,0.0783,1
LOVE GARLAND PAINTED ZINC,1,6,0.1667,1
LOVE HEART POCKET WARMER,3,33,0.0909,1
LOVE HEART SOCK HANGER,0,3,0,0
LOVE HEART TRINKET POT,4,56,0.0714,1
LOVE HOT WATER BOTTLE,58,350,0.1657,1
LOVE SEAT ANTIQUE WHITE METAL,2,8,0.25,1
LOVEBIRD HANGING DECORATION WHITE,8,90,0.0889,1
LOVELY BONBON STICKER SHEET,0,7,0,0
LUNCH BAG ALPHABET DESIGN,20,193,0.1036,1
LUNCH BAG APPLE DESIGN,29,221,0.1312,1
LUNCH BAG BLACK SKULL.,48,272,0.1765,1
LUNCH BAG CARS BLUE,35,223,0.157,1
LUNCH BAG DOILEY PATTERN,0,2,0,0
LUNCH BAG DOLLY GIRL DESIGN,16,160,0.1,1
LUNCH BAG PAISLEY PARK,66,418,0.1579,1
LUNCH BAG PINK POLKADOT,33,201,0.1642,1
LUNCH BAG RED RETROSPOT,43,286,0.1503,1
LUNCH BAG RED VINTAGE DOILY,18,186,0.0968,1
LUNCH BAG SPACEBOY DESIGN,39,272,0.1434,1
LUNCH BAG SUKI DESIGN,40,242,0.1653,1
LUNCH BAG VINTAGE DOILY,51,319,0.1599,1
LUNCH BAG VINTAGE LEAF DESIGN,22,166,0.1325,1
LUNCH BAG WOODLAND,23,176,0.1307,1
LUNCH BOX I LOVE LONDON,13,111,0.1171,1
LUNCH BOX WITH CUTLERY RETROSPOT,11,79,0.1392,1
MADRAS NOTEBOOK MEDIUM,5,46,0.1087,1
MAGAZINE RACK GEBRA ASSORTED,0,8,0,0
MAGIC DRAWING SLATE BAKE A CAKE,0,45,0,0
MAGIC DRAWING SLATE BUNNIES,3,57,0.0526,1
MAGIC DRAWING SLATE CIRCUS PARADE,8,78,0.1026,1
MAGIC DRAWING SLATE DINOSAUR,4,74,0.0541,1
MAGIC DRAWING SLATE DOLLY GIRL,8,94,0.0851,1
MAGIC DRAWING SLATE GO TO THE FAIR,2,34,0.0588,1
MAGIC DRAWING SLATE LEAP FROG,1,36,0.0278,1
MAGIC DRAWING SLATE PURDEY,5,68,0.0735,1
MAGIC DRAWING SLATE SPACEBOY,5,109,0.0459,1
MAGIC GARDEN FELT GARLAND,1,13,0.0769,1
MAGIC SHEEP WOOL GROWING FROM PAPER,8,82,0.0976,1
MAGIC TREE -PAPER FLOWERS,7,59,0.1186,1
MAGNETS PACK OF 4 CHILDHOOD MEMORY,0,13,0,0
MAGNETS PACK OF 4 HOME SWEET HOME,3,78,0.0385,1
MAGNETS PACK OF 4 RETRO PHOTO,4,45,0.0889,1
MAGNETS PACK OF 4 SWALLOWS,9,103,0.0874,1
MAGNETS PACK OF 4 VINTAGE COLLAGE,9,69,0.1304,1
MAGNETS PACK OF 4 VINTAGE LABELS,1,36,0.0278,1
MAKE YOUR OWN FLOWERPOWER CARD KIT,6,68,0.0882,1
MAKE YOUR OWN MONSOON CARD KIT,3,79,0.038,1
MAKE YOUR OWN PLAYTIME CARD KIT,2,48,0.0417,1
MAN FLU METAL SIGN,2,48,0.0417,1
Manual,16,116,0.1379,1
MARIE ANTOINETTE TRINKET BOX GOLD,1,10,0.1,1
MARIE ANTOINETTE TRINKET BOX SILVER,1,7,0.1429,1
MEASURING TAPE BABUSHKA BLUE,2,20,0.1,1
MEASURING TAPE BABUSHKA PINK,1,33,0.0303,1
MEASURING TAPE BABUSHKA RED,0,15,0,0
MEDIUM CERAMIC TOP STORAGE JAR,8,76,0.1053,1
MEDIUM CHINESE STYLE SCISSOR,0,8,0,0
MEDIUM MEDINA STAMPED METAL BOWL,0,11,0,0
MEDIUM PARLOUR FRAME,0,3,0,0
MEDIUM PARLOUR PICTURE FRAME,4,56,0.0714,1
MEDIUM PINK BUDDHA HEAD,0,4,0,0
MEMO BOARD COTTAGE DESIGN,12,94,0.1277,1
MEMO BOARD RETROSPOT DESIGN,10,119,0.084,1
METAL 4 HOOK HANGER FRENCH CHATEAU,10,87,0.1149,1
METAL DECORATION NAUGHTY CHILDREN,3,38,0.0789,1
METAL MERRY CHRISTMAS WREATH,2,45,0.0444,1
METAL RABBIT LADDER EASTER,0,2,0,0
METAL SIGN CUPCAKE SINGLE HOOK,0,7,0,0
METAL SIGN DROP YOUR PANTS,17,134,0.1269,1
METAL SIGN EMPIRE TEA,7,92,0.0761,1
METAL SIGN HER DINNER IS SERVED,1,9,0.1111,1
METAL SIGN HIS DINNER IS SERVED,5,44,0.1136,1
METAL SIGN NEIGHBOURHOOD WITCH,1,20,0.05,1
METAL SIGN TAKE IT OR LEAVE IT,3,87,0.0345,1
METAL SIGN;CUPCAKE SINGLE HOOK,6,32,0.1875,1
METALIC LEAVES BAG CHARMS,1,12,0.0833,1
MIDNIGHT BLUE CRYSTAL DROP EARRINGS,0,2,0,0
MIDNIGHT BLUE VINTAGE EARRINGS,0,2,0,0
MIDNIGHT GLAMOUR SCARF KNITTING KIT,4,36,0.1111,1
MILK MAIDS MUG,3,40,0.075,1
MILK PAN BLUE POLKADOT,1,14,0.0714,1
MILK PAN RED RETROSPOT,0,51,0,0
MINI CAKE STAND HANGING STRAWBERY,3,67,0.0448,1
MINI CAKE STAND T-LIGHT HOLDER,1,6,0.1667,1
MINI CAKE STAND WITH HANGING CAKES,2,35,0.0571,1
MINI FUNKY DESIGN TAPES,0,9,0,0
MINI JIGSAW BAKE A CAKE,0,14,0,0
MINI JIGSAW BUNNIES,0,24,0,0
MINI JIGSAW CIRCUS PARADE,1,26,0.0385,1
MINI JIGSAW DINOSAUR,2,28,0.0714,1
MINI JIGSAW DOLLY GIRL,2,29,0.069,1
MINI JIGSAW GO TO THE FAIR,0,8,0,0
MINI JIGSAW LEAP FROG,0,10,0,0
MINI JIGSAW PURDEY,3,41,0.0732,1
MINI JIGSAW SPACEBOY,3,60,0.05,1
MINI LADLE LOVE HEART PINK,3,16,0.1875,1
MINI LADLE LOVE HEART RED,2,18,0.1111,1
MINI LIGHTS WOODLAND MUSHROOMS,28,266,0.1053,1
MINI PAINT SET VINTAGE,6,102,0.0588,1
MINI PAINTED GARDEN DECORATION,0,12,0,0
MINI PLAYING CARDS BUFFALO BILL,8,107,0.0748,1
MINI PLAYING CARDS DOLLY GIRL,10,116,0.0862,1
MINI PLAYING CARDS FUN FAIR,1,58,0.0172,1
MINI PLAYING CARDS GYMKHANA,9,98,0.0918,1
MINI PLAYING CARDS SPACEBOY,10,138,0.0725,1
MINI WOODEN HAPPY BIRTHDAY GARLAND,2,29,0.069,1
MINIATURE ANTIQUE ROSE HOOK IVORY,7,99,0.0707,1
MINT DINER WALL CLOCK,3,72,0.0417,1
MINT GREEN ROSE TOWEL,0,10,0,0
MINT KITCHEN SCALES,8,120,0.0667,1
MIRROR CORNICE,0,18,0,0
MIRROR MOSAIC CANDLE PLATE,1,8,0.125,1
MIRROR MOSAIC GOBLET CANDLE HOLDER,1,4,0.25,1
MIRROR MOSAIC HURRICANE LAMP,1,7,0.1429,1
MIRROR MOSAIC T-LIGHT HOLDER,1,8,0.125,1
MIRROR MOSAIC T-LIGHT HOLDER ROUND,1,4,0.25,1
MIRROR MOSAIC VOTIVE HOLDER,1,17,0.0588,1
MIRRORED DISCO BALL,5,60,0.0833,1
MIRRORED DOVE WALL DECORATION,0,13,0,0
MIRRORED WALL ART FOXY,1,11,0.0909,1
MIRRORED WALL ART GENTS,2,18,0.1111,1
MIRRORED WALL ART LADIES,1,14,0.0714,1
MIRRORED WALL ART PHOTO FRAMES,0,4,0,0
MIRRORED WALL ART POPPIES,0,11,0,0
MIRRORED WALL ART SKULLS,0,18,0,0
MIRRORED WALL ART SNOWFLAKES,3,35,0.0857,1
MIRRORED WALL ART SPLODGES,0,6,0,0
MIRRORED WALL ART STARS,2,21,0.0952,1
MIRRORED WALL ART TABLE LAMP,1,10,0.1,1
MISTLETOE HEART WREATH CREAM,7,64,0.1094,1
MISTLETOE HEART WREATH GREEN,10,118,0.0847,1
MOBILE VINTAGE HEARTS,1,24,0.0417,1
MOCK LOBSTER FRIDGE MAGNET,0,10,0,0
MODERN FLORAL STATIONERY SET,9,111,0.0811,1
MONEY BOX BISCUITS DESIGN,0,16,0,0
MONEY BOX CONFECTIONERY DESIGN,0,12,0,0
MONEY BOX FIRST AID DESIGN,0,8,0,0
MONEY BOX HOUSEKEEPING DESIGN,0,20,0,0
MONEY BOX KINGS CHOICE DESIGN,3,37,0.0811,1
MONEY BOX POCKET MONEY DESIGN,2,27,0.0741,1
MONSTERS STENCIL CRAFT,6,98,0.0612,1
MOODY BOY DOOR HANGER,7,54,0.1296,1
MOODY GIRL DOOR HANGER,10,80,0.125,1
MOP PENDANT SHELL NECKLACE,0,1,0,0
MORE BUTTER METAL SIGN,3,45,0.0667,1
MOROCCAN BEATEN METAL DISH,1,8,0.125,1
MOROCCAN BEATEN METAL DISH LARGE,0,2,0,0
MOTHER'S KITCHEN SPOON REST,2,16,0.125,1
MOTORING TISSUE BOX,6,97,0.0619,1
MOUSE TOY WITH PINK T-SHIRT,3,48,0.0625,1
MOUSEY LONG LEGS SOFT TOY,0,5,0,0
MR ROBOT SOFT TOY,0,14,0,0
MRS ROBOT SOFT TOY,0,12,0,0
MULTI COLOUR SILVER T-LIGHT HOLDER,15,139,0.1079,1
MULTI HEARTS STICKERS,0,11,0,0
MULTICOLOUR 3D BALLS GARLAND,0,7,0,0
MULTICOLOUR CONFETTI IN TUBE,0,7,0,0
MULTICOLOUR HONEYCOMB FAN,2,29,0.069,1
MULTICOLOUR HONEYCOMB PAPER GARLAND,1,14,0.0714,1
MULTICOLOUR RABBIT EGG WARMER,0,2,0,0
MULTICOLOUR SPRING FLOWER MUG,0,21,0,0
MUM'S KITCHEN CLOCK,0,10,0,0
MURANO STYLE GLASS BRACELET GOLD,0,2,0,0
MUSICAL ZINC HEART DECORATION,13,109,0.1193,1
N0 SINGING METAL SIGN,4,52,0.0769,1
NAMASTE SWAGAT INCENSE,1,14,0.0714,1
NATURAL HANGING QUILTED HEARTS,1,32,0.0313,1
NATURAL SLATE CHALKBOARD LARGE,6,93,0.0645,1
NATURAL SLATE HEART CHALKBOARD,31,253,0.1225,1
NATURAL SLATE RECTANGLE CHALKBOARD,15,95,0.1579,1
NECKLACE+BRACELET PINK BUTTERFLY,0,7,0,0
NECKLACE+BRACELET SET BLUE BLOSSOM,0,1,0,0
NECKLACE+BRACELET SET BLUE HIBISCUS,0,16,0,0
NECKLACE+BRACELET SET FRUIT SALAD,0,12,0,0
NEW BAROQUE BLACK BOXES,0,2,0,0
NEW BAROQUE JEWELLERY BOX,1,16,0.0625,1
Next Day Carriage,6,56,0.1071,1
NINE DRAWER OFFICE TIDY,3,31,0.0968,1
NINJA RABBIT BLACK,1,10,0.1,1
NINJA RABBIT PINK,0,8,0,0
NOEL GARLAND PAINTED ZINC,4,75,0.0533,1
NOEL WOODEN BLOCK LETTERS,8,81,0.0988,1
NOVELTY BISCUITS CAKE STAND 3 TIER,6,48,0.125,1
NUMBER TILE COTTAGE GARDEN 1,0,5,0,0
NUMBER TILE COTTAGE GARDEN 2,0,2,0,0
NUMBER TILE COTTAGE GARDEN 3,0,1,0,0
NUMBER TILE COTTAGE GARDEN 5,0,1,0,0
NUMBER TILE VINTAGE FONT 1,0,2,0,0
NUMBER TILE VINTAGE FONT 2,0,2,0,0
NUMBER TILE VINTAGE FONT 3,0,8,0,0
NUMBER TILE VINTAGE FONT 5,0,3,0,0
NUMBER TILE VINTAGE FONT 6,0,4,0,0
NUMBER TILE VINTAGE FONT 7,0,2,0,0
NUMBER TILE VINTAGE FONT 8,0,2,0,0
NUMBER TILE VINTAGE FONT 9,0,2,0,0
NUMBER TILE VINTAGE FONT No,0,2,0,0
NURSERY A;B;C PAINTED LETTERS,3,32,0.0938,1
NURSE'S BAG SOFT TOY,0,2,0,0
OCEAN SCENT CANDLE IN JEWELLED BOX,1,16,0.0625,1
OFFICE MUG WARMER BLACK+SILVER,4,43,0.093,1
OFFICE MUG WARMER CHOC+BLUE,11,52,0.2115,1
OFFICE MUG WARMER PINK,2,34,0.0588,1
OFFICE MUG WARMER POLKADOT,3,48,0.0625,1
OPEN CLOSED METAL SIGN,6,115,0.0522,1
OPIUM SCENTED VOTIVE CANDLE,0,3,0,0
ORANGE VOTIVE CANDLE,0,5,0,0
ORIENTAL RED CUSHION COVER,0,2,0,0
ORIGAMI JASMINE INCENSE/CANDLE SET,0,14,0,0
ORIGAMI LAVENDER INCENSE/CANDL SET,2,35,0.0571,1
ORIGAMI ROSE INCENSE/CANDLE SET,4,33,0.1212,1
ORIGAMI SANDLEWOOD INCENSE/CAND SET,5,36,0.1389,1
ORIGAMI VANILLA INCENSE/CANDLE SET,1,12,0.0833,1
OVAL MINI PORTRAIT FRAME,5,71,0.0704,1
OVAL WALL MIRROR DIAMANTE,0,20,0,0
OVEN MITT APPLES DESIGN,7,75,0.0933,1
OVERNIGHT BAG VINTAGE ROSE PAISLEY,1,29,0.0345,1
OWL DOORSTOP,2,40,0.05,1
OYSTER TRINKET BOX,0,7,0,0
PACK 3 BOXES BIRD PANETTONE,1,24,0.0417,1
PACK 3 BOXES BIRD PANNETONE,2,28,0.0714,1
PACK 3 BOXES CHRISTMAS PANETTONE,2,22,0.0909,1
PACK 3 BOXES CHRISTMAS PANNETONE,2,34,0.0588,1
PACK 3 IRON ON DOG PATCHES,0,4,0,0
PACK 6 HEART/ICE-CREAM PATCHES,0,7,0,0
PACK OF 12 50'S CHRISTMAS TISSUES,13,158,0.0823,1
PACK OF 12 BLUE PAISLEY TISSUES,2,47,0.0426,1
PACK OF 12 CHRISTMAS FUN CARDS,0,2,0,0
PACK OF 12 CIRCUS PARADE TISSUES,2,27,0.0741,1
PACK OF 12 COLOURED PENCILS,7,74,0.0946,1
PACK OF 12 DOLLY GIRL TISSUES,7,61,0.1148,1
PACK OF 12 HEARTS DESIGN TISSUES,10,87,0.1149,1
PACK OF 12 LONDON TISSUES,13,120,0.1083,1
PACK OF 12 PAISLEY PARK TISSUES,4,73,0.0548,1
PACK OF 12 PINK PAISLEY TISSUES,3,44,0.0682,1
PACK OF 12 PINK POLKADOT TISSUES,4,40,0.1,1
PACK OF 12 RED APPLE TISSUES,1,43,0.0233,1
PACK OF 12 RED RETROSPOT TISSUES,5,69,0.0725,1
PACK OF 12 SKULL TISSUES,4,53,0.0755,1
PACK OF 12 SPACEBOY TISSUES,4,71,0.0563,1
PACK OF 12 STICKY BUNNIES,0,14,0,0
PACK OF 12 SUKI TISSUES,9,92,0.0978,1
PACK OF 12 TRADITIONAL CRAYONS,9,121,0.0744,1
PACK OF 12 VINTAGE CHRISTMAS TISSUE,9,120,0.075,1
PACK OF 12 VINTAGE DOILY TISSUES,3,73,0.0411,1
PACK OF 12 VINTAGE LEAF TISSUES,3,41,0.0732,1
PACK OF 12 WOODLAND TISSUES,5,58,0.0862,1
PACK OF 20 NAPKINS PANTRY DESIGN,5,113,0.0442,1
PACK OF 20 NAPKINS RED APPLES,4,62,0.0645,1
PACK OF 20 SKULL PAPER NAPKINS,6,48,0.125,1
PACK OF 20 SPACEBOY NAPKINS,2,36,0.0556,1
PACK OF 6 BIRDY GIFT TAGS,7,138,0.0507,1
PACK OF 6 COCKTAIL PARASOL STRAWS,0,55,0,0
PACK OF 6 HANDBAG GIFT BOXES,0,24,0,0
PACK OF 6 LARGE FRUIT STRAWS,2,52,0.0385,1
PACK OF 6 PANETTONE GIFT BOXES,0,30,0,0
PACK OF 6 PANNETONE GIFT BOXES,2,31,0.0645,1
PACK OF 6 SANDCASTLE FLAGS ASSORTED,1,17,0.0588,1
PACK OF 6 SKULL PAPER CUPS,5,41,0.122,1
PACK OF 6 SKULL PAPER PLATES,5,39,0.1282,1
PACK OF 6 SMALL FRUIT STRAWS,1,54,0.0185,1
PACK OF 6 SWEETIE GIFT BOXES,3,43,0.0698,1
PACK OF 60 DINOSAUR CAKE CASES,14,133,0.1053,1
PACK OF 60 MUSHROOM CAKE CASES,7,88,0.0795,1
PACK OF 60 PINK PAISLEY CAKE CASES,21,166,0.1265,1
PACK OF 60 SPACEBOY CAKE CASES,8,121,0.0661,1
PACK OF 72 RETROSPOT CAKE CASES,30,251,0.1195,1
PACK OF 72 SKULL CAKE CASES,12,125,0.096,1
PACK OF SIX LED TEA LIGHTS,25,173,0.1445,1
PACK/12 BLUE FOLKART CARDS,0,8,0,0
PACKING CHARGE,2,10,0.2,1
PAINT YOUR OWN CANVAS SET,7,82,0.0854,1
PAINT YOUR OWN EGGS IN CRATE,0,8,0,0
PAINTED LIGHTBULB STAR+ MOON,0,5,0,0
PAINTED METAL HEART WITH HOLLY BELL,1,24,0.0417,1
PAINTED METAL PEARS ASSORTED,11,127,0.0866,1
PAINTED METAL STAR WITH HOLLY BELLS,2,54,0.037,1
PAINTED PINK RABBIT,0,8,0,0
PAINTED YELLOW WOODEN DAISY,0,6,0,0
PAIR OF ENAMEL BUTTERFLY HAIRCLIP,0,4,0,0
PAIR OF PINK FLOWER CLUSTER SLIDE,0,2,0,0
PAIR PADDED HANGERS PINK CHECK,0,4,0,0
PAISLEY PARK CARD,1,41,0.0244,1
PAISLEY PATTERN STICKERS,0,7,0,0
PANDA AND BUNNIES STICKER SHEET,2,23,0.087,1
PANTRY 3 HOOK ROLLING PIN HANGER,3,42,0.0714,1
PANTRY APPLE CORER,1,39,0.0256,1
PANTRY CHOPPING BOARD,3,40,0.075,1
PANTRY HOOK BALLOON WHISK,1,31,0.0323,1
PANTRY HOOK SPATULA,1,30,0.0333,1
PANTRY HOOK TEA STRAINER,1,32,0.0313,1
PANTRY KITCHEN THERMOMETER,2,38,0.0526,1
PANTRY MAGNETIC SHOPPING LIST,26,216,0.1204,1
PANTRY PASTRY BRUSH,2,47,0.0426,1
PANTRY ROLLING PIN,3,50,0.06,1
PANTRY SCRUBBING BRUSH,1,53,0.0189,1
PANTRY WASHING UP BRUSH,8,87,0.092,1
PAPER BUNTING PAISLEY PARK,3,54,0.0556,1
PAPER BUNTING RETROSPOT,4,88,0.0455,1
PAPER BUNTING VINTAGE PAISLEY,2,35,0.0571,1
PAPER BUNTING VINTAGE PARTY,2,75,0.0267,1
PAPER BUNTING WHITE LACE,4,60,0.0667,1
PAPER CHAIN KIT 50'S CHRISTMAS,145,656,0.221,1
PAPER CHAIN KIT EMPIRE,0,4,0,0
PAPER CHAIN KIT LONDON,0,29,0,0
PAPER CHAIN KIT RETROSPOT,21,165,0.1273,1
PAPER CHAIN KIT SKULLS,0,10,0,0
PAPER CHAIN KIT VINTAGE CHRISTMAS,91,484,0.188,1
PAPER CRAFT ; LITTLE BIRDIE,1,1,1,1
PAPER LANTERN 5 POINT SEQUIN STAR,0,4,0,0
PAPER LANTERN 5 POINT STAR MOON,1,10,0.1,1
PAPER LANTERN 7 POINT SNOW STAR,1,19,0.0526,1
PAPER LANTERN 9 POINT DELUXE STAR,1,21,0.0476,1
PAPER LANTERN 9 POINT HOLLY STAR L,0,7,0,0
PAPER LANTERN 9 POINT HOLLY STAR S,0,6,0,0
PAPER LANTERN 9 POINT SNOW STAR,3,49,0.0612,1
PAPER POCKET TRAVELING FAN,0,28,0,0
PAPERWEIGHT CHILDHOOD MEMORIES,2,18,0.1111,1
PAPERWEIGHT HOME SWEET HOME,0,9,0,0
PAPERWEIGHT KINGS CHOICE,0,9,0,0
PAPERWEIGHT SAVE THE PLANET,0,18,0,0
PAPERWEIGHT VINTAGE COLLAGE,2,25,0.08,1
PAPERWEIGHT VINTAGE PAISLEY,1,16,0.0625,1
PARISIENNE CURIO CABINET,7,58,0.1207,1
PARISIENNE JEWELLERY DRAWER,17,92,0.1848,1
PARISIENNE KEY CABINET,8,75,0.1067,1
PARISIENNE SEWING BOX,11,56,0.1964,1
PARLOUR CERAMIC WALL HOOK,3,33,0.0909,1
PARTY BUNTING,20,183,0.1093,1
PARTY CHARMS 50 PIECES,3,57,0.0526,1
PARTY CONE CHRISTMAS DECORATION,2,43,0.0465,1
PARTY CONES CANDY ASSORTED,0,7,0,0
PARTY CONES CANDY DECORATION,0,5,0,0
PARTY INVITES BALLOON GIRL,0,16,0,0
PARTY INVITES DINOSAURS,0,21,0,0
PARTY INVITES FOOTBALL,0,16,0,0
PARTY INVITES JAZZ HEARTS,1,23,0.0435,1
PARTY INVITES SPACEMAN,0,18,0,0
PARTY INVITES WOODLAND,0,25,0,0
PARTY METAL SIGN,19,127,0.1496,1
PARTY PIZZA DISH BLUE POLKADOT,1,15,0.0667,1
PARTY PIZZA DISH GREEN POLKADOT,1,16,0.0625,1
PARTY PIZZA DISH PINK POLKADOT,1,14,0.0714,1
PARTY PIZZA DISH RED RETROSPOT,2,21,0.0952,1
PARTY TIME DESIGN FLANNEL,1,7,0.1429,1
PARTY TIME PENCIL ERASERS,3,43,0.0698,1
PASTEL COLOUR HONEYCOMB FAN,3,29,0.1034,1
PEACE WOODEN BLOCK LETTERS,7,67,0.1045,1
PEARL CRYSTAL PUMPKIN T-LIGHT HLDR,3,29,0.1034,1
PEARLISED IVORY HEART LARGE,5,59,0.0847,1
PEARLISED IVORY HEART SMALL,5,40,0.125,1
PEG BAG APPLES DESIGN,3,45,0.0667,1
PENCIL CASE LIFE IS BEAUTIFUL,3,34,0.0882,1
PENNY FARTHING BIRTHDAY CARD,3,51,0.0588,1
PENS ASSORTED FUNKY JEWELED,4,29,0.1379,1
PENS ASSORTED FUNNY FACE,7,89,0.0787,1
PENS ASSORTED SPACEBALL,4,64,0.0625,1
PERIWINKLE T-LIGHT HOLDER,0,2,0,0
PET MUG; GOLDFISH,0,4,0,0
PETIT TRAY CHIC,10,82,0.122,1
PHARMACIE FIRST AID TIN,1,23,0.0435,1
PHOTO CLIP LINE,1,14,0.0714,1
PHOTO CUBE,5,71,0.0704,1
PHOTO FRAME 3 CLASSIC HANGING,5,60,0.0833,1
PHOTO FRAME CORNICE,10,119,0.084,1
PHOTO FRAME LINEN AND LACE LARGE,0,26,0,0
PHOTO FRAME LINEN AND LACE SMALL,2,39,0.0513,1
PICNIC BASKET WICKER LARGE,0,7,0,0
PICNIC BOXES SET OF 3 RETROSPOT,2,39,0.0513,1
PICTURE DOMINOES,12,126,0.0952,1
PICTURE FRAME WOOD TRIPLE PORTRAIT,6,65,0.0923,1
PIECE OF CAMO STATIONERY SET,0,5,0,0
PIG KEYRING WITH LIGHT & SOUND,1,38,0.0263,1
PIGGY BANK RETROSPOT,4,56,0.0714,1
PIN CUSHION BABUSHKA BLUE,0,8,0,0
PIN CUSHION BABUSHKA PINK,3,28,0.1071,1
PIN CUSHION BABUSHKA RED,1,22,0.0455,1
PING MICROWAVE APRON,1,38,0.0263,1
PING! MICROWAVE PLATE,3,18,0.1667,1
PINK & WHITE ROSEBUD RING,1,3,0.3333,1
PINK AND BLACK STRING CURTAIN,0,4,0,0
PINK AND WHITE CHRISTMAS TREE 120CM,1,23,0.0435,1
PINK BABY BUNTING,2,34,0.0588,1
PINK BITTY LIGHT CHAIN,0,9,0,0
PINK BLUE FELT CRAFT TRINKET BOX,23,177,0.1299,1
PINK BOUDICCA LARGE BRACELET,0,2,0,0
PINK BUNNY EASTER EGG BASKET,0,2,0,0
PINK BUTTERFLY WASHBAG,0,3,0,0
PINK CANDYSTUFT ARTIFICIAL FLOWER,0,7,0,0
PINK CAT BOWL,2,29,0.069,1
PINK CLEAR GLASS CANDLE PLATE,0,2,0,0
PINK CREAM FELT CRAFT TRINKET BOX,21,210,0.1,1
PINK CRYSTAL SKULL PHONE CHARM,0,3,0,0
PINK DIAMANTE PEN IN GIFT BOX,5,13,0.3846,1
PINK DINER WALL CLOCK,3,50,0.06,1
PINK DISCO HANDBAG,1,14,0.0714,1
PINK DOG BOWL,2,32,0.0625,1
PINK DOUGHNUT TRINKET POT,9,72,0.125,1
PINK DRAWER KNOB ACRYLIC EDWARDIAN,3,32,0.0938,1
PINK FAIRY CAKE CHILDRENS APRON,18,169,0.1065,1
PINK FAIRY CAKE CUSHION COVER,0,7,0,0
PINK FLORAL FELTCRAFT SHOULDER BAG,12,100,0.12,1
PINK FLOWER CROCHET FOOD COVER,2,13,0.1538,1
PINK FLOWER FABRIC PONY,1,4,0.25,1
PINK FLOWERS RABBIT EASTER,0,2,0,0
PINK FLY SWAT,0,6,0,0
PINK GAUZE BUTTERFLY LAMPSHADE,0,1,0,0
PINK GLASS CANDLEHOLDER,0,8,0,0
PINK GOOSE FEATHER TREE 60CM,2,11,0.1818,1
PINK GREEN EMBROIDERY COSMETIC BAG,0,2,0,0
PINK HANGING HEART T-LIGHT HOLDER,11,82,0.1341,1
PINK HAPPY BIRTHDAY BUNTING,3,68,0.0441,1
PINK HAWAIIAN PICNIC HAMPER FOR 2,0,2,0,0
PINK HEART CONFETTI IN TUBE,0,6,0,0
PINK HEART SHAPE EGG FRYING PAN,0,13,0,0
PINK HEART SHAPE LOVE BUCKET,1,31,0.0323,1
PINK HEARTS LIGHT CHAIN,0,8,0,0
PINK HEARTS PAPER GARLAND,0,4,0,0
PINK HONEYCOMB PAPER FAN,3,22,0.1364,1
PINK HORSE SOCK PUPPET KIT,0,25,0,0
PINK HYDRANGEA ART FLOWER,0,1,0,0
PINK JEWELLED MIRROR TRINKET TRAY,0,8,0,0
PINK JEWELLED PHOTO FRAME,1,12,0.0833,1
PINK LOVE BIRD CANDLE,0,7,0,0
PINK LOVE HEART SHAPE CUP,1,22,0.0455,1
PINK METAL CHICKEN HEART,0,4,0,0
PINK MURANO TWIST NECKLACE,0,3,0,0
PINK NEW BAROQUECANDLESTICK CANDLE,0,5,0,0
PINK OVAL SHAPE TRINKET BOX,0,5,0,0
PINK OWL SOFT TOY,5,65,0.0769,1
PINK PADDED MOBILE,0,2,0,0
PINK PAISLEY ROSE GIFT WRAP,0,8,0,0
PINK PAISLEY SQUARE TISSUE BOX,6,72,0.0833,1
PINK PAPER PARASOL,2,20,0.1,1
PINK PARTY BAGS,1,15,0.0667,1
PINK PARTY SUNGLASSES,0,2,0,0
PINK PILLAR CANDLE SILVER FLOCK,1,24,0.0417,1
PINK POLKADOT BOWL,3,66,0.0455,1
PINK POLKADOT CUP,2,56,0.0357,1
PINK POLKADOT GARDEN PARASOL,0,2,0,0
PINK POLKADOT PLATE,1,38,0.0263,1
PINK POLKADOT WRAP,3,53,0.0566,1
PINK POT PLANT CANDLE,0,15,0,0
PINK REGENCY TEACUP AND SAUCER,15,132,0.1136,1
PINK ROSE FABRIC MIRROR,0,14,0,0
PINK ROSEBUD & PEARL NECKLACE,0,2,0,0
PINK ROSEBUD PEARL BRACELET,0,6,0,0
PINK SCOTTIE DOG W FLOWER PATTERN,0,10,0,0
PINK SMALL JEWELLED PHOTOFRAME,0,4,0,0
PINK SQUARE TABLE CLOCK,0,7,0,0
PINK STOCKING CHRISTMAS DECORATION,0,4,0,0
PINK STRAWBERRY HANDBAG,0,4,0,0
PINK STRING CURTAIN WITH POLE,0,4,0,0
PINK SWEETHEART BRACELET,0,6,0,0
PINK UNION JACK LUGGAGE TAG,2,28,0.0714,1
PINK UNION JACK PASSPORT COVER,1,16,0.0625,1
PINK VINTAGE PAISLEY PICNIC BAG,4,47,0.0851,1
PINK VINTAGE SPOT BEAKER,2,24,0.0833,1
PINK VINTAGE VICTORIAN EARRINGS,0,2,0,0
PINK/BLUE STRING CURTAIN,0,4,0,0
PINK/GREEN FLOWER DESIGN BIG MUG,0,8,0,0
PINK/PURPLE RETRO RADIO,1,9,0.1111,1
"PINK/WHITE ""KEEP CLEAN"" BULLET BIN",0,8,0,0
PINK/WHITE CHRISTMAS TREE 60CM,0,16,0,0
PIZZA PLATE IN BOX,4,31,0.129,1
PLACE SETTING WHITE HEART,7,105,0.0667,1
PLACE SETTING WHITE STAR,2,54,0.037,1
PLASMATRONIC LAMP,0,8,0,0
PLASTERS IN TIN CIRCUS PARADE,26,190,0.1368,1
PLASTERS IN TIN SKULLS,20,181,0.1105,1
PLASTERS IN TIN SPACEBOY,28,217,0.129,1
PLASTERS IN TIN STRONGMAN,17,179,0.095,1
PLASTERS IN TIN VINTAGE PAISLEY,27,184,0.1467,1
PLASTERS IN TIN WOODLAND ANIMALS,25,223,0.1121,1
PLAYING CARDS I LOVE LONDON,5,107,0.0467,1
PLAYING CARDS JUBILEE UNION JACK,15,191,0.0785,1
PLAYING CARDS KEEP CALM & CARRY ON,34,288,0.1181,1
PLAYING CARDS VINTAGE DOILY,3,91,0.033,1
PLEASE ONE PERSON METAL SIGN,18,178,0.1011,1
POCKET BAG BLUE PAISLEY RED SPOT,1,33,0.0303,1
POCKET BAG PINK PAISELY BROWN SPOT,2,22,0.0909,1
POCKET MIRROR WOODLAND,0,4,0,0
POLKA DOT RAFFIA FOOD COVER,1,12,0.0833,1
POLKADOT RAIN HAT,1,30,0.0333,1
POLYESTER FILLER PAD 30CMx30CM,1,6,0.1667,1
POLYESTER FILLER PAD 40x40cm,11,90,0.1222,1
POLYESTER FILLER PAD 45x30cm,2,15,0.1333,1
POLYESTER FILLER PAD 45x45cm,5,46,0.1087,1
POMPOM CURTAIN,1,17,0.0588,1
POPART RECT PENCIL SHARPENER ASST,1,18,0.0556,1
POPART WOODEN PENCILS ASST,1,24,0.0417,1
POPCORN HOLDER,73,383,0.1906,1
POPPY FIELDS CHOPPING BOARD,1,48,0.0208,1
POPPY'S PLAYHOUSE BATHROOM,4,53,0.0755,1
POPPY'S PLAYHOUSE BEDROOM,6,104,0.0577,1
POPPY'S PLAYHOUSE KITCHEN,9,111,0.0811,1
POPPY'S PLAYHOUSE LIVINGROOM,4,69,0.058,1
PORCELAIN BUDAH INCENSE HOLDER,0,8,0,0
PORCELAIN ROSE SMALL,2,9,0.2222,1
PORCELAIN T-LIGHT HOLDERS ASSORTED,1,48,0.0208,1
POSTAGE,66,341,0.1935,1
POSTE FRANCE CUSHION COVER,8,95,0.0842,1
POTTERING IN THE SHED METAL SIGN,4,89,0.0449,1
POTTERING MUG,6,68,0.0882,1
POTTING SHED SEED ENVELOPES,1,20,0.05,1
POTTING SHED TEA MUG,1,34,0.0294,1
POTTING SHED TWINE,2,20,0.1,1
PRETTY HANGING QUILTED HEARTS,1,33,0.0303,1
PSYCHEDELIC TILE COASTER,1,13,0.0769,1
PSYCHEDELIC TILE HOOK,0,26,0,0
PURPLE ACRYLIC FACETED BANGLE,1,2,0.5,1
PURPLE AMETHYST NECKLACE W TASSEL,0,2,0,0
PURPLE DRAWERKNOB ACRYLIC EDWARDIAN,5,44,0.1136,1
PURPLE ENAMEL FLOWER RING,0,2,0,0
PURPLE ENAMEL+GLASS HAIR COMB,0,2,0,0
PURPLE FRANGIPANI NECKLACE,0,1,0,0
PURPLE GEMSTONE BRACELET,0,4,0,0
PURPLE GEMSTONE NECKLACE 45CM,0,4,0,0
PURPLE PAPER PARASOL,1,16,0.0625,1
PURPLE SWEETHEART BRACELET,0,6,0,0
PURPLE/COPPER HANGING LAMPSHADE,0,2,0,0
QUEEN OF SKIES LUGGAGE TAG,0,7,0,0
QUEEN OF THE SKIES PASSPORT COVER,1,10,0.1,1
QUEENS GUARD COFFEE MUG,7,70,0.1,1
RABBIT DESIGN COTTON TOTE BAG,0,5,0,0
RABBIT NIGHT LIGHT,194,716,0.2709,1
RAIN PONCHO RETROSPOT,3,71,0.0423,1
RAINBOW PEGS PHOTO CLIP STRING,2,16,0.125,1
RAINY LADIES BIRTHDAY CARD,2,29,0.069,1
RASPBERRY ANT COPPER FLOWER NECKLAC,0,2,0,0
RASTA IN BATH W SPLIFF ASHTRAY,0,4,0,0
RATTLE SNAKE EGGS,5,67,0.0746,1
RECIPE BOX BLUE SKETCHBOOK DESIGN,1,29,0.0345,1
RECIPE BOX PANTRY YELLOW DESIGN,36,234,0.1538,1
RECIPE BOX RETROSPOT,16,159,0.1006,1
RECIPE BOX WITH METAL HEART,0,1,0,0
"RECORD FRAME 7"" SINGLE SIZE",8,64,0.125,1
RECTANGULAR SHAPED MIRROR,0,10,0,0
RECYCLED ACAPULCO MAT BLUE,0,10,0,0
RECYCLED ACAPULCO MAT GREEN,2,18,0.1111,1
RECYCLED ACAPULCO MAT LAVENDER,0,4,0,0
RECYCLED ACAPULCO MAT PINK,1,9,0.1111,1
RECYCLED ACAPULCO MAT RED,2,17,0.1176,1
RECYCLED ACAPULCO MAT TURQUOISE,1,21,0.0476,1
RECYCLED PENCIL WITH RABBIT ERASER,2,31,0.0645,1
RECYCLING BAG RETROSPOT,15,108,0.1389,1
RED 3 PIECE RETROSPOT CUTLERY SET,0,1,0,0
RED ACRYLIC FACETED BANGLE,0,4,0,0
RED APPLES CHOPPING BOARD,0,47,0,0
RED BABY BUNTING,0,41,0,0
RED BOUDICCA LARGE BRACELET,0,2,0,0
RED CHARLIE+LOLA PERSONAL DOORSIGN,5,73,0.0685,1
RED COAT RACK PARIS FASHION,0,23,0,0
RED DAISY POCKET BOOK,0,17,0,0
RED DINER WALL CLOCK,9,88,0.1023,1
RED DRAGONFLY HELICOPTER,0,20,0,0
RED DRAWER KNOB ACRYLIC EDWARDIAN,4,31,0.129,1
RED EGG SPOON,0,26,0,0
RED ENCHANTED FOREST PLACEMAT,2,37,0.0541,1
RED FLOCK LOVE HEART PHOTO FRAME,2,22,0.0909,1
RED FLORAL FELTCRAFT SHOULDER BAG,13,107,0.1215,1
RED FLOWER CROCHET FOOD COVER,1,28,0.0357,1
RED GINGHAM ROSE JEWELLERY BOX,10,128,0.0781,1
RED GINGHAM TEDDY BEAR,4,52,0.0769,1
RED GLASS TASSLE BAG CHARM,0,4,0,0
RED HANGING HEART T-LIGHT HOLDER,35,249,0.1406,1
RED HARMONICA IN BOX,11,133,0.0827,1
RED HEART LUGGAGE TAG,1,11,0.0909,1
RED HEART SHAPE LOVE BUCKET,2,55,0.0364,1
RED HEARTS LIGHT CHAIN,1,5,0.2,1
RED KITCHEN SCALES,15,140,0.1071,1
RED KUKUI COCONUT SEED NECKLACE,0,9,0,0
RED LOVE HEART SHAPE CUP,1,31,0.0323,1
RED METAL BEACH SPADE,2,25,0.08,1
RED METAL BOX TOP SECRET,16,123,0.1301,1
RED PAPER PARASOL,1,17,0.0588,1
RED PEONY CUSHION COVER,0,2,0,0
RED PEONY TABLE CLOCK,0,5,0,0
RED POLKADOT BEAKER,0,12,0,0
RED PUDDING SPOON,1,18,0.0556,1
RED REFECTORY CLOCK,3,61,0.0492,1
RED RETRO KITCHEN WALL CLOCK,1,35,0.0286,1
RED RETROSPOT APRON,3,18,0.1667,1
RED RETROSPOT BOWL,4,88,0.0455,1
RED RETROSPOT BUTTER DISH,1,9,0.1111,1
RED RETROSPOT CAKE STAND,15,107,0.1402,1
RED RETROSPOT CHARLOTTE BAG,31,203,0.1527,1
RED RETROSPOT CHILDRENS UMBRELLA,4,66,0.0606,1
RED RETROSPOT CUP,5,68,0.0735,1
RED RETROSPOT MINI CASES,7,109,0.0642,1
RED RETROSPOT MUG,1,32,0.0313,1
RED RETROSPOT OVEN GLOVE,10,112,0.0893,1
RED RETROSPOT OVEN GLOVE DOUBLE,1,21,0.0476,1
RED RETROSPOT PEG BAG,8,72,0.1111,1
RED RETROSPOT PICNIC BAG,1,41,0.0244,1
RED RETROSPOT PLATE,3,50,0.06,1
RED RETROSPOT PUDDING BOWL,1,20,0.05,1
RED RETROSPOT PURSE,0,2,0,0
RED RETROSPOT ROUND CAKE TINS,6,77,0.0779,1
RED RETROSPOT SHOPPER BAG,14,128,0.1094,1
RED RETROSPOT SHOPPING BAG,2,18,0.1111,1
RED RETROSPOT SMALL MILK JUG,9,81,0.1111,1
RED RETROSPOT SUGAR JAM BOWL,3,46,0.0652,1
RED RETROSPOT TAPE,2,30,0.0667,1
RED RETROSPOT TEA CUP AND SAUCER,4,44,0.0909,1
RED RETROSPOT TISSUE BOX,8,98,0.0816,1
RED RETROSPOT UMBRELLA,5,86,0.0581,1
RED RETROSPOT WASHBAG,0,2,0,0
RED RETROSPOT WRAP,7,112,0.0625,1
RED ROCKING HORSE HAND PAINTED,12,87,0.1379,1
RED SHARK HELICOPTER,2,24,0.0833,1
RED SPOT CERAMIC DRAWER KNOB,3,53,0.0566,1
RED SPOT GIFT BAG LARGE,3,74,0.0405,1
RED SPOT PAPER GIFT BAG,8,92,0.087,1
RED SPOTTY BISCUIT TIN,9,63,0.1429,1
RED STAR CARD HOLDER,6,113,0.0531,1
RED STRIPE CERAMIC DRAWER KNOB,4,67,0.0597,1
RED TOADSTOOL LED NIGHT LIGHT,29,222,0.1306,1
RED VICTORIAN FABRIC OVAL BOX,0,20,0,0
RED VINTAGE SPOT BEAKER,2,27,0.0741,1
RED WOOLLY HOTTIE WHITE HEART.,25,203,0.1232,1
RED/CREAM STRIPE CUSHION COVER,2,13,0.1538,1
REGENCY CAKE FORK,0,20,0,0
REGENCY CAKE SLICE,1,31,0.0323,1
REGENCY CAKESTAND 3 TIER,62,393,0.1578,1
REGENCY MILK JUG PINK,5,70,0.0714,1
REGENCY MIRROR WITH SHUTTERS,0,2,0,0
REGENCY SUGAR BOWL GREEN,6,61,0.0984,1
REGENCY SUGAR TONGS,2,25,0.08,1
REGENCY TEA PLATE GREEN,4,68,0.0588,1
REGENCY TEA PLATE PINK,4,54,0.0741,1
REGENCY TEA PLATE ROSES,10,80,0.125,1
REGENCY TEA SPOON,0,10,0,0
REGENCY TEA STRAINER,4,54,0.0741,1
REGENCY TEAPOT ROSES,8,109,0.0734,1
REINDEER HEART DECORATION GOLD,6,62,0.0968,1
REINDEER HEART DECORATION SILVER,7,91,0.0769,1
RESIN NECKLACE W PASTEL BEADS,0,4,0,0
RETRO COFFEE MUGS ASSORTED,1,7,0.1429,1
RETRO LONGBOARD IRONING BOARD COVER,2,34,0.0588,1
RETRO MOD TRAY,2,50,0.04,1
RETRO PILL BOX ; REVOLUTIONARY,0,6,0,0
RETRO PILL BOX KEY CHAIN;THE KING,0,8,0,0
RETRO PLASTIC 70'S TRAY,1,13,0.0769,1
RETRO PLASTIC DAISY TRAY,1,13,0.0769,1
RETRO PLASTIC ELEPHANT TRAY,2,29,0.069,1
RETRO PLASTIC POLKA TRAY,1,31,0.0323,1
RETROSPOT BABUSHKA DOORSTOP,2,29,0.069,1
RETROSPOT CANDLE LARGE,1,22,0.0455,1
RETROSPOT CANDLE MEDIUM,2,37,0.0541,1
RETROSPOT CANDLE SMALL,2,19,0.1053,1
RETROSPOT CHILDRENS APRON,7,108,0.0648,1
RETROSPOT CIGAR BOX MATCHES,12,154,0.0779,1
RETROSPOT GIANT TUBE MATCHES,6,94,0.0638,1
RETROSPOT HEART HOT WATER BOTTLE,34,288,0.1181,1
RETROSPOT LAMP,0,6,0,0
RETROSPOT LARGE MILK JUG,6,71,0.0845,1
RETROSPOT PADDED SEAT CUSHION,0,5,0,0
RETROSPOT PARTY BAG + STICKER SET,3,80,0.0375,1
RETROSPOT RED WASHING UP GLOVES,5,34,0.1471,1
RETROSPOT SMALL TUBE MATCHES,3,90,0.0333,1
RETROSPOT TEA SET CERAMIC 11 PC,54,326,0.1656,1
RETROSPOT WOODEN HEART DECORATION,14,108,0.1296,1
REVOLVER WOODEN RULER,15,176,0.0852,1
REX CASH+CARRY JUMBO SHOPPER,47,392,0.1199,1
RIBBON REEL CHRISTMAS PRESENT,12,140,0.0857,1
RIBBON REEL CHRISTMAS SOCK BAUBLE,7,151,0.0464,1
RIBBON REEL FLORA + FAUNA,1,40,0.025,1
RIBBON REEL HEARTS DESIGN,2,73,0.0274,1
RIBBON REEL LACE DESIGN,4,54,0.0741,1
RIBBON REEL MAKING SNOWMEN,11,116,0.0948,1
RIBBON REEL POLKADOTS,2,85,0.0235,1
RIBBON REEL SNOWY VILLAGE,14,128,0.1094,1
RIBBON REEL SOCKS AND MITTENS,4,62,0.0645,1
RIBBON REEL STRIPES DESIGN,12,139,0.0863,1
RIBBONS PURSE,0,13,0,0
RIDGED BONNE JAM JAR T-LIGHT HOLDER,0,12,0,0
RIDGED GLASS T-LIGHT HOLDER,1,15,0.0667,1
RING OF ROSES BIRTHDAY CARD,0,20,0,0
RIVIERA NECKLACE,0,2,0,0
ROBOT BIRTHDAY CARD,1,66,0.0152,1
ROCKING HORSE GREEN CHRISTMAS,6,111,0.0541,1
ROCKING HORSE RED CHRISTMAS,11,141,0.078,1
ROCOCO WALL MIROR,0,2,0,0
ROCOCO WALL MIRROR WHITE,15,84,0.1786,1
ROLL WRAP 50'S CHRISTMAS,27,285,0.0947,1
ROLL WRAP 50'S RED CHRISTMAS,8,166,0.0482,1
ROLL WRAP VINTAGE CHRISTMAS,23,250,0.092,1
ROLL WRAP VINTAGE SPOT,25,232,0.1078,1
ROMANTIC IMAGES GIFT WRAP SET,4,51,0.0784,1
ROMANTIC IMAGES NOTEBOOK SET,0,13,0,0
ROMANTIC PINKS RIBBONS,5,63,0.0794,1
ROSE 1 WICK MORRIS BOXED CANDLE,9,71,0.1268,1
ROSE 3 WICK MORRIS BOX CANDLE,8,96,0.0833,1
ROSE CARAVAN DOORSTOP,2,76,0.0263,1
ROSE COTTAGE KEEPSAKE BOX,1,4,0.25,1
ROSE DU SUD COSMETICS BAG,0,6,0,0
ROSE DU SUD DRAWSTRING BAG,0,2,0,0
ROSE DU SUD WASHBAG,0,6,0,0
ROSE FLOWER CANDLE+INCENSE 16X16CM,1,2,0.5,1
ROSE FOLKART HEART DECORATIONS,4,20,0.2,1
ROSE SCENT CANDLE IN JEWELLED BOX,1,3,0.3333,1
ROSE SCENT CANDLE JEWELLED DRAWER,0,12,0,0
ROSES REGENCY TEACUP AND SAUCER,22,171,0.1287,1
ROTATING LEAVES T-LIGHT HOLDER,12,87,0.1379,1
ROTATING SILVER ANGELS T-LIGHT HLDR,32,246,0.1301,1
ROUND CACTUS CANDLE,0,6,0,0
ROUND CAKE TIN VINTAGE GREEN,1,49,0.0204,1
ROUND CAKE TIN VINTAGE RED,10,84,0.119,1
ROUND CONTAINER SET OF 5 RETROSPOT,4,33,0.1212,1
ROUND PINK HEART MIRROR,1,7,0.1429,1
ROUND PURPLE CLOCK WITH SUCKER,0,9,0,0
ROUND SNACK BOXES SET OF 4 FRUITS,8,127,0.063,1
ROUND SNACK BOXES SET OF 4 SKULLS,3,60,0.05,1
ROUND SNACK BOXES SET OF4 WOODLAND,22,188,0.117,1
ROUND STORAGE TIN VINTAGE LEAF,2,42,0.0476,1
ROUND WHITE CONFETTI IN TUBE,1,3,0.3333,1
RUBY GLASS CLUSTER BRACELET,0,2,0,0
RUBY GLASS CLUSTER NECKLACE,0,2,0,0
RUSTIC MIRROR WITH LACE HEART,4,43,0.093,1
RUSTIC SEVENTEEN DRAWER SIDEBOARD,1,6,0.1667,1
RUSTIC STRAWBERRY JAM POT LARGE,1,16,0.0625,1
RUSTIC STRAWBERRY JAM POT SMALL,2,15,0.1333,1
RUSTIC WOODEN CABINET; GLASS DOORS,0,2,0,0
S/12 MINI RABBIT EASTER,0,5,0,0
S/12 VANILLA BOTANICAL T-LIGHTS,0,1,0,0
S/2 ZINC HEART DESIGN PLANTERS,0,7,0,0
S/4 BLACK MINI ROSE CANDLE IN BOWL,1,3,0.3333,1
S/4 CACTI CANDLES,4,33,0.1212,1
S/4 ICON COASTER;ELVIS LIVES,1,4,0.25,1
S/4 IVORY MINI ROSE CANDLE IN BOWL,1,25,0.04,1
S/4 PINK FLOWER CANDLES IN BOWL,2,47,0.0426,1
S/6 SEW ON CROCHET FLOWERS,0,2,0,0
S/6 WOODEN SKITTLES IN COTTON BAG,4,75,0.0533,1
SANDALWOOD FAN,1,23,0.0435,1
SAVE THE PLANET COTTON TOTE BAG,0,31,0,0
SAVE THE PLANET MUG,14,86,0.1628,1
SCANDINAVIAN 3 HEARTS NAPKIN RING,1,14,0.0714,1
SCANDINAVIAN PAISLEY PICNIC BAG,3,60,0.05,1
SCANDINAVIAN REDS RIBBONS,19,154,0.1234,1
SCENTED VELVET LOUNGE CANDLE,4,51,0.0784,1
SCHOOL DESK AND CHAIR,0,1,0,0
SCOTTIE DOG HOT WATER BOTTLE,65,367,0.1771,1
SCOTTIE DOGS BABY BIB,3,48,0.0625,1
SCOTTIES DESIGN WASHBAG,0,2,0,0
SEASIDE FLYING DISC,1,8,0.125,1
SET 10 NIGHT OWL LIGHTS,8,63,0.127,1
SET 12 COLOUR PENCILS DOILEY,0,2,0,0
SET 12 COLOUR PENCILS DOLLY GIRL,25,160,0.1563,1
SET 12 COLOUR PENCILS LOVE LONDON,15,136,0.1103,1
SET 12 COLOUR PENCILS SPACEBOY,29,227,0.1278,1
SET 12 COLOURING PENCILS DOILY,17,140,0.1214,1
SET 12 KIDS COLOUR CHALK STICKS,11,126,0.0873,1
SET 12 KIDS WHITE CHALK STICKS,6,79,0.0759,1
SET 12 RETRO WHITE CHALK STICKS,4,91,0.044,1
SET 12 VINTAGE DOILY CHALK,14,158,0.0886,1
SET 2 PANTRY DESIGN TEA TOWELS,4,66,0.0606,1
SET 2 TEA TOWELS I LOVE LONDON,13,103,0.1262,1
SET 20 NAPKINS FAIRY CAKES DESIGN,5,64,0.0781,1
SET 3 RETROSPOT TEA;COFFEE;SUGAR,26,99,0.2626,1
SET 3 SONG BIRD PAPER EGGS ASSORTED,0,2,0,0
SET 3 WICKER STORAGE BASKETS,0,18,0,0
SET 36 COLOUR PENCILS DOLLY GIRL,14,104,0.1346,1
SET 36 COLOUR PENCILS LOVE LONDON,10,104,0.0962,1
SET 36 COLOUR PENCILS SPACEBOY,15,148,0.1014,1
SET 36 COLOURING PENCILS DOILY,10,122,0.082,1
SET 4 PICNIC CUTLERY BLUEBERRY,0,16,0,0
SET 4 PICNIC CUTLERY CHERRY,0,16,0,0
SET 4 PICNIC CUTLERY FONDANT,0,10,0,0
SET 4 VALENTINE DECOUPAGE HEART BOX,1,35,0.0286,1
SET 40 HEART SHAPE PETIT FOUR CASES,0,10,0,0
SET 6 FOOTBALL CELEBRATION CANDLES,1,22,0.0455,1
SET 6 PAPER TABLE LANTERN HEARTS,20,156,0.1282,1
SET 6 PAPER TABLE LANTERN STARS,18,165,0.1091,1
SET 6 SCHOOL MILK BOTTLES IN CRATE,23,180,0.1278,1
SET 7 BABUSHKA NESTING BOXES,11,92,0.1196,1
SET 8 CANDLES VINTAGE DOILY,1,71,0.0141,1
SET OF 10 LANTERNS FAIRY LIGHT STAR,6,48,0.125,1
SET OF 10 LED DOLLY LIGHTS,11,155,0.071,1
SET OF 12 FAIRY CAKE BAKING CASES,34,239,0.1423,1
SET OF 12 FORK CANDLES,7,69,0.1014,1
SET OF 12 MINI LOAF BAKING CASES,22,195,0.1128,1
SET OF 12 T-LIGHTS VINTAGE DOILY,1,53,0.0189,1
SET OF 12 VINTAGE POSTCARD SET,1,58,0.0172,1
SET OF 16 VINTAGE BLACK CUTLERY,0,8,0,0
SET OF 16 VINTAGE PISTACHIO CUTLERY,0,9,0,0
SET OF 16 VINTAGE RED CUTLERY,0,10,0,0
SET OF 16 VINTAGE ROSE CUTLERY,0,7,0,0
SET OF 16 VINTAGE SKY BLUE CUTLERY,0,3,0,0
SET OF 2 CERAMIC CHRISTMAS REINDEER,0,5,0,0
SET OF 2 CERAMIC CHRISTMAS TREES,5,70,0.0714,1
SET OF 2 CERAMIC PAINTED HEARTS,7,79,0.0886,1
SET OF 2 CHRISTMAS DECOUPAGE CANDLE,9,94,0.0957,1
SET OF 2 ROUND TINS CAMEMBERT,1,40,0.025,1
SET OF 2 ROUND TINS DUTCH CHEESE,1,43,0.0233,1
SET OF 2 TEA TOWELS APPLE AND PEARS,10,83,0.1205,1
SET OF 2 TEA TOWELS PING MICROWAVE,1,13,0.0769,1
SET OF 2 TINS JARDIN DE PROVENCE,2,52,0.0385,1
SET OF 2 TINS VINTAGE BATHROOM,0,8,0,0
SET OF 2 TRAYS HOME SWEET HOME,7,97,0.0722,1
SET OF 2 WOODEN MARKET CRATES,4,35,0.1143,1
SET OF 20 KIDS COOKIE CUTTERS,16,163,0.0982,1
SET OF 20 VINTAGE CHRISTMAS NAPKINS,53,369,0.1436,1
SET OF 3 BIRD LIGHT PINK FEATHER,10,115,0.087,1
SET OF 3 BLACK FLYING DUCKS,2,22,0.0909,1
SET OF 3 BUTTERFLY COOKIE CUTTERS,17,167,0.1018,1
SET OF 3 CAKE TINS PANTRY DESIGN,50,288,0.1736,1
SET OF 3 CAKE TINS SKETCHBOOK,5,75,0.0667,1
SET OF 3 GOLD FLYING DUCKS,0,12,0,0
SET OF 3 HANGING OWLS OLLIE BEAK,37,231,0.1602,1
SET OF 3 HEART COOKIE CUTTERS,13,168,0.0774,1
SET OF 3 MINI HANGING PORTRAITS,0,3,0,0
SET OF 3 NOTEBOOKS IN PARCEL,6,108,0.0556,1
SET OF 3 PANTRY WOODEN SPOONS,4,42,0.0952,1
SET OF 3 REGENCY CAKE TINS,35,290,0.1207,1
SET OF 3 WOODEN HEART DECORATIONS,31,265,0.117,1
SET OF 3 WOODEN SLEIGH DECORATIONS,22,208,0.1058,1
SET OF 3 WOODEN STOCKING DECORATION,24,230,0.1043,1
SET OF 3 WOODEN TREE DECORATIONS,26,199,0.1307,1
SET OF 36 DINOSAUR PAPER DOILIES,0,13,0,0
SET OF 36 DOILIES PANTRY DESIGN,0,14,0,0
SET OF 36 DOILIES SPACEBOY DESIGN,0,3,0,0
SET OF 36 DOLLY GIRL PAPER DOILIES,0,24,0,0
SET OF 36 MUSHROOM PAPER DOILIES,0,7,0,0
SET OF 36 PAISLEY FLOWER DOILIES,6,74,0.0811,1
SET OF 36 PANTRY PAPER DOILIES,1,25,0.04,1
SET OF 36 SPACEBOY PAPER DOILIES,0,15,0,0
SET OF 36 TEATIME PAPER DOILIES,8,72,0.1111,1
SET OF 36 VINTAGE CHRISTMAS DOILIES,0,12,0,0
SET OF 4 BLACK LOVEBIRD COASTERS,2,20,0.1,1
SET OF 4 CAROUSEL PLACEMATS,0,4,0,0
SET OF 4 DIAMOND NAPKIN RINGS,0,10,0,0
SET OF 4 ENGLISH ROSE COASTERS,7,46,0.1522,1
SET OF 4 ENGLISH ROSE PLACEMATS,4,40,0.1,1
SET OF 4 FAIRY CAKE PLACEMATS,2,27,0.0741,1
SET OF 4 GREEN CAROUSEL COASTERS,0,8,0,0
SET OF 4 JAM JAR MAGNETS,8,85,0.0941,1
SET OF 4 KNICK KNACK TINS DOILY,29,219,0.1324,1
SET OF 4 KNICK KNACK TINS LEAF,7,63,0.1111,1
SET OF 4 KNICK KNACK TINS LONDON,9,110,0.0818,1
SET OF 4 KNICK KNACK TINS POPPIES,4,71,0.0563,1
SET OF 4 NAPKIN CHARMS 3 KEYS,0,20,0,0
SET OF 4 NAPKIN CHARMS CROWNS,3,26,0.1154,1
SET OF 4 NAPKIN CHARMS CUTLERY,4,49,0.0816,1
SET OF 4 NAPKIN CHARMS HEARTS,5,61,0.082,1
SET OF 4 NAPKIN CHARMS INSTRUMENT,0,21,0,0
SET OF 4 NAPKIN CHARMS LEAVES,1,25,0.04,1
SET OF 4 NAPKIN CHARMS STARS,2,42,0.0476,1
SET OF 4 PANTRY JELLY MOULDS,41,232,0.1767,1
SET OF 4 PISTACHIO LOVEBIRD COASTER,2,14,0.1429,1
SET OF 4 POLKADOT COASTERS,0,15,0,0
SET OF 4 POLKADOT PLACEMATS,0,7,0,0
SET OF 4 ROSE BOTANICAL CANDLES,17,130,0.1308,1
SET OF 4 SANTA PLACE SETTINGS,4,82,0.0488,1
SET OF 5 LUCKY CAT MAGNETS,11,83,0.1325,1
SET OF 5 MINI GROCERY MAGNETS,9,88,0.1023,1
SET OF 5 PANCAKE DAY MAGNETS,5,78,0.0641,1
SET OF 6 3D KIT CARDS FOR KIDS,10,90,0.1111,1
SET OF 6 CAKE CHOPSTICKS,1,26,0.0385,1
SET OF 6 EASTER RAINBOW CHICKS,0,2,0,0
SET OF 6 FUNKY BEAKERS,3,20,0.15,1
SET OF 6 GIRLS CELEBRATION CANDLES,2,17,0.1176,1
SET OF 6 HALLOWEEN GHOST T-LIGHTS,0,11,0,0
SET OF 6 HEART CHOPSTICKS,2,45,0.0444,1
SET OF 6 HERB TINS SKETCHBOOK,5,53,0.0943,1
SET OF 6 KASHMIR FOLKART BAUBLES,0,19,0,0
SET OF 6 NATIVITY MAGNETS,10,114,0.0877,1
SET OF 6 RIBBONS COUNTRY STYLE,0,37,0,0
SET OF 6 RIBBONS PARTY,0,23,0,0
SET OF 6 RIBBONS PERFECTLY PRETTY,1,65,0.0154,1
SET OF 6 RIBBONS VINTAGE CHRISTMAS,24,279,0.086,1
SET OF 6 SNACK LOAF BAKING CASES,15,147,0.102,1
SET OF 6 SOLDIER SKITTLES,17,161,0.1056,1
SET OF 6 SPICE TINS PANTRY DESIGN,19,182,0.1044,1
SET OF 6 STRAWBERRY CHOPSTICKS,1,35,0.0286,1
SET OF 6 TEA TIME BAKING CASES,15,169,0.0888,1
SET OF 6 T-LIGHTS CACTI,4,44,0.0909,1
SET OF 6 T-LIGHTS EASTER CHICKS,0,8,0,0
SET OF 6 T-LIGHTS SANTA,16,143,0.1119,1
SET OF 6 T-LIGHTS SNOWMEN,11,107,0.1028,1
SET OF 6 T-LIGHTS TOADSTOOLS,2,47,0.0426,1
SET OF 6 T-LIGHTS WEDDING CAKE,0,15,0,0
SET OF 60 I LOVE LONDON CAKE CASES,18,156,0.1154,1
SET OF 60 PANTRY DESIGN CAKE CASES,16,211,0.0758,1
SET OF 60 VINTAGE LEAF CAKE CASES,13,129,0.1008,1
SET OF 72 PINK HEART PAPER DOILIES,8,70,0.1143,1
SET OF 72 RETROSPOT PAPER DOILIES,15,122,0.123,1
SET OF 72 SKULL PAPER DOILIES,1,20,0.05,1
SET OF 9 BLACK SKULL BALLOONS,5,55,0.0909,1
SET OF 9 HEART SHAPED BALLOONS,3,73,0.0411,1
SET OF PICTURE FRAME STICKERS,2,6,0.3333,1
SET OF SALT AND PEPPER TOADSTOOLS,2,32,0.0625,1
SET OF SKULL WALL STICKERS,0,5,0,0
SET OF TEA COFFEE SUGAR TINS PANTRY,17,141,0.1206,1
SET/10 BLUE POLKADOT PARTY CANDLES,1,52,0.0192,1
SET/10 IVORY POLKADOT PARTY CANDLES,2,38,0.0526,1
SET/10 PINK POLKADOT PARTY CANDLES,2,69,0.029,1
SET/10 RED POLKADOT PARTY CANDLES,8,106,0.0755,1
SET/12 FUNKY FELT FLOWER PEG IN BAG,0,6,0,0
SET/12 TAPER CANDLES,2,37,0.0541,1
SET/2 RED RETROSPOT TEA TOWELS,3,64,0.0469,1
SET/20 RED RETROSPOT PAPER NAPKINS,20,165,0.1212,1
SET/3 DECOUPAGE STACKING TINS,1,31,0.0323,1
SET/3 OCEAN SCENT CANDLE JEWEL BOX,2,26,0.0769,1
SET/3 POT PLANT CANDLES,0,3,0,0
SET/3 RABBITS FLOWER SKIPPPING ROPE,0,2,0,0
SET/3 RED GINGHAM ROSE STORAGE BOX,9,89,0.1011,1
SET/3 ROSE CANDLE IN JEWELLED BOX,0,25,0,0
SET/3 VANILLA SCENTED CANDLE IN BOX,3,34,0.0882,1
SET/4 BADGES BALLOON GIRL,2,18,0.1111,1
SET/4 BADGES BEETLES,2,16,0.125,1
SET/4 BADGES CUTE CREATURES,0,4,0,0
SET/4 BADGES DOGS,1,20,0.05,1
SET/4 BIRD MIRROR MAGNETS,0,19,0,0
SET/4 COLOURFUL MIXING BOWLS,0,21,0,0
SET/4 DAISY MIRROR MAGNETS,1,24,0.0417,1
SET/4 RED MINI ROSE CANDLE IN BOWL,1,26,0.0385,1
SET/4 SKULL BADGES,0,24,0,0
SET/4 SPRING FLOWER DECORATION,0,22,0,0
SET/4 WHITE RETRO STORAGE CUBES,2,37,0.0541,1
SET/5 RED RETROSPOT LID GLASS BOWLS,38,242,0.157,1
SET/6 BLACK BIRD T-LIGHT CANDLES,2,5,0.4,1
SET/6 COLLAGE PAPER CUPS,3,23,0.1304,1
SET/6 COLLAGE PAPER PLATES,2,28,0.0714,1
SET/6 EAU DE NIL BIRD T-LIGHTS,1,8,0.125,1
SET/6 FROG PRINCE T-LIGHT CANDLES,2,26,0.0769,1
SET/6 FRUIT SALAD PAPER CUPS,0,7,0,0
SET/6 FRUIT SALAD PAPER PLATES,0,5,0,0
SET/6 PINK BIRD T-LIGHT CANDLES,2,19,0.1053,1
SET/6 PINK BUTTERFLY T-LIGHTS,6,47,0.1277,1
SET/6 PURPLE BUTTERFLY T-LIGHTS,5,51,0.098,1
SET/6 RED SPOTTY PAPER CUPS,7,58,0.1207,1
SET/6 RED SPOTTY PAPER PLATES,7,63,0.1111,1
SET/6 TURQUOISE BUTTERFLY T-LIGHTS,4,38,0.1053,1
SET3 BOOK BOX GREEN GINGHAM FLOWER,6,62,0.0968,1
SEWING BOX RETROSPOT DESIGN,6,64,0.0938,1
SEWING SUSAN 21 NEEDLE SET,1,32,0.0313,1
SHELF WITH 4 HOOKS HOME SWEET HOME,6,42,0.1429,1
SILICON CUBE 25W; BLUE,0,1,0,0
SILICON STAR BULB BLUE,0,8,0,0
SILK PURSE BABUSHKA BLUE,2,18,0.1111,1
SILK PURSE BABUSHKA PINK,2,24,0.0833,1
SILVER 2 STRAND NECKLACE-LEAF CHARM,0,2,0,0
SILVER AND BLACK ORBIT NECKLACE,0,2,0,0
SILVER BELLS TABLE DECORATION,16,182,0.0879,1
SILVER BLACK ORBIT BRACELET,0,4,0,0
SILVER DIAMANTE PEN IN GIFT BOX,1,12,0.0833,1
SILVER DISCO HANDBAG,1,15,0.0667,1
SILVER FABRIC MIRROR,2,34,0.0588,1
SILVER FISHING GNOME,1,10,0.1,1
SILVER GLASS T-LIGHT SET,0,8,0,0
SILVER GLITTER FLOWER VOTIVE HOLDER,3,28,0.1071,1
SILVER HANGING T-LIGHT HOLDER,10,105,0.0952,1
SILVER HEARTS TABLE DECORATION,3,95,0.0316,1
SILVER HOOP EARRINGS WITH FLOWER,0,4,0,0
SILVER JEWELLED MIRROR TRINKET TRAY,1,23,0.0435,1
SILVER LARIAT 40CM,0,1,0,0
SILVER M.O.P ORBIT BRACELET,0,5,0,0
SILVER M.O.P ORBIT DROP EARRINGS,0,4,0,0
SILVER M.O.P. ORBIT NECKLACE,0,3,0,0
SILVER MUG BONE CHINA TREE OF LIFE,10,95,0.1053,1
SILVER OVAL SHAPE TRINKET BOX,0,3,0,0
SILVER PLATE CANDLE BOWL SMALL,0,9,0,0
SILVER RECORD COVER FRAME,3,28,0.1071,1
SILVER ROCCOCO CHANDELIER,0,4,0,0
SILVER ROCOCO CANDLE STICK,0,4,0,0
SILVER STANDING GNOME,1,9,0.1111,1
SILVER STARS TABLE DECORATION,9,156,0.0577,1
SILVER TEDDY BEAR,1,12,0.0833,1
SILVER VANILLA FLOWER CANDLE POT,0,6,0,0
SILVER/AMETHYST DROP EARRINGS LEAF,0,2,0,0
SILVER/M.O.P PENDANT ORBIT NECKLACE,0,2,0,0
SILVER/NATURAL SHELL NECKLACE,0,2,0,0
SINGLE ANTIQUE ROSE HOOK IVORY,7,75,0.0933,1
SINGLE HEART ZINC T-LIGHT HOLDER,3,70,0.0429,1
SINGLE WIRE HOOK IVORY HEART,1,23,0.0435,1
SINGLE WIRE HOOK PINK HEART,2,12,0.1667,1
SIX DRAWER OFFICE TIDY,1,30,0.0333,1
SKETCHBOOK MAGNETIC SHOPPING LIST,17,128,0.1328,1
SKULL AND CROSSBONES GARLAND,0,22,0,0
SKULL DESIGN TV DINNER TRAY,6,55,0.1091,1
SKULL LUNCH BOX WITH CUTLERY,5,75,0.0667,1
SKULL SHOULDER BAG,6,40,0.15,1
SKULLS AND CROSSBONES WRAP,2,51,0.0392,1
SKULLS DESIGN COTTON TOTE BAG,0,5,0,0
SKULLS DESIGN FLANNEL,2,14,0.1429,1
SKULLS GREETING CARD,2,33,0.0606,1
SKULLS PARTY BAG + STICKER SET,0,36,0,0
SKULLS SQUARE TISSUE BOX,2,21,0.0952,1
SKULLS STICKERS,2,30,0.0667,1
SKULLS STORAGE BOX LARGE,0,9,0,0
SKULLS STORAGE BOX SMALL,0,8,0,0
SKULLS TAPE,0,12,0,0
SKULLS WATER TRANSFER TATTOOS,3,45,0.0667,1
SKULLS WRITING SET,13,93,0.1398,1
SLATE TILE NATURAL HANGING,5,55,0.0909,1
SLEEPING CAT ERASERS,7,74,0.0946,1
SMALL APOTHECARY MEASURING JAR,0,11,0,0
SMALL BLUE PROVENCAL CERAMIC BALL,0,1,0,0
SMALL BONNE JAM JAR T-LIGHT HOLDER,2,20,0.1,1
SMALL CAMPHOR WOOD FIELD MUSHROOM,0,10,0,0
SMALL CERAMIC TOP STORAGE JAR,5,68,0.0735,1
SMALL CHINESE STYLE SCISSOR,2,19,0.1053,1
SMALL CHOCOLATES PINK BOWL,5,60,0.0833,1
SMALL DOLLY MIX DESIGN ORANGE BOWL,17,145,0.1172,1
SMALL FOLDING SCISSOR(POINTED EDGE),2,39,0.0513,1
SMALL FOLKART STAR CHRISTMAS DEC,0,18,0,0
SMALL GLASS HEART TRINKET POT,15,116,0.1293,1
SMALL GLASS SUNDAE DISH CLEAR,1,10,0.1,1
SMALL HAMMERED SILVER CANDLEPOT,1,17,0.0588,1
SMALL HANGING IVORY/RED WOOD BIRD,9,111,0.0811,1
SMALL HEART FLOWERS HOOK,3,24,0.125,1
SMALL HEART MEASURING SPOONS,13,88,0.1477,1
SMALL IVORY HEART WALL ORGANISER,5,55,0.0909,1
SMALL KITCHEN FLOWER POTS PLAQUE,0,2,0,0
SMALL MARSHMALLOWS PINK BOWL,9,110,0.0818,1
SMALL MEDINA STAMPED METAL BOWL,2,16,0.125,1
SMALL PARISIENNE HEART PHOTO FRAME,1,30,0.0333,1
SMALL PARLOUR FRAME,0,3,0,0
SMALL PARLOUR PICTURE FRAME,3,53,0.0566,1
SMALL PINK MAGIC CHRISTMAS TREE,0,7,0,0
SMALL POLKADOT CHOCOLATE GIFT BAG,0,13,0,0
SMALL POP BOX FUNKY MONKEY,3,27,0.1111,1
SMALL POP BOX;FUNKY MONKEY,1,6,0.1667,1
SMALL PURPLE BABUSHKA NOTEBOOK,13,87,0.1494,1
SMALL RED BABUSHKA NOTEBOOK,13,98,0.1327,1
SMALL RED RETROSPOT MUG IN BOX,6,49,0.1224,1
SMALL RED RETROSPOT WINDMILL,1,7,0.1429,1
SMALL REGAL SILVER CANDLEPOT,0,12,0,0
SMALL ROUND CUT GLASS CANDLESTICK,1,11,0.0909,1
SMALL SILVER FLOWER CANDLE POT,1,15,0.0667,1
SMALL SILVER TRELLIS CANDLEPOT,0,5,0,0
SMALL SINGLE FLAME CANDLE HOLDER,1,7,0.1429,1
SMALL SKULL WINDMILL,0,4,0,0
SMALL SQUARE CUT GLASS CANDLESTICK,1,7,0.1429,1
SMALL STRIPES CHOCOLATE GIFT BAG,0,9,0,0
SMALL TALL CAMPHOR WOOD TOADSTOOL,1,8,0.125,1
SMALL WHITE HEART OF WICKER,47,339,0.1386,1
SMALL WHITE RETROSPOT MUG IN BOX,4,55,0.0727,1
SMALL YELLOW BABUSHKA NOTEBOOK,11,81,0.1358,1
SMALL ZINC HEART WALL ORGANISER,0,10,0,0
SMALL ZINC/GLASS CANDLEHOLDER,0,5,0,0
SMOKEY GREY COLOUR GLASS,1,19,0.0526,1
SNACK TRAY HAPPY FOREST,1,35,0.0286,1
SNACK TRAY I LOVE LONDON,2,39,0.0513,1
SNACK TRAY PAISLEY PARK,0,41,0,0
SNACK TRAY RED GINGHAM,0,21,0,0
SNACK TRAY RED VINTAGE DOILY,2,50,0.04,1
SNOWFLAKE PORTABLE TABLE LIGHT,7,73,0.0959,1
SNOWSTORM PHOTO FRAME FRIDGE MAGNET,0,18,0,0
SOAP DISH BROCANTE,2,21,0.0952,1
SOFT PINK ROSE TOWEL,0,4,0,0
SOLDIERS EGG CUP,13,112,0.1161,1
SOMBRERO,1,17,0.0588,1
SPACE CADET BLACK,0,3,0,0
SPACE CADET RED,0,8,0,0
SPACE CADET WHITE,0,9,0,0
SPACE FROG,1,5,0.2,1
SPACE OWL,2,12,0.1667,1
SPACEBOY BABY GIFT SET,2,41,0.0488,1
SPACEBOY BEAKER,6,61,0.0984,1
SPACEBOY BIRTHDAY CARD,6,111,0.0541,1
SPACEBOY CHILDRENS BOWL,8,84,0.0952,1
SPACEBOY CHILDRENS CUP,5,75,0.0667,1
SPACEBOY CHILDRENS EGG CUP,3,42,0.0714,1
SPACEBOY GIFT WRAP,1,73,0.0137,1
SPACEBOY LUNCH BOX,27,184,0.1467,1
SPACEBOY MINI BACKPACK,10,153,0.0654,1
SPACEBOY ROCKET LOLLY MAKERS,8,83,0.0964,1
SPACEBOY TV DINNER TRAY,5,36,0.1389,1
SPACEBOY WALL ART,0,5,0,0
SPOTS ON RED BOOKCOVER TAPE,0,2,0,0
SPOTTED WHITE NATURAL SEED NECKLACE,0,1,0,0
SPOTTY BUNTING,25,233,0.1073,1
SPOTTY PINK DUCK DOORSTOP,5,39,0.1282,1
SQUARE CHERRY BLOSSOM CABINET,1,6,0.1667,1
SQUARE FLOOR CUSHION VINTAGE RED,2,12,0.1667,1
SQUARE METAL CANDLEHOLDER BASE,1,5,0.2,1
SQUARE MINI PORTRAIT FRAME,5,68,0.0735,1
SQUARECUSHION COVER PINK UNION JACK,1,31,0.0323,1
ST GEORGE SET OF 10 PARTY LIGHTS,0,4,0,0
ST TROPEZ NECKLACE,0,6,0,0
STANDING FAIRY POLE SUPPORT,1,10,0.1,1
STAR DECORATION PAINTED ZINC,10,120,0.0833,1
STAR DECORATION RUSTIC,8,71,0.1127,1
STAR T-LIGHT HOLDER,0,15,0,0
STAR T-LIGHT HOLDER WILLIE WINKIE,10,77,0.1299,1
STAR WOODEN CHRISTMAS DECORATION,7,129,0.0543,1
STAR WREATH DECORATION WITH BELL,7,89,0.0787,1
STARFISH SOAP DISH,0,6,0,0
STARS GIFT TAPE,2,41,0.0488,1
STOOL HOME SWEET HOME,2,42,0.0476,1
STOP FOR TEA WALL ART,0,23,0,0
STORAGE TIN HOME SWEET HOME,1,35,0.0286,1
STORAGE TIN VINTAGE DOILY,9,90,0.1,1
STORAGE TIN VINTAGE LEAF,3,38,0.0789,1
STRAWBERRIES DESIGN FLANNEL,1,19,0.0526,1
STRAWBERRY BATH SPONGE,7,65,0.1077,1
STRAWBERRY CERAMIC TRINKET BOX,1,27,0.037,1
STRAWBERRY CERAMIC TRINKET POT,12,128,0.0938,1
STRAWBERRY CHARLOTTE BAG,12,109,0.1101,1
STRAWBERRY FAIRY CAKE TEAPOT,1,37,0.027,1
STRAWBERRY HONEYCOMB GARLAND,0,13,0,0
STRAWBERRY LUNCH BOX WITH CUTLERY,10,94,0.1064,1
STRAWBERRY PICNIC BAG,0,5,0,0
STRAWBERRY RAFFIA FOOD COVER,0,16,0,0
STRAWBERRY SHOPPER BAG,8,74,0.1081,1
STRING OF 8 BUTTERFLIES;PINK,0,2,0,0
STRING OF STARS CARD HOLDER,0,8,0,0
STRIPES DESIGN TEDDY,0,11,0,0
STRIPEY CHOCOLATE NESTING BOXES,2,20,0.1,1
SUKI SHOULDER BAG,5,65,0.0769,1
SUMMER DAISIES BAG CHARM,0,14,0,0
SUNFLOWER DECORATIVE PARASOL,0,4,0,0
SUNSET CHECK HAMMOCK,0,1,0,0
SUNSET COLOUR CHUNKY KNITTED THROW,0,10,0,0
SWALLOW SQUARE TISSUE BOX,4,74,0.0541,1
SWALLOW WOODEN CHRISTMAS DECORATION,9,122,0.0738,1
SWALLOWS GREETING CARD,2,51,0.0392,1
SWEET HEART CAKE CARRIER,4,75,0.0533,1
SWEET PUDDING STICKER SHEET,0,5,0,0
SWEETHEART 3 TIER CAKE STAND,9,97,0.0928,1
SWEETHEART BIRD HOUSE,6,94,0.0638,1
SWEETHEART CERAMIC TRINKET BOX,14,115,0.1217,1
SWEETHEART CREAM STEEL TABLE RECT,0,2,0,0
SWEETHEART RECIPE BOOK STAND,14,103,0.1359,1
SWEETHEART WALL TIDY,6,74,0.0811,1
SWEETHEART WIRE FRUIT BOWL,2,27,0.0741,1
SWEETHEART WIRE MAGAZINE RACK,3,30,0.1,1
SWEETHEART WIRE WALL TIDY,0,5,0,0
SWEETIES STICKERS,1,4,0.25,1
SWIRLY CIRCULAR RUBBERS IN BAG,1,24,0.0417,1
SWISS CHALET TREE DECORATION,1,46,0.0217,1
SWISS ROLL TOWEL PINK SPOTS,2,17,0.1176,1
SWISS ROLL TOWEL; CHOCOLATE SPOTS,1,32,0.0313,1
SWISS ROLL TOWEL; PINK SPOTS,0,9,0,0
TABLE LAMP WHITE SHADE WOOD BASE,1,7,0.1429,1
TABLECLOTH RED APPLES DESIGN,0,14,0,0
TALL ROCOCO CANDLE HOLDER,0,11,0,0
TEA BAG PLATE RED RETROSPOT,9,85,0.1059,1
TEA COSY BLUE STRIPE,2,17,0.1176,1
TEA COSY RED STRIPE,2,36,0.0556,1
TEA FOR ONE POLKADOT,4,26,0.1538,1
TEA PARTY BIRTHDAY CARD,6,66,0.0909,1
TEA PARTY WRAPPING PAPER,2,20,0.1,1
TEA TIME DES TEA COSY,0,11,0,0
TEA TIME KITCHEN APRON,3,39,0.0769,1
TEA TIME OVEN GLOVE,8,87,0.092,1
TEA TIME PARTY BUNTING,2,20,0.1,1
TEA TIME TEAPOT IN GIFT BOX,2,29,0.069,1
TEAL/FUSCHIA COL BEAD NECKLACE,0,4,0,0
TEATIME PEN CASE & PENS,0,4,0,0
TEATIME ROUND PENCIL SHARPENER,0,19,0,0
THE KING GIFT BAG 25x24x12cm,0,3,0,0
THREE CANVAS LUGGAGE TAGS,1,5,0.2,1
THREE MINI HANGING FRAMES,5,76,0.0658,1
T-LIGHT GLASS FLUTED ANTIQUE,13,141,0.0922,1
T-LIGHT HOLDER HANGING LACE,2,51,0.0392,1
T-LIGHT HOLDER HANGING LOVE BIRD,14,140,0.1,1
T-LIGHT HOLDER SILVER HEART HANDLE,0,18,0,0
T-LIGHT HOLDER SILVER PETIT FOUR,1,11,0.0909,1
T-LIGHT HOLDER SILVER SAUCER,1,3,0.3333,1
T-LIGHT HOLDER SWEETHEART HANGING,1,25,0.04,1
T-LIGHT HOLDER WHITE LACE,1,12,0.0833,1
TOADSTOOL BEDSIDE LIGHT,5,53,0.0943,1
TOADSTOOL MONEY BOX,2,53,0.0377,1
TOAST ITS - BEST MUM,2,19,0.1053,1
TOAST ITS - FAIRY FLOWER,2,18,0.1111,1
TOAST ITS - HAPPY BIRTHDAY,0,15,0,0
TOAST ITS - I LOVE YOU,0,16,0,0
TOILET METAL SIGN,9,77,0.1169,1
TOILET SIGN OCCUPIED OR VACANT,7,63,0.1111,1
TOMATO CHARLIE+LOLA COASTER SET,4,49,0.0816,1
TOOL BOX SOFT TOY,5,51,0.098,1
TOOTHPASTE TUBE PEN,5,59,0.0847,1
TOTE BAG I LOVE LONDON,1,31,0.0323,1
TOXIC AREA DOOR HANGER,10,83,0.1205,1
TOY TIDY DOLLY GIRL DESIGN,2,38,0.0526,1
TOY TIDY PINK POLKADOT,4,71,0.0563,1
TOY TIDY SPACEBOY,5,67,0.0746,1
TOYBOX WRAP,0,5,0,0
TRADITIONAL CHRISTMAS RIBBONS,11,175,0.0629,1
TRADITIONAL KNITTING NANCY,24,253,0.0949,1
TRADITIONAL MODELLING CLAY,7,144,0.0486,1
TRADITIONAL NAUGHTS & CROSSES,37,333,0.1111,1
TRADITIONAL PICK UP STICKS GAME,43,363,0.1185,1
TRADITIONAL WOODEN CATCH CUP GAME,10,143,0.0699,1
TRADITIONAL WOODEN SKIPPING ROPE,18,168,0.1071,1
TRADTIONAL ALPHABET STAMP SET,32,264,0.1212,1
TRANSPARENT ACRYLIC TAPE DISPENSER,0,7,0,0
TRAVEL CARD WALLET FLOWER MEADOW,2,36,0.0556,1
TRAVEL CARD WALLET I LOVE LONDON,12,90,0.1333,1
TRAVEL CARD WALLET KEEP CALM,19,147,0.1293,1
TRAVEL CARD WALLET PANTRY,4,43,0.093,1
TRAVEL CARD WALLET RETROSPOT,7,56,0.125,1
TRAVEL CARD WALLET SKULLS,4,57,0.0702,1
TRAVEL CARD WALLET SUKI,5,56,0.0893,1
TRAVEL CARD WALLET TRANSPORT,10,60,0.1667,1
TRAVEL CARD WALLET UNION JACK,5,77,0.0649,1
TRAVEL CARD WALLET VINTAGE LEAF,7,59,0.1186,1
TRAVEL CARD WALLET VINTAGE TICKET,11,101,0.1089,1
TRAVEL SEWING KIT,3,35,0.0857,1
TRAY; BREAKFAST IN BED,5,23,0.2174,1
TREASURE AHOY WALL ART,0,9,0,0
TREASURE ISLAND BOOK BOX,8,87,0.092,1
TREASURE TIN BUFFALO BILL,8,83,0.0964,1
TREASURE TIN GYMKHANA DESIGN,12,130,0.0923,1
TREE T-LIGHT HOLDER WILLIE WINKIE,1,36,0.0278,1
TRELLIS COAT RACK,2,32,0.0625,1
TRIANGULAR POUFFE VINTAGE,0,6,0,0
TRIPLE HOOK ANTIQUE IVORY ROSE,4,68,0.0588,1
TRIPLE PHOTO FRAME CORNICE,3,57,0.0526,1
TRIPLE WIRE HOOK IVORY HEART,0,7,0,0
TRIPLE WIRE HOOK PINK HEART,0,5,0,0
TROPICAL HONEYCOMB PAPER GARLAND,1,14,0.0714,1
TROPICAL LUGGAGE TAG,0,5,0,0
TROPICAL PASSPORT COVER,1,10,0.1,1
TUMBLER BAROQUE,0,4,0,0
TUMBLER; BAROQUE,0,3,0,0
TUMBLER; NEW ENGLAND,0,3,0,0
TURQ STONE/CRYSTAL EARRINGS,0,2,0,0
TURQ+RED BOUDICCA LARGE BRACELET,0,6,0,0
TURQUOISE CHRISTMAS TREE,0,2,0,0
TURQUOISE GLASS TASSLE BAG CHARM,0,6,0,0
TUSCAN VILLA BIRD FEEDER,0,16,0,0
TUSCAN VILLA BIRD TABLE,0,16,0,0
TUSCAN VILLA DOVECOTE,0,2,0,0
TUSCAN VILLA DOVECOTE BIRD FEEDER,0,22,0,0
TUSCAN VILLA FEEDING STATION,0,5,0,0
TV DINNER TRAY AIR HOSTESS,0,32,0,0
TV DINNER TRAY DOLLY GIRL,3,34,0.0882,1
TV DINNER TRAY VINTAGE PAISLEY,5,41,0.122,1
UBO-LIGHT TRIOBASE BLUE,0,4,0,0
UBO-LIGHT TRIOBASE PURPLE,0,4,0,0
UNION JACK FLAG LUGGAGE TAG,5,38,0.1316,1
UNION JACK FLAG PASSPORT COVER,2,23,0.087,1
UNION JACK HOT WATER BOTTLE,0,2,0,0
UNION STRIPE CUSHION COVER,1,7,0.1429,1
UNION STRIPE WITH FRINGE HAMMOCK,1,12,0.0833,1
URBAN BLACK RIBBONS,1,28,0.0357,1
VANILLA INCENSE IN TIN,4,42,0.0952,1
VANILLA SCENT CANDLE JEWELLED BOX,1,25,0.04,1
VEGETABLE GARDEN CHOPPING BOARD,0,26,0,0
VICTORIAN GLASS HANGING T-LIGHT,24,212,0.1132,1
VICTORIAN METAL POSTCARD SPRING,4,55,0.0727,1
VICTORIAN SEWING BOX LARGE,7,47,0.1489,1
VICTORIAN SEWING BOX MEDIUM,6,62,0.0968,1
VICTORIAN SEWING BOX SMALL,11,73,0.1507,1
VICTORIAN SEWING KIT,4,38,0.1053,1
VILLAGE SHOW WALL ART,0,8,0,0
VINTAGE 2 METER FOLDING RULER,0,9,0,0
VINTAGE 2 METRE FOLDING RULER,16,173,0.0925,1
VINTAGE BEAD COSMETIC BAG,1,5,0.2,1
VINTAGE BEAD PINK EVENING BAG,3,24,0.125,1
VINTAGE BEAD PINK JEWEL BOX,0,2,0,0
VINTAGE BEAD PINK PURSE,3,33,0.0909,1
VINTAGE BEAD PINK SCARF,0,9,0,0
VINTAGE BELLS GARLAND,18,209,0.0861,1
VINTAGE BILLBOARD DRINK ME MUG,1,3,0.3333,1
VINTAGE BILLBOARD LOVE/HATE MUG,6,49,0.1224,1
VINTAGE BILLBOARD MUG,2,36,0.0556,1
VINTAGE CHRISTMAS BUNTING,45,294,0.1531,1
VINTAGE CHRISTMAS CAKE FRILL,4,83,0.0482,1
VINTAGE CHRISTMAS GIFT BAG LARGE,2,72,0.0278,1
VINTAGE CHRISTMAS GIFT SACK,18,158,0.1139,1
VINTAGE CHRISTMAS PAPER GIFT BAG,0,62,0,0
VINTAGE CHRISTMAS STOCKING,21,260,0.0808,1
VINTAGE CHRISTMAS TABLECLOTH,9,87,0.1034,1
VINTAGE COFFEE GRINDER BOX,0,2,0,0
VINTAGE CREAM 3 BASKET CAKE STAND,3,43,0.0698,1
VINTAGE CREAM CAT FOOD CONTAINER,6,69,0.087,1
VINTAGE CREAM DOG FOOD CONTAINER,6,80,0.075,1
VINTAGE DOILY DELUXE SEWING KIT,20,209,0.0957,1
VINTAGE DOILY JUMBO BAG RED,57,333,0.1712,1
VINTAGE DOILY TRAVEL SEWING KIT,51,373,0.1367,1
VINTAGE DONKEY TAIL GAME,9,131,0.0687,1
VINTAGE EMBOSSED HEART,0,27,0,0
VINTAGE ENAMEL & CRYSTAL EARRINGS,0,1,0,0
VINTAGE GLASS T-LIGHT HOLDER,10,106,0.0943,1
VINTAGE HEADS AND TAILS CARD GAME,20,250,0.08,1
VINTAGE JINGLE BELLS HEART,12,127,0.0945,1
VINTAGE JINGLE BELLS WREATH,3,45,0.0667,1
VINTAGE KEEPSAKE BOX PINK FLOWER,0,2,0,0
VINTAGE KEEPSAKE BOX TRAVELOGUE,0,4,0,0
VINTAGE KID DOLLY CARD,2,39,0.0513,1
VINTAGE KITCHEN PRINT FRUITS,0,2,0,0
VINTAGE KITCHEN PRINT SEAFOOD,0,1,0,0
VINTAGE KITCHEN PRINT VEGETABLES,0,1,0,0
VINTAGE LEAF CHOPPING BOARD,4,44,0.0909,1
VINTAGE LEAF MAGNETIC NOTEPAD,15,130,0.1154,1
VINTAGE NOTEBOOK TRAVELOGUE,0,1,0,0
VINTAGE PAISLEY STATIONERY SET,7,79,0.0886,1
VINTAGE RED ENAMEL TRIM JUG,6,60,0.1,1
VINTAGE RED ENAMEL TRIM MUG,2,46,0.0435,1
VINTAGE RED ENAMEL TRIM PLATE,1,35,0.0286,1
VINTAGE RED KITCHEN CABINET,0,5,0,0
VINTAGE RED MUG,0,16,0,0
VINTAGE RED TRIM ENAMEL BOWL,4,60,0.0667,1
VINTAGE ROSE BEAD BRACELET BLACK,0,4,0,0
VINTAGE ROSE BEAD BRACELET RASPBERR,0,2,0,0
VINTAGE SEASIDE JIGSAW PUZZLES,1,29,0.0345,1
VINTAGE SHELLS PRINT,0,6,0,0
VINTAGE SNAKES & LADDERS,7,112,0.0625,1
VINTAGE SNAP CARDS,45,322,0.1398,1
VINTAGE UNION JACK APRON,0,37,0,0
VINTAGE UNION JACK BUNTING,7,111,0.0631,1
VINTAGE UNION JACK CUSHION COVER,0,12,0,0
VINTAGE UNION JACK DOORSTOP,3,33,0.0909,1
VINTAGE UNION JACK MEMOBOARD,4,61,0.0656,1
VINTAGE UNION JACK PENNANT,0,2,0,0
VINTAGE UNION JACK SHOPPING BAG,0,3,0,0
VINTAGE ZINC PLANTER,0,8,0,0
VINTAGE ZINC WATERING CAN,0,10,0,0
VINTAGE ZINC WATERING CAN SMALL,0,9,0,0
VINYL RECORD FRAME SILVER,0,8,0,0
VIP HOLIDAY PURSE,0,2,0,0
VIP PASSPORT COVER,0,11,0,0
WAKE UP COCKEREL CALENDAR SIGN,0,8,0,0
WAKE UP COCKEREL TILE COASTER,1,8,0.125,1
WALL ART ; LOVES' SECRET,0,1,0,0
WALL ART ;PUDDINGS,0,1,0,0
WALL ART 70'S ALPHABET,10,72,0.1389,1
WALL ART ANIMALS AND NATURE,3,32,0.0938,1
WALL ART BICYCLE SAFETY,16,154,0.1039,1
WALL ART BIG LOVE,11,108,0.1019,1
WALL ART BUFFALO BILL,6,36,0.1667,1
WALL ART CAT AND BIRD,1,26,0.0385,1
WALL ART CLASSIC PUDDINGS,9,114,0.0789,1
WALL ART DOG AND BALL,2,25,0.08,1
WALL ART DOG LICENCE,6,77,0.0779,1
WALL ART DOLLY GIRL,2,24,0.0833,1
WALL ART GARDEN HAVEN,2,29,0.069,1
WALL ART HORSE & PONY,6,41,0.1463,1
WALL ART I LOVE LONDON,1,21,0.0476,1
WALL ART KEEP CALM,6,87,0.069,1
WALL ART LOVES' SECRET,3,28,0.1071,1
WALL ART MID CENTURY MODERN,2,17,0.1176,1
WALL ART ONLY ONE PERSON,3,79,0.038,1
WALL ART SPACEBOY,1,24,0.0417,1
WALL ART STOP FOR TEA,14,180,0.0778,1
WALL ART THE MAGIC FOREST,0,10,0,0
WALL ART TREASURE AHOY,2,28,0.0714,1
WALL ART VILLAGE SHOW,1,72,0.0139,1
WALL ART VINTAGE HEART,1,30,0.0333,1
WALL ART WORK REST AND PLAY,1,26,0.0385,1
WALL ART;ONLY ONE PERSON,0,1,0,0
WALL MIRROR RECTANGLE DIAMANTE PINK,0,4,0,0
WALL TIDY RETROSPOT,4,24,0.1667,1
WASH BAG VINTAGE ROSE PAISLEY,0,11,0,0
WASHROOM METAL SIGN,7,84,0.0833,1
WATERING CAN BLUE ELEPHANT,2,27,0.0741,1
WATERING CAN GARDEN MARKER,0,14,0,0
WATERING CAN GREEN DINOSAUR,0,15,0,0
WATERING CAN PINK BUNNY,0,15,0,0
WELCOME WOODEN BLOCK LETTERS,4,51,0.0784,1
WHEELBARROW FOR CHILDREN,1,19,0.0526,1
WHITE BAMBOO RIBS LAMPSHADE,0,4,0,0
WHITE BAROQUE WALL CLOCK,0,12,0,0
WHITE BELL HONEYCOMB PAPER,1,13,0.0769,1
WHITE BROCANTE SOAP DISH,1,23,0.0435,1
WHITE CANDYSTUFT ARTIFICIAL FLOWER,0,8,0,0
WHITE CHRISTMAS GARLAND STARS TREES,4,47,0.0851,1
WHITE CHRISTMAS STAR DECORATION,0,6,0,0
WHITE CHRISTMAS TREE 60CM,0,2,0,0
WHITE FRANGIPANI NECKLACE,0,2,0,0
WHITE GOOSE FEATHER CHRISTMAS TREE,4,45,0.0889,1
WHITE GOOSE FEATHER TREE 60CM,4,45,0.0889,1
WHITE HANGING BEADS CANDLE HOLDER,0,9,0,0
WHITE HANGING HEART T-LIGHT HOLDER,85,460,0.1848,1
WHITE HEART CONFETTI IN TUBE,1,9,0.1111,1
WHITE HEARTS WIRE PLANT POT HOLDER,1,24,0.0417,1
WHITE HONEYCOMB PAPER GARLAND,0,16,0,0
WHITE JEWELLED HEART DECORATION,2,42,0.0476,1
WHITE LOVEBIRD LANTERN,0,30,0,0
WHITE METAL LANTERN,2,31,0.0645,1
WHITE MOROCCAN METAL LANTERN,2,20,0.1,1
WHITE ROCKING HORSE HAND PAINTED,14,122,0.1148,1
WHITE ROSEBUD PEARL BRACELET,0,11,0,0
WHITE SAGE INCENSE,0,16,0,0
WHITE SKULL HOT WATER BOTTLE,23,234,0.0983,1
WHITE SOAP RACK WITH 2 BOTTLES,0,16,0,0
WHITE SPOT BLUE CERAMIC DRAWER KNOB,7,64,0.1094,1
WHITE SPOT RED CERAMIC DRAWER KNOB,4,48,0.0833,1
WHITE SQUARE TABLE CLOCK,0,13,0,0
WHITE STITCHED CUSHION COVER,1,5,0.2,1
WHITE STONE/CRYSTAL EARRINGS,0,2,0,0
WHITE TALL PORCELAIN T-LIGHT HOLDER,0,9,0,0
WHITE TEA;COFFEE;SUGAR JARS,5,29,0.1724,1
WHITE TRAVEL ALARM CLOCK,0,12,0,0
WHITE VINT ART DECO CRYSTAL NECKLAC,0,2,0,0
WHITE WICKER STAR,39,230,0.1696,1
WHITE WIRE EGG HOLDER,0,13,0,0
WHITE WOOD GARDEN PLANT LADDER,9,97,0.0928,1
WHITE/PINK CHICK DECORATION,0,4,0,0
WHITE/PINK CHICK EASTER DECORATION,0,2,0,0
WICKER STAR,21,199,0.1055,1
WICKER WREATH LARGE,8,81,0.0988,1
WICKER WREATH SMALL,9,80,0.1125,1
WIRE EGG BASKET,3,64,0.0469,1
WOOD 2 DRAWER CABINET WHITE FINISH,31,196,0.1582,1
WOOD AND GLASS MEDICINE CABINET,0,4,0,0
WOOD BLACK BOARD ANT WHITE FINISH,21,166,0.1265,1
WOOD S/3 CABINET ANT WHITE FINISH,1,1,1,1
WOOD STAMP SET BEST WISHES,5,102,0.049,1
WOOD STAMP SET FLOWERS,5,89,0.0562,1
WOOD STAMP SET HAPPY BIRTHDAY,4,61,0.0656,1
WOOD STAMP SET THANK YOU,8,141,0.0567,1
WOOD STOCKING CHRISTMAS SCANDISPOT,6,87,0.069,1
WOODEN ADVENT CALENDAR CREAM,10,77,0.1299,1
WOODEN ADVENT CALENDAR RED,11,114,0.0965,1
WOODEN BOX ADVENT CALENDAR,0,5,0,0
WOODEN BOX OF DOMINOES,23,259,0.0888,1
WOODEN CROQUET GARDEN SET,6,64,0.0938,1
WOODEN FRAME ANTIQUE WHITE,42,287,0.1463,1
WOODEN HAPPY BIRTHDAY GARLAND,4,42,0.0952,1
WOODEN HEART CHRISTMAS SCANDINAVIAN,54,391,0.1381,1
WOODEN OWLS LIGHT GARLAND,8,69,0.1159,1
WOODEN PICTURE FRAME WHITE FINISH,33,227,0.1454,1
WOODEN REGATTA BUNTING,1,20,0.05,1
WOODEN ROUNDERS GARDEN SET,8,72,0.1111,1
WOODEN SCHOOL COLOURING SET,18,155,0.1161,1
WOODEN SKITTLES GARDEN SET,1,11,0.0909,1
WOODEN STAR CHRISTMAS SCANDINAVIAN,58,418,0.1388,1
WOODEN TREE CHRISTMAS SCANDINAVIAN,31,244,0.127,1
WOODEN UNION JACK BUNTING,4,31,0.129,1
WOODLAND BUNNIES LOLLY MAKERS,2,67,0.0299,1
WOODLAND CHARLOTTE BAG,23,144,0.1597,1
WOODLAND DESIGN COTTON TOTE BAG,0,4,0,0
WOODLAND HEIGHT CHART STICKERS,0,18,0,0
WOODLAND LARGE BLUE FELT HEART,0,15,0,0
WOODLAND LARGE PINK FELT HEART,1,17,0.0588,1
WOODLAND LARGE RED FELT HEART,0,34,0,0
WOODLAND MINI BACKPACK,5,90,0.0556,1
WOODLAND PARTY BAG + STICKER SET,5,49,0.102,1
WOODLAND SMALL BLUE FELT HEART,4,43,0.093,1
WOODLAND SMALL PINK FELT HEART,4,39,0.1026,1
WOODLAND SMALL RED FELT HEART,7,68,0.1029,1
WOODLAND STICKERS,1,20,0.05,1
WOODLAND STORAGE BOX LARGE,0,2,0,0
WOODLAND STORAGE BOX SMALL,0,7,0,0
WORLD WAR 2 GLIDERS ASSTD DESIGNS,12,190,0.0632,1
WOVEN BERRIES CUSHION COVER,0,2,0,0
WOVEN BUBBLE GUM CUSHION COVER,0,4,0,0
WOVEN CANDY CUSHION COVER,0,2,0,0
WOVEN FROST CUSHION COVER,0,2,0,0
WOVEN ROSE GARDEN CUSHION COVER,0,2,0,0
WRAP 50'S CHRISTMAS,5,132,0.0379,1
WRAP A PRETTY THANK YOU,0,3,0,0
WRAP ALPHABET DESIGN,7,46,0.1522,1
WRAP ALPHABET POSTER,0,25,0,0
WRAP BAD HAIR DAY,1,7,0.1429,1
WRAP BILLBOARD FONTS DESIGN,1,26,0.0385,1
WRAP BIRD GARDEN,1,26,0.0385,1
WRAP CAROUSEL,0,3,0,0
WRAP CHRISTMAS SCREEN PRINT,0,5,0,0
WRAP CHRISTMAS VILLAGE,7,130,0.0538,1
WRAP CIRCUS PARADE,2,25,0.08,1
WRAP COWBOYS,0,12,0,0
WRAP DAISY CARPET,0,7,0,0
WRAP DOLLY GIRL,1,35,0.0286,1
WRAP ENGLISH ROSE,1,50,0.02,1
WRAP FLOWER SHOP,0,28,0,0
WRAP GINGHAM ROSE,0,31,0,0
WRAP GREEN PEARS,0,21,0,0
WRAP I LOVE LONDON,0,29,0,0
WRAP KEEP CALM BIRTHDAY,3,63,0.0476,1
WRAP MAGIC FOREST,2,18,0.1111,1
WRAP MONSTER FUN,1,18,0.0556,1
WRAP PAISLEY PARK,4,63,0.0635,1
WRAP PINK FAIRY CAKES,1,42,0.0238,1
WRAP POPPIES DESIGN,1,33,0.0303,1
WRAP RED APPLES,1,60,0.0167,1
WRAP RED VINTAGE DOILY,2,56,0.0357,1
WRAP SUKI AND FRIENDS,2,26,0.0769,1
WRAP VINTAGE DOILY,1,67,0.0149,1
WRAP VINTAGE LEAF DESIGN,2,83,0.0241,1
WRAP WEDDING DAY,0,6,0,0
WRAP; BILLBOARD FONTS DESIGN,0,12,0,0
WRAP; CAROUSEL,0,4,0,0
YELLOW COAT RACK PARIS FASHION,0,20,0,0
YELLOW DRAGONFLY HELICOPTER,0,10,0,0
YELLOW EASTER EGG HUNT START POST,0,2,0,0
YELLOW GIANT GARDEN THERMOMETER,3,45,0.0667,1
YELLOW POT PLANT CANDLE,0,7,0,0
YELLOW SHARK HELICOPTER,1,23,0.0435,1
YELLOW/BLUE RETRO RADIO,1,8,0.125,1
YELLOW/PINK FLOWER DESIGN BIG MUG,0,6,0,0
YOU'RE CONFUSING ME METAL SIGN,12,138,0.087,1
ZINC BOX SIGN HOME,0,57,0,0
ZINC FOLKART SLEIGH BELLS,35,297,0.1178,1
ZINC HEART FLOWER T-LIGHT HOLDER,2,19,0.1053,1
ZINC HEART LATTICE CHARGER LARGE,0,4,0,0
ZINC HEART LATTICE CHARGER SMALL,0,4,0,0
ZINC HEART LATTICE T-LIGHT HOLDER,1,30,0.0333,1
ZINC HEART T-LIGHT HOLDER,1,15,0.0667,1
ZINC HEARTS PLANT POT HOLDER,0,26,0,0
ZINC HERB GARDEN CONTAINER,0,11,0,0
ZINC METAL HEART DECORATION,14,178,0.0787,1
ZINC STAR T-LIGHT HOLDER,1,18,0.0556,1
ZINC SWEETHEART SOAP DISH,0,16,0,0
ZINC SWEETHEART WIRE LETTER RACK,1,33,0.0303,1
ZINC T-LIGHT HOLDER STAR LARGE,4,61,0.0656,1
ZINC T-LIGHT HOLDER STARS SMALL,5,91,0.0549,1
ZINC TOP 2 DOOR WOODEN SHELF,0,2,0,0
ZINC WILLIE WINKIE CANDLE STICK,9,95,0.0947,1
ZINC WIRE KITCHEN ORGANISER,0,16,0,0
ZINC WIRE SWEETHEART LETTER TRAY,1,13,0.0769,1
