Description,Non_Repeat_Revenue,Repeat_Revenue
10 COLOUR SPACEBOY PEN,1499.629982,1145.749992
12 COLOURED PARTY BALLOONS,150.8400007,660.7900043
12 EGG HOUSE PAINTED WOOD,42.44999981,361.5199958
12 HANGING EGGS HAND PAINTED,2.7299999,156.8699963
12 MESSAGE CARDS WITH ENVELOPES,364.5999962,1164.26999
12 PENCIL SMALL TUBE WOODLAND,1210.430001,3012.290028
12 PENCILS SMALL TUBE RED RETROSPOT,935.5900017,3699.560042
12 PENCILS SMALL TUBE SKULL,309.6599998,1896.100002
12 PENCILS TALL TUBE RED RETROSPOT,535.7299943,1359.179987
12 PENCILS TALL TUBE SKULLS,598.6899933,2143.500021
12 PENCILS TALL TUBE WOODLAND,478.9599957,1623.159998
12 RED ROSE PEG PLACE SETTINGS,118.8099995,349.0999975
15CM CHRISTMAS GLASS BALL 20 LIGHTS,1435.999985,5968.379998
16 PIECE CUTLERY SET PANTRY DESIGN,188.249999,171.6499987
2 PICTURE BOOK EGGS EASTER CHICKS,8.75,15
20 DOLLY PEGS RETROSPOT,139.8499985,976.889998
200 BENDY SKULL STRAWS,29,43.26999921
200 RED + WHITE BENDY STRAWS,134.139999,233.6999986
3 DRAWER ANTIQUE WHITE WOOD CABINET,1510.000006,4644.570008
3 GARDENIA MORRIS BOXED CANDLES,419.4599996,1263.820006
3 HEARTS HANGING DECORATION RUSTIC,1369.130008,5003.430018
3 HOOK PHOTO SHELF ANTIQUE WHITE,377.7999967,1438.72001
3 PIECE SPACEBOY COOKIE CUTTER SET,627.8700026,982.440011
3 RAFFIA RIBBONS 50'S CHRISTMAS,428.7800024,1530.670002
3 RAFFIA RIBBONS VINTAGE CHRISTMAS,170.8700008,563.1300036
3 ROSE MORRIS BOXED CANDLES,727.5699978,2166.930005
3 STRIPEY MICE FELTCRAFT,612.1800001,2743.369982
3 TIER CAKE TIN GREEN AND CREAM,208.0499964,1272.019988
3 TIER CAKE TIN RED AND CREAM,263.9499965,1391.919989
3 TRADITIONAl BISCUIT CUTTERS SET,242.2800012,717.0300083
3 WHITE CHOC MORRIS BOXED CANDLES,545.3900021,1609.500006
36 DOILIES DOLLY GIRL,106.7999973,42.90000153
36 DOILIES VINTAGE CHRISTMAS,216.0600028,319.3899958
36 FOIL HEART CAKE CASES,87.95000041,384.3599974
36 FOIL STAR CAKE CASES,215.1900025,673.8899994
36 PENCILS TUBE RED RETROSPOT,256.7600005,1587.789988
36 PENCILS TUBE SKULLS,355.8099997,913.6700015
3D CHRISTMAS STAMPS STICKERS,365.3299989,702.7199968
3D DOG PICTURE PLAYING CARDS,153.5500013,327.2499962
3D SHEET OF CAT STICKERS,15.14999986,19.40000081
3D SHEET OF DOG STICKERS,10.49999988,400.8899989
3D TRADITIONAL CHRISTMAS STICKERS,530.7399998,4214.04995
3D VINTAGE CHRISTMAS STICKERS,626.0399991,970.5399999
4 BLUE DINNER CANDLES SILVER FLOCK,29.69999981,52.42999893
4 BURGUNDY WINE DINNER CANDLES,1.25,-31.24999905
4 IVORY DINNER CANDLES SILVER FLOCK,303.2999999,523.869997
4 LAVENDER BOTANICAL DINNER CANDLES,338.889997,1463.18999
4 LILY BOTANICAL DINNER CANDLES,167.9699991,479.3199983
4 PEAR BOTANICAL DINNER CANDLES,574.6600009,1362.090004
4 PINK DINNER CANDLE SILVER FLOCK,61.75000012,158.6899973
4 PINK FLOCK CHRISTMAS BALLS,20.79999924,79.05999923
4 PURPLE FLOCK DINNER CANDLES,150.7799993,663.3099959
4 ROSE PINK DINNER CANDLES,3.75,3.299999952
4 SKY BLUE DINNER CANDLES,7.419999957,17.48999977
4 TRADITIONAL SPINNING TOPS,853.7199982,1837.68998
4 VANILLA BOTANICAL CANDLES,530.2299981,1852.369988
4 WILDFLOWER BOTANICAL CANDLES,310.1500034,470.5099955
5 HOOK HANGER RED MAGIC TOADSTOOL,50.09999847,19.80000031
5 STRAND GLASS NECKLACE CRYSTAL,12.69999981,62.61999798
50CM METAL STRING WITH 7 CLIPS,103.8000031,-225.0499969
50'S CHRISTMAS GIFT BAG LARGE,609.2000015,1506.470001
50'S CHRISTMAS PAPER GIFT BAG,367.369997,899.3199937
6 CHOCOLATE LOVE HEART T-LIGHTS,368.2099972,939.450011
6 EGG HOUSE PAINTED WOOD,161.199995,361.0299951
6 GIFT TAGS 50'S CHRISTMAS,1221.589999,5676.160006
6 GIFT TAGS VINTAGE CHRISTMAS,1249.969993,2236.689997
6 RIBBONS ELEGANT CHRISTMAS,380.389992,1443.76998
6 RIBBONS EMPIRE,299.4699937,846.9699843
6 RIBBONS RUSTIC CHARM,1424.579985,4347.539992
6 RIBBONS SHIMMERING PINKS,287.9499997,636.8599908
6 ROCKET BALLOONS,274.6699987,372.2899973
60 CAKE CASES DOLLY GIRL DESIGN,780.8799976,973.5099975
60 CAKE CASES VINTAGE CHRISTMAS,1787.610003,5073.36997
60 TEATIME FAIRY CAKE CASES,898.1599883,2257.009989
6PC WOOD PLATE SET DISPOSABLE,61.20000076,3.75
72 SWEETHEART FAIRY CAKE CASES,1047.999999,2092.759995
75 GREEN FAIRY CAKE CASES,118.6400006,17.05000037
75 GREEN PETIT FOUR CASES,88.49999991,42.519999
A PRETTY THANK YOU CARD,159.0799987,163.9200023
ABC TREASURE BOOK BOX,296.3199993,1606.549988
ABSTRACT CIRCLE JOURNAL,2.969999939,12.54999995
ABSTRACT CIRCLES POCKET BOOK,22.88999963,981.2999855
ABSTRACT CIRCLES SKETCHBOOK,136.6499991,317.249995
ACRYLIC GEOMETRIC LAMP,10.5,71.35000229
ACRYLIC HANGING JEWEL;BLUE,11.39999986,53.58000004
ACRYLIC HANGING JEWEL;PINK,43.75,20.51999974
ACRYLIC JEWEL ICICLE; PINK,41.80000079,33.82000005
ACRYLIC JEWEL SNOWFLAKE; PINK,13.30000019,36.47999954
ADULT APRON APPLE DELIGHT,272.1499963,1203.149987
ADVENT CALENDAR GINGHAM SACK,1207.56001,3935.580016
AFGHAN SLIPPER SOCK PAIR,87.29999924,3.450000048
AGED GLASS SILVER T-LIGHT HOLDER,679.1700053,1494.649995
AIRLINE BAG VINTAGE JET SET BROWN,213.3999968,351.5900009
AIRLINE BAG VINTAGE JET SET RED,295.2399998,598.0400008
AIRLINE BAG VINTAGE JET SET WHITE,95.86000061,224.5699986
AIRLINE BAG VINTAGE TOKYO 78,352.3199976,1457.560003
AIRLINE BAG VINTAGE WORLD CHAMPION,166.9299998,278.6100004
AIRLINE LOUNGE;METAL SIGN,94.49999952,430.7899991
ALARM CLOCK BAKELIKE CHOCOLATE,603.2200009,2566.279996
ALARM CLOCK BAKELIKE GREEN,2216.669992,9225.289994
ALARM CLOCK BAKELIKE IVORY,876.5700015,3855.209995
ALARM CLOCK BAKELIKE ORANGE,19.60000002,74.19999886
ALARM CLOCK BAKELIKE PINK,1250.220004,7489.059986
ALARM CLOCK BAKELIKE RED,3484.08005,9532.159989
ALPHABET HEARTS STICKER SHEET,8.789999962,65.84999955
ALPHABET STENCIL CRAFT,407.8400067,773.3500082
ALUMINIUM STAMPED HEART,69.70999992,826.71
ANGEL DECORATION 3 BUTTONS,431.7700012,1573.620003
ANGEL DECORATION PAINTED ZINC,173.9800018,421.5999978
ANGEL DECORATION STARS ON DRESS,286.120001,882.5599971
ANIMAL STICKERS,58,142.1499993
ANIMALS AND NATURE WALL ART,98.4800005,114.3499985
ANT COPPER LIME BOUDICCA BRACELET,62.69999981,30.23999959
ANT COPPER PINK BOUDICCA BRACELET,16.95000029,39.60000038
ANT COPPER RED BOUDICCA BRACELET,4.949999809,16.08999944
ANT COPPER TURQ BOUDICCA BRACELET,75.86999846,34.64999962
ANT SILVER FUSCHIA BOUDICCA RING,2.950000048,3.75
ANT SILVER LIME GREEN BOUDICCA RING,27.90999913,38.15000153
ANT SILVER PURPLE BOUDICCA RING,2.950000048,2.75
ANT WHITE WIRE HEART SPIRAL,18.7099998,115.7600006
ANTIQUE ALL GLASS CANDLESTICK,652.160009,685.9499948
ANTIQUE CREAM CUTLERY CUPBOARD,70.5,27.88000035
ANTIQUE CREAM CUTLERY SHELF,8.5,26.9000001
ANTIQUE GLASS DRESSING TABLE POT,403.0500036,1358.990012
ANTIQUE GLASS PEDESTAL BOWL,536.7500048,834.7899978
ANTIQUE GLASS PLACE SETTING,12.60000038,12.5
ANTIQUE HEART SHELF UNIT,2661.479997,2362.559985
ANTIQUE IVORY WIRE BOWL SMALL,59.90000176,24.89999938
ANTIQUE SILVER BAUBLE LAMP,853.7899959,1885.309981
ANTIQUE SILVER TEA GLASS ENGRAVED,778.7799976,3136.15999
ANTIQUE SILVER T-LIGHT GLASS,2346.520001,6581.639997
ANTIQUE TALL SWIRLGLASS TRINKET POT,255.9400008,576.7300028
APOTHECARY MEASURING JAR,94.78000164,121.1500015
APPLE BATH SPONGE,218.2300004,578.839999
AREA PATROLLED METAL SIGN,650.1100116,2464.660008
ARMY CAMO BOOKCOVER TAPE,1.679999948,17.70000076
ART LIGHTS;FUNK MONKEY,20.65000081,681.8500073
ASS COLOUR GLOWING TIARAS,78.20000041,145.6900024
ASS DES PHONE SPONGE CRAFT STICKER,4.800000072,38.64000082
ASS FLORAL PRINT MULTI SCREWDRIVER,255.2599992,452.5999988
ASS FLORAL PRINT SPIRIT LEVEL,60.37999839,148.4799948
ASSORTED BOTTLE TOP MAGNETS,189.2499995,304.0599967
ASSORTED CAKES FRIDGE MAGNETS,21.44999921,21.75000048
ASSORTED CIRCULAR MOBILE,148.4700054,35.87999928
ASSORTED COLOUR BIRD ORNAMENT,4386.430056,13963.53009
ASSORTED COLOUR LIZARD SUCTION HOOK,365.8799991,358.2499981
ASSORTED COLOUR METAL CAT,7.5,79.50999904
ASSORTED COLOUR MINI CASES,678.8099914,3887.179985
ASSORTED COLOUR SUCTION CUP HOOK,65.23000091,74.84000301
ASSORTED COLOUR T-LIGHT HOLDER,231.9000015,489.6000009
ASSORTED COLOURED CIRCLE MOBILE,31.9799993,26.43999937
ASSORTED COLOURS SILK FAN,407.8499985,643.5099986
ASSORTED CREEPY CRAWLIES,1.299999952,26.86999917
ASSORTED EASTER GIFT TAGS,19.89999962,10.19999981
"ASSORTED FLOWER COLOUR ""LEIS""",269.4100056,159.650002
ASSORTED INCENSE PACK,96.75999832,339.4799997
ASSORTED MONKEY SUCTION CUP HOOK,49.79999924,334.779993
ASSORTED SHAPES PHOTO CLIP SILVER,173.5199974,207.2500025
ASSORTED TUTTI FRUTTI BRACELET,81.04999936,179.3299974
ASSORTED TUTTI FRUTTI FOB NOTEBOOK,271.0599933,919.1500162
ASSORTED TUTTI FRUTTI HEART BOX,6.25,151.5899959
ASSORTED TUTTI FRUTTI LARGE PURSE,16.80000019,183.2999954
ASSORTED TUTTI FRUTTI NOTEBOOK,46.23000026,224.5099988
ASSORTED TUTTI FRUTTI PEN,250.6800017,597.13
ASSORTED TUTTI FRUTTI SMALL PURSE,1.25,156.2599983
ASSTD DESIGN 3D PAPER STICKERS,77.48000062,77.69999993
ASSTD DESIGN RACING CAR PEN,64.36000109,286.0600069
ASSTD FRUIT+FLOWERS FRIDGE MAGNETS,47.23000097,56.31999952
ASSTD RASTA KEY-CHAINS,2.099999905,32.75999999
BABUSHKA LIGHTS STRING OF 10,332.5100043,597.5300072
BABY MOUSE RED GINGHAM DRESS,79.60999918,206.7499993
BAG 125g SWIRLY MARBLES,721.2600006,1559.199996
BAG 250g SWIRLY MARBLES,473.9999964,2200.139988
BAG 500g SWIRLY MARBLES,227.8099951,1665.109993
BAKING MOULD CHOCOLATE CUPCAKES,32.96999979,566.3899999
BAKING MOULD EASTER EGG MILK CHOC,2.950000048,28.36999941
BAKING MOULD EASTER EGG WHITE CHOC,2.950000048,10.5
BAKING MOULD HEART MILK CHOCOLATE,90.67999983,450.7200043
BAKING MOULD HEART WHITE CHOCOLATE,30.29999971,188.0400007
BAKING MOULD ROSE MILK CHOCOLATE,57.75,252.0000076
BAKING MOULD ROSE WHITE CHOCOLATE,45.5,317.680006
BAKING MOULD TOFFEE CUP CHOCOLATE,35.24999928,158.4100022
BAKING SET 9 PIECE RETROSPOT,2735.460021,11568.92004
BAKING SET SPACEBOY DESIGN,1807.93,4313.660017
BALLOON ART MAKE YOUR OWN FLOWERS,232.4000007,500.8299993
BALLOON PUMP WITH 10 BALLOONS,155.6200004,1041.430001
BALLOON WATER BOMB PACK OF 35,182.5100008,200.6399953
BALLOONS WRITING SET,690.9899977,1413.919994
Bank Charges,30,79.48999918
BANQUET BIRTHDAY CARD,48.37000024,143.8899994
BASKET OF FLOWERS SEWING KIT,53.94999909,1293.549998
BASKET OF TOADSTOOLS,49.53999943,296.8700006
BATH BUILDING BLOCK WORD,778.5799986,558.7599981
BATHROOM HOOK,81.99999833,121.6499988
BATHROOM METAL SIGN,233.4799961,1582.940009
BATHROOM SCALES FOOTPRINTS IN SAND,3.75,40.29999995
BATHROOM SCALES RUBBER DUCKS,10.5,44.04999995
BATHROOM SCALES; TROPICAL BEACH,3.75,15
BEADED CHANDELIER T-LIGHT HOLDER,33.89999962,666.2800014
BEADED CRYSTAL HEART BLUE LARGE,402.6700013,59.42000049
BEADED CRYSTAL HEART GREEN LARGE,5.889999926,56.64999941
BEADED CRYSTAL HEART GREEN ON STICK,31.80000019,143.149997
BEADED CRYSTAL HEART PINK LARGE,267.4100011,26.08999938
BEADED CRYSTAL HEART PINK ON STICK,30,55.24000072
BEADED CRYSTAL HEART PINK SMALL,10.5,157.3899999
BELLE JARDINIERE CUSHION COVER,1313.099991,2011.499999
BEWARE OF THE CAT METAL SIGN,341.8899982,1842.450008
BICYCLE PUNCTURE REPAIR KIT,2040.509955,3756.729968
BICYCLE SAFTEY WALL ART,284.5999908,729.3599861
BIG DOUGHNUT FRIDGE MAGNETS,31.08999979,112.5999998
BINGO SET,650.5799986,3529.109997
BIRD DECORATION GREEN POLKADOT,10.19999981,1.700000048
BIRD DECORATION RED RETROSPOT,40.60000044,74.59999883
BIRD HOUSE HOT WATER BOTTLE,700.6099995,1478.609998
BIRDCAGE DECORATION TEALIGHT HOLDER,191.8999987,166.1499996
BIRDHOUSE DECORATION MAGIC GARDEN,17.0999999,22.54999995
BIRDHOUSE GARDEN MARKER,145.7000003,129.5499997
BIRDS MOBILE VINTAGE DESIGN,126.5500002,167.3999984
BIRTHDAY BANQUET GIFT WRAP,30.45000076,77.07999945
BIRTHDAY CARD; RETRO SPOT,146.1599989,542.1599962
BIRTHDAY PARTY CORDON BARRIER TAPE,84.30000114,67.06999922
BISCUIT TIN 50'S CHRISTMAS,1034.37,5182.220005
BISCUIT TIN VINTAGE CHRISTMAS,1015.229999,2050.970012
BISCUIT TIN VINTAGE GREEN,61.09000015,220.9000008
BISCUIT TIN VINTAGE RED,166.999999,1077.649999
BLACK AND WHITE CAT BOWL,8.399999619,32.0999999
BLACK CHRISTMAS TREE 120CM,294.1899921,171.849999
BLACK CHRISTMAS TREE 60CM,110.8500007,123.2300005
BLACK CHUNKY BEAD BRACELET W STRAP,30,32.89999962
BLACK EAR MUFF HEADPHONES,40.97999954,371.9799947
BLACK ENCHANTED FOREST PLACEMAT,60.37999916,90.94999993
BLACK GEMSTONE BRACELET,10.5,2.950000048
BLACK GEMSTONE NECKLACE 45CM,10.5,25.5
BLACK HEART CARD HOLDER,581.7999992,2882.820008
BLACK KITCHEN SCALES,240.27,690.7399978
BLACK LOVE BIRD CANDLE,6.289999962,28.25
BLACK MINI TAPE MEASURE,20.39999962,114.5999984
BLACK ORANGE SQUEEZER,30.27000037,134.6299973
BLACK PIRATE TREASURE CHEST,195.2500005,275.3399929
BLACK RECORD COVER FRAME,1176.959999,13154.9998
BLACK SILOUETTE CANDLE PLATE,14.44999993,93.83000159
BLACK SIL'T SQU CANDLE PLATE,33.60000038,4.949999809
BLACK SQUARE TABLE CLOCK,102,122.4000018
BLACK SWEETHEART BRACELET,2.519999981,50.9000001
BLACK TEA TOWEL CLASSIC DESIGN,163.6099987,462.2400002
BLACK TEA;COFFEE;SUGAR JARS,67.64999938,202.3499997
BLACK VINT ART DEC CRYSTAL BRACELET,9.960000038,6.75
BLACK/BLUE POLKADOT UMBRELLA,903.3900118,1437.790007
BLING KEY RING STAND,-253.7200012,4.25
BLOND DOLL DOORSTOP,123.6200008,27.8499999
BLOSSOM IMAGES GIFT WRAP SET,72.10000145,336.1800042
BLOSSOM IMAGES NOTEBOOK SET,110.25,240.3000002
BLUE BIRDHOUSE DECORATION,28.72000015,191.4900011
BLUE CALCULATOR RULER,154.5299999,425.0499983
BLUE CHARLIE+LOLA PERSONAL DOORSIGN,57.75000012,313.9699975
BLUE CIRCLES DESIGN MONKEY DOLL,5.949999809,12.75
BLUE CIRCLES DESIGN TEDDY,22.47000003,119.0000002
BLUE CLIMBING HYDRANGA ART FLOWER,15,34.67999983
BLUE COAT RACK PARIS FASHION,180.7099993,346.3900003
BLUE DAISY MOBILE,0.790000021,39.18000031
BLUE DELPHINIUM ARTIFICIAL FLOWER,9.479999542,37.80000019
BLUE DIAMANTE PEN IN GIFT BOX,28.2499994,154.2699968
BLUE DINER WALL CLOCK,463.6400002,1241.429996
BLUE DISCO HANDBAG,33.30000019,26.18000019
BLUE DRAGONFLY HELICOPTER,7.949999809,130.2500002
BLUE DRAWER KNOB ACRYLIC EDWARDIAN,215.8500003,180.1500019
BLUE EASTER EGG HUNT START POST,16.5,-1.950000048
BLUE EGG SPOON,26.24000013,168.7800017
BLUE FLY SWAT,37.0000006,188.6199956
BLUE GIANT GARDEN THERMOMETER,222.9499931,25.89999962
BLUE GLASS CHUNKY CHARM BRACELET,17.89999962,3.25999999
BLUE GREEN EMBROIDERY COSMETIC BAG,38.25,25.24000001
BLUE HAPPY BIRTHDAY BUNTING,378.1500046,1003.169999
BLUE HARMONICA IN BOX,1498.849993,4948.419998
BLUE HOLE PUNCH,5,41.35000038
BLUE JUICY FRUIT PHOTO FRAME,5.099999905,81.72999907
BLUE ORGANDY ROUND LAMPSHADE W BEA,10.07999992,7.650000095
BLUE OWL SOFT TOY,103.5000021,138.8000035
BLUE PAISLEY JOURNAL,66.2900005,142.6399995
BLUE PAISLEY POCKET BOOK,78.39000297,135.7699981
BLUE PAISLEY SKETCHBOOK,39.79999924,123.7999988
BLUE PAISLEY TISSUE BOX,180.4099966,314.4900023
BLUE PARTY BAGS,25.20000076,490.0900009
BLUE POLKADOT BEAKER,5.849999785,65.31999922
BLUE POLKADOT BOWL,154.8900013,655.3999977
BLUE POLKADOT CUP,247.7399999,333.8500061
BLUE POLKADOT KIDS BAG,24.69999933,61.68000078
BLUE POLKADOT LUGGAGE TAG,69.00000048,98.62999976
BLUE POLKADOT PASSPORT COVER,35.25,96.61999929
BLUE POLKADOT PLATE,25.20000076,6.760000229
BLUE POLKADOT WASHING UP GLOVES,78.49999857,924.3699754
BLUE POLKADOT WRAP,265.5800005,538.3499984
BLUE POT PLANT CANDLE,178.1500013,445.9200078
BLUE PUDDING SPOON,101.1200011,282.9600008
BLUE REFECTORY CLOCK,277.6999998,1385.689996
BLUE RETRO KITCHEN WALL CLOCK,112.8999977,283.0699917
BLUE ROSE FABRIC MIRROR,263.1400061,295.0000029
BLUE SCANDINAVIAN PAISLEY WRAP,63.63999987,96.10999966
BLUE SCOTTIE DOG W FLOWER PATTERN,88.04999971,249.0499991
BLUE SPOT CERAMIC DRAWER KNOB,420.1899948,928.0799932
BLUE STONES ON WIRE FOR CANDLE,7.679999828,3.299999952
BLUE STRIPE CERAMIC DRAWER KNOB,589.1599956,1100.659989
BLUE TABLE RUN FLOWER,15.17000008,22.5
BLUE TILE HOOK,41.24999976,59.90999937
BLUE VICTORIAN FABRIC OVAL BOX,19.23999977,228.1099995
BLUE VINTAGE SPOT BEAKER,142.0500014,482.0000044
BLUE VOILE LAMPSHADE,11.80000019,23.75
BLUE/CREAM STRIPE CUSHION COVER,46.22999978,184.5600004
BLUE/YELLOW FLOWER DESIGN BIG MUG,26.45999956,16.5
BOHEMIAN COLLAGE STATIONERY SET,194.6399989,697.6400017
BOOM BOX SPEAKER BOYS,301.5099972,275.8999954
BOOM BOX SPEAKER GIRLS,179.1300019,138.1699982
BOTANICAL GARDENS WALL CLOCK,1087.759996,6184.549954
BOTANICAL LAVENDER BIRTHDAY CARD,19.92000008,102.09
BOTANICAL LAVENDER GIFT WRAP,35.63999999,21.89999962
BOTANICAL LILY GREETING CARD,9.989999771,42.8399992
BOTANICAL ROSE GIFT WRAP,21.85000002,51
BOTTLE BAG RETROSPOT,25.79999971,1001.969974
BOUDOIR SQUARE TISSUE BOX,198.5700011,873.029989
BOX OF 24 COCKTAIL PARASOLS,475.8299983,1723.599995
BOX OF 6 ASSORTED COLOUR TEASPOONS,21.15999961,419.1699996
BOX OF 6 CHRISTMAS CAKE DECORATIONS,1320.770007,7057.620023
BOX OF 6 MINI 50'S CRACKERS,2287.219975,6133.809947
BOX OF 6 MINI VINTAGE CRACKERS,2044.309988,5967.009903
BOX OF 9 PEBBLE CANDLES,22.5,51.25
BOX OF VINTAGE ALPHABET BLOCKS,899.7599909,2345.649995
BOX OF VINTAGE JIGSAW BLOCKS,480.5099998,2018.520024
BOYS VINTAGE TIN SEASIDE BUCKET,155.0999942,347.8499963
BREAD BIN DINER STYLE IVORY,843.7700059,2598.100025
BREAD BIN DINER STYLE PINK,7.5,73.87999916
BREAD BIN DINER STYLE RED,356.1400034,1687.560008
BROCADE RING PURSE,708.4699944,1540.45999
BROCANTE SHELF WITH HOOKS,154.8999996,116.3499999
BROWN CHECK CAT DOORSTOP,41.44999886,84.66999853
BROWN PIRATE TREASURE CHEST,125.3499986,163.9699979
BUBBLEGUM RING ASSORTED,885.9799948,1793.659999
BUFFALO BILL TREASURE BOOK BOX,144.7800008,2011.869975
BUFFALO BILL WALL ART,37.5,113.1500001
BULL DOG BOTTLE OPENER,396.589992,912.3599834
BULL DOG BOTTLE TOP WALL CLOCK,195.5499992,181.8100004
BUNDLE OF 3 ALPHABET EXERCISE BOOKS,473.4199911,2071.009952
BUNDLE OF 3 RETRO NOTE BOOKS,427.1299984,1515.249983
BUNDLE OF 3 SCHOOL EXERCISE BOOKS,173.5699954,1070.499983
BUNNY WOODEN PAINTED WITH BIRD,23.62999916,161.0499974
BUNNY WOODEN PAINTED WITH FLOWER,33.12999955,118.8899999
BUNTING ; SPOTTY,14.85000038,44.54999924
BUTTERFLIES STICKERS,20.39999962,259.8499964
BUTTON BOX,358.0699999,594.2000076
BUTTONS AND STRIPES NOTEBOOK,3.75,17.39999962
CABIN BAG VINTAGE PAISLEY,-290.589994,109.8000031
CABIN BAG VINTAGE RETROSPOT,628.7500038,190.1000042
CACTI T-LIGHT CANDLES,299.7499988,248.3499988
CAKE PLATE LOVEBIRD PINK,42.36000037,59.40000153
CAKE PLATE LOVEBIRD WHITE,70.47000027,405.1399992
CAKE STAND 3 TIER MAGIC GARDEN,103,1016.439987
CAKE STAND LOVEBIRD 2 TIER PINK,373.9000044,281.4800042
CAKE STAND LOVEBIRD 2 TIER WHITE,196.1000023,744.2100053
CAKE STAND VICTORIAN FILIGREE MED,6.75,2.5
CAKE STAND VICTORIAN FILIGREE SMALL,193.3000021,432.2700011
CAKE STAND WHITE TWO TIER LACE,255.5199997,700.9200079
CAKES AND BOWS GIFT TAPE,4.25,78.65000081
CAKES AND RABBITS DESIGN FLANNEL,1.700000048,56.04999888
CALENDAR FAMILY FAVOURITES,94.60000324,330.2800071
CALENDAR IN SEASON DESIGN,149.9100006,950.3600094
CALENDAR PAPER CUT DESIGN,180.0400019,1297.550021
CAMOUFLAGE EAR MUFF HEADPHONES,1.25,58.28999925
CAMOUFLAGE LED TORCH,563.1200085,945.5000093
CAMPHOR WOOD PORTOBELLO MUSHROOM,42.47999907,158.3600001
CANDLE HOLDER SILVER MADELINE,69.29999733,146.2899971
CANDLE PLATE LACE WHITE,15.80000019,50.34999949
CANDY HEART HANGING DECORATION,25.53999949,268.0199996
CANDY SPOT BUNNY,23.34999967,26.55000067
CANDY SPOT EGG WARMER RABBIT,29.76000071,238.0399998
CANDY SPOT HAND BAG,23.99999905,123.2600002
CARAVAN SQUARE TISSUE BOX,288.4499986,648.5499994
CARD BILLBOARD FONT,398.319998,1562.13
CARD BIRTHDAY COWBOY,125.2399993,1277.139998
CARD CAT AND TREE,52.67999935,25.86000061
CARD CHRISTMAS VILLAGE,554.6599979,1661.569992
CARD CIRCUS PARADE,170.6699971,359.2699997
CARD DOG AND BALL,65.40000045,1330.58
CARD DOLLY GIRL,275.2800019,852.1099975
CARD GINGHAM ROSE,120.6799979,105.1299992
CARD HOLDER GINGHAM HEART,274.0000038,1047.62001
CARD HOLDER LOVE BIRD LARGE,308.7900006,1352.65999
CARD HOLDER LOVE BIRD SMALL,452.6599956,1049.089998
CARD I LOVE LONDON,43.97999954,84.42000058
CARD MOTORBIKE SANTA,680.7699994,1894.409988
CARD PARTY GAMES,62.59999925,273.9500014
CARD PSYCHEDELIC APPLES,93.88000011,236.7900004
CARD SUKI BIRTHDAY,124.9299978,232.8399999
CARD WEDDING DAY,2.519999981,23.75999928
CARDHOLDER GINGHAM CHRISTMAS TREE,321.5499992,868.9100008
CARDHOLDER GINGHAM STAR,200.150003,521.8299991
CARDHOLDER HOLLY WREATH METAL,393.0199991,1343.439997
CAROUSEL DESIGN WASHBAG,353.6299997,56.95000005
CARRIAGE,184.459999,1304.589993
CARROT CHARLIE+LOLA COASTER SET,190.2999987,839.5899932
CARTOON PENCIL SHARPENERS,82.42999893,134.1900009
CAT AND BIRD WALL ART,75,17.34000015
CAT BOWL VINTAGE CREAM,367.7299914,281.6999998
CD WALL TIDY BLUE OFFICE,17.28000069,15
CD WALL TIDY RED FLOWERS,17.28000069,15
CERAMIC BOWL WITH STRAWBERRY DESIGN,107.2800007,347.3400053
CERAMIC CAKE BOWL + HANGING CAKES,96.23999977,312.6300073
CERAMIC CAKE DESIGN SPOTTED MUG,110.7099969,713.0999918
CERAMIC CAKE DESIGN SPOTTED PLATE,81.3599987,259.9699934
CERAMIC CAKE STAND + HANGING CAKES,223.7200018,466.8599976
CERAMIC CHERRY CAKE MONEY BANK,494.1799995,623.5799981
CERAMIC HEART FAIRY CAKE MONEY BANK,386.2600029,911.0500003
CERAMIC LOVE HEART MONEY BANK,47.40999925,51.83999944
CERAMIC PIRATE CHEST MONEY BANK,200.1499982,761.3099838
CERAMIC PLATE STRAWBERRY DESIGN,307.4199979,280.7699945
CERAMIC STRAWBERRY CAKE MONEY BANK,366.2299986,977.8900135
CERAMIC STRAWBERRY DESIGN MUG,181.6999946,803.3999935
CERAMIC STRAWBERRY MONEY BOX,11.90999961,17.6099999
CHAMBRE HOOK,119.4400007,80.72999954
CHARLIE & LOLA WASTEPAPER BIN BLUE,75.79999924,391.5400004
CHARLIE & LOLA WASTEPAPER BIN FLORA,147.7900014,411.1499989
CHARLIE + LOLA RED HOT WATER BOTTLE,4663.960073,1473.930011
CHARLIE LOLA BLUE HOT WATER BOTTLE,111.0899997,253.4200006
CHARLIE+LOLA MY ROOM DOOR SIGN,3.579999924,431.3699979
CHARLIE+LOLA PINK HOT WATER BOTTLE,449.6600028,662.3999981
CHARLIE+LOLA RED HOT WATER BOTTLE,160.1099997,698.0099885
"CHARLIE+LOLA""EXTREMELY BUSY"" SIGN",47.57999885,375.4699991
CHARLOTTE BAG APPLES DESIGN,459.2900004,3832.160095
CHARLOTTE BAG DOLLY GIRL DESIGN,479.8899968,1657.669994
CHARLOTTE BAG PINK POLKADOT,563.0199997,2036.749999
CHARLOTTE BAG SUKI DESIGN,482.5999954,2262.73998
CHARLOTTE BAG VINTAGE ALPHABET,221.4499998,4054.600101
CHERRY BLOSSOM DECORATIVE FLASK,156.3699975,655.7300118
CHERRY BLOSSOM LUGGAGE TAG,15,186.7400012
CHERRY BLOSSOM PASSPORT COVER,52.04999924,77.88000011
CHERRY CROCHET FOOD COVER,35.60999966,71.21000004
CHERUB HEART DECORATION GOLD,192.4800007,697.7799923
CHERUB HEART DECORATION SILVER,199.1600012,908.3599971
CHEST 7 DRAWER MA CAMPAGNE,33.3599987,93.80000305
CHEST NATURAL WOOD 20 DRAWERS,440,17.70000076
CHEST OF DRAWERS GINGHAM HEART,8.699998975,420.7900056
CHICK GREY HOT WATER BOTTLE,1353.950004,3343.58
CHILDRENS APRON APPLES DESIGN,475.9300025,1346.670005
CHILDREN'S APRON DOLLY GIRL,519.6500025,1866.140007
CHILDRENS APRON SPACEBOY DESIGN,1533.520012,3047.539999
CHILDREN'S CIRCUS PARADE MUG,18.39999962,459.7699927
CHILDRENS CUTLERY CIRCUS PARADE,270.3200034,902.0200099
CHILDRENS CUTLERY DOLLY GIRL,417.39,2391.76002
CHILDRENS CUTLERY POLKADOT BLUE,1556.460001,2450.780004
CHILDRENS CUTLERY POLKADOT GREEN,330.3600017,2178.810007
CHILDRENS CUTLERY POLKADOT PINK,1860.190002,3449.760012
CHILDRENS CUTLERY RETROSPOT RED,860.3300006,2500.32002
CHILDRENS CUTLERY SPACEBOY,441.0000002,3551.010019
CHILDRENS DOLLY GIRL MUG,189.8399967,492.7699929
CHILDREN'S SPACEBOY MUG,93.62999785,576.9199947
CHILDRENS TOY COOKING UTENSIL SET,549.4299927,1157.019993
CHILDS BREAKFAST SET CIRCUS PARADE,509.1100018,1348.230011
CHILDS BREAKFAST SET DOLLY GIRL,459.539994,891.489995
CHILDS BREAKFAST SET SPACEBOY,579.8799977,1261.75999
CHILDS GARDEN FORK BLUE,80.09999907,73.15000057
CHILDS GARDEN FORK PINK,117.0600019,64.25000083
CHILDS GARDEN RAKE PINK,10.49999952,74.50999886
CHILDS GARDEN SPADE BLUE,27.90000057,60.65999985
CHILDS GARDEN SPADE PINK,45.99999952,68.59999812
CHILLI LIGHTS,4300.69001,13467.86022
CHOC TRUFFLE GOLD TRINKET POT,75.20999783,224.1099957
CHOCOLATE 1 WICK MORRIS BOX CANDLE,72.29000044,605.2099876
CHOCOLATE 3 WICK MORRIS BOX CANDLE,3.75,68.36000097
CHOCOLATE BOX RIBBONS,220.5500019,614.6100007
CHOCOLATE CALCULATOR,224.0699944,1974.539993
CHOCOLATE HOT WATER BOTTLE,1490.320006,12470.36001
CHOCOLATE THIS WAY METAL SIGN,482.1999935,3080.15002
CHRISTMAS CARD SCREEN PRINT,127.5099992,314.3899983
CHRISTMAS CARD SINGING ANGEL,53.68999994,254.3800015
CHRISTMAS CARD STACK OF PRESENTS,73.91000301,25.61999989
CHRISTMAS CRAFT LITTLE FRIENDS,1902.030006,13513.68021
CHRISTMAS CRAFT TREE TOP ANGEL,2001.690011,3962.290005
CHRISTMAS CRAFT WHITE FAIRY,1440.999993,3626.719977
CHRISTMAS DECOUPAGE CANDLE,99.34999847,258.0400012
CHRISTMAS GARLAND STARS;TREES,146.25,227.5
CHRISTMAS GINGHAM STAR,588.9599965,1214.099987
CHRISTMAS GINGHAM TREE,715.8399965,1160.069993
CHRISTMAS HANGING SNOWFLAKE,263.2199972,504.1899933
CHRISTMAS HANGING STAR WITH BELL,769.5299963,3074.859963
CHRISTMAS HANGING TREE WITH BELL,219.5499951,324.4099962
CHRISTMAS LIGHTS 10 REINDEER,1240.429997,6467.340035
CHRISTMAS LIGHTS 10 SANTAS,827.0100009,2261.44002
CHRISTMAS LIGHTS 10 VINTAGE BAUBLES,202.92,3523.019992
CHRISTMAS METAL POSTCARD WITH BELLS,291.2799976,702.2999916
CHRISTMAS METAL TAGS ASSORTED,547.219996,1465.369997
CHRISTMAS MUSICAL ZINC STAR,336.0200003,752.3099854
CHRISTMAS MUSICAL ZINC TREE,201.3599986,354.8799945
CHRISTMAS PUDDING TRINKET POT,1230.05,2636.539993
CHRISTMAS RETROSPOT ANGEL WOOD,330.7399983,1929.980009
CHRISTMAS RETROSPOT STAR WOOD,826.109998,1376.299998
CHRISTMAS RETROSPOT TREE WOOD,815.8899999,1384.629998
CHRISTMAS STAR WISH LIST CHALKBOARD,1133.149996,3381.13998
CHRISTMAS TABLE SILVER CANDLE SPIKE,303.699996,707.0999976
CHRISTMAS TOILET ROLL,535.069998,3223.639974
CHRISTMAS TREE DECORATION WITH BELL,-4.199999809,1.25999999
CHRISTMAS TREE HANGING GOLD,126.149999,815.3299917
CHRISTMAS TREE HANGING SILVER,197.5000001,470.4199935
CHRISTMAS TREE HEART DECORATION,59.93999901,139.2899985
CHRISTMAS TREE PAINTED ZINC,493.4999976,295.1199977
CHRISTMAS TREE STAR DECORATION,251.1700008,259.4099968
CHRISTMAS TREE T-LIGHT HOLDER,2.900000095,183.8500018
CHRYSANTHEMUM JOURNAL,36.05000019,137.6099992
CHRYSANTHEMUM NOTEBOOK,51.7299993,82.79999855
CHRYSANTHEMUM POCKET BOOK,10.19999981,84.97000015
CHRYSANTHEMUM SKETCHBOOK,31.82999909,145.9599983
CHUNKY SILVER NECKLACE PASTEL FLOWE,16.5,123.0200019
CINAMMON & ORANGE WREATH,187.329999,321.2999988
CINAMMON SET OF 9 T-LIGHTS,396.5599887,416.969998
CINDERELLA CHANDELIER,33.84000015,1786.929998
CINNAMON SCENTED VOTIVE CANDLE,371.7800026,153.0900004
CIRCUS PARADE BABY GIFT SET,223.2100029,704.8599926
CIRCUS PARADE CHILDRENS EGG CUP,83.50000072,1072.890002
CIRCUS PARADE LUNCH BOX,659.7300055,1889.029997
CITRONELLA CANDLE FLOWERPOT,68.69999933,136.5899985
CITRONELLA CANDLE GARDEN POT,40,143.8100004
CLAM SHELL SMALL,25.32999992,132.5299988
CLASSIC BICYCLE CLIPS,1620.62998,1654.539981
CLASSIC CAFE SUGAR DISPENSER,702.5300088,1242.119986
CLASSIC CHROME BICYCLE BELL,2077.93996,4258.889966
CLASSIC FRENCH STYLE BASKET BROWN,211.4599997,323.2500004
CLASSIC FRENCH STYLE BASKET NATURAL,5.049999952,137.8099971
CLASSIC GLASS COOKIE JAR,743.0700035,2692.139998
CLASSIC METAL BIRDCAGE PLANT HOLDER,1432.000009,1216.339995
CLASSICAL ROSE TABLE LAMP,15.80000019,10.19999981
CLEAR CRYSTAL STAR PHONE CHARM,31.02999973,2.019999981
CLEAR DRAWER KNOB ACRYLIC EDWARDIAN,837.8899968,832.8600115
CLEAR LOVE BIRD T-LIGHT HOLDER,49.91999996,151.6800003
CLOCK MAGNET MUM'S KITCHEN,48.51999933,191.6699991
CLOTHES PEGS RETROSPOT PACK 24,659.4300014,2700.749967
COCKLE SHELL DISH,28.05999887,179.0900009
COCKTAIL SWORDS 50 PIECES,48.17999795,278.4100009
COFFEE MUG APPLES DESIGN,248.6500018,1166.290002
COFFEE MUG BLUE PAISLEY DESIGN,106.3999987,629.7499974
COFFEE MUG CAT + BIRD DESIGN,152.9200014,1872.960001
COFFEE MUG DOG + BALL DESIGN,153.150001,925.670001
COFFEE MUG PEARS DESIGN,297.7700005,1095.120002
COFFEE MUG PINK PAISLEY DESIGN,25.89999914,155.5800028
COFFEE SCENT PILLAR CANDLE,73.24999887,77.30000007
COLOUR GLASS T-LIGHT HOLDER HANGING,393.2699952,1173.479983
COLOUR GLASS. STAR T-LIGHT HOLDER,534.0999998,4177.619973
COLOURED GLASS STAR T-LIGHT HOLDER,343.2500009,4115.529976
COLOURING PENCILS BROWN TUBE,219.0100012,1015.409998
COLUMBIAN CANDLE RECTANGLE,60.74999857,46.849998
COLUMBIAN CANDLE ROUND,199.7500001,299.8699988
COLUMBIAN CUBE CANDLE,14.64999986,42.83000016
CONDIMENT TRAY 4 BOWLS AND 4 SPOONS,9.949999809,8.300000191
COOK WITH WINE METAL SIGN,2082.139997,5653.989966
CORDIAL GLASS JUG,33,50.80999994
COSMETIC BAG VINTAGE ROSE PAISLEY,48.49999952,136.3500004
COSY HOUR CIGAR BOX MATCHES,320.549998,1452.330001
COSY SLIPPER SHOES LARGE GREEN,26.55000043,67.72000003
COSY SLIPPER SHOES SMALL GREEN,238.8299997,348.6500021
COTE D'AZURE NECKLACE,30,4.949999809
COTTON APRON PANTRY DESIGN,108.4299991,1037.709992
COWBOYS AND INDIANS BIRTHDAY CARD,88.10999966,562.809997
CRAZY DAISY HEART DECORATION,0.679999977,174.2899997
CREAM CLIMBING HYDRANGA ART FLOWER,15,24.47999954
CREAM CUPID HEARTS COAT HANGER,751.6500027,628.3700022
CREAM DELPHINIUM ARTIFICIAL FLOWER,9.479999542,4.679999828
CREAM HANGING HEART T-LIGHT HOLDER,110.1399999,201.5900009
CREAM HEART CARD HOLDER,628.710001,4766.889991
CREAM SLICE FLANNEL CHOCOLATE SPOT,119.830003,251.2999997
CREAM SLICE FLANNEL PINK SPOT,212.9000025,1792.289986
CREAM SWEETHEART MINI CHEST,945.8999982,5782.359906
CREAM WALL PLANTER HEART SHAPED,59.49999809,141.7099991
CROCHET ROSE PURSE WITH SUEDE BACK,48.5,52.77000237
CRUK Commission,4.199999809,-4844.379972
CRYSTAL CZECH CROSS PHONE CHARM,24.25999951,25.01999962
CRYSTAL DIAMANTE STAR BROOCH,11.54999971,32.32999957
CRYSTAL FROG PHONE CHARM,36.31999969,39.67999959
CRYSTAL HOOP EARRING FLORAL LEAF,21.24999928,42.35000086
CRYSTAL SEA HORSE PHONE CHARM,24.11999989,48.70000052
CRYSTAL STUD EARRINGS ASSORTED COL,72.34000015,92.28000164
CRYSTAL STUD EARRINGS CLEAR DISPLAY,28.68000031,49.29000092
CUBIC MUG FLOCK PINK ON BROWN,144.3199997,17.93999934
CUPBOARD 3 DRAWER MA CAMPAGNE,101.8999996,487.8799902
CUPCAKE LACE PAPER SET 6,667.2100003,997.4199785
CUPID DESIGN SCENTED CANDLES,93.00999928,120.6000001
CURIO CABINET LINEN AND LACE,16.29999924,52.34999967
CURIOUS IMAGES GIFT WRAP SET,59.83999872,402.0699983
CUSHION COVER PINK UNION JACK,75.69999981,2083.090003
CUT GLASS T-LIGHT HOLDER OCTAGON,210.1700029,566.6800046
CUTE CATS TAPE,61.99999762,62.43000066
DAIRY MAID LARGE MILK JUG,206.4500017,307.6300006
DAIRY MAID STRIPE MUG,28.44000053,308.5200052
DAIRY MAID TOASTRACK,161.9999998,161.8300005
DAIRY MAID TRADITIONAL TEAPOT,60.04999924,233.470001
DAISIES HONEYCOMB GARLAND,38.09999919,124.3199987
DAISY GARDEN MARKER,54.10000038,24.5
DAISY JOURNAL,139.9500017,95.64999902
DAISY NOTEBOOK,65.69999933,52.96999872
DAISY SKETCHBOOK,51.02999985,89.96000004
DANISH ROSE DECORATIVE PLATE,102.1799984,209.4799954
DANISH ROSE DELUXE COASTER,50.17999935,55.15999985
DANISH ROSE PHOTO FRAME,15.79000002,6.109999955
DANISH ROSE ROUND SEWING BOX,254.9900036,303.3600056
DANISH ROSE TRINKET TRAYS,50.35000086,78.25000107
DARK BIRD HOUSE TREE DECORATION,349.2000002,514.2199939
DECORATION ; WOBBLY CHICKEN; METAL,69.29999757,107.2499963
DECORATION ; WOBBLY RABBIT ; METAL,79.19999695,61.04999769
DECORATION PINK CHICK MAGIC GARDEN,14.75,0.850000024
DECORATION SITTING BUNNY,38.80999881,73.84000039
DECORATION WHITE CHICK MAGIC GARDEN,2.549999952,19.79999924
DECORATION WOBBLY CHICKEN,25.6099999,296.7300038
DECORATION WOBBLY RABBIT METAL,30.96000028,158.5799996
DECORATIVE CATS BATHROOM BOTTLE,7.579999924,96.21000081
DECORATIVE FLORE BATHROOM BOTTLE,67.64999914,123.8900015
DECORATIVE PLANT POT WITH FRIEZE,7.949999809,167.8499937
DECORATIVE ROSE BATHROOM BOTTLE,54.09999943,203.8600013
DECORATIVE VINTAGE COFFEE BOX,140.4799988,378.0000041
DECORATIVE WICKER HEART LARGE,961.4999894,2946.809984
DECORATIVE WICKER HEART MEDIUM,841.6399999,2180.389989
DECORATIVE WICKER HEART SMALL,382.3000027,645.2200008
DECOUPAGE;GREETING CARD,5.039999962,80.63999939
DECROTIVEVINTAGE COFFEE GRINDER BOX,25.5,93.65000105
DELUXE SEWING KIT,357.3200011,1078.800002
DIAMANTE BOW BROOCH GREEN COLOUR,36.05000067,36.99999976
DIAMANTE HEART SHAPED WALL MIRROR,154.5,249.6000023
DIAMANTE HEART SHAPED WALL MIRROR;,581.5499878,288.5500054
DIAMANTE RING ASSORTED IN BOX.,124.9399996,624.9200003
DIAMOND LAS VEGAS NECKLACE 45CM,20.39999962,17.84999943
DINOSAUR HEIGHT CHART STICKER SET,43.00000167,43.1500001
DINOSAUR KEYRINGS ASSORTED,9.209999919,17.75999975
DINOSAUR LUNCH BOX WITH CUTLERY,109.25,599.3299992
DINOSAUR PARTY BAG + STICKER SET,63.17999959,217.0999975
DINOSAURS WRITING SET,-256.1899789,1093.629994
DISCO BALL CHRISTMAS DECORATION,984.8600046,1214.240001
DISCO BALL ROTATOR BATTERY OPERATED,260.4799985,365.949999
Discount,2.099999905,-586.5300038
DO NOT TOUCH MY STUFF DOOR HANGER,4.680000067,171.9599967
DOCTOR'S BAG SOFT TOY,28.09999943,530.1199898
DOG AND BALL WALL ART,25.5,17.34000015
DOG BOWL CHASING BALL DESIGN,183.2099984,373.6699955
DOG BOWL VINTAGE CREAM,145.7399976,444.25
DOG LICENCE WALL ART,123.9999962,289.9599937
DOG TOY WITH PINK CROCHET SKIRT,126.5700006,414.88
DOGGY RUBBER,27.70999952,82.13999967
DOILY THANK YOU CARD,212.4399986,2355.619995
DOLLY CABINET 2 DRAWERS,154.3299999,568.1999987
DOLLY CABINET 3 DRAWERS,254.6099966,699.259991
DOLLY GIRL BABY GIFT SET,198.2200027,486.7299902
DOLLY GIRL BEAKER,261.0299995,1093.889999
DOLLY GIRL CHILDRENS BOWL,558.0399985,1071.61001
DOLLY GIRL CHILDRENS CUP,224.5200024,1140.909989
DOLLY GIRL CHILDRENS EGG CUP,55.62999952,106.2899997
DOLLY GIRL LUNCH BOX,842.5799905,3285.379959
DOLLY GIRL MINI BACKPACK,445.3400022,1740.290023
DOLLY GIRL WALL ART,35.69999981,47.39999962
DOLLY MIXTURE CHILDREN'S UMBRELLA,126.5799994,134.0900002
DOOR HANGER MUM + DADS ROOM,59.95000172,205.1800001
DOORMAT 3 SMILEY CATS,144.2999992,1929.820013
DOORMAT AIRMAIL,292.1000024,710.6000199
DOORMAT BLACK FLOCK,265.2200027,1324.300009
DOORMAT CHRISTMAS VILLAGE,11.77999923,185.9899931
DOORMAT ENGLISH ROSE,469.1800017,1879.320026
DOORMAT FAIRY CAKE,346.0300021,1230.31001
DOORMAT FANCY FONT HOME SWEET HOME,689.8300079,2681.78003
DOORMAT HEARTS,998.9800017,2492.450007
DOORMAT HOME SWEET HOME BLUE,351.2500025,1102.000007
DOORMAT I LOVE LONDON,99.6099987,749.6899996
DOORMAT KEEP CALM AND COME IN,2724.610027,9798.640139
DOORMAT MERRY CHRISTMAS RED,237.6100018,1243.349999
DOORMAT MULTICOLOUR STRIPE,80.38000035,298.2299993
DOORMAT NEIGHBOURHOOD WITCH,99.73000002,222.499999
DOORMAT NEW ENGLAND,902.6599967,3307.010017
DOORMAT PEACE ON EARTH BLUE,45.35000086,76.49000049
DOORMAT RED RETROSPOT,1018.410002,4086.150049
DOORMAT RESPECTABLE HOUSE,282.3900013,1097.660021
DOORMAT SPOTTY HOME SWEET HOME,636.0000008,1692.530011
DOORMAT TOPIARY,228.0899979,994.1100065
DOORMAT UNION FLAG,634.1100038,2809.080018
DOORMAT UNION JACK GUNS AND ROSES,204.2400031,185.4300027
DOORMAT VINTAGE LEAF,715.6400053,1488.750015
DOORMAT WELCOME PUPPIES,259.0400009,1577.100028
DOORMAT WELCOME SUNRISE,119.5699992,452.6000054
DOORMAT WELCOME TO OUR HOME,343.3399987,952.6400104
DOORSTOP FOOTBALL DESIGN,68.14999872,269.229999
DOORSTOP RACING CAR DESIGN,109.4699988,116.5800017
DOORSTOP RETROSPOT HEART,523.2799979,998.4000014
DOTCOM POSTAGE,34.79999924,8419.770042
DOUGHNUT LIP GLOSS,1180.489999,4055.280011
DRAWER KNOB CERAMIC BLACK,219.849997,211.3999974
DRAWER KNOB CERAMIC IVORY,1354.819974,1228.489994
DRAWER KNOB CERAMIC RED,252.2099974,10.93999493
DRAWER KNOB CRACKLE GLAZE BLUE,56.29999971,55.55999839
DRAWER KNOB CRACKLE GLAZE GREEN,220.1499963,480.319988
DRAWER KNOB CRACKLE GLAZE IVORY,248.9499965,620.1699908
DRAWER KNOB CRACKLE GLAZE PINK,192.7400002,400.389984
DRAWER KNOB VINTAGE GLASS BALL,103.2599976,234.8699985
DRAWER KNOB VINTAGE GLASS HEXAGON,60.25999832,251.189993
DRAWER KNOB VINTAGE GLASS STAR,303.3999968,621.6999962
DROP EARRINGS W FLOWER & LEAF,4.199999809,2.549999952
DUSTY PINK CHRISTMAS TREE 60CM,17.70000076,32.43000126
EASTER BUNNY WITH BASKET ON BACK,0.649999976,28.05000091
EASTER CRAFT 4 CHICKS,80.49999905,46.38000083
EASTER DECORATION EGG BUNNY,64.13999999,-466.3699749
EASTER DECORATION HANGING BUNNY,7.989999831,429.6299935
EASTER DECORATION NATURAL CHICK,7.149999857,21.49999976
EASTER TIN BUNNY BOUQUET,15.57000005,469.0500107
EAU DE NIL LOVE BIRD CANDLE,32.9000001,6.25
EAU DE NILE HEART SHAPE PHOTO FRAME,16.60000038,180.7299943
EAU DE NILE JEWELLED PHOTOFRAME,39.79999924,104.3999981
EAU DE NILE JEWELLED T-LIGHT HOLDER,18.46000004,51.84999931
ECONOMY LUGGAGE TAG,29.87999916,222.550004
EDWARDIAN HEART PHOTO FRAME,99.6500001,214.0900009
EDWARDIAN PARASOL BLACK,1175.870002,2552.140015
EDWARDIAN PARASOL NATURAL,850.0300039,2115.400003
EDWARDIAN PARASOL PINK,249.4000052,745.4200056
EDWARDIAN PARASOL RED,1182.909999,2062.300004
EDWARDIAN PHOTO FRAME,67.70000076,218.2199988
EGG CUP HENRIETTA HEN CREAM,-498.700001,3852.220016
EGG CUP HENRIETTA HEN PINK,106.200002,343.05
EGG CUP MILKMAID HEIDI,867.8699986,4131.34001
EGG CUP MILKMAID HELGA,88.97999907,1577.350013
EGG CUP MILKMAID INGRID,261.9499989,783.8799941
EGG CUP NATURAL CHICKEN,82.04999912,281.1599971
EGG FRYING PAN BLUE,190.179997,504.5999964
EGG FRYING PAN IVORY,145.3999968,685.8999926
EGG FRYING PAN MINT,137.3600006,761.0399904
EGG FRYING PAN PINK,63.25999904,1677.250006
EGG FRYING PAN RED,200.5799999,1138.989994
EIGHT PIECE SNAKE SET,152.9099979,707.1999968
ELEPHANT BIRTHDAY CARD,203.7000008,1024.799996
ELEPHANT; BIRTHDAY CARD,120.9599991,249.2399986
EMBOSSED GLASS TEALIGHT HOLDER,369.390002,702.4700025
EMBOSSED HEART TRINKET BOX,116.0599988,264.6299946
EMBROIDERED RIBBON REEL CLAIRE,115.9000006,393.3200045
EMBROIDERED RIBBON REEL DAISY,359.3799953,682.5600054
EMBROIDERED RIBBON REEL EMILY,448.4399931,661.3900051
EMBROIDERED RIBBON REEL RACHEL,135.9300017,482.7099943
EMBROIDERED RIBBON REEL REBECCA,215.9900019,581.5799935
EMBROIDERED RIBBON REEL ROSIE,160.9899969,622.2300017
EMBROIDERED RIBBON REEL RUBY,106.9499998,503.8000069
EMBROIDERED RIBBON REEL SALLY,308.5699947,453.8500004
EMBROIDERED RIBBON REEL SOPHIE,204.3,748.0300041
EMBROIDERED RIBBON REEL SUSIE,276.2899997,744.4600099
EMERGENCY FIRST AID TIN,169.8500015,178.7300012
EMPIRE BIRTHDAY CARD,165.0599957,293.2799999
EMPIRE DESIGN ROSETTE,56.20000076,3.710000038
EMPIRE GIFT WRAP,198.3899999,419.2500018
EMPIRE TISSUE BOX,374.3000031,877.3400013
EMPIRE UNION JACK TV DINNER TRAY,252.3499961,1649.49
ENAMEL BLUE RIM COFFEE CONTAINER,12.06999993,23.54999918
ENAMEL BREAD BIN CREAM,441.7999989,1099.589995
ENAMEL COLANDER CREAM,165.0400004,208.3899988
ENAMEL FIRE BUCKET CREAM,121.7399995,319.6499964
ENAMEL FLOWER JUG CREAM,17.35000002,8.290000916
ENAMEL MEASURING JUG CREAM,400.2400006,712.4899975
ENAMEL WASH BOWL CREAM,100.0999985,247.9900008
ENAMEL WATERING CAN CREAM,296.5599961,452.0999888
ENCHANTED BIRD COATHANGER 5 HOOK,232.7999976,865.6900043
ENGLISH ROSE GARDEN SECATEURS,25.49999946,128.9600006
ENGLISH ROSE HOT WATER BOTTLE,787.6200011,3658.470022
ENGLISH ROSE NOTEBOOK A7 SIZE,372.6399996,778.349991
ENGLISH ROSE SMALL SCENTED FLOWER,70.54999959,220.3700001
ENGLISH ROSE SPIRIT LEVEL,200.219996,350.449997
ENVELOPE 50 BLOSSOM IMAGES,45.7999984,215.1600007
EUCALYPTUS & PINECONE WREATH,50.25000191,282.8000009
FAIRY CAKE BIRTHDAY CANDLE SET,250.5499958,227.6000009
FAIRY CAKE DESIGN UMBRELLA,53.09999847,53.09999847
FAIRY CAKE FLANNEL ASSORTED COLOUR,1287.470017,3356.640012
FAIRY CAKES NOTEBOOK A6 SIZE,182.0799967,244.1999961
FAIRY CAKES NOTEBOOK A7 SIZE,171.2699986,209.4200001
FAIRY DREAMS INCENSE,55.68000031,41.29999959
FAIRY TALE COTTAGE NIGHT LIGHT,545.5900078,2022.649977
FAMILY ALBUM WHITE PICTURE FRAME,460.7400014,1643.290004
FAMILY PHOTO FRAME CORNICE,359.3499944,2077.389996
FAN BLACK FRAME,5.429999828,85.91999918
FANCY FONT BIRTHDAY CARD,251.9999981,611.2799997
FANCY FONT BIRTHDAY CARD;,75.59999943,298.0799999
FANCY FONTS BIRTHDAY WRAP,461.0299968,790.1399978
FAUX FUR CHOCOLATE THROW,270.7500076,463.1300039
FAWN BLUE HOT WATER BOTTLE,1235.520001,4730.71001
FEATHER PEN;COAL BLACK,181.1999946,1028.149973
FEATHER PEN;HOT PINK,456.4799852,1648.709965
FEATHER PEN;LIGHT PINK,152.279995,684.4099847
FELT EGG COSY BLUE RABBIT,42.75000024,1111.249975
FELT EGG COSY CHICKEN,44.6499989,201.3800042
FELT EGG COSY WHITE RABBIT,20.20000029,459.680002
FELT FARM ANIMAL SHEEP,7.5,2.5
FELT TOADSTOOL LARGE,28.63999945,75.92999995
FELT TOADSTOOL SMALL,60.24999821,148.1399995
FELTCRAFT BOY JEAN-PAUL KIT,285.4299994,560.2499888
FELTCRAFT BUTTERFLY HEARTS,107.6099997,398.8199947
FELTCRAFT CHRISTMAS FAIRY,1283.920001,4362.019992
FELTCRAFT CUSHION BUTTERFLY,100.02,191.1499996
FELTCRAFT CUSHION OWL,896.0299995,2328.589999
FELTCRAFT CUSHION RABBIT,18.75,146.1000061
FELTCRAFT DOLL EMILY,482.3000082,1525.210021
FELTCRAFT DOLL MOLLY,569.5300076,2284.060003
FELTCRAFT DOLL ROSIE,858.2800074,1548.210011
FELTCRAFT GIRL AMELIE KIT,429.8699919,2300.899973
FELTCRAFT GIRL NICOLE KIT,731.4899966,1167.609991
FELTCRAFT HAIRBAND PINK AND BLUE,292.7999983,646.2399961
FELTCRAFT HAIRBAND PINK AND PURPLE,299.0500001,623.9900019
FELTCRAFT HAIRBAND RED AND BLUE,418.4500054,528.869997
FELTCRAFT HAIRBANDS PINK AND WHITE,230.7099987,410.5799993
FELTCRAFT PRINCESS CHARLOTTE DOLL,739.2400026,3061.150001
FELTCRAFT PRINCESS LOLA DOLL,1396.920007,3601.169994
FELTCRAFT PRINCESS OLIVIA DOLL,800.0399965,1367.809997
FENG SHUI PILLAR CANDLE,74.24999928,170.8199999
FILIGREE HEART BIRD WHITE,265.9800005,500.8499955
FILIGREE HEART BUTTERFLY WHITE,255.1200001,504.7099998
FILIGREE HEART DAISY WHITE,92.80000019,593.9699996
FILIGRIS HEART WITH BUTTERFLY,251.1399982,747.1599948
FINE SILVER NECKLACE W PASTEL FLOWE,14.85000038,33.75
FIRST AID TIN,118.0899998,303.0399981
FIRST CLASS HOLIDAY PURSE,8.949999809,11.57999992
FIRST CLASS LUGGAGE TAG,27.5,27.80000019
FIRST CLASS PASSPORT COVER,114.9300008,41.8900001
FIVE CATS HANGING DECORATION,20.39999962,81.06
FIVE HEART HANGING DECORATION,97.89000082,136.3500021
FLOOR CUSHION ELEPHANT CARNIVAL,116.3599992,139.4000006
FLORAL FOLK STATIONERY SET,1049.709996,1700.630007
FLORAL PINK MONSTER,76.60000038,2.5
FLORAL SOFT CAR TOY,105,10.45000005
FLOWER FAIRY 5 DRAWER LINERS,78.30999827,193.319999
FLOWER FAIRY;5 SUMMER B'DRAW LINERS,33.14999986,119.8500006
FLOWER SHOP DESIGN MUG,1.649999976,15
FLOWER VINE RAFFIA FOOD COVER,65.53000069,314.8899966
FLOWERS CHANDELIER T-LIGHT HOLDER,79.5,790.9499993
FLOWERS STICKERS,20.9000001,131.4099983
FLOWERS TILE COASTER,28.40999925,132.4599991
FLUTED ANTIQUE CANDLE HOLDER,548.4499993,1052.459997
FLYING PIG WATERING CAN,30.75000024,65.00000072
FOLDING BUTTERFLY MIRROR HOT PINK,289.6600001,619.6200012
FOLDING BUTTERFLY MIRROR IVORY,336.2599988,179.1599989
FOLDING BUTTERFLY MIRROR RED,257.5599983,848.0500098
FOLDING SHOE TIDY,2.950000048,14.85000038
FOLDING UMBRELLA BLACKBLUE POLKADOT,103.999999,196.8999943
FOLDING UMBRELLA CHOCOLATE POLKADOT,17.70000076,140.4199972
FOLDING UMBRELLA CREAM POLKADOT,4.949999809,82.42999935
FOLDING UMBRELLA PINKWHITE POLKADOT,66.39999866,70.88999891
FOLDING UMBRELLA RED/WHITE POLKADOT,306.7999935,176.4199954
FOLDING UMBRELLA WHITE/RED POLKADOT,7.5,37.09999943
FOLK ART GREETING CARD;pack/12,-29.50000072,14.75000048
FOLK ART METAL STAR T-LIGHT HOLDER,77.01999903,75.31999969
FOLK FELT HANGING MULTICOL GARLAND,20.39999962,48.45000076
FOLKART CLIP ON STARS,246.069996,280.5299991
FOLKART STAR CHRISTMAS DECORATIONS,492.2199934,1049.049978
FOLKART ZINC HEART CHRISTMAS DEC,142.6799988,577.1400017
FOOD CONTAINER SET 3 LOVE HEART,85.44999886,1153.460013
FOOD COVER WITH BEADS SET 2,502.5099983,370.7599998
FOOD/DRINK SPONGE STICKERS,107.7800007,72.20999904
FOOT STOOL HOME SWEET HOME,748.1499934,1957.359977
FORKED CACTUS CANDLE,90.85000038,50.93999982
FOUR HOOK WHITE LOVEBIRDS,560.3899941,997.2600005
FRAPPUCINO SCARF KNITTING KIT,188.0900002,177.6499987
FRENCH BATHROOM SIGN BLUE METAL,188.7699968,381.699994
FRENCH BLUE METAL DOOR SIGN 0,50,1333.580024
FRENCH BLUE METAL DOOR SIGN 1,138.8700004,1178.530002
FRENCH BLUE METAL DOOR SIGN 2,63.77000093,459.7199992
FRENCH BLUE METAL DOOR SIGN 3,50.78000069,421.9700021
FRENCH BLUE METAL DOOR SIGN 4,88.44999981,368.1599996
FRENCH BLUE METAL DOOR SIGN 5,149.5599985,801.6000016
FRENCH BLUE METAL DOOR SIGN 6,131.8400011,299.9499978
FRENCH BLUE METAL DOOR SIGN 7,59.78000021,526.9599953
FRENCH BLUE METAL DOOR SIGN 8,48.59999943,254.1499994
FRENCH BLUE METAL DOOR SIGN 9,23.94999981,202.2399998
FRENCH BLUE METAL DOOR SIGN No,91.35000038,392.5400008
FRENCH CARRIAGE LANTERN,92.77000141,199.8500017
FRENCH ENAMEL CANDLEHOLDER,509.350005,1330.69001
FRENCH ENAMEL POT W LID,109.5500023,44.68000841
FRENCH ENAMEL WATER BASIN,97.22999942,302.3499967
FRENCH FLORAL CUSHION COVER,124.6599972,256.3399999
FRENCH GARDEN SIGN BLUE METAL,63.52000132,277.509998
FRENCH KITCHEN SIGN BLUE METAL,130.3099995,367.7599967
FRENCH LATTICE CUSHION COVER,83.50000048,137.0799999
FRENCH LAUNDRY SIGN BLUE METAL,38.30000007,248.6399957
FRENCH LAVENDER SCENT HEART,16.05000019,32.25
FRENCH PAISLEY CUSHION COVER,155.5000009,397.3500042
FRENCH STYLE EMBOSSED HEART CABINET,21.95000076,115.7399989
FRENCH STYLE STORAGE JAR BONBONS,6.7700001,100.2399996
FRENCH STYLE STORAGE JAR CAFE,115.6099994,339.049997
FRENCH STYLE STORAGE JAR JAM,113.230001,133.6000004
FRENCH TOILET SIGN BLUE METAL,110.0799999,281.3199987
FRENCH WC SIGN BLUE METAL,117.3,719.7799986
FRIDGE MAGNETS LA VIE EN ROSE,40.39999717,250.7799989
FRIDGE MAGNETS LES ENFANTS ASSORTED,-70.29000282,231.0400002
FRIDGE MAGNETS US DINER ASSORTED,-30.69000196,248.28
FRUIT SALAD BAG CHARM,3.950000048,10.46000099
FRYING PAN BLUE POLKADOT,45.25,130.7399998
FRYING PAN PINK POLKADOT,76.59999847,330.8399995
FRYING PAN RED RETROSPOT,245.7999996,475.4900067
FRYING PAN UNION FLAG,389.5500023,1152.709999
FULL ENGLISH BREAKFAST PLATE,536.5700022,2058.420009
FUNKY DIVA PEN,378.8499939,1236.059971
FUNKY MONKEY CUSHION COVER,1.700000048,80.65000051
FUNKY WASHING UP GLOVES ASSORTED,717.9399924,684.0299906
GAOLERS KEYS DECORATIVE GARDEN,367.2200055,916.8100004
GARAGE KEY FOB,139.1699988,1307.410002
GARDEN PATH JOURNAL,111.2899996,350.9600041
GARDEN PATH POCKET BOOK,20.27999973,43.96999955
GARDEN PATH SKETCHBOOK,130.6499996,145.7799969
GARDENERS KNEELING PAD CUP OF TEA,1229.569986,9275.999907
GARDENERS KNEELING PAD KEEP CALM,1444.279978,9767.549939
GARDENIA 1 WICK MORRIS BOXED CANDLE,41.25,364.0199976
GARDENIA 3 WICK MORRIS BOXED CANDLE,30.79999959,212.6599998
GARLAND WITH HEARTS AND BELLS,316.4899991,434.3000045
GARLAND WITH STARS AND BELLS,162.1699972,560.7400033
GARLAND WOODEN HAPPY EASTER,16.25,24.27999973
GARLAND; VINTAGE BELLS,179.1800003,346.8000031
GENTLEMAN SHIRT REPAIR KIT,116.6199989,390.4399974
GEORGIAN TRINKET BOX,128.9499985,442.6000012
GIANT 50'S CHRISTMAS CRACKER,1907.22,4443.790012
GIFT BAG BIRTHDAY,91.80000067,60.99999976
GIFT BAG PSYCHEDELIC APPLES,33.80000067,157.8599997
GIN & TONIC DIET GREETING CARD,44.0199995,779.3900037
GIN + TONIC DIET METAL SIGN,919.9500022,4561.130003
GIN AND TONIC DIET METAL SIGN,525.839995,1140.359994
GIN AND TONIC MUG,258.319997,1202.619978
GINGERBREAD MAN COOKIE CUTTER,1414.679989,3513.959989
GINGHAM BABUSHKA DOORSTOP,88.79999924,300.9000018
GINGHAM HEART DECORATION,719.169997,3791.580021
GINGHAM HEART DOORSTOP RED,677.8299983,1705.020007
GINGHAM RECIPE BOOK BOX,1457.119999,929.769987
GIRAFFE WOODEN RULER,485.7299969,919.1999797
GIRLS ALPHABET IRON ON PATCHES,60.47999954,483.0099928
GIRLS VINTAGE TIN SEASIDE BUCKET,117.6999965,261.8199954
GLAMOROUS MUG,297.9100018,661.4100056
GLASS APOTHECARY BOTTLE ELIXIR,396.0100083,785.7900112
GLASS APOTHECARY BOTTLE PERFUME,844.2800066,1361.240023
GLASS APOTHECARY BOTTLE TONIC,596.3700081,1474.620022
GLASS BEAD HOOP NECKLACE AMETHYST,4.199999809,8.5
GLASS BON BON JAR,366.4899963,955.499998
GLASS BONNE JAM JAR,61.20000076,60.24000168
GLASS CLOCHE SMALL,113.6500016,503.1000098
GLASS HEART T-LIGHT HOLDER,149.1699978,410.2299969
GLASS JAR DAISY FRESH COTTON WOOL,124.1499996,336.8900062
GLASS JAR DIGESTIVE BISCUITS,371.3499877,184.1100022
GLASS JAR ENGLISH CONFECTIONERY,474.5400026,946.5499932
GLASS JAR KINGS CHOICE,46.79999995,133.8400015
GLASS JAR MARMALADE,22.02999926,96.7900008
GLASS JAR PEACOCK BATH SALTS,91.45999861,184.9700025
GLASS SONGBIRD STORAGE JAR,177.7000003,463.3299953
GLASS SPHERE CANDLE STAND MEDIUM,71.09999847,227.9199947
GLASS STAR FROSTED T-LIGHT HOLDER,145.8499975,1064.699987
GLASS TWIST BON BON JAR,166.5999985,93.26999807
GLITTER BUTTERFLY CLIPS,359.8000047,663.8900014
GLITTER CHRISTMAS STAR,403.3300011,1314.369991
GLITTER CHRISTMAS TREE,132.9199993,264.6200005
GLITTER CHRISTMAS TREE WITH BELLS,280.8499928,1139.069991
GLITTER HANGING BUTTERFLY STRING,271.6699955,801.6799923
GLITTER HEART DECORATION,503.5900034,1831.239989
GLITTER HEART GARLAND WITH BELLS,213.21,1102.780004
GLITTER STAR GARLAND WITH BELLS,270.1499996,637.1500045
GLOW IN DARK DOLPHINS,69.48999973,147.8399976
GOLD EAR MUFF HEADPHONES,157.7899995,121.1499972
GOLD FABRIC MIRROR,89.15999866,95.43999964
GOLD FISHING GNOME,6.949999809,48.60000038
GOLD M.O.P ORBIT DROP EARRINGS,3.75,4.25
GOLD M.O.P. ORBIT NECKLACE,8.850000381,2.950000048
GOLD MINI TAPE MEASURE,52.60000074,227.5
GOLD MUG BONE CHINA TREE OF LIFE,263.5200019,457.3600078
GOLD PHOTO FRAME,55.54999924,59.18999863
GOLD STANDING GNOME,362.25,54.5
GRAND CHOCOLATECANDLE,713.6900027,1395.410003
GRASS HOPPER WOODEN WALL CLOCK,11.47999966,97.24000102
GREEN BIRDHOUSE DECORATION,35.18999982,169.9899983
GREEN BITTY LIGHT CHAIN,37.0999999,201.7600004
GREEN CHRISTMAS TREE CARD HOLDER,824.1099997,2502.039977
GREEN CHRISTMAS TREE STRING 20LIGHT,12.14999962,24.89999962
GREEN DIAMANTE PEN IN GIFT BOX,4.949999809,4.949999809
GREEN DRAWER KNOB ACRYLIC EDWARDIAN,531.4000025,262.5799963
GREEN FERN JOURNAL,277.6900043,655.8500021
GREEN FERN POCKET BOOK,20.0999999,14.09999967
GREEN FERN SKETCHBOOK,43.80000019,91.79999828
GREEN GEISHA GIRL,3.75,31.5
GREEN GLASS TASSLE BAG CHARM,2.950000048,31.20000076
GREEN GOOSE FEATHER CHRISTMAS TREE,106.150001,-3522.010102
GREEN GOOSE FEATHER TREE 60CM,222.0600009,1148.329998
GREEN HEART COMPACT MIRROR,77.59999943,144.9799995
GREEN METAL BOX ARMY SUPPLIES,500.3799982,1235.229996
GREEN POLKADOT BOWL,136.9900026,728.9099971
GREEN POLKADOT PLATE,96.48000193,580.7399974
GREEN REGENCY TEACUP AND SAUCER,576.040006,2181.020054
GREEN ROSE WASHBAG,177.6499996,108.9900007
GREEN ROUND COMPACT MIRROR,14.45999956,35.38
GREEN SQUARE COMPACT MIRROR,73.75,65.04999924
GREEN SWEETHEART BRACELET,5.78000021,54.25
GREEN VINTAGE EARRINGS,3.75,51.5
GREEN VINTAGE SPOT BEAKER,102.2900008,190.0800041
GREEN WIRE STANDING CANDLE HOLDER,182.75,17.5
GREETING CARD; OVERCROWDED POOL.,13.67999983,38.75999951
GREETING CARD; STICKY GORDON,6.839999914,7.029999912
GREY HEART HOT WATER BOTTLE,1094.210002,6542.489986
GROOVY CACTUS INFLATABLE,30.99000025,49.16999876
GROW A FLYTRAP OR SUNFLOWER IN TIN,696.7299994,2358.350009
GROW YOUR OWN BASIL IN ENAMEL MUG,423.5799909,651.9699829
GROW YOUR OWN FLOWERS SET OF 3,224.0799963,509.9799926
GUMBALL COAT RACK,1060.779995,4829.309973
GUMBALL MAGAZINE RACK,222.3699965,721.5900081
GYMKHANA TREASURE BOOK BOX,224.7399985,1460.23
HAIRCLIPS FORTIES FABRIC ASSORTED,139.7700014,237.5000033
HAND OPEN SHAPE GOLD,133.2500012,323.9300013
HAND OVER THE CHOCOLATE SIGN,1836.060025,3371.479975
HAND PAINTED HANGING EASTER EGG,4.199999809,97.70999604
HAND WARMER BABUSHKA DESIGN,505.0800005,1340.410012
HAND WARMER BIRD DESIGN,4172.070017,8088.920088
HAND WARMER OWL DESIGN,2248.250023,10960.8601
HAND WARMER RED LOVE HEART,2135.580014,7260.930069
HAND WARMER RED RETROSPOT,2366.720028,4218.750035
HAND WARMER SCOTTY DOG DESIGN,1947.380005,8492.53008
HAND WARMER UNION JACK,2622.470022,7015.130038
HANGING BAUBLE T-LIGHT HOLDER LARGE,25.35000038,106.7400002
HANGING BAUBLE T-LIGHT HOLDER SMALL,20.79999924,235.2100022
HANGING BUTTERFLY T-LIGHT HOLDER,532.5199974,1624.699981
HANGING CHICK GREEN DECORATION,14.4000001,83.00000048
HANGING CHICK YELLOW DECORATION,41.20000029,65.0999999
HANGING CLEAR MINI BOTTLE,43.69999993,196.9199984
HANGING ENGRAVED METAL HEART,96.29000187,672.7899944
HANGING HEART BONHEUR,374.8700023,559.259994
HANGING HEART JAR T-LIGHT HOLDER,563.8899972,1871.450009
HANGING HEART MIRROR DECORATION,196.4699979,1189.910033
HANGING HEART WITH BELL,374.3499939,1391.399979
HANGING HEART ZINC T-LIGHT HOLDER,364.6799971,1298.880005
HANGING HEN ON NEST DECORATION,48.95999825,68.34999818
HANGING JAM JAR T-LIGHT HOLDERS,248.6699996,1375.769999
HANGING METAL HEART LANTERN,617.039991,2495.689953
HANGING METAL RABBIT DECORATION,19.94999981,23.29999924
HANGING METAL STAR LANTERN,369.8399949,1739.769982
HANGING MINI COLOURED BOTTLES,107.1399996,735.4999903
HANGING PHOTO CLIP ROPE LADDER,32.24999905,263.7299954
HANGING QUILTED PATCHWORK APPLES,359.919997,120.4300005
HANGING SPRING FLOWER EGG SMALL,54.22999924,76.23999858
HANGING WOOD AND FELT BUTTERFLY,20.54999971,39.67999983
HANGING WOOD AND FELT FLOWER,32.67000055,138.939999
HANGING WOOD AND FELT HEART,5.00999999,132.8699992
HAPPY EASTER HANGING DECORATION,3.75,16.63
HAPPY STENCIL CRAFT,1021,1127.569996
HARDMAN MUG 3 ASSORTED,0.389999986,179
HAWAIIAN GRASS SKIRT,47.96000004,55.59000075
HEADS AND TAILS SPORTING FUN,142.5100002,281.4900001
HEART BEADED TRELLIS DECORATION,93.73999882,274.4599956
HEART CALCULATOR,184.48,601.6599998
HEART DECORATION PAINTED ZINC,230.3800013,210.6599997
HEART DECORATION RUSTIC HANGING,154.6300004,1361.479988
HEART DECORATION WITH PEARLS,532.4899976,578.4100065
HEART FILIGREE DOVE LARGE,162.659996,704.8600031
HEART FILIGREE DOVE SMALL,189.25,1609.240013
HEART GARLAND RUSTIC PADDED,23.60000038,105.0500009
HEART IVORY TRELLIS LARGE,300.6899954,546.7399869
HEART IVORY TRELLIS SMALL,431.1100006,581.0199991
HEART MINI PORTRAIT FRAME,562.8599942,1675.569991
HEART OF WICKER LARGE,1318.960025,6881.04008
HEART OF WICKER SMALL,2172.77996,6860.449982
HEART SHAPE WIRELESS DOORBELL,104.1499996,186.4099976
HEART SHAPED HOLLY WREATH,729.7800001,1737.460008
HEART STRING MEMO HOLDER HANGING,168.9499933,403.5499945
HEART T-LIGHT HOLDER,37.29999995,91.26999831
HEART T-LIGHT HOLDER WILLIE WINKIE,326.8599949,1004.389987
HEART TRELLIS TRIPLE T-LIGHT HOLDER,117.3300016,231.0600061
HEART WOODEN CHRISTMAS DECORATION,768.5999944,1704.459986
HEART WREATH DECORATION WITH BELL,702.9899969,3216.95999
HEARTS GIFT TAPE,26.50000024,108.6099995
HEARTS STICKERS,64.79999876,224.419997
HELLO SAILOR BLUE SOAP HOLDER,45.39999962,401.52
HEN HOUSE DECORATION,31.34999883,93.23999763
HEN PARTY CORDON BARRIER TAPE,7.5,56.02999926
HENRIETTA HEN MUG,186.3699976,3114.519991
HERB MARKER BASIL,481.2299984,707.5799997
HERB MARKER CHIVES,101.0200006,531.8000029
HERB MARKER MINT,195.8099994,225.2700011
HERB MARKER PARSLEY,138.009999,713.5099974
HERB MARKER ROSEMARY,180.2500004,704.8999961
HERB MARKER THYME,192.5499989,500.819992
HI TEC ALPINE HAND WARMER,130.4599996,481.5799955
High Resolution Image,6.800000191,26.9000001
HILDA CANDY SPOT RABBIT,3.75,9.579999924
HIPPY CHIC DECORATIVE PARASOL,12.75,37.5
HOLIDAY FUN LUDO,346.940001,735.0300021
HOME BUILDING BLOCK WORD,1059.229996,2310.38
HOME GARLAND PAINTED ZINC,17.39999962,208.2000011
HOME SWEET HOME 2 DRAWER CABINET,157.4899962,782.7899868
HOME SWEET HOME 3 PEG HANGER,135.349999,561.8099968
HOME SWEET HOME BLACKBOARD,747.4500045,2938.519998
HOME SWEET HOME BOTTLE,205.3499982,517.3699924
HOME SWEET HOME CUSHION COVER,1713.480007,1889.760013
HOME SWEET HOME HANGING HEART,750.209989,721.6000022
HOME SWEET HOME HOOK,282.8399936,655.2199981
HOME SWEET HOME KEY HOLDER,412.9300014,2155.660002
HOME SWEET HOME METAL SIGN,313.0400023,1230.350017
HOME SWEET HOME MUG,333.0999966,2543.77999
HOMEMADE JAM SCENTED CANDLES,690.479991,1507.419992
HOOK; 1 HANGER ;MAGIC GARDEN,62.04999888,455.5700027
HORSE & PONY WALL ART,45,82.64999962
HOT BATHS METAL SIGN,1140.960002,4844.729978
HOT BATHS SOAP HOLDER,75.67999983,153.8400021
HOT STUFF HOT WATER BOTTLE,308.1899996,1156.729994
HOT WATER BOTTLE I AM SO POORLY,-2492.220089,8027.95991
HOT WATER BOTTLE KEEP CALM,3753.819964,17756.03985
HOT WATER BOTTLE SEX BOMB,433.5699937,1352.709992
HOT WATER BOTTLE TEA AND SYMPATHY,1740.149993,9154.089972
HOUSE SHAPE PENCIL SHARPENER,141.5100018,185.7199976
HYACINTH BULB T-LIGHT CANDLES,466.3499954,122.4999964
I LOVE LONDON BABY GIFT SET,55.90000212,698.9500132
I LOVE LONDON BEAKER,59.06999969,297.4200017
I LOVE LONDON MINI BACKPACK,183.340002,941.5800033
ICE CREAM BUBBLES,330.1500053,2202.580065
ICE CREAM PEN LIP GLOSS,550.75,2071.880008
ICE CREAM SUNDAE LIP GLOSS,823.4899988,1999.440011
ICON MUG REVOLUTIONARY,259.6799986,386.0500028
ICON PLACEMAT POP ART ELVIS,26.89000082,12.62999997
IF YOU CAN'T STAND THE HEAT MUG,256.4599991,269.0599982
ILLUSTRATED CAT BOWL,81.87000036,241.3000009
I'M ON HOLIDAY METAL SIGN,329.6600013,1599.180004
IVORY CAFE HANGING LAMP,83.65000153,834.6400092
IVORY CHANDELIER T-LIGHT HOLDER,69.85000134,642.3399999
IVORY DINER WALL CLOCK,756.8599983,1537.750006
IVORY EMBROIDERED QUILT,16.60000038,39.95000076
IVORY ENCHANTED FOREST PLACEMAT,71.99999845,210.4199976
IVORY GOLD METAL BAG CHARM,15.80000019,9.960000038
IVORY HANGING DECORATION BIRD,43.19999981,74.83999932
IVORY HANGING DECORATION EGG,169.9299961,60.0499987
IVORY HANGING DECORATION HEART,317.4499956,254.5499986
IVORY KITCHEN SCALES,1029.209996,3557.689988
IVORY KNITTED MUG COSY,105.0299991,455.8099985
IVORY LOVE BIRD CANDLE,49.24999952,60.27000046
IVORY PAPER CUP CAKE CASES,61.6600014,35.19999903
IVORY PILLAR CANDLE GOLD FLOCK,53.10000181,36.80999947
IVORY PILLAR CANDLE SILVER FLOCK,135.920002,437.0700028
IVORY REFECTORY CLOCK,170.2999983,447.0700008
IVORY RETRO KITCHEN WALL CLOCK,180.1899981,581.4799892
IVORY SHELL HEART NECKLACE,13.80000019,28.17000008
IVORY STRING CURTAIN WITH POLE,8.849999905,739.7100005
IVORY SWEETHEART SOAP DISH,200.9200006,452.1700053
IVORY SWEETHEART WIRE LETTER RACK,61.27999938,445.8299981
IVORY WICKER HEART LARGE,1282.229983,2164.279982
IVORY WICKER HEART MEDIUM,963.9499918,2140.559987
IVORY WICKER HEART SMALL,428.0899987,880.7399986
IVORY WIRE KITCHEN ORGANISER,33.99999905,-3.640000343
IVORY WIRE SWEETHEART LETTER TRAY,41.65000081,164.3900015
IVY HEART WREATH,6.75,90.37999916
JAM CLOCK MAGNET,138.7499995,84.8700006
JAM JAR WITH GREEN LID,79.8199991,418.7400002
JAM JAR WITH PINK LID,97.50999892,744.04
JAM MAKING SET PRINTED,1383.519972,3771.009971
JAM MAKING SET WITH JARS,1003.21,6143.099992
JAZZ HEARTS ADDRESS BOOK,302.4199956,527.6799994
JAZZ HEARTS PURSE NOTEBOOK,604.9699973,1425.559984
JIGSAW RABBIT AND BIRDHOUSE,183.0400003,176.1499991
JIGSAW TOADSTOOLS 3 PIECE,247.0399982,146.9299971
JIGSAW TREE WITH BIRDHOUSE,44.77999985,332.5499921
JIGSAW TREE WITH WATERING CAN,15.93000036,69.58999902
JINGLE BELL HEART ANTIQUE GOLD,303.2899929,1778.299984
JINGLE BELL HEART ANTIQUE SILVER,1603.759966,3331.649909
JINGLE BELL HEART DECORATION,1377.549975,3806.479939
JINGLE BELLS TREE DECORATION,62.95000124,269.7300012
JOY WOODEN BLOCK LETTERS,174.5999982,671.3499945
JUMBO BAG 50'S CHRISTMAS,2937.079969,19163.94997
JUMBO BAG ALPHABET,1063.619981,6533.119932
JUMBO BAG APPLES,764.9799897,4869.519952
JUMBO BAG BAROQUE BLACK WHITE,1146.919992,4574.099959
JUMBO BAG DOILEY PATTERNS,15,537
JUMBO BAG DOLLY GIRL DESIGN,342.0599937,1083.939975
JUMBO BAG OWLS,326.059993,4510.630022
JUMBO BAG PAISLEY PARK,2987.389961,19461.73975
JUMBO BAG PEARS,754.4399869,2599.599959
JUMBO BAG PINK POLKADOT,1088.729988,6204.449958
JUMBO BAG PINK VINTAGE PAISLEY,1211.869987,2476.969965
JUMBO BAG RED RETROSPOT,4824.959962,13900.07986
JUMBO BAG SCANDINAVIAN BLUE PAISLEY,479.709995,3154.64997
JUMBO BAG SPACEBOY DESIGN,657.6299908,3272.409963
JUMBO BAG STRAWBERRY,890.979989,3207.209971
JUMBO BAG TOYS,674.3199978,676.0299856
JUMBO BAG VINTAGE CHRISTMAS,1623.749974,7007.859923
JUMBO BAG VINTAGE DOILY,2455.769974,11473.87985
JUMBO BAG VINTAGE LEAF,1385.489976,5678.189926
JUMBO BAG WOODLAND ANIMALS,681.1799859,3534.449941
JUMBO SHOPPER VINTAGE RED PAISLEY,928.3999906,5561.79995
JUMBO STORAGE BAG SKULLS,1177.08999,3694.17997
JUMBO STORAGE BAG SUKI,1127.329981,4080.829931
JUNGLE POPSICLES ICE LOLLY MOULDS,72.21000051,218.5399985
KEEP CALM BIRTHDAY WRAP,25.94999981,8.5
KEEP CALM WALL ART,104.7900007,276.0500021
KENSINGTON COFFEE SET,89.5,119.25
KEY CABINET MA CAMPAGNE,128.4000006,359.5499952
KEY FOB ; BACK DOOR,135.2000006,580.6400051
KEY FOB ; FRONT DOOR,156.0000023,465.5500042
KEY FOB ; GARAGE DESIGN,157.950004,167.7900034
KEY FOB ; SHED,272.3500042,708.090006
KEY RING BASEBALL BOOT ASSORTED,650.0999955,1831.740001
KEY RING BASEBALL BOOT UNION JACK,706.2099991,1706.430001
KIDS RAIN MAC BLUE,87.99999893,347.9099947
KIDS RAIN MAC PINK,93.59999895,501.2900009
KINGS CHOICE BISCUIT TIN,102.4400002,365.6100008
KINGS CHOICE MUG,186.7899991,750.6400025
KINGS CHOICE TEA CADDY,79.68000174,242.7600043
KITCHEN METAL SIGN,163.3600007,804.3899978
KITTENS DESIGN FLANNEL,116.6800021,186.5199981
KITTY PENCIL ERASERS,107.6000008,278.4300011
KNEELING MAT HOUSEWORK DESIGN,367.0799972,1087.399986
KNICKERBOCKERGLORY MAGNET ASSORTED,82.58000064,272.729999
KNITTED UNION FLAG HOT WATER BOTTLE,961.9999974,3989.989992
LA PALMIERA TILE COASTER,30.08000016,166.2800006
LADIES & GENTLEMEN METAL SIGN,530.4999979,2170.950013
LADS ONLY TISSUE BOX,264.9199998,1421.850012
LANDMARK FRAME BAKER STREET,127.9000003,3992.209997
LANDMARK FRAME CAMDEN TOWN,559.459991,6452.389982
LANDMARK FRAME COVENT GARDEN,388.6000011,5626.849987
LANDMARK FRAME LONDON BRIDGE,346.9300002,5191.489986
LANDMARK FRAME NOTTING HILL,418.2599983,5008.74998
LANDMARK FRAME OXFORD STREET,438.3800013,6243.959991
LANTERN CREAM GAZEBO,462.5999985,1091.429999
LARGE ANTIQUE WHITE PHOTO FRAME,303.3000075,617.7200068
LARGE APOTHECARY MEASURING JAR,87,48
LARGE BONNE JAM JAR T-LIGHT HOLDER,28.89999962,110.4399996
LARGE CAKE STAND HANGING STRAWBERY,298.9400015,1244.830006
LARGE CAKE TOWEL CHOCOLATE SPOTS,-52.79999304,1275.520002
LARGE CAKE TOWEL PINK SPOTS,238.239996,402.0099983
LARGE CAMPHOR WOOD FIELD MUSHROOM,165.7799978,12.94999981
LARGE CERAMIC TOP STORAGE JAR,381.0899931,2462.439941
LARGE CHINESE STYLE SCISSOR,66.14999962,326.0699954
LARGE CIRCULAR MIRROR MOBILE,473.0099974,874.549992
LARGE DECO JEWELLERY STAND,30.60000038,5
LARGE HANGING IVORY & RED WOOD BIRD,95.99999964,317.0799975
LARGE HEART MEASURING SPOONS,457.6899928,1314.529987
LARGE IVORY HEART WALL ORGANISER,107.9200003,2436.550031
LARGE MEDINA STAMPED METAL BOWL,163.8899946,147.0899944
LARGE PARLOUR PICTURE FRAME,226.7100046,475.6199996
LARGE PURPLE BABUSHKA NOTEBOOK,414.6599963,759.4499933
LARGE RED BABUSHKA NOTEBOOK,382.139999,763.5999982
LARGE ROUND WICKER PLATTER,214.9699972,784.9899963
LARGE STRIPES CHOCOLATE GIFT BAG,45,22.99999928
LARGE TALL CAMPHOR WOOD TOADSTOOL,91.79999733,7.949999809
LARGE WHITE HEART OF WICKER,1560.730021,3992.200039
LARGE WHITE HONEYCOMB PAPER BELL,280.000001,151.9500032
LARGE YELLOW BABUSHKA NOTEBOOK,236.7399982,612.6799941
LARGE ZINC GLASS CANDLEHOLDER,6.599999905,4.130000114
LAUNDRY 15C METAL SIGN,252.139998,1331.039994
LAUREL HEART ANTIQUE GOLD,78.94999981,343.9200042
LAUREL HEART ANTIQUE SILVER,221.7500012,832.0999899
LAUREL STAR ANTIQUE GOLD,125.259999,1680.410003
LAUREL STAR ANTIQUE SILVER,330.1999998,391.4400015
LAVENDER INCENSE 40 CONES IN TIN,7.5,17.1500001
LAVENDER SCENT CAKE CANDLE,6.960000038,67.46999884
LAVENDER SCENTED FABRIC HEART,132.8199992,370.4899938
LAVENDER TOILETTE BOTTLE,418.2299919,445.4199933
LAZER CUT NECKLACE W PASTEL BEADS,9.899999619,8.949999809
LE GRAND TRAY CHIC SET,109.3299999,361.02
LE JARDIN BOTANIQUE CUSHION COVER,1486.009993,1959.240007
LETS GO SHOPPING COTTON TOTE BAG,90.44999886,138.4999987
"LETTER ""A"" BLING KEY RING",31.12999964,33.8499999
"LETTER ""B"" BLING KEY RING",3.480000019,8.300000191
"LETTER ""C"" BLING KEY RING",3.770000011,30.72000018
"LETTER ""D"" BLING KEY RING",3.480000019,58.23000121
"LETTER ""E"" BLING KEY RING",3.480000019,57.55999997
"LETTER ""F"" BLING KEY RING",3.480000019,6.949999839
"LETTER ""G"" BLING KEY RING",23.9100008,18.64999965
"LETTER ""H"" BLING KEY RING",22.4399991,14.07999995
"LETTER ""I"" BLING KEY RING",3.480000019,25.33999923
"LETTER ""J"" BLING KEY RING",3.480000019,12.5
"LETTER ""K"" BLING KEY RING",3.480000019,33.61000016
"LETTER ""L"" BLING KEY RING",16.85999966,23.75999928
"LETTER ""M"" BLING KEY RING",10.92999983,7.5
"LETTER ""N"" BLING KEY RING",8.429999828,7.039999992
"LETTER ""O"" BLING KEY RING",3.480000019,4.25
"LETTER ""P"" BLING KEY RING",3.480000019,45.31999925
"LETTER ""R"" BLING KEY RING",3.480000019,17.03999999
"LETTER ""S"" BLING KEY RING",187.3700061,38.27999997
"LETTER ""T"" BLING KEY RING",3.480000019,4.25
"LETTER ""U"" BLING KEY RING",3.480000019,4.25
"LETTER ""V"" BLING KEY RING",3.480000019,4.25
"LETTER ""W"" BLING KEY RING",3.480000019,4.25
"LETTER ""Y"" BLING KEY RING",17.4000001,15.98000002
"LETTER ""Z"" BLING KEY RING",3.480000019,13.5
LETTER HOLDER HOME SWEET HOME,445.9199916,1184.040004
LETTER SHAPE PENCIL SHARPENER,91.19999927,357.1099893
LIGHT GARLAND BUTTERFILES PINK,255.8400056,771.2799969
LILY BROOCH AMETHYST COLOUR,19.79999924,60.69999981
LILY BROOCH OLIVE COLOUR,19.79999924,9.899999619
LIPSTICK PEN BABY PINK,219.8999967,354.960001
LIPSTICK PEN FUSCHIA,614.5000015,505.989997
LIPSTICK PEN RED,440.7299995,1438.859994
LOCAL CAFE MUG,93.19999981,324.2699963
LOLITA DESIGN COTTON TOTE BAG,83.40000153,80.60000014
LONDON BUS COFFEE MUG,775.0099952,1251.710004
LOVE BUILDING BLOCK WORD,673.1999972,2016.229981
LOVE GARLAND PAINTED ZINC,10.75,137.8700007
LOVE HEART POCKET WARMER,88.89999771,394.429997
LOVE HEART SOCK HANGER,2.099999905,6.599999785
LOVE HEART TRINKET POT,426.3899994,476.7799889
LOVE HOT WATER BOTTLE,2129.41001,10577.22007
LOVE SEAT ANTIQUE WHITE METAL,59,1305.839999
LOVEBIRD HANGING DECORATION WHITE,389.1799951,1031.929998
LOVELY BONBON STICKER SHEET,73.35000002,25.44999945
LUNCH BAG ALPHABET DESIGN,1022.350009,2996.310017
LUNCH BAG APPLE DESIGN,1209.310005,5922.970091
LUNCH BAG BLACK SKULL.,1302.330991,5345.429967
LUNCH BAG CARS BLUE,1025.790003,7386.449985
LUNCH BAG DOLLY GIRL DESIGN,506.0599999,3409.600018
LUNCH BAG PAISLEY PARK,2237.15001,8274.109975
LUNCH BAG PINK POLKADOT,745.1999949,2814.200001
LUNCH BAG RED RETROSPOT,1527.919999,6456.299995
LUNCH BAG RED VINTAGE DOILY,756.5700004,3426.82
LUNCH BAG SPACEBOY DESIGN,1531.030002,5751.229978
LUNCH BAG SUKI DESIGN,1187.809995,4713.160008
LUNCH BAG VINTAGE DOILY,1636.209994,6395.319997
LUNCH BAG VINTAGE LEAF DESIGN,671.8600003,2222.979999
LUNCH BAG WOODLAND,1018.229997,2224.090003
LUNCH BOX I LOVE LONDON,677.6599944,2366.49998
LUNCH BOX WITH CUTLERY RETROSPOT,286.6000009,1014.540002
MADRAS NOTEBOOK MEDIUM,149.2999986,598.4800015
MAGAZINE RACK GEBRA ASSORTED,35,105.1499996
MAGIC DRAWING SLATE BAKE A CAKE,178.1999984,432.930002
MAGIC DRAWING SLATE BUNNIES,400.8199991,289.8299987
MAGIC DRAWING SLATE CIRCUS PARADE,314.2899964,585.7799986
MAGIC DRAWING SLATE DINOSAUR,266.949997,535.9200059
MAGIC DRAWING SLATE DOLLY GIRL,362.3099993,854.3400044
MAGIC DRAWING SLATE GO TO THE FAIR,638.8099909,163.0499997
MAGIC DRAWING SLATE LEAP FROG,147.3999994,247.9999997
MAGIC DRAWING SLATE PURDEY,158.89,851.2499878
MAGIC DRAWING SLATE SPACEBOY,499.6299974,1213.689985
MAGIC GARDEN FELT GARLAND,19.79999971,915.0299961
MAGIC SHEEP WOOL GROWING FROM PAPER,532.5900028,865.1900067
MAGIC TREE -PAPER FLOWERS,133.7000005,559.6499975
MAGNETS PACK OF 4 CHILDHOOD MEMORY,37.43000031,90.19999981
MAGNETS PACK OF 4 HOME SWEET HOME,301.690003,534.6599952
MAGNETS PACK OF 4 RETRO PHOTO,122.55,362.9799919
MAGNETS PACK OF 4 SWALLOWS,710.1399983,869.1199928
MAGNETS PACK OF 4 VINTAGE COLLAGE,202.5100024,557.3899945
MAGNETS PACK OF 4 VINTAGE LABELS,132.8399988,522.2299923
MAKE YOUR OWN FLOWERPOWER CARD KIT,390.8999936,649.4000006
MAKE YOUR OWN MONSOON CARD KIT,349.2100019,754.5100028
MAKE YOUR OWN PLAYTIME CARD KIT,139.9600004,392.5700008
MAN FLU METAL SIGN,176.2699957,1051.800006
Manual,1071.539995,7657.450086
MARIE ANTOINETTE TRINKET BOX GOLD,48,368.2399988
MARIE ANTOINETTE TRINKET BOX SILVER,25,365.4999993
MEASURING TAPE BABUSHKA BLUE,338.6000061,258.8000016
MEASURING TAPE BABUSHKA PINK,142.9000025,566.1600112
MEASURING TAPE BABUSHKA RED,71.80000019,162.1100022
MEDIUM CERAMIC TOP STORAGE JAR,470.8399971,1974.079992
MEDIUM CHINESE STYLE SCISSOR,15,70.57999897
MEDIUM MEDINA STAMPED METAL BOWL,86.29000187,158.150001
MEDIUM PARLOUR PICTURE FRAME,216.2900025,705.4500014
MEDIUM PINK BUDDHA HEAD,23.60000086,19.00000072
MEMO BOARD COTTAGE DESIGN,419.3799955,1861.229977
MEMO BOARD RETROSPOT DESIGN,470.4499941,1723.77997
METAL 4 HOOK HANGER FRENCH CHATEAU,774.2099981,1746.43
METAL DECORATION NAUGHTY CHILDREN,134.49,569.7699976
METAL MERRY CHRISTMAS WREATH,170.2699988,449.1300027
METAL SIGN CUPCAKE SINGLE HOOK,25.03999996,4.589999974
METAL SIGN DROP YOUR PANTS,591.1800042,2233.01999
METAL SIGN EMPIRE TEA,378.889995,1053.370005
METAL SIGN HER DINNER IS SERVED,18.2099998,65.00000072
METAL SIGN HIS DINNER IS SERVED,74.43999958,362.639999
METAL SIGN NEIGHBOURHOOD WITCH,12.05999994,535.6099999
METAL SIGN TAKE IT OR LEAVE IT,4364.700003,1081.62001
METAL SIGN;CUPCAKE SINGLE HOOK,201.4499989,301.3499947
METALIC LEAVES BAG CHARMS,27.74999976,427.4099966
MIDNIGHT GLAMOUR SCARF KNITTING KIT,212.1100016,331.5300018
MILK MAIDS MUG,281.7999976,410.4899927
MILK PAN BLUE POLKADOT,20.79999924,80.36999989
MILK PAN RED RETROSPOT,546.3600121,443.6399988
MINI CAKE STAND HANGING STRAWBERY,254.7099992,851.6299929
MINI CAKE STAND T-LIGHT HOLDER,47.70000029,15.69000012
MINI CAKE STAND WITH HANGING CAKES,246.1900008,1052.749982
MINI FUNKY DESIGN TAPES,28.67999911,155.4499985
MINI JIGSAW BAKE A CAKE,17.70000076,188.4700014
MINI JIGSAW BUNNIES,90.17999816,221.4000002
MINI JIGSAW CIRCUS PARADE,376.7600008,177.200002
MINI JIGSAW DINOSAUR,71.82000065,204.0000007
MINI JIGSAW DOLLY GIRL,155.9400031,340.9200263
MINI JIGSAW GO TO THE FAIR,32.46000004,34.97999975
MINI JIGSAW LEAP FROG,17.41999999,203.8000039
MINI JIGSAW PURDEY,118.5600006,316.8699987
MINI JIGSAW SPACEBOY,182.2999975,852.9500033
MINI LADLE LOVE HEART PINK,90.16999999,97.29999936
MINI LADLE LOVE HEART RED,23.78999996,321.3800014
MINI LIGHTS WOODLAND MUSHROOMS,1509.619995,7744.290008
MINI PAINT SET VINTAGE,939.0499921,3177.289919
MINI PAINTED GARDEN DECORATION,10.44000006,86.97000027
MINI PLAYING CARDS BUFFALO BILL,353.1299935,1961.740009
MINI PLAYING CARDS DOLLY GIRL,485.8299951,1319.349996
MINI PLAYING CARDS FUN FAIR,143.7399994,599.8199962
MINI PLAYING CARDS GYMKHANA,426.5599969,1606.130022
MINI PLAYING CARDS SPACEBOY,401.4699935,2357.780004
MINI WOODEN HAPPY BIRTHDAY GARLAND,60.56000078,405.3800001
MINIATURE ANTIQUE ROSE HOOK IVORY,495.5099961,-81.18002182
MINT DINER WALL CLOCK,539.2699957,865.3099911
MINT GREEN ROSE TOWEL,77.85000134,45.25000077
MINT KITCHEN SCALES,610.7099986,2646.560007
MIRROR CORNICE,97.94000006,157.3999977
MIRROR MOSAIC CANDLE PLATE,15,74.18999958
MIRROR MOSAIC GOBLET CANDLE HOLDER,16.5,476.1599998
MIRROR MOSAIC HURRICANE LAMP,24.75,369.6999989
MIRROR MOSAIC T-LIGHT HOLDER,59.89999962,371.5499868
MIRROR MOSAIC T-LIGHT HOLDER ROUND,49.79999924,229.0200043
MIRROR MOSAIC VOTIVE HOLDER,92.10000038,281.740001
MIRRORED DISCO BALL,536.1900017,2589.32002
MIRRORED DOVE WALL DECORATION,86.40000105,142.8900018
MIRRORED WALL ART FOXY,12.14999998,134.5699997
MIRRORED WALL ART GENTS,22.25000024,177.7699966
MIRRORED WALL ART LADIES,50.70000029,28.3900001
MIRRORED WALL ART POPPIES,39,46.13999915
MIRRORED WALL ART SKULLS,11.28999996,155.4299995
MIRRORED WALL ART SNOWFLAKES,368.25,441.3999988
MIRRORED WALL ART SPLODGES,26.44999981,19.53999996
MIRRORED WALL ART STARS,127.5,109.2999985
MIRRORED WALL ART TABLE LAMP,0.75,196.1000032
MISTLETOE HEART WREATH CREAM,573.7400011,1411.140006
MISTLETOE HEART WREATH GREEN,659.0400037,2482.700011
MOBILE VINTAGE HEARTS,179.2800016,228.0600008
MOCK LOBSTER FRIDGE MAGNET,5.069999814,154.5399985
MODERN FLORAL STATIONERY SET,599.6199977,1369.50999
MONEY BOX BISCUITS DESIGN,57.99999905,95.63999844
MONEY BOX CONFECTIONERY DESIGN,105.3900013,91.88999987
MONEY BOX FIRST AID DESIGN,27.75000095,21.40999961
MONEY BOX HOUSEKEEPING DESIGN,28.23000002,83.16999888
MONEY BOX KINGS CHOICE DESIGN,132.8700018,196.089998
MONEY BOX POCKET MONEY DESIGN,96.28999972,188.4800012
MONSTERS STENCIL CRAFT,523.6799965,644.5399995
MOODY BOY DOOR HANGER,149.8900005,454.9799969
MOODY GIRL DOOR HANGER,522.5599983,696.5099951
MORE BUTTER METAL SIGN,93.41999727,492.6899989
MOROCCAN BEATEN METAL DISH,35.54999959,95.24999809
MOROCCAN BEATEN METAL DISH LARGE,35.79999924,12.75
MOTHER'S KITCHEN SPOON REST,16.19999981,360.6399984
MOTORING TISSUE BOX,639.2699981,952.6699874
MOUSE TOY WITH PINK T-SHIRT,209.9899998,514.579999
MOUSEY LONG LEGS SOFT TOY,2.549999952,69.15000129
MR ROBOT SOFT TOY,68.79999828,106.0300012
MRS ROBOT SOFT TOY,78.09999847,141.8999999
MULTI COLOUR SILVER T-LIGHT HOLDER,837.6299987,2868.240017
MULTI HEARTS STICKERS,8.850000381,76.72999954
MULTICOLOUR 3D BALLS GARLAND,7.650000095,240.8899996
MULTICOLOUR CONFETTI IN TUBE,32.29999924,127.3499978
MULTICOLOUR HONEYCOMB FAN,154.890002,275.0999973
MULTICOLOUR HONEYCOMB PAPER GARLAND,42.89999843,486.8899974
MULTICOLOUR SPRING FLOWER MUG,200.6399965,105.2399989
MUM'S KITCHEN CLOCK,13.09999996,89.54999685
MUSICAL ZINC HEART DECORATION,462.6399998,1475.229987
N0 SINGING METAL SIGN,306.9000061,2518.720007
NAMASTE SWAGAT INCENSE,60.34999949,147.7900001
NATURAL HANGING QUILTED HEARTS,209.4999994,457.5199975
NATURAL SLATE CHALKBOARD LARGE,620.5000038,2276.620025
NATURAL SLATE HEART CHALKBOARD,3154.850033,5122.780089
NATURAL SLATE RECTANGLE CHALKBOARD,399.2599968,1196.109984
NECKLACE+BRACELET PINK BUTTERFLY,50.23000145,17.59999967
NECKLACE+BRACELET SET BLUE HIBISCUS,95.09999824,52.93999887
NECKLACE+BRACELET SET FRUIT SALAD,34.5,51.38000059
NEW BAROQUE JEWELLERY BOX,59.19999933,198.1999948
Next Day Carriage,394.3699999,629.6299992
NINE DRAWER OFFICE TIDY,232.9499974,546.0200039
NINJA RABBIT BLACK,111.15,52.90999985
NINJA RABBIT PINK,57.82999992,42.39999962
NOEL GARLAND PAINTED ZINC,722.3199975,481.8899957
NOEL WOODEN BLOCK LETTERS,380.6699938,632.9099979
NOVELTY BISCUITS CAKE STAND 3 TIER,424.2499995,603.3399912
NUMBER TILE COTTAGE GARDEN 1,1.950000048,31.37999964
NUMBER TILE COTTAGE GARDEN 2,16.5,1.950000048
NUMBER TILE VINTAGE FONT 3,1.950000048,176.1799994
NUMBER TILE VINTAGE FONT 5,1.950000048,21.75000048
NUMBER TILE VINTAGE FONT 6,1.950000048,59.74999928
NUMBER TILE VINTAGE FONT 8,1.950000048,16.60000038
NUMBER TILE VINTAGE FONT 9,2.950000048,1.950000048
NURSERY A;B;C PAINTED LETTERS,138.6000016,622.9500031
NURSE'S BAG SOFT TOY,26.85000038,3.289999962
OCEAN SCENT CANDLE IN JEWELLED BOX,42.5,438.4100001
OFFICE MUG WARMER BLACK+SILVER,216.6199989,1708.040024
OFFICE MUG WARMER CHOC+BLUE,241.7700019,607.6200073
OFFICE MUG WARMER PINK,212.4300058,-397.3499971
OFFICE MUG WARMER POLKADOT,197.270005,737.3200008
OPEN CLOSED METAL SIGN,523.4399962,1646.469992
ORANGE VOTIVE CANDLE,6.960000038,26.39999962
ORIGAMI JASMINE INCENSE/CANDLE SET,22.91000021,86.70999908
ORIGAMI LAVENDER INCENSE/CANDL SET,59.46000063,494.7700037
ORIGAMI ROSE INCENSE/CANDLE SET,35.3999995,443.3200029
ORIGAMI SANDLEWOOD INCENSE/CAND SET,127.4400002,351.2899981
ORIGAMI VANILLA INCENSE/CANDLE SET,407.1999998,71.99999976
OVAL MINI PORTRAIT FRAME,355.7000017,1549.690002
OVAL WALL MIRROR DIAMANTE,139.8499994,166.2999972
OVEN MITT APPLES DESIGN,309.7400011,628.770003
OVERNIGHT BAG VINTAGE ROSE PAISLEY,672.6500001,308.8199978
OWL DOORSTOP,325.4500027,619.8700006
OYSTER TRINKET BOX,19.5,115.4199988
PACK 3 BOXES BIRD PANETTONE,150.9999995,455.6199927
PACK 3 BOXES BIRD PANNETONE,68.74999952,618.6799982
PACK 3 BOXES CHRISTMAS PANETTONE,132.6799994,179.2200003
PACK 3 BOXES CHRISTMAS PANNETONE,93.55999899,520.499992
PACK 6 HEART/ICE-CREAM PATCHES,10.39999962,39.39999962
PACK OF 12 50'S CHRISTMAS TISSUES,501.7399957,1391.449986
PACK OF 12 BLUE PAISLEY TISSUES,337.4800014,723.6599954
PACK OF 12 CHRISTMAS FUN CARDS,-35.40000153,133.6499939
PACK OF 12 CIRCUS PARADE TISSUES,58.10000002,539.2699985
PACK OF 12 COLOURED PENCILS,222.7099978,876.7499995
PACK OF 12 DOLLY GIRL TISSUES,307.7699988,1159.620004
PACK OF 12 HEARTS DESIGN TISSUES,302.3099971,707.9599915
PACK OF 12 LONDON TISSUES,1075.910009,1937.510007
PACK OF 12 PAISLEY PARK TISSUES,590.3900004,1456.439982
PACK OF 12 PINK PAISLEY TISSUES,188.8499985,469.6899984
PACK OF 12 PINK POLKADOT TISSUES,112.049997,1001.979995
PACK OF 12 RED APPLE TISSUES,130.5999972,371.1399944
PACK OF 12 RED RETROSPOT TISSUES,219.8699944,567.0199923
PACK OF 12 SKULL TISSUES,262.2399952,343.0600005
PACK OF 12 SPACEBOY TISSUES,360.6799933,716.1299946
PACK OF 12 STICKY BUNNIES,48.54999804,95.52000022
PACK OF 12 SUKI TISSUES,379.7699926,1258.65
PACK OF 12 TRADITIONAL CRAYONS,378.6899946,1133.580001
PACK OF 12 VINTAGE CHRISTMAS TISSUE,699.5499883,1649.33999
PACK OF 12 VINTAGE DOILY TISSUES,462.6499941,768.1599895
PACK OF 12 VINTAGE LEAF TISSUES,250.0199964,298.9699948
PACK OF 12 WOODLAND TISSUES,290.7999982,774.499999
PACK OF 20 NAPKINS PANTRY DESIGN,795.259993,1125.190006
PACK OF 20 NAPKINS RED APPLES,218.14,672.7899958
PACK OF 20 SKULL PAPER NAPKINS,95.15999877,429.8499945
PACK OF 20 SPACEBOY NAPKINS,159.5200005,398.5899944
PACK OF 6 BIRDY GIFT TAGS,935.399999,2656.42
PACK OF 6 COCKTAIL PARASOL STRAWS,138.8099975,311.1399994
PACK OF 6 HANDBAG GIFT BOXES,104.2499998,245.3700014
PACK OF 6 LARGE FRUIT STRAWS,426.12,383.8999995
PACK OF 6 PANETTONE GIFT BOXES,66.69000024,567.3999929
PACK OF 6 PANNETONE GIFT BOXES,465.1800004,422.8500019
PACK OF 6 SANDCASTLE FLAGS ASSORTED,45.20000076,109.9599984
PACK OF 6 SKULL PAPER CUPS,74.88999939,486.4800061
PACK OF 6 SKULL PAPER PLATES,218.5300016,490.549994
PACK OF 6 SMALL FRUIT STRAWS,226.9699961,751.8199884
PACK OF 6 SWEETIE GIFT BOXES,421.1599993,320.0600002
PACK OF 60 DINOSAUR CAKE CASES,804.2100034,1852.38999
PACK OF 60 MUSHROOM CAKE CASES,350.9499976,1202.11
PACK OF 60 PINK PAISLEY CAKE CASES,921.8499976,1518.139992
PACK OF 60 SPACEBOY CAKE CASES,437.9599977,1126.949996
PACK OF 72 RETROSPOT CAKE CASES,874.069989,6239.560002
PACK OF 72 SKULL CAKE CASES,758.6299933,1103.109999
PACK OF SIX LED TEA LIGHTS,1487.520006,3850.290002
PACK/12 BLUE FOLKART CARDS,26.24999976,52.74000025
PACKING CHARGE,34.41000032,84.96999955
PAINT YOUR OWN CANVAS SET,599,893.0099914
PAINT YOUR OWN EGGS IN CRATE,3.25,352.4800091
PAINTED LIGHTBULB STAR+ MOON,2.939999968,15.49000007
PAINTED METAL HEART WITH HOLLY BELL,6.259999931,218.7899957
PAINTED METAL PEARS ASSORTED,670.6000139,1904.510026
PAINTED METAL STAR WITH HOLLY BELLS,224.199994,519.0199876
PAINTED PINK RABBIT,10.20000005,45.20999897
PAINTED YELLOW WOODEN DAISY,13.60000014,76.23999953
PAIR PADDED HANGERS PINK CHECK,7.5,226.8000031
PAISLEY PARK CARD,154.6499993,331.2400022
PANDA AND BUNNIES STICKER SHEET,52.10000062,134.9299991
PANTRY 3 HOOK ROLLING PIN HANGER,124.9499993,597.4700012
PANTRY APPLE CORER,92.94999838,620.5600004
PANTRY CHOPPING BOARD,185.8199997,315.65
PANTRY HOOK BALLOON WHISK,53.21999931,490.0599979
PANTRY HOOK SPATULA,78.21999931,499.389999
PANTRY HOOK TEA STRAINER,56.03999901,391.0700001
PANTRY KITCHEN THERMOMETER,81.2700007,243.5700004
PANTRY MAGNETIC SHOPPING LIST,1415.450007,2215.899987
PANTRY PASTRY BRUSH,178.9799991,339.0699987
PANTRY ROLLING PIN,261.4399996,570.040004
PANTRY SCRUBBING BRUSH,212.6599973,588.0199902
PANTRY WASHING UP BRUSH,367.6599958,913.9499853
PAPER BUNTING PAISLEY PARK,516.1999946,823.3100045
PAPER BUNTING RETROSPOT,507.2800059,1624.300021
PAPER BUNTING VINTAGE PAISLEY,173.2000022,468.4200079
PAPER BUNTING VINTAGE PARTY,258.4499984,1546.840017
PAPER BUNTING WHITE LACE,562.3499973,2078.860013
PAPER CHAIN KIT 50'S CHRISTMAS,5755.210032,28672.08017
PAPER CHAIN KIT LONDON,56.45000029,418.000003
PAPER CHAIN KIT RETROSPOT,909.9700084,3388.140038
PAPER CHAIN KIT SKULLS,24.55000007,138.9600058
PAPER CHAIN KIT VINTAGE CHRISTMAS,3554.100029,15868.53014
PAPER LANTERN 5 POINT STAR MOON,149.2999992,71.05000019
PAPER LANTERN 7 POINT SNOW STAR,-3.98999548,251.8500026
PAPER LANTERN 9 POINT DELUXE STAR,55.05000067,811.7899981
PAPER LANTERN 9 POINT HOLLY STAR L,100,132.4000003
PAPER LANTERN 9 POINT HOLLY STAR S,33.20000076,65.00000048
PAPER LANTERN 9 POINT SNOW STAR,584.6799973,846.4500055
PAPER POCKET TRAVELING FAN,50.00999862,177.3099991
PAPERWEIGHT CHILDHOOD MEMORIES,23.60999942,164.3300003
PAPERWEIGHT HOME SWEET HOME,25.24999976,32.58999956
PAPERWEIGHT KINGS CHOICE,59.17999935,20.79000008
PAPERWEIGHT SAVE THE PLANET,117.750002,95.18000078
PAPERWEIGHT VINTAGE COLLAGE,98.4499985,201.6099981
PAPERWEIGHT VINTAGE PAISLEY,110.0099984,45.6899997
PARISIENNE CURIO CABINET,251.4199989,849.080006
PARISIENNE JEWELLERY DRAWER,297.2099982,2442.650006
PARISIENNE KEY CABINET,113.0599991,1090.399991
PARISIENNE SEWING BOX,313.759999,1234.439982
PARLOUR CERAMIC WALL HOOK,156.1499996,501.5599964
PARTY BUNTING,3486.759971,5388.809979
PARTY CHARMS 50 PIECES,520.8699971,627.5999997
PARTY CONE CHRISTMAS DECORATION,251.2899961,669.2699987
PARTY CONES CANDY ASSORTED,-19.25,136.7699966
PARTY CONES CANDY DECORATION,10.19999981,198.880003
PARTY INVITES BALLOON GIRL,15.85000002,121.3899976
PARTY INVITES DINOSAURS,64.24999893,117.4799986
PARTY INVITES FOOTBALL,47.50999868,94.01999855
PARTY INVITES JAZZ HEARTS,7.200000048,147.9099991
PARTY INVITES SPACEMAN,24.24999964,112.199999
PARTY INVITES WOODLAND,35.75000012,431.120002
PARTY METAL SIGN,602.2099981,2319.859991
PARTY PIZZA DISH BLUE POLKADOT,197.3699988,148.3399986
PARTY PIZZA DISH GREEN POLKADOT,160.4299983,101.4400002
PARTY PIZZA DISH PINK POLKADOT,113.5499991,94.27999938
PARTY PIZZA DISH RED RETROSPOT,126.3900021,153.7900004
PARTY TIME DESIGN FLANNEL,52.71999931,26.89999986
PARTY TIME PENCIL ERASERS,167.6699978,284.0300012
PASTEL COLOUR HONEYCOMB FAN,47.59999847,166.9399972
PEACE WOODEN BLOCK LETTERS,463.4800025,694.9799955
PEARL CRYSTAL PUMPKIN T-LIGHT HLDR,116.9199999,465.119992
PEARLISED IVORY HEART LARGE,217.6499977,1159.089978
PEARLISED IVORY HEART SMALL,81.54999793,1966.410059
PEG BAG APPLES DESIGN,-7.389999151,448.4600005
PENCIL CASE LIFE IS BEAUTIFUL,123.3800006,356.3000058
PENNY FARTHING BIRTHDAY CARD,191.5999997,302.5099976
PENS ASSORTED FUNKY JEWELED,109.7900019,754.5000024
PENS ASSORTED FUNNY FACE,387.8400019,855.570006
PENS ASSORTED SPACEBALL,208.0200019,335.4600022
PERIWINKLE T-LIGHT HOLDER,5,12.60000038
PETIT TRAY CHIC,375.0699927,1558.080017
PHARMACIE FIRST AID TIN,256.1900015,281.0000032
PHOTO CLIP LINE,172.7000017,37.81000042
PHOTO CUBE,392.3699977,2699.989987
PHOTO FRAME 3 CLASSIC HANGING,292.9099975,986.4799898
PHOTO FRAME CORNICE,612.6600025,2476.980004
PHOTO FRAME LINEN AND LACE LARGE,104.8500018,265.6599998
PHOTO FRAME LINEN AND LACE SMALL,67.8599987,443.289991
PICNIC BASKET WICKER LARGE,146.3500013,267.25
PICNIC BOXES SET OF 3 RETROSPOT,376.6800039,356.8299855
PICTURE DOMINOES,1012.070004,1930.969983
PICTURE FRAME WOOD TRIPLE PORTRAIT,275.95,1344.520006
PIG KEYRING WITH LIGHT & SOUND,305.0499964,693.8599964
PIGGY BANK RETROSPOT,184.4899991,1137.520007
PIN CUSHION BABUSHKA BLUE,6.699999809,45.2099992
PIN CUSHION BABUSHKA PINK,425.9100014,368.3700001
PIN CUSHION BABUSHKA RED,121.0600024,220.9100004
PING MICROWAVE APRON,275.0699988,190.5499981
PING! MICROWAVE PLATE,58,327.9599962
PINK & WHITE ROSEBUD RING,11.89999962,23.90000057
PINK AND BLACK STRING CURTAIN,12.49000001,8.5
PINK AND WHITE CHRISTMAS TREE 120CM,289.0499978,186.890002
PINK BABY BUNTING,138.6600008,464.969996
PINK BITTY LIGHT CHAIN,195.5,73.84999967
PINK BLUE FELT CRAFT TRINKET BOX,719.6000063,2739.930001
PINK BUNNY EASTER EGG BASKET,1.649999976,208.8000031
PINK BUTTERFLY WASHBAG,17.77000046,4.25
PINK CANDYSTUFT ARTIFICIAL FLOWER,9.359999657,96.01999855
PINK CAT BOWL,123.6300001,96.81999928
PINK CREAM FELT CRAFT TRINKET BOX,1004.100001,2947.70999
PINK CRYSTAL SKULL PHONE CHARM,12.27999997,0.189999998
PINK DIAMANTE PEN IN GIFT BOX,21.25000024,164.6100001
PINK DINER WALL CLOCK,388.9399962,716.9000005
PINK DISCO HANDBAG,56.67000127,76.06999975
PINK DOG BOWL,181.780001,164.4200003
PINK DOUGHNUT TRINKET POT,390.3899933,1181.459974
PINK DRAWER KNOB ACRYLIC EDWARDIAN,223.8999987,507.939998
PINK FAIRY CAKE CHILDRENS APRON,775.2500126,3105.680029
PINK FAIRY CAKE CUSHION COVER,34.94999981,46.55000019
PINK FLORAL FELTCRAFT SHOULDER BAG,335.5799992,1980.969997
PINK FLOWER CROCHET FOOD COVER,46.5,143.8499999
PINK FLOWER FABRIC PONY,10.71000004,27.46999979
PINK FLOWERS RABBIT EASTER,1.950000048,20.79999924
PINK FLY SWAT,50.79999995,22.39999914
PINK GLASS CANDLEHOLDER,35.10000038,89.88000083
PINK GOOSE FEATHER TREE 60CM,40.39999962,112.0199992
PINK GREEN EMBROIDERY COSMETIC BAG,38.25,2.950000048
PINK HANGING HEART T-LIGHT HOLDER,346.0699997,1733.02001
PINK HAPPY BIRTHDAY BUNTING,341.2900008,1090.6
PINK HAWAIIAN PICNIC HAMPER FOR 2,32.70000076,25.5
PINK HEART CONFETTI IN TUBE,63.94000244,105.9999975
PINK HEART SHAPE EGG FRYING PAN,42.34999979,209.0799997
PINK HEART SHAPE LOVE BUCKET,78.83000207,729.2099991
PINK HEARTS LIGHT CHAIN,37.19999981,45.62000108
PINK HEARTS PAPER GARLAND,33.18999946,4.949999809
PINK HONEYCOMB PAPER FAN,58.00000024,184.6400018
PINK HORSE SOCK PUPPET KIT,126.6600018,350.8599932
PINK JEWELLED MIRROR TRINKET TRAY,22.55000019,216.2499998
PINK JEWELLED PHOTO FRAME,19.79999924,663.5300017
PINK LOVE BIRD CANDLE,14.30000019,54.64999962
PINK LOVE HEART SHAPE CUP,41.74999988,215.890002
PINK METAL CHICKEN HEART,-32.7799983,38.4800005
PINK MURANO TWIST NECKLACE,9.949999809,23.84999967
PINK OVAL SHAPE TRINKET BOX,3.75,41.44999921
PINK OWL SOFT TOY,310.810006,1569.81003
PINK PAISLEY ROSE GIFT WRAP,34.19999981,36.45000017
PINK PAISLEY SQUARE TISSUE BOX,680.0499998,1014.119982
PINK PAPER PARASOL,52.60000098,207.3300051
PINK PARTY BAGS,37.80000067,216.4500005
PINK PARTY SUNGLASSES,6.25,1.950000048
PINK PILLAR CANDLE SILVER FLOCK,85.96000004,235.0199986
PINK POLKADOT BOWL,217.3800026,973.4200014
PINK POLKADOT CUP,314.2500011,471.7600007
PINK POLKADOT PLATE,129.079999,794.3399998
PINK POLKADOT WRAP,225.1000015,455.6000004
PINK POT PLANT CANDLE,106.3500028,239.7599968
PINK REGENCY TEACUP AND SAUCER,519.8000041,2611.670059
PINK ROSE FABRIC MIRROR,450.8499994,167.0599968
PINK ROSEBUD & PEARL NECKLACE,15,99.59999847
PINK ROSEBUD PEARL BRACELET,11.69999981,47.28000045
PINK SCOTTIE DOG W FLOWER PATTERN,76.54999971,88.04999995
PINK SMALL JEWELLED PHOTOFRAME,19.95000076,32.29999995
PINK SQUARE TABLE CLOCK,54.56999815,17.53000021
PINK STOCKING CHRISTMAS DECORATION,1.139999986,7.169999957
PINK STRAWBERRY HANDBAG,7.800000191,35.65000081
PINK STRING CURTAIN WITH POLE,1.950000048,13.84000015
PINK SWEETHEART BRACELET,5.78000021,84.9000001
PINK UNION JACK LUGGAGE TAG,47.55000019,233.4300014
PINK UNION JACK PASSPORT COVER,109.6500015,-23.04000098
PINK VINTAGE PAISLEY PICNIC BAG,289.0699989,511.9700001
PINK VINTAGE SPOT BEAKER,79.13000023,209.4900031
PINK VINTAGE VICTORIAN EARRINGS,8.399999619,17.70000076
PINK/BLUE STRING CURTAIN,3.900000095,554.3400002
PINK/GREEN FLOWER DESIGN BIG MUG,20.85000002,25.27999997
PINK/PURPLE RETRO RADIO,37.20000076,321.8800006
"PINK/WHITE ""KEEP CLEAN"" BULLET BIN",73.15000081,19.75
PINK/WHITE CHRISTMAS TREE 60CM,123.8199995,82.76999873
PIZZA PLATE IN BOX,51.45000023,1567.540015
PLACE SETTING WHITE HEART,254.8300004,872.5999947
PLACE SETTING WHITE STAR,175.9099995,681.5399964
PLASMATRONIC LAMP,48.70000172,96.0899992
PLASTERS IN TIN CIRCUS PARADE,915.3999919,4563.509954
PLASTERS IN TIN SKULLS,741.3999909,2758.689966
PLASTERS IN TIN SPACEBOY,1102.879998,4011.309948
PLASTERS IN TIN STRONGMAN,594.3599936,4464.009951
PLASTERS IN TIN VINTAGE PAISLEY,764.2399874,3798.329964
PLASTERS IN TIN WOODLAND ANIMALS,1038.71999,4277.74993
PLAYING CARDS I LOVE LONDON,375.6500024,1799.319974
PLAYING CARDS JUBILEE UNION JACK,968.450001,2449.759995
PLAYING CARDS KEEP CALM & CARRY ON,1556.540002,4721.700008
PLAYING CARDS VINTAGE DOILY,428.0100007,1054.85999
PLEASE ONE PERSON METAL SIGN,1105.400015,6176.560012
POCKET BAG BLUE PAISLEY RED SPOT,178.3699987,353.4400005
POCKET BAG PINK PAISELY BROWN SPOT,54.99999905,899.939994
POCKET MIRROR WOODLAND,8.75,-16.14999962
POLKA DOT RAFFIA FOOD COVER,27.49999964,74.45000082
POLKADOT RAIN HAT,390.8499931,757.1699991
POLYESTER FILLER PAD 30CMx30CM,15.94,19.1400001
POLYESTER FILLER PAD 40x40cm,260.8299998,1272.690005
POLYESTER FILLER PAD 45x30cm,366.5000005,78.25000238
POLYESTER FILLER PAD 45x45cm,141.2400007,571.2200005
POMPOM CURTAIN,103.6000004,289.9699995
POPART RECT PENCIL SHARPENER ASST,67.10999966,79.60000129
POPART WOODEN PENCILS ASST,62.06999981,403.449984
POPCORN HOLDER,3005.619999,16113.53996
POPPY FIELDS CHOPPING BOARD,245.3899989,538.7500004
POPPY'S PLAYHOUSE BATHROOM,149.2700005,693.0399961
POPPY'S PLAYHOUSE BEDROOM,279.2499973,1308.070002
POPPY'S PLAYHOUSE KITCHEN,505.4499897,1748.969998
POPPY'S PLAYHOUSE LIVINGROOM,308.8500003,729.359997
PORCELAIN BUDAH INCENSE HOLDER,150.0700016,16.0000001
PORCELAIN ROSE SMALL,108.7999973,160.259997
PORCELAIN T-LIGHT HOLDERS ASSORTED,377.7299981,372.4199998
POSTAGE,7132.089993,15253.30998
POSTE FRANCE CUSHION COVER,768.8199987,1270.299998
POTTERING IN THE SHED METAL SIGN,288.3799915,2547.859972
POTTERING MUG,241.4099973,2925.659992
POTTING SHED SEED ENVELOPES,75.46000004,117.0299997
POTTING SHED TEA MUG,335.2699984,763.519995
POTTING SHED TWINE,69.5,672.2300053
PRETTY HANGING QUILTED HEARTS,176.8099995,288.040001
PSYCHEDELIC TILE COASTER,8.120000005,175.259996
PSYCHEDELIC TILE HOOK,42.35999942,218.4000021
PURPLE ACRYLIC FACETED BANGLE,-26.39999962,20
PURPLE DRAWERKNOB ACRYLIC EDWARDIAN,267.349998,1633.249997
PURPLE GEMSTONE BRACELET,28.20000076,16.45000005
PURPLE GEMSTONE NECKLACE 45CM,29.75,48.15000153
PURPLE PAPER PARASOL,58.69999957,116.8000021
PURPLE SWEETHEART BRACELET,4.949999809,80.75
PURPLE/COPPER HANGING LAMPSHADE,0.550000012,0.850000024
QUEEN OF SKIES LUGGAGE TAG,355.25,67.80000019
QUEEN OF THE SKIES PASSPORT COVER,26.49999905,59.0999999
QUEENS GUARD COFFEE MUG,698.6300048,902.810005
RABBIT DESIGN COTTON TOTE BAG,56.39999962,26.69999981
RABBIT NIGHT LIGHT,5931.24993,46107.83999
RAIN PONCHO RETROSPOT,383.1499976,2503.719991
RAINBOW PEGS PHOTO CLIP STRING,71.73999858,41.29999983
RAINY LADIES BIRTHDAY CARD,94.53999996,174.7399999
RASPBERRY ANT COPPER FLOWER NECKLAC,11.89999962,99.59999847
RASTA IN BATH W SPLIFF ASHTRAY,23.19999921,9.359999657
RATTLE SNAKE EGGS,120.3399987,526.0099959
RECIPE BOX BLUE SKETCHBOOK DESIGN,57.55000114,245.2100015
RECIPE BOX PANTRY YELLOW DESIGN,1157.660011,5970.730049
RECIPE BOX RETROSPOT,528.3600074,4936.720042
"RECORD FRAME 7"" SINGLE SIZE",464.1600015,2373.890032
RECTANGULAR SHAPED MIRROR,71.06999969,46.39999866
RECYCLED ACAPULCO MAT BLUE,16.5,181.079998
RECYCLED ACAPULCO MAT GREEN,43.5,310.4999958
RECYCLED ACAPULCO MAT LAVENDER,16.5,86.25
RECYCLED ACAPULCO MAT PINK,61.34999943,67.44999963
RECYCLED ACAPULCO MAT RED,102.6499996,255.4300001
RECYCLED ACAPULCO MAT TURQUOISE,96.89999962,222.5599988
RECYCLED PENCIL WITH RABBIT ERASER,77.13999921,183.1199999
RECYCLING BAG RETROSPOT,426.5100007,1397.919999
RED APPLES CHOPPING BOARD,415.0500031,571.5499901
RED BABY BUNTING,332.4800005,1431.39
RED BOUDICCA LARGE BRACELET,17,6.949999809
RED CHARLIE+LOLA PERSONAL DOORSIGN,186.6999999,816.5299982
RED COAT RACK PARIS FASHION,94.849998,182.4299994
RED DAISY POCKET BOOK,103.7700026,93.67999911
RED DINER WALL CLOCK,462.7500029,2057.050027
RED DRAGONFLY HELICOPTER,143.8499973,75.35999894
RED DRAWER KNOB ACRYLIC EDWARDIAN,101.6599994,640.8100054
RED EGG SPOON,42.26999986,290.050009
RED ENCHANTED FOREST PLACEMAT,73.84999967,458.3599966
RED FLOCK LOVE HEART PHOTO FRAME,70.55999964,222.4500009
RED FLORAL FELTCRAFT SHOULDER BAG,477.3399987,2405.720009
RED FLOWER CROCHET FOOD COVER,34.75,300.0599987
RED GINGHAM ROSE JEWELLERY BOX,719.2000039,1583.310007
RED GINGHAM TEDDY BEAR,318.4000053,849.4100078
RED GLASS TASSLE BAG CHARM,59.49999928,19.79999924
RED HANGING HEART T-LIGHT HOLDER,1346.050008,8117.059972
RED HARMONICA IN BOX,806.5599921,6071.73994
RED HEART LUGGAGE TAG,12.5,76.62000024
RED HEART SHAPE LOVE BUCKET,173.5100024,1073.060002
RED HEARTS LIGHT CHAIN,15,101.8600016
RED KITCHEN SCALES,1498.660001,2640.399985
RED KUKUI COCONUT SEED NECKLACE,6.389999986,58.67999935
RED LOVE HEART SHAPE CUP,99.7399981,402.6000038
RED METAL BEACH SPADE,109.6300001,414.1600006
RED METAL BOX TOP SECRET,1137.32,4333.169997
RED PAPER PARASOL,68.5400002,89.54000211
RED POLKADOT BEAKER,17.66999996,114.2599995
RED PUDDING SPOON,23.14000058,290.2200062
RED REFECTORY CLOCK,512.8600009,840.0699923
RED RETRO KITCHEN WALL CLOCK,131.1999984,519.7799891
RED RETROSPOT APRON,79.14999962,194.2799997
RED RETROSPOT BOWL,302.5100005,1093.680003
RED RETROSPOT BUTTER DISH,15,135.3500032
RED RETROSPOT CAKE STAND,881.7299848,3621.709979
RED RETROSPOT CHARLOTTE BAG,881.5300025,4008.169958
RED RETROSPOT CHILDRENS UMBRELLA,218.529999,1203.790005
RED RETROSPOT CUP,509.2300068,680.1200041
RED RETROSPOT MINI CASES,818.4999788,2039.089969
RED RETROSPOT MUG,189.8200058,449.4100052
RED RETROSPOT OVEN GLOVE,381.1199986,1014.550004
RED RETROSPOT OVEN GLOVE DOUBLE,37.30000043,225.4000012
RED RETROSPOT PEG BAG,209.4400024,1054.060003
RED RETROSPOT PICNIC BAG,228.7499995,412.5600031
RED RETROSPOT PLATE,269.9400028,847.149996
RED RETROSPOT PUDDING BOWL,70.96999931,353.9900004
RED RETROSPOT ROUND CAKE TINS,357.0699962,2052.180006
RED RETROSPOT SHOPPER BAG,421.5399998,1716.289995
RED RETROSPOT SHOPPING BAG,209.2199988,335.4700003
RED RETROSPOT SMALL MILK JUG,324.2699975,788.6500052
RED RETROSPOT SUGAR JAM BOWL,81.37999952,359.2700031
RED RETROSPOT TAPE,129.0299969,339.0500001
RED RETROSPOT TEA CUP AND SAUCER,286.4400017,621.8699981
RED RETROSPOT TISSUE BOX,417.0900006,1042.6
RED RETROSPOT UMBRELLA,1036.350009,1822.300012
RED RETROSPOT WASHBAG,6.300000191,12.5
RED RETROSPOT WRAP,491.5299975,1303.439999
RED ROCKING HORSE HAND PAINTED,439.7500002,1879.039992
RED SHARK HELICOPTER,118.6499987,247.3799977
RED SPOT CERAMIC DRAWER KNOB,279.7799954,636.6799856
RED SPOT GIFT BAG LARGE,506.8999987,1165.509986
RED SPOT PAPER GIFT BAG,326.8199949,1368.829991
RED SPOTTY BISCUIT TIN,231.2600006,1545.090001
RED STAR CARD HOLDER,430.6699971,1240.499993
RED STRIPE CERAMIC DRAWER KNOB,522.0399961,770.1199974
RED TOADSTOOL LED NIGHT LIGHT,1768.11997,5575.069932
RED VICTORIAN FABRIC OVAL BOX,131.6400017,63.16999924
RED VINTAGE SPOT BEAKER,400.9200001,117.9800021
RED WOOLLY HOTTIE WHITE HEART.,949.8399997,8001.419999
RED/CREAM STRIPE CUSHION COVER,58.40000057,118.2400004
REGENCY CAKE FORK,142.9499992,195.2799991
REGENCY CAKE SLICE,167.2999964,531.3899914
REGENCY CAKESTAND 3 TIER,4629.84001,20226.56986
REGENCY MILK JUG PINK,222.8599992,1207.240002
REGENCY SUGAR BOWL GREEN,308.9200029,709.7900051
REGENCY SUGAR TONGS,107.5600007,290.1499972
REGENCY TEA PLATE GREEN,394.659995,994.7099749
REGENCY TEA PLATE PINK,313.3299965,1007.69997
REGENCY TEA PLATE ROSES,336.4299944,1335.539977
REGENCY TEA SPOON,105,57.04999959
REGENCY TEA STRAINER,510.0199962,986.0099986
REGENCY TEAPOT ROSES,803.7500005,2456.58
REINDEER HEART DECORATION GOLD,201.4799993,909.0399959
REINDEER HEART DECORATION SILVER,664.5800015,1071.629993
RESIN NECKLACE W PASTEL BEADS,10.39999962,87.90000153
RETRO COFFEE MUGS ASSORTED,86.57999969,45.11999989
RETRO LONGBOARD IRONING BOARD COVER,89.0899992,754.3800055
RETRO MOD TRAY,166.0900033,346.9799979
RETRO PILL BOX ; REVOLUTIONARY,0.75999999,14.24999982
RETRO PILL BOX KEY CHAIN;THE KING,0.949999988,10.82999986
RETRO PLASTIC 70'S TRAY,38.85999978,53.49000049
RETRO PLASTIC DAISY TRAY,17.66999999,90.86000085
RETRO PLASTIC ELEPHANT TRAY,50.5999999,270.5200012
RETRO PLASTIC POLKA TRAY,133.4399992,127.5400002
RETROSPOT BABUSHKA DOORSTOP,104.4899994,160.7299976
RETROSPOT CANDLE LARGE,30.60000038,461.7800022
RETROSPOT CANDLE MEDIUM,114.4200016,427.8499969
RETROSPOT CANDLE SMALL,29.64000034,484.1199894
RETROSPOT CHILDRENS APRON,528.0900028,2197.350008
RETROSPOT CIGAR BOX MATCHES,796.0099996,2281.909994
RETROSPOT GIANT TUBE MATCHES,496.1500019,2081.510024
RETROSPOT HEART HOT WATER BOTTLE,1553.370013,6916.149979
RETROSPOT LAMP,20.8499999,123.5999997
RETROSPOT LARGE MILK JUG,369.419999,655.7900053
RETROSPOT PARTY BAG + STICKER SET,350.8800013,1077.699988
RETROSPOT RED WASHING UP GLOVES,180.3599985,348.1999989
RETROSPOT SMALL TUBE MATCHES,475.7999951,876.3899944
RETROSPOT TEA SET CERAMIC 11 PC,2673.470014,6813.970002
RETROSPOT WOODEN HEART DECORATION,644.590001,1061.709994
REVOLVER WOODEN RULER,1383.169992,1522.549994
REX CASH+CARRY JUMBO SHOPPER,1691.819995,4705.799994
RIBBON REEL CHRISTMAS PRESENT,619.0899971,2469.199999
RIBBON REEL CHRISTMAS SOCK BAUBLE,637.959999,1993.129996
RIBBON REEL FLORA + FAUNA,722.7499959,360.2100012
RIBBON REEL HEARTS DESIGN,477.7700019,682.000002
RIBBON REEL LACE DESIGN,332.5100034,752.7100047
RIBBON REEL MAKING SNOWMEN,446.4800017,1950.83
RIBBON REEL POLKADOTS,656.0599966,592.9500021
RIBBON REEL SNOWY VILLAGE,580.5300021,1901.429997
RIBBON REEL SOCKS AND MITTENS,380.3899955,524.1600035
RIBBON REEL STRIPES DESIGN,1063.629996,1694.509997
RIBBONS PURSE,33.23000014,74.35000134
RIDGED BONNE JAM JAR T-LIGHT HOLDER,39.59999847,130.3399973
RIDGED GLASS T-LIGHT HOLDER,48.30999959,82.77999997
RING OF ROSES BIRTHDAY CARD,124.5299997,231.0300016
ROBOT BIRTHDAY CARD,127.3899997,636.1799918
ROCKING HORSE GREEN CHRISTMAS,433.6499994,949.6200009
ROCKING HORSE RED CHRISTMAS,553.5999954,1306.199991
ROCOCO WALL MIROR,39.90000153,3.299999952
ROCOCO WALL MIRROR WHITE,316.0199999,1738.480029
ROLL WRAP 50'S CHRISTMAS,1395.159999,5114.149998
ROLL WRAP 50'S RED CHRISTMAS,644.8200008,1728.760002
ROLL WRAP VINTAGE CHRISTMAS,1733.269995,3060.980006
ROLL WRAP VINTAGE SPOT,1118.649995,3093.41
ROMANTIC IMAGES GIFT WRAP SET,66.28000045,482.2000018
ROMANTIC IMAGES NOTEBOOK SET,127.8499994,509.2899919
ROMANTIC PINKS RIBBONS,121.8299987,502.6499982
ROSE 1 WICK MORRIS BOXED CANDLE,321.4299994,1072.440001
ROSE 3 WICK MORRIS BOX CANDLE,338.5099974,1043.120001
ROSE CARAVAN DOORSTOP,356.8699994,859.150009
ROSE COTTAGE KEEPSAKE BOX,24.75,221.7000008
ROSE DU SUD COSMETICS BAG,59.40000153,64.85000038
ROSE DU SUD DRAWSTRING BAG,8.5,13.19999981
ROSE DU SUD WASHBAG,17.85000038,65.24999905
ROSE FOLKART HEART DECORATIONS,27.29999924,219.6499983
ROSE SCENT CANDLE JEWELLED DRAWER,80.75,242.4700007
ROSES REGENCY TEACUP AND SAUCER,372.6000174,4334.630036
ROTATING LEAVES T-LIGHT HOLDER,558.9199991,1438.150009
ROTATING SILVER ANGELS T-LIGHT HLDR,1551.270012,10783.65005
ROUND CACTUS CANDLE,27.04999971,19.04999995
ROUND CAKE TIN VINTAGE GREEN,287.4999981,553.6199962
ROUND CAKE TIN VINTAGE RED,522.8199974,1993.870006
ROUND CONTAINER SET OF 5 RETROSPOT,149.0499992,372.2199878
ROUND PINK HEART MIRROR,71.40000153,127.6300019
ROUND PURPLE CLOCK WITH SUCKER,16.56000036,23.90999961
ROUND SNACK BOXES SET OF 4 FRUITS,604.8500091,3275.880053
ROUND SNACK BOXES SET OF 4 SKULLS,359.4500041,1087.400018
ROUND SNACK BOXES SET OF4 WOODLAND,1275.660015,5121.590103
ROUND STORAGE TIN VINTAGE LEAF,104.3999991,581.3399943
RUBY GLASS CLUSTER BRACELET,17.85000038,45.90000153
RUSTIC MIRROR WITH LACE HEART,260.6199988,1140.080017
RUSTIC SEVENTEEN DRAWER SIDEBOARD,74.75999832,628.3199997
RUSTIC STRAWBERRY JAM POT LARGE,57.63999844,96.28999686
RUSTIC STRAWBERRY JAM POT SMALL,30.59999895,198.589996
RUSTIC WOODEN CABINET; GLASS DOORS,49.90000153,24.95000076
S/2 ZINC HEART DESIGN PLANTERS,39.79999924,51.54999924
S/4 CACTI CANDLES,216.2999954,748.6599995
S/4 ICON COASTER;ELVIS LIVES,1.25,2.339999914
S/4 IVORY MINI ROSE CANDLE IN BOWL,98.53000104,223.6599963
S/4 PINK FLOWER CANDLES IN BOWL,273.5899973,678.3899941
S/6 WOODEN SKITTLES IN COTTON BAG,423.6499982,2346.83
SANDALWOOD FAN,82.15000069,177.25
SAVE THE PLANET COTTON TOTE BAG,99.60000038,303.3499997
SAVE THE PLANET MUG,253.9599966,918.2799861
SCANDINAVIAN 3 HEARTS NAPKIN RING,32.24999952,122.7399986
SCANDINAVIAN PAISLEY PICNIC BAG,351.9500012,654.7199984
SCANDINAVIAN REDS RIBBONS,764.4099967,1969.149993
SCENTED VELVET LOUNGE CANDLE,168.240001,420.2099997
SCOTTIE DOG HOT WATER BOTTLE,1953.449999,9910.200017
SCOTTIE DOGS BABY BIB,163.5100003,627.2099915
SCOTTIES DESIGN WASHBAG,1.950000048,6.599999905
SEASIDE FLYING DISC,-10.24000001,47.9199996
SET 10 NIGHT OWL LIGHTS,158.519999,2092.839999
SET 12 COLOUR PENCILS DOLLY GIRL,661.2899935,3367.919966
SET 12 COLOUR PENCILS LOVE LONDON,379.6999989,1402.37
SET 12 COLOUR PENCILS SPACEBOY,772.539991,3144.369992
SET 12 COLOURING PENCILS DOILY,462.0099952,2627.519997
SET 12 KIDS COLOUR CHALK STICKS,572.0100017,2049.099996
SET 12 KIDS WHITE CHALK STICKS,339.5599985,1028.930002
SET 12 RETRO WHITE CHALK STICKS,429.0299997,758.3199946
SET 12 VINTAGE DOILY CHALK,360.6999979,1936.659987
SET 2 PANTRY DESIGN TEA TOWELS,305.4099998,841.4900005
SET 2 TEA TOWELS I LOVE LONDON,707.5199985,2562.059997
SET 20 NAPKINS FAIRY CAKES DESIGN,196.2599983,662.7799999
SET 3 RETROSPOT TEA;COFFEE;SUGAR,663.2999744,4333.569945
SET 3 SONG BIRD PAPER EGGS ASSORTED,3.299999952,17.70000076
SET 3 WICKER STORAGE BASKETS,89.14000154,337.4000049
SET 36 COLOUR PENCILS DOLLY GIRL,841.769989,1412.139984
SET 36 COLOUR PENCILS LOVE LONDON,329.3500021,1165.719987
SET 36 COLOUR PENCILS SPACEBOY,795.2299929,2004.15998
SET 36 COLOURING PENCILS DOILY,487.9499961,1969.650003
SET 4 PICNIC CUTLERY BLUEBERRY,64.20000029,204.3499981
SET 4 PICNIC CUTLERY CHERRY,95.85000062,203.5099967
SET 4 PICNIC CUTLERY FONDANT,21.60000086,200.6499996
SET 4 VALENTINE DECOUPAGE HEART BOX,109.2300024,227.0600013
SET 6 FOOTBALL CELEBRATION CANDLES,78.44000149,339.5800015
SET 6 PAPER TABLE LANTERN HEARTS,873.3399977,3656.249993
SET 6 PAPER TABLE LANTERN STARS,1381.90999,3999.249986
SET 6 SCHOOL MILK BOTTLES IN CRATE,1272.809988,4520.970004
SET 7 BABUSHKA NESTING BOXES,812.1900102,3571.410029
SET 8 CANDLES VINTAGE DOILY,424.8600035,800.7299873
SET OF 10 LANTERNS FAIRY LIGHT STAR,482.5500017,446.5000041
SET OF 10 LED DOLLY LIGHTS,1087.330006,2439.350001
SET OF 12 FAIRY CAKE BAKING CASES,1388.289984,4226.399968
SET OF 12 FORK CANDLES,333.1200016,1299.129993
SET OF 12 MINI LOAF BAKING CASES,697.0399984,2646.329985
SET OF 12 T-LIGHTS VINTAGE DOILY,183.9499986,803.0399868
SET OF 12 VINTAGE POSTCARD SET,626.1699972,390.4900049
SET OF 16 VINTAGE BLACK CUTLERY,26.88000059,127.8099995
SET OF 16 VINTAGE PISTACHIO CUTLERY,46.29999924,57.03999984
SET OF 16 VINTAGE RED CUTLERY,38.9800005,109.8099995
SET OF 16 VINTAGE ROSE CUTLERY,632.1599755,1219.290039
SET OF 16 VINTAGE SKY BLUE CUTLERY,12.75,32.54999924
SET OF 2 CERAMIC CHRISTMAS REINDEER,1.450000048,60.19999933
SET OF 2 CERAMIC CHRISTMAS TREES,285.5499973,3212.259996
SET OF 2 CERAMIC PAINTED HEARTS,429.819997,957.0799927
SET OF 2 CHRISTMAS DECOUPAGE CANDLE,454.9699886,979.9899945
SET OF 2 ROUND TINS CAMEMBERT,255.3800004,164.3499971
SET OF 2 ROUND TINS DUTCH CHEESE,393.6499987,523.1999861
SET OF 2 TEA TOWELS APPLE AND PEARS,459.7499988,2286.34
SET OF 2 TEA TOWELS PING MICROWAVE,62.25,134.8899975
SET OF 2 TINS JARDIN DE PROVENCE,206.0299975,33.40000701
SET OF 2 TINS VINTAGE BATHROOM,28.29999924,55.45000076
SET OF 2 TRAYS HOME SWEET HOME,695.1499891,1172.499993
SET OF 2 WOODEN MARKET CRATES,235.2400005,1144.019971
SET OF 20 KIDS COOKIE CUTTERS,1201.630013,2716.230002
SET OF 20 VINTAGE CHRISTMAS NAPKINS,1529.329987,6652.099993
SET OF 3 BIRD LIGHT PINK FEATHER,376.9899986,1211.079991
SET OF 3 BLACK FLYING DUCKS,141.859998,337.7199965
SET OF 3 BUTTERFLY COOKIE CUTTERS,958.2999978,1877.619988
SET OF 3 CAKE TINS PANTRY DESIGN,1489.230005,5847.20001
SET OF 3 CAKE TINS SKETCHBOOK,465.9299982,692.6299927
SET OF 3 GOLD FLYING DUCKS,40.04999912,174.089999
SET OF 3 HANGING OWLS OLLIE BEAK,1130.711,4443.979976
SET OF 3 HEART COOKIE CUTTERS,836.8900001,3522.949985
SET OF 3 NOTEBOOKS IN PARCEL,634.2999846,2154.819967
SET OF 3 PANTRY WOODEN SPOONS,101.4800003,438.5900004
SET OF 3 REGENCY CAKE TINS,2031.839967,6514.899946
SET OF 3 WOODEN HEART DECORATIONS,1849.740002,4186.119985
SET OF 3 WOODEN SLEIGH DECORATIONS,1550.290004,2148.490001
SET OF 3 WOODEN STOCKING DECORATION,1907.660004,3417.78999
SET OF 3 WOODEN TREE DECORATIONS,1230.359995,2410.109993
SET OF 36 DINOSAUR PAPER DOILIES,140.8000002,54.89999938
SET OF 36 DOILIES PANTRY DESIGN,117.849997,188.3499975
SET OF 36 DOLLY GIRL PAPER DOILIES,102.3800007,83.49000001
SET OF 36 MUSHROOM PAPER DOILIES,25.69000053,17.95000005
SET OF 36 PAISLEY FLOWER DOILIES,756.0099977,807.6799951
SET OF 36 PANTRY PAPER DOILIES,86.63999939,138.190001
SET OF 36 SPACEBOY PAPER DOILIES,74.10999918,101.4999979
SET OF 36 TEATIME PAPER DOILIES,340.5599949,983.8699972
SET OF 36 VINTAGE CHRISTMAS DOILIES,16.5,85.25
SET OF 4 BLACK LOVEBIRD COASTERS,124.479998,139.3599969
SET OF 4 CAROUSEL PLACEMATS,15,20.65999997
SET OF 4 DIAMOND NAPKIN RINGS,8.850000381,290.3899972
SET OF 4 ENGLISH ROSE COASTERS,115.9899998,665.6699954
SET OF 4 ENGLISH ROSE PLACEMATS,117.5400004,628.8500006
SET OF 4 FAIRY CAKE PLACEMATS,173.5600014,648.7700021
SET OF 4 GREEN CAROUSEL COASTERS,29.89999962,46.60000113
SET OF 4 JAM JAR MAGNETS,480.8199902,2037.639971
SET OF 4 KNICK KNACK TINS DOILY,1128.739997,5522.109973
SET OF 4 KNICK KNACK TINS LEAF,246.1999963,1102.659991
SET OF 4 KNICK KNACK TINS LONDON,447.1399998,2189.069985
SET OF 4 KNICK KNACK TINS POPPIES,647.3999883,1111.209993
SET OF 4 NAPKIN CHARMS 3 KEYS,75.49000049,117.9700007
SET OF 4 NAPKIN CHARMS CROWNS,65.05999947,759.9199918
SET OF 4 NAPKIN CHARMS CUTLERY,383.4799993,-38.12001359
SET OF 4 NAPKIN CHARMS HEARTS,302.5099974,861.9199942
SET OF 4 NAPKIN CHARMS INSTRUMENT,59.49999952,169.0699985
SET OF 4 NAPKIN CHARMS LEAVES,81.79999876,292.2299961
SET OF 4 NAPKIN CHARMS STARS,171.0199993,224.0800001
SET OF 4 PANTRY JELLY MOULDS,1670.470005,5004.140016
SET OF 4 PISTACHIO LOVEBIRD COASTER,25.20000076,179.6999971
SET OF 4 POLKADOT COASTERS,9.139999866,109.1100006
SET OF 4 POLKADOT PLACEMATS,18.75,30.34999967
SET OF 4 ROSE BOTANICAL CANDLES,503.9800022,1361.309997
SET OF 4 SANTA PLACE SETTINGS,425.570002,904.4500058
SET OF 5 LUCKY CAT MAGNETS,554.3400038,1422.609967
SET OF 5 MINI GROCERY MAGNETS,455.7099938,1072.369982
SET OF 5 PANCAKE DAY MAGNETS,328.5399942,786.8799788
SET OF 6 3D KIT CARDS FOR KIDS,273.4299994,924.1299901
SET OF 6 CAKE CHOPSTICKS,15.40999985,273.7700014
SET OF 6 EASTER RAINBOW CHICKS,25.20000076,15
SET OF 6 FUNKY BEAKERS,153.4799986,540.4200014
SET OF 6 GIRLS CELEBRATION CANDLES,20.70000076,116.3299986
SET OF 6 HALLOWEEN GHOST T-LIGHTS,6.720000088,114.7000011
SET OF 6 HEART CHOPSTICKS,127.2699995,494.2500004
SET OF 6 HERB TINS SKETCHBOOK,251.4099982,591.5900092
SET OF 6 KASHMIR FOLKART BAUBLES,18.74999988,124.1899991
SET OF 6 NATIVITY MAGNETS,613.1399916,2077.999967
SET OF 6 RIBBONS COUNTRY STYLE,197.4299998,722.1899974
SET OF 6 RIBBONS PARTY,88.2299993,471.6599963
SET OF 6 RIBBONS PERFECTLY PRETTY,332.2699974,2515.159997
SET OF 6 RIBBONS VINTAGE CHRISTMAS,2246.780019,6368.770048
SET OF 6 SNACK LOAF BAKING CASES,627.7499972,1498.919994
SET OF 6 SOLDIER SKITTLES,791.2999996,3105.860019
SET OF 6 SPICE TINS PANTRY DESIGN,1026.649994,2860.290036
SET OF 6 STRAWBERRY CHOPSTICKS,52.40999913,435.5400057
SET OF 6 TEA TIME BAKING CASES,970.5600002,2481.919999
SET OF 6 T-LIGHTS CACTI,164.0000023,1317.810018
SET OF 6 T-LIGHTS EASTER CHICKS,36.40000153,43.8999989
SET OF 6 T-LIGHTS SANTA,966.0000243,2358.470034
SET OF 6 T-LIGHTS SNOWMEN,559.2300088,1707.030008
SET OF 6 T-LIGHTS TOADSTOOLS,282.3300027,1144.109995
SET OF 6 T-LIGHTS WEDDING CAKE,-213.4700009,141.7099993
SET OF 60 I LOVE LONDON CAKE CASES,1004.209998,2331.809998
SET OF 60 PANTRY DESIGN CAKE CASES,753.2999913,2283.169982
SET OF 60 VINTAGE LEAF CAKE CASES,399.2899964,1199.109991
SET OF 72 PINK HEART PAPER DOILIES,638.4999957,665.0299957
SET OF 72 RETROSPOT PAPER DOILIES,618.9499941,2133.139983
SET OF 72 SKULL PAPER DOILIES,244.6599998,151.2000012
SET OF 9 BLACK SKULL BALLOONS,323.8800066,683.4499981
SET OF 9 HEART SHAPED BALLOONS,231.9199984,696.9899946
SET OF SALT AND PEPPER TOADSTOOLS,61.49999952,415.03
SET OF SKULL WALL STICKERS,73.7500031,9.650000095
SET OF TEA COFFEE SUGAR TINS PANTRY,659.9399918,3398.539984
SET/10 BLUE POLKADOT PARTY CANDLES,243.1200008,877.5000044
SET/10 IVORY POLKADOT PARTY CANDLES,130.3999991,211.1999975
SET/10 PINK POLKADOT PARTY CANDLES,423.1499991,1251.810007
SET/10 RED POLKADOT PARTY CANDLES,655.299993,1905.010002
SET/12 FUNKY FELT FLOWER PEG IN BAG,4.199999809,40.15000033
SET/12 TAPER CANDLES,156.9400012,444.0299961
SET/2 RED RETROSPOT TEA TOWELS,179.6500019,1883.27
SET/20 RED RETROSPOT PAPER NAPKINS,676.2900013,2386.210016
SET/3 DECOUPAGE STACKING TINS,282.3900003,409.6000047
SET/3 OCEAN SCENT CANDLE JEWEL BOX,105.1499996,593.530005
SET/3 RED GINGHAM ROSE STORAGE BOX,622.3500014,1160.190004
SET/3 ROSE CANDLE IN JEWELLED BOX,143.8999996,340.7400001
SET/3 VANILLA SCENTED CANDLE IN BOX,145,554.6800063
SET/4 BADGES BALLOON GIRL,13.75,211.1899972
SET/4 BADGES BEETLES,56.19999933,346.2000006
SET/4 BADGES CUTE CREATURES,1.25,159.239996
SET/4 BADGES DOGS,56.04999864,198.3399997
SET/4 BIRD MIRROR MAGNETS,42.06999883,115.4100003
SET/4 COLOURFUL MIXING BOWLS,84.63999844,189.1099986
SET/4 DAISY MIRROR MAGNETS,95.80999976,116.9400003
SET/4 RED MINI ROSE CANDLE IN BOWL,171.2599961,190.6400015
SET/4 SKULL BADGES,161.5,294.7199955
SET/4 SPRING FLOWER DECORATION,31.5,138.0000002
SET/4 WHITE RETRO STORAGE CUBES,576.3300066,1111.670015
SET/5 RED RETROSPOT LID GLASS BOWLS,1263.010008,5692.61005
SET/6 BLACK BIRD T-LIGHT CANDLES,30,17.99999928
SET/6 COLLAGE PAPER CUPS,29.15999991,182.6699975
SET/6 COLLAGE PAPER PLATES,44.5099988,332.8800007
SET/6 EAU DE NIL BIRD T-LIGHTS,60.79999876,31.88000011
SET/6 FROG PRINCE T-LIGHT CANDLES,61.95000011,141.6699983
SET/6 PINK BIRD T-LIGHT CANDLES,57.37000018,175.2899987
SET/6 PINK BUTTERFLY T-LIGHTS,374.6899997,432.7300012
SET/6 PURPLE BUTTERFLY T-LIGHTS,344.0799994,1109.529989
SET/6 RED SPOTTY PAPER CUPS,204.9899991,605.2900046
SET/6 RED SPOTTY PAPER PLATES,260.9399984,719.7299997
SET/6 TURQUOISE BUTTERFLY T-LIGHTS,99.21999884,902.2599924
SET3 BOOK BOX GREEN GINGHAM FLOWER,119.5100008,1041.679997
SEWING BOX RETROSPOT DESIGN,308.4400015,791.4700101
SEWING SUSAN 21 NEEDLE SET,97.74000049,246.1699989
SHELF WITH 4 HOOKS HOME SWEET HOME,199.1300011,1034.449988
SILICON STAR BULB BLUE,4.619999796,105.3899968
SILK PURSE BABUSHKA BLUE,109.1299996,177.8399978
SILK PURSE BABUSHKA PINK,779.1399999,256.4399991
SILVER 2 STRAND NECKLACE-LEAF CHARM,6.300000191,7.5
SILVER AND BLACK ORBIT NECKLACE,2.950000048,1.450000048
SILVER BELLS TABLE DECORATION,755.5799996,2664.689978
SILVER BLACK ORBIT BRACELET,10.89999962,11.89999962
SILVER DIAMANTE PEN IN GIFT BOX,89.10000038,155.5899982
SILVER DISCO HANDBAG,87.29999924,163.23
SILVER FABRIC MIRROR,145.5399982,176.1399981
SILVER FISHING GNOME,66.75999796,108.99
SILVER GLASS T-LIGHT SET,37.5,32.67999995
SILVER GLITTER FLOWER VOTIVE HOLDER,41.72999939,1241.46
SILVER HANGING T-LIGHT HOLDER,572.6299919,2414.079993
SILVER HEARTS TABLE DECORATION,214.2699998,946.140002
SILVER HOOP EARRINGS WITH FLOWER,19.14999962,41.35000134
SILVER JEWELLED MIRROR TRINKET TRAY,96.51999867,422.9299955
SILVER M.O.P ORBIT BRACELET,19.79999924,38.15999889
SILVER M.O.P ORBIT DROP EARRINGS,-6.949999809,29.75
SILVER M.O.P. ORBIT NECKLACE,17.70000076,52.86999822
SILVER MUG BONE CHINA TREE OF LIFE,416.9200052,1352.54
SILVER PLATE CANDLE BOWL SMALL,56.20000076,375.8000031
SILVER RECORD COVER FRAME,170.4800014,1132.320003
SILVER ROCCOCO CHANDELIER,125.6999993,10.07999992
SILVER STARS TABLE DECORATION,493.1299984,1729.589999
SILVER TEDDY BEAR,52.5,115.3500009
SILVER VANILLA FLOWER CANDLE POT,56.25,125.6900015
SILVER/M.O.P PENDANT ORBIT NECKLACE,17.70000076,38.25
SINGLE ANTIQUE ROSE HOOK IVORY,277.5400003,486.6399969
SINGLE HEART ZINC T-LIGHT HOLDER,219.0599999,1247.949992
SINGLE WIRE HOOK IVORY HEART,171.6500015,192.8499988
SINGLE WIRE HOOK PINK HEART,78.71999788,41.11999929
SIX DRAWER OFFICE TIDY,150.7699986,484.9399983
SKETCHBOOK MAGNETIC SHOPPING LIST,524.6999968,1139.089994
SKULL AND CROSSBONES GARLAND,396.3500007,239.2699944
SKULL DESIGN TV DINNER TRAY,148.4999989,701.7699932
SKULL LUNCH BOX WITH CUTLERY,373.1000016,791.7399968
SKULL SHOULDER BAG,219.9700007,584.3399982
SKULLS AND CROSSBONES WRAP,408.5099993,536.9900016
SKULLS DESIGN COTTON TOTE BAG,13.5,61.20000076
SKULLS DESIGN FLANNEL,123.4699994,100.7999997
SKULLS GREETING CARD,96.32999897,352.2899985
SKULLS PARTY BAG + STICKER SET,124.9799984,461.4099909
SKULLS SQUARE TISSUE BOX,66.85999918,792.8699977
SKULLS STICKERS,78.65000057,237.9299966
SKULLS STORAGE BOX LARGE,37.20000076,76.15000081
SKULLS STORAGE BOX SMALL,35.09999943,67.64999962
SKULLS TAPE,38.70000005,73.71999943
SKULLS WATER TRANSFER TATTOOS,190.1500014,356.3599967
SKULLS WRITING SET,350.3699985,1159.949991
SLATE TILE NATURAL HANGING,175.6599985,1282.769982
SLEEPING CAT ERASERS,184.6400019,707.6199954
SMALL APOTHECARY MEASURING JAR,39.90000057,80.14999914
SMALL BONNE JAM JAR T-LIGHT HOLDER,133.8099971,280.5599952
SMALL CAMPHOR WOOD FIELD MUSHROOM,37.92999983,51.27999902
SMALL CERAMIC TOP STORAGE JAR,284.8399986,1723.379975
SMALL CHINESE STYLE SCISSOR,995.0400007,275.0600005
SMALL CHOCOLATES PINK BOWL,114.8399999,587.0199934
SMALL DOLLY MIX DESIGN ORANGE BOWL,551.6299949,1377.989996
SMALL FOLDING SCISSOR(POINTED EDGE),76.6400001,323.0100029
SMALL FOLKART STAR CHRISTMAS DEC,66.59999943,185.5199999
SMALL GLASS HEART TRINKET POT,923.3499961,1796.999995
SMALL GLASS SUNDAE DISH CLEAR,6.960000038,91.0799998
SMALL HAMMERED SILVER CANDLEPOT,125.6500034,148.3300041
SMALL HANGING IVORY/RED WOOD BIRD,544.159997,1145.519991
SMALL HEART FLOWERS HOOK,31.34999931,242.8599998
SMALL HEART MEASURING SPOONS,325.6499963,1334.44999
SMALL IVORY HEART WALL ORGANISER,228.1500021,2033.25999
SMALL MARSHMALLOWS PINK BOWL,311.5899972,1029.439988
SMALL MEDINA STAMPED METAL BOWL,72.299999,139.4399985
SMALL PARISIENNE HEART PHOTO FRAME,133.1699994,175.5199987
SMALL PARLOUR PICTURE FRAME,194.3099999,615.3300028
SMALL PINK MAGIC CHRISTMAS TREE,420.800014,31.4400003
SMALL POLKADOT CHOCOLATE GIFT BAG,59.30000114,100.3499999
SMALL POP BOX FUNKY MONKEY,102.6199999,329.6999965
SMALL POP BOX;FUNKY MONKEY,33.75,31.25
SMALL PURPLE BABUSHKA NOTEBOOK,265.6300006,1086.689993
SMALL RED BABUSHKA NOTEBOOK,304.0199965,1115.049995
SMALL RED RETROSPOT MUG IN BOX,284.9599979,867.6499972
SMALL RED RETROSPOT WINDMILL,138.98,53.71000004
SMALL REGAL SILVER CANDLEPOT,182.2500038,68.00000119
SMALL ROUND CUT GLASS CANDLESTICK,17.70000076,362.4900012
SMALL SILVER FLOWER CANDLE POT,73.90000153,479.3000059
SMALL SILVER TRELLIS CANDLEPOT,57.70000124,8.199999809
SMALL SINGLE FLAME CANDLE HOLDER,5.049999952,15.34999979
SMALL SKULL WINDMILL,31.64999962,1.25
SMALL SQUARE CUT GLASS CANDLESTICK,43.25,30.95000076
SMALL STRIPES CHOCOLATE GIFT BAG,27.20000076,114.7099981
SMALL TALL CAMPHOR WOOD TOADSTOOL,36.05999994,56.76999819
SMALL WHITE HEART OF WICKER,2562.739986,5268.039944
SMALL WHITE RETROSPOT MUG IN BOX,435.7900047,841.7699969
SMALL YELLOW BABUSHKA NOTEBOOK,258.8099994,512.5700038
SMALL ZINC HEART WALL ORGANISER,64.20000076,142.0599976
SMOKEY GREY COLOUR GLASS,45.01000094,258.2899945
SNACK TRAY HAPPY FOREST,85.15000129,276.6500039
SNACK TRAY I LOVE LONDON,205.8600051,709.6000033
SNACK TRAY PAISLEY PARK,59.25000048,675.230002
SNACK TRAY RED GINGHAM,94.15000081,163.660002
SNACK TRAY RED VINTAGE DOILY,120.9000013,769.5999942
SNOWFLAKE PORTABLE TABLE LIGHT,410.9200022,3436.770024
SNOWSTORM PHOTO FRAME FRIDGE MAGNET,68.14999914,174.1500014
SOAP DISH BROCANTE,47.45000052,708.159988
SOFT PINK ROSE TOWEL,6.449999809,19.50000048
SOLDIERS EGG CUP,287.140003,2565.289993
SOMBRERO,255.8500001,218.869998
SPACE CADET BLACK,18.95000076,12.5
SPACE CADET RED,7.539999962,74.46999931
SPACE CADET WHITE,163.25,66.96000004
SPACE OWL,1.25,86.56
SPACEBOY BABY GIFT SET,359.0900052,936.9199967
SPACEBOY BEAKER,475.309998,911.2699986
SPACEBOY BIRTHDAY CARD,455.709996,1196.509998
SPACEBOY CHILDRENS BOWL,492.1999959,1046.749999
SPACEBOY CHILDRENS CUP,268.6899989,829.7100055
SPACEBOY CHILDRENS EGG CUP,27.22999954,439.6400062
SPACEBOY GIFT WRAP,298.3200014,762.2500004
SPACEBOY LUNCH BOX,1438.959988,4679.539929
SPACEBOY MINI BACKPACK,1109.850004,2303.010016
SPACEBOY ROCKET LOLLY MAKERS,406.859998,806.669992
SPACEBOY TV DINNER TRAY,133.0900013,393.610003
SPACEBOY WALL ART,35.69999981,53.85000038
SPOTS ON RED BOOKCOVER TAPE,1.679999948,24.89999962
SPOTTY BUNTING,1486.299995,5882.480015
SPOTTY PINK DUCK DOORSTOP,220.6800015,479.2900048
SQUARE CHERRY BLOSSOM CABINET,44.59999847,16.62999916
SQUARE FLOOR CUSHION VINTAGE RED,27.49999976,246.9899967
SQUARE METAL CANDLEHOLDER BASE,3.400000095,22.8499999
SQUARE MINI PORTRAIT FRAME,166.7999976,1760.689991
SQUARECUSHION COVER PINK UNION JACK,185.8499994,710.8099837
ST GEORGE SET OF 10 PARTY LIGHTS,2.950000048,37.60000062
ST TROPEZ NECKLACE,86.50000077,232.25
STANDING FAIRY POLE SUPPORT,51.62000084,156.3300028
STAR DECORATION PAINTED ZINC,777.2899943,1138.769995
STAR DECORATION RUSTIC,185.0200023,747.4199958
STAR T-LIGHT HOLDER,14.88000011,122.8299971
STAR T-LIGHT HOLDER WILLIE WINKIE,698.9799881,1136.499977
STAR WOODEN CHRISTMAS DECORATION,467.2899952,1660.139989
STAR WREATH DECORATION WITH BELL,563.009998,1143.569988
STARFISH SOAP DISH,9.479999542,49.34999883
STARS GIFT TAPE,87.09999788,335.7099983
STOOL HOME SWEET HOME,210.4699983,1197.449999
STOP FOR TEA WALL ART,204.9999981,530.2999995
STORAGE TIN HOME SWEET HOME,156.0899975,310.7199961
STORAGE TIN VINTAGE DOILY,455.4399991,1746.340006
STORAGE TIN VINTAGE LEAF,290.9200039,590.0499887
STRAWBERRIES DESIGN FLANNEL,32.29999995,245.5499985
STRAWBERRY BATH SPONGE,430.5000023,841.8800036
STRAWBERRY CERAMIC TRINKET BOX,211.1199989,992.5299917
STRAWBERRY CERAMIC TRINKET POT,733.059998,1810.399999
STRAWBERRY CHARLOTTE BAG,330.3199989,4585.099937
STRAWBERRY FAIRY CAKE TEAPOT,219.5999928,394.0099941
STRAWBERRY HONEYCOMB GARLAND,46.78999996,338.8599961
STRAWBERRY LUNCH BOX WITH CUTLERY,505.6099999,1265.250002
STRAWBERRY PICNIC BAG,32.59999943,5.900000095
STRAWBERRY RAFFIA FOOD COVER,62.19999981,206.4900013
STRAWBERRY SHOPPER BAG,291.6699995,894.0099998
STRING OF 8 BUTTERFLIES;PINK,1.649999976,4.949999809
STRING OF STARS CARD HOLDER,137.1000042,33.65000105
STRIPES DESIGN TEDDY,37.64999986,57.87000012
STRIPEY CHOCOLATE NESTING BOXES,64.54999948,311.5400008
SUKI SHOULDER BAG,375.5399992,761.3599968
SUMMER DAISIES BAG CHARM,49.24999976,183.4799986
SUNFLOWER DECORATIVE PARASOL,91.5,11.69999981
SUNSET COLOUR CHUNKY KNITTED THROW,70.30000305,105.7800007
SWALLOW SQUARE TISSUE BOX,177.0399981,1408.179997
SWALLOW WOODEN CHRISTMAS DECORATION,558.9099956,1109.26999
SWALLOWS GREETING CARD,305.8400064,584.2300003
SWEET HEART CAKE CARRIER,308.5899968,918.1899977
SWEET PUDDING STICKER SHEET,0.850000024,22.35000002
SWEETHEART 3 TIER CAKE STAND,538.5200014,1606.09999
SWEETHEART BIRD HOUSE,2503.780005,1675.580018
SWEETHEART CERAMIC TRINKET BOX,831.929997,1737.58
SWEETHEART RECIPE BOOK STAND,837.3899974,1555.629991
SWEETHEART WALL TIDY,328.279995,1647.940005
SWEETHEART WIRE FRUIT BOWL,94.400002,650.0299986
SWEETHEART WIRE MAGAZINE RACK,316.269997,469.4500003
SWEETHEART WIRE WALL TIDY,29.84999943,32.50999928
SWEETIES STICKERS,23.39999962,27.19999921
SWIRLY CIRCULAR RUBBERS IN BAG,32.57000056,283.2599981
SWISS CHALET TREE DECORATION,217.6299998,210.2699989
SWISS ROLL TOWEL PINK SPOTS,5.900000095,441.2499952
SWISS ROLL TOWEL; CHOCOLATE SPOTS,467.4000044,939.8000042
SWISS ROLL TOWEL; PINK SPOTS,128.3500016,302.95
TABLE LAMP WHITE SHADE WOOD BASE,37.64999866,37.33000052
TABLECLOTH RED APPLES DESIGN,55.64999866,795.7899914
TALL ROCOCO CANDLE HOLDER,37.75,325.0000005
TEA BAG PLATE RED RETROSPOT,426.1699938,1051.14999
TEA COSY BLUE STRIPE,9.039999962,238.2700012
TEA COSY RED STRIPE,192.4399991,315.0199981
TEA FOR ONE POLKADOT,83.25000048,402.5700023
TEA PARTY BIRTHDAY CARD,252.7599977,1212.130004
TEA PARTY WRAPPING PAPER,94.18000054,530.6099994
TEA TIME DES TEA COSY,39.47000027,68.0800004
TEA TIME KITCHEN APRON,219.2099994,1021.930001
TEA TIME OVEN GLOVE,318.7100017,1201.339996
TEA TIME PARTY BUNTING,38.55999923,299.3599986
TEA TIME TEAPOT IN GIFT BOX,247.6500006,540.750006
TEAL/FUSCHIA COL BEAD NECKLACE,25.30000001,173.2499943
TEATIME PEN CASE & PENS,116.7700001,5.100000143
TEATIME ROUND PENCIL SHARPENER,57.13000034,88.47000049
THE KING GIFT BAG 25x24x12cm,0.839999974,16.73999959
THREE CANVAS LUGGAGE TAGS,15,56.71999931
THREE MINI HANGING FRAMES,104.7899995,1184.120009
T-LIGHT GLASS FLUTED ANTIQUE,1036.859998,2107.969989
T-LIGHT HOLDER HANGING LACE,235.7199976,291.8299979
T-LIGHT HOLDER HANGING LOVE BIRD,1048.219999,1691.62001
T-LIGHT HOLDER SILVER HEART HANDLE,317.0999975,158.7299976
T-LIGHT HOLDER SILVER PETIT FOUR,54.20000076,148.6499993
T-LIGHT HOLDER SWEETHEART HANGING,27.55000055,159.7600012
T-LIGHT HOLDER WHITE LACE,16.41000009,103.4099989
TOADSTOOL BEDSIDE LIGHT,247.8599966,518.269996
TOADSTOOL MONEY BOX,228.5400045,662.7799985
TOAST ITS - BEST MUM,38.5999999,358.7500048
TOAST ITS - FAIRY FLOWER,15.69999996,212.8899967
TOAST ITS - HAPPY BIRTHDAY,36.4199996,75.77999973
TOAST ITS - I LOVE YOU,17.44999981,125.5000024
TOILET METAL SIGN,200.9099981,1138.349996
TOILET SIGN OCCUPIED OR VACANT,214.0999992,1068.580001
TOMATO CHARLIE+LOLA COASTER SET,230.2799997,881.8200004
TOOL BOX SOFT TOY,301.1399969,475.6099939
TOOTHPASTE TUBE PEN,484.0400046,379.959999
TOTE BAG I LOVE LONDON,119.6100011,328.4300018
TOXIC AREA DOOR HANGER,238.4700031,813.7299989
TOY TIDY DOLLY GIRL DESIGN,220.3600001,389.8600012
TOY TIDY PINK POLKADOT,458.9399993,685.7600037
TOY TIDY SPACEBOY,269.8699951,609.2799973
TOYBOX WRAP,15,37.44999981
TRADITIONAL CHRISTMAS RIBBONS,1167.079986,2395.06999
TRADITIONAL KNITTING NANCY,1262.739969,4173.349924
TRADITIONAL MODELLING CLAY,819.9800017,3302.289995
TRADITIONAL NAUGHTS & CROSSES,2004.409969,4944.759921
TRADITIONAL PICK UP STICKS GAME,1538.229997,4953.609971
TRADITIONAL WOODEN CATCH CUP GAME,798.9200019,2214.740003
TRADITIONAL WOODEN SKIPPING ROPE,1107.109989,3997.399996
TRADTIONAL ALPHABET STAMP SET,1454.029986,6035.409951
TRANSPARENT ACRYLIC TAPE DISPENSER,35.20999968,6.680000186
TRAVEL CARD WALLET FLOWER MEADOW,254.8000005,133.359999
TRAVEL CARD WALLET I LOVE LONDON,280.1499971,924.160001
TRAVEL CARD WALLET KEEP CALM,769.8300017,1994.860003
TRAVEL CARD WALLET PANTRY,186.9599988,428.1400009
TRAVEL CARD WALLET RETROSPOT,263.5000023,530.1799978
TRAVEL CARD WALLET SKULLS,225.7299955,377.0699988
TRAVEL CARD WALLET SUKI,270.9300024,471.9199977
TRAVEL CARD WALLET TRANSPORT,139.9800003,519.9499906
TRAVEL CARD WALLET UNION JACK,270.0400008,651.3000006
TRAVEL CARD WALLET VINTAGE LEAF,228.8899992,454.4599957
TRAVEL CARD WALLET VINTAGE TICKET,1368.949991,822.9300008
TRAVEL SEWING KIT,120.0999981,337.7200007
TRAY; BREAKFAST IN BED,244.1999969,1177.349988
TREASURE AHOY WALL ART,45,121.789999
TREASURE ISLAND BOOK BOX,423.5499954,2986.159997
TREASURE TIN BUFFALO BILL,351.7399979,1365.969994
TREASURE TIN GYMKHANA DESIGN,695.4999951,1977.159995
TREE T-LIGHT HOLDER WILLIE WINKIE,131.3999977,423.2899938
TRELLIS COAT RACK,116.6500015,357.9299994
TRIANGULAR POUFFE VINTAGE,14.94999981,68.99999905
TRIPLE HOOK ANTIQUE IVORY ROSE,358.039999,707.5099921
TRIPLE PHOTO FRAME CORNICE,313.2799942,1107.099993
TRIPLE WIRE HOOK IVORY HEART,17.34000015,115.3399985
TRIPLE WIRE HOOK PINK HEART,361.1899939,15.00999975
TROPICAL HONEYCOMB PAPER GARLAND,68.40000057,797.5999981
TROPICAL LUGGAGE TAG,10.9000001,12.42000008
TROPICAL PASSPORT COVER,18.9000001,135.1600012
TUMBLER BAROQUE,2.339999914,20.32999992
TUMBLER; BAROQUE,19.79999924,19.79999924
TUMBLER; NEW ENGLAND,19.79999924,23.09999919
TURQ+RED BOUDICCA LARGE BRACELET,86.94999981,26.84999943
TURQUOISE GLASS TASSLE BAG CHARM,43.3999989,68.47000146
TUSCAN VILLA BIRD FEEDER,127.7999992,303.9299994
TUSCAN VILLA BIRD TABLE,92.5999999,238.6799965
TUSCAN VILLA DOVECOTE BIRD FEEDER,84.82999992,277.999999
TUSCAN VILLA FEEDING STATION,32.39999962,33.05000019
TV DINNER TRAY AIR HOSTESS,113.7300008,240.1600026
TV DINNER TRAY DOLLY GIRL,107.6000001,478.1500019
TV DINNER TRAY VINTAGE PAISLEY,310.5399973,414.2500011
UBO-LIGHT TRIOBASE PURPLE,1.700000048,9.250000119
UNION JACK FLAG LUGGAGE TAG,69.03999949,273.7599992
UNION JACK FLAG PASSPORT COVER,46.98999977,212.2700009
UNION JACK HOT WATER BOTTLE,17.70000076,23.79999924
UNION STRIPE CUSHION COVER,38.90999985,9.800000191
UNION STRIPE WITH FRINGE HAMMOCK,107.75,132.8399967
URBAN BLACK RIBBONS,98.10000125,312.0299995
VANILLA INCENSE IN TIN,304.320001,245.0600021
VANILLA SCENT CANDLE JEWELLED BOX,156.75,610.0600023
VEGETABLE GARDEN CHOPPING BOARD,225.2099981,260.539993
VICTORIAN GLASS HANGING T-LIGHT,1691.809984,6939.54989
VICTORIAN METAL POSTCARD SPRING,213.3300014,969.0700092
VICTORIAN SEWING BOX LARGE,502.9499937,2267.739981
VICTORIAN SEWING BOX MEDIUM,270.399997,5112.050089
VICTORIAN SEWING BOX SMALL,357.4999981,1839.689958
VICTORIAN SEWING KIT,157.3399985,683.8300016
VILLAGE SHOW WALL ART,47.59999847,134.6999969
VINTAGE 2 METER FOLDING RULER,307.8000031,153.300004
VINTAGE 2 METRE FOLDING RULER,945.1099892,2839.24998
VINTAGE BEAD COSMETIC BAG,11.8499999,0.149999619
VINTAGE BEAD PINK EVENING BAG,95.69999886,202.8499998
VINTAGE BEAD PINK JEWEL BOX,4.25,10.07999992
VINTAGE BEAD PINK PURSE,193.8999988,210.9600016
VINTAGE BEAD PINK SCARF,33.09999919,70.35000062
VINTAGE BELLS GARLAND,1326.810002,4103.540033
VINTAGE BILLBOARD LOVE/HATE MUG,238.6100008,831.580007
VINTAGE BILLBOARD MUG,221.8600006,702.5600047
VINTAGE CHRISTMAS BUNTING,2702.35999,9717.100008
VINTAGE CHRISTMAS CAKE FRILL,276.0799966,1831.04998
VINTAGE CHRISTMAS GIFT BAG LARGE,293.3999996,1078.76
VINTAGE CHRISTMAS GIFT SACK,826.4499989,3090.170009
VINTAGE CHRISTMAS PAPER GIFT BAG,289.7199939,864.9899837
VINTAGE CHRISTMAS STOCKING,1755.070014,4280.970039
VINTAGE CHRISTMAS TABLECLOTH,424.0999985,2649.650001
VINTAGE COFFEE GRINDER BOX,29.70000076,11.5
VINTAGE CREAM 3 BASKET CAKE STAND,390.8200016,700.4999907
VINTAGE CREAM CAT FOOD CONTAINER,360.9499978,1095.289993
VINTAGE CREAM DOG FOOD CONTAINER,195.0499994,1454.450003
VINTAGE DOILY DELUXE SEWING KIT,1206.720008,5474.310039
VINTAGE DOILY JUMBO BAG RED,2072.509968,12858.50999
VINTAGE DOILY TRAVEL SEWING KIT,2425.269999,5398.070048
VINTAGE DONKEY TAIL GAME,836.0300003,3061.050004
VINTAGE EMBOSSED HEART,62.08000064,281.4000031
VINTAGE GLASS T-LIGHT HOLDER,319.0299982,1313.239999
VINTAGE HEADS AND TAILS CARD GAME,1594.269993,5468.460002
VINTAGE JINGLE BELLS HEART,974.5499966,3589.43
VINTAGE JINGLE BELLS WREATH,291.2999992,712.3699982
VINTAGE KEEPSAKE BOX TRAVELOGUE,16.54999971,27.14999914
VINTAGE KID DOLLY CARD,133.2099984,358.6399956
VINTAGE KITCHEN PRINT FRUITS,13.19999981,2.549999952
VINTAGE LEAF CHOPPING BOARD,209.5599966,491.1600004
VINTAGE LEAF MAGNETIC NOTEPAD,568.5299976,1371.429993
VINTAGE PAISLEY STATIONERY SET,439.6100012,626.730002
VINTAGE RED ENAMEL TRIM JUG,231.2999997,625.4099963
VINTAGE RED ENAMEL TRIM MUG,257.0799992,469.6499982
VINTAGE RED ENAMEL TRIM PLATE,179.9999959,306.7399988
VINTAGE RED KITCHEN CABINET,247.2499993,50
VINTAGE RED MUG,NULL,497.930006
VINTAGE RED TRIM ENAMEL BOWL,525.3199936,489.5899972
VINTAGE SEASIDE JIGSAW PUZZLES,241.1599989,312.9500042
VINTAGE SHELLS PRINT,6.449999809,83.51999795
VINTAGE SNAKES & LADDERS,951.2800056,1661.839999
VINTAGE SNAP CARDS,1883.09999,7161.39999
VINTAGE UNION JACK APRON,161.1999989,599.3599949
VINTAGE UNION JACK BUNTING,530.6699975,2734.770004
VINTAGE UNION JACK CUSHION COVER,34.79999924,51
VINTAGE UNION JACK DOORSTOP,100.8599999,462.4500003
VINTAGE UNION JACK MEMOBOARD,260.489996,2688.129997
VINTAGE UNION JACK PENNANT,23.39999962,3.900000095
VINTAGE UNION JACK SHOPPING BAG,14.85000038,12.39999962
VINTAGE ZINC PLANTER,3.289999962,183.6899986
VINTAGE ZINC WATERING CAN,31.79999948,125.9999981
VINTAGE ZINC WATERING CAN SMALL,209.0599995,101.6899977
VINYL RECORD FRAME SILVER,15,172.4199963
VIP PASSPORT COVER,62.15000105,37.49999952
WAKE UP COCKEREL CALENDAR SIGN,82.94999981,12.49999952
WAKE UP COCKEREL TILE COASTER,31.85999966,235.2400064
WALL ART 70'S ALPHABET,472.4000013,2484.490015
WALL ART ANIMALS AND NATURE,66.90000057,503.1100014
WALL ART BICYCLE SAFETY,817.1599911,3383.79998
WALL ART BIG LOVE,414.5400062,4571.610068
WALL ART BUFFALO BILL,153.3999987,607.5599982
WALL ART CAT AND BIRD,88.07000077,283.2899984
WALL ART CLASSIC PUDDINGS,529.6299944,4244.460068
WALL ART DOG AND BALL,68.8300004,311.7300004
WALL ART DOG LICENCE,191.0699935,2148.949993
WALL ART DOLLY GIRL,59.75,2365.000029
WALL ART GARDEN HAVEN,166.1499998,461.3599963
WALL ART HORSE & PONY,151.3499994,691.690012
WALL ART I LOVE LONDON,120.6400013,225.8799953
WALL ART KEEP CALM,858.3899992,4730.439941
WALL ART LOVES' SECRET,189.679996,-1269.540007
WALL ART MID CENTURY MODERN,96.45999908,262.0500007
WALL ART ONLY ONE PERSON,349.5400044,3877.270007
WALL ART SPACEBOY,48.89999962,1809.650005
WALL ART STOP FOR TEA,844.7499989,4441.180026
WALL ART THE MAGIC FOREST,26.17999935,88.58999968
WALL ART TREASURE AHOY,125.6800003,272.079998
WALL ART VILLAGE SHOW,532.8999982,1183.599968
WALL ART VINTAGE HEART,281.3999987,267.7600019
WALL ART WORK REST AND PLAY,133.3899989,394.2200007
WALL MIRROR RECTANGLE DIAMANTE PINK,283.2000122,65.36999798
WALL TIDY RETROSPOT,82.05999947,7.549996495
WASH BAG VINTAGE ROSE PAISLEY,-2.550000191,36.64999938
WASHROOM METAL SIGN,229.5799968,1940.439993
WATERING CAN BLUE ELEPHANT,69.65999985,427.3799968
WATERING CAN GARDEN MARKER,87.20000076,57.3799994
WATERING CAN GREEN DINOSAUR,24.50999951,269.5399929
WATERING CAN PINK BUNNY,36.90000057,269.8799933
WELCOME WOODEN BLOCK LETTERS,180.1599984,858.6099964
WHEELBARROW FOR CHILDREN,7.170000076,387.9199972
WHITE BAROQUE WALL CLOCK,25.5,116.0999999
WHITE BELL HONEYCOMB PAPER,28.04999912,427.9199909
WHITE BROCANTE SOAP DISH,192.0000052,310.7300017
WHITE CANDYSTUFT ARTIFICIAL FLOWER,30.65999937,60.09999919
WHITE CHRISTMAS GARLAND STARS TREES,301.1299965,855.1400012
WHITE CHRISTMAS TREE 60CM,2.950000048,2.950000048
WHITE GOOSE FEATHER CHRISTMAS TREE,255.4800038,624.850002
WHITE GOOSE FEATHER TREE 60CM,335.0099969,249.4599992
WHITE HANGING BEADS CANDLE HOLDER,27.24999905,120.0899955
WHITE HANGING HEART T-LIGHT HOLDER,3724.670019,19918.88991
WHITE HEART CONFETTI IN TUBE,21.44999921,460.8900026
WHITE HEARTS WIRE PLANT POT HOLDER,-17.24000025,167.1300018
WHITE HONEYCOMB PAPER GARLAND,25.58999932,128.1199956
WHITE JEWELLED HEART DECORATION,218.2799981,36.87000203
WHITE LOVEBIRD LANTERN,91.98999953,457.9500061
WHITE METAL LANTERN,99.3099997,476.0900013
WHITE MOROCCAN METAL LANTERN,175.3500056,359.7300036
WHITE ROCKING HORSE HAND PAINTED,752.0799989,2434.419985
WHITE ROSEBUD PEARL BRACELET,25.34999967,77.5599997
WHITE SAGE INCENSE,59.88999987,73.70999935
WHITE SKULL HOT WATER BOTTLE,2272.470002,4953.879995
WHITE SOAP RACK WITH 2 BOTTLES,83.69000101,1615.959994
WHITE SPOT BLUE CERAMIC DRAWER KNOB,488.8999944,1043.789991
WHITE SPOT RED CERAMIC DRAWER KNOB,365.4899936,636.8999896
WHITE SQUARE TABLE CLOCK,71.72999763,85.72000015
WHITE STITCHED CUSHION COVER,27.79999924,58.31999969
WHITE TALL PORCELAIN T-LIGHT HOLDER,86.45000052,48.00000143
WHITE TEA;COFFEE;SUGAR JARS,359.1999946,392.4999959
WHITE TRAVEL ALARM CLOCK,4.649999857,72.25000024
WHITE WICKER STAR,1652.179998,3907.110045
WHITE WIRE EGG HOLDER,46.48999977,170.249999
WHITE WOOD GARDEN PLANT LADDER,581.5999922,1291.620001
WHITE/PINK CHICK DECORATION,1.25,73.7699995
WHITE/PINK CHICK EASTER DECORATION,0.850000024,62.40000153
WICKER STAR,1461.290011,1990.610002
WICKER WREATH LARGE,424.709995,784.5799991
WICKER WREATH SMALL,311.3300015,942.1999982
WIRE EGG BASKET,355.9000006,1226.090003
WOOD 2 DRAWER CABINET WHITE FINISH,1560.559997,3653.599935
WOOD AND GLASS MEDICINE CABINET,29.95000076,43.85000086
WOOD BLACK BOARD ANT WHITE FINISH,1536.189979,6058.019985
WOOD STAMP SET BEST WISHES,1054.870003,1117.840001
WOOD STAMP SET FLOWERS,355.5599969,575.0399992
WOOD STAMP SET HAPPY BIRTHDAY,168.3100009,802.4299971
WOOD STAMP SET THANK YOU,467.0399982,1443.779992
WOOD STOCKING CHRISTMAS SCANDISPOT,377.950002,677.1299976
WOODEN ADVENT CALENDAR CREAM,455.1300035,2898.470029
WOODEN ADVENT CALENDAR RED,1333.130016,3345.720005
WOODEN BOX ADVENT CALENDAR,28.09999943,52.05000114
WOODEN BOX OF DOMINOES,1446.509997,6203.599974
WOODEN CROQUET GARDEN SET,576.3899884,1287.809991
WOODEN FRAME ANTIQUE WHITE,1678.450021,8286.450093
WOODEN HAPPY BIRTHDAY GARLAND,222.1500008,694.5700052
WOODEN HEART CHRISTMAS SCANDINAVIAN,1847.480009,5513.249974
WOODEN OWLS LIGHT GARLAND,111.5799985,1132.670004
WOODEN PICTURE FRAME WHITE FINISH,1589.430016,7947.820097
WOODEN REGATTA BUNTING,112.5499992,135.4699998
WOODEN ROUNDERS GARDEN SET,556.699995,1371.239984
WOODEN SCHOOL COLOURING SET,924.1699862,2813.319968
WOODEN SKITTLES GARDEN SET,147.4999981,434.7699995
WOODEN STAR CHRISTMAS SCANDINAVIAN,2071.150009,4759.089981
WOODEN TREE CHRISTMAS SCANDINAVIAN,903.2200005,2361.490008
WOODEN UNION JACK BUNTING,444.8600063,496.7800016
WOODLAND BUNNIES LOLLY MAKERS,332.7899942,737.6999871
WOODLAND CHARLOTTE BAG,583.0400039,2317.860005
WOODLAND DESIGN COTTON TOTE BAG,27.75,60
WOODLAND HEIGHT CHART STICKERS,86.70000267,279.3500034
WOODLAND LARGE BLUE FELT HEART,32.49000001,144.7600002
WOODLAND LARGE PINK FELT HEART,22.5,404.2899914
WOODLAND LARGE RED FELT HEART,117.5100001,379.4399996
WOODLAND MINI BACKPACK,911.6500095,1287.690006
WOODLAND PARTY BAG + STICKER SET,182.7399973,857.4499943
WOODLAND SMALL BLUE FELT HEART,94.48999995,509.390006
WOODLAND SMALL PINK FELT HEART,135.4299997,384.5499973
WOODLAND SMALL RED FELT HEART,164.4700003,1026.290003
WOODLAND STICKERS,89.59999895,210.1399975
WOODLAND STORAGE BOX LARGE,2.950000048,33.90000153
WOODLAND STORAGE BOX SMALL,25.59000075,73.74000144
WORLD WAR 2 GLIDERS ASSTD DESIGNS,1651.210006,4183.060027
WOVEN BUBBLE GUM CUSHION COVER,12.84999967,19.85999966
WOVEN FROST CUSHION COVER,9.899999619,4.25
WOVEN ROSE GARDEN CUSHION COVER,19.79999924,8.5
WRAP 50'S CHRISTMAS,649.8900003,6716.760007
WRAP ALPHABET DESIGN,203.7799993,604.2799995
WRAP ALPHABET POSTER,122.1199992,188.5699987
WRAP BAD HAIR DAY,7.5,59.19000173
WRAP BILLBOARD FONTS DESIGN,39.26999962,626.0199989
WRAP BIRD GARDEN,194.4299984,190.9199989
WRAP CAROUSEL,60,21
WRAP CHRISTMAS SCREEN PRINT,29.10000038,89.67000294
WRAP CHRISTMAS VILLAGE,698.1000011,2566.589991
WRAP CIRCUS PARADE,157.0300002,315.6899974
WRAP COWBOYS,108.3600016,74.03000033
WRAP DAISY CARPET,7.480000257,322.7999878
WRAP DOLLY GIRL,162.420001,665.3000004
WRAP ENGLISH ROSE,258.3999996,480.8299983
WRAP FLOWER SHOP,189.3800002,145.1000001
WRAP GINGHAM ROSE,190.3799992,586.200008
WRAP GREEN PEARS,61.89999962,206.009999
WRAP I LOVE LONDON,172.4499995,213.65
WRAP KEEP CALM BIRTHDAY,169.2000003,713.0800037
WRAP MAGIC FOREST,52.20000052,156.3299992
WRAP MONSTER FUN,98.28000164,266.9399965
WRAP PAISLEY PARK,457.6099963,1184.769996
WRAP PINK FAIRY CAKES,261.3000031,958.8199893
WRAP POPPIES DESIGN,188.500001,380.1199955
WRAP RED APPLES,214.0599973,634.1799974
WRAP RED VINTAGE DOILY,366.7900029,499.7499978
WRAP SUKI AND FRIENDS,61.37000084,278.66
WRAP VINTAGE DOILY,378.8400035,715.2399954
WRAP VINTAGE LEAF DESIGN,834.7099952,847.4099975
WRAP; BILLBOARD FONTS DESIGN,21,105
WRAP; CAROUSEL,31.5,10.5
YELLOW COAT RACK PARIS FASHION,172.0400013,192.9000034
YELLOW DRAGONFLY HELICOPTER,11.19999981,560.6499872
YELLOW EASTER EGG HUNT START POST,8.25,-1.950000048
YELLOW GIANT GARDEN THERMOMETER,278.3399982,457.0000036
YELLOW POT PLANT CANDLE,7.46999979,30.25
YELLOW SHARK HELICOPTER,169.3399992,266.1499968
YELLOW/BLUE RETRO RADIO,3.240000039,80.33999991
YELLOW/PINK FLOWER DESIGN BIG MUG,18.94999993,21.48000002
YOU'RE CONFUSING ME METAL SIGN,1104.880009,2205.790002
ZINC BOX SIGN HOME,409.779996,532.5899999
ZINC FOLKART SLEIGH BELLS,2296.430017,6303.500072
ZINC HEART FLOWER T-LIGHT HOLDER,141.000001,153.3500001
ZINC HEART LATTICE T-LIGHT HOLDER,84.87999868,268.2500033
ZINC HEART T-LIGHT HOLDER,45.34999919,254.6399977
ZINC HEARTS PLANT POT HOLDER,106.6600028,187.7200015
ZINC HERB GARDEN CONTAINER,41.99000001,58.25000072
ZINC METAL HEART DECORATION,900.5800021,2500.989987
ZINC STAR T-LIGHT HOLDER,94.19999921,472.1699957
ZINC SWEETHEART SOAP DISH,118.6899987,62.08999902
ZINC SWEETHEART WIRE LETTER RACK,44.57999945,294.6600003
ZINC T-LIGHT HOLDER STAR LARGE,495.1200052,1130.399991
ZINC T-LIGHT HOLDER STARS SMALL,354.8199999,1122.870001
ZINC WILLIE WINKIE CANDLE STICK,462.7599943,1477.690006
ZINC WIRE KITCHEN ORGANISER,137.4000015,351.7399998
ZINC WIRE SWEETHEART LETTER TRAY,53.85000074,177.8500023
