CustomerID,Max of InvoiceDate,Distinct Count of InvoiceDate,Sum of Revenue,Recency,Frequency,Monetary,RFM Score
,40886.43472,276,518305.55,5,5,5,555
12346,40561.42847,2,0,1,2,1,121
12347,40884.66111,7,4310,5,4,5,545
12348,40811.55069,4,1797.24,2,3,4,234
12349,40868.41042,1,1757.55,4,0,4,404
12350,40576.66736,1,334.4,1,0,2,102
12352,40850.60903,11,1560.41,3,5,4,354
12353,40682.74097,1,89,1,0,1,101
12354,40654.54931,1,1079.4,1,0,4,104
12355,40672.57569,1,459.4,1,0,2,102
12356,40864.36111,3,2811.43,4,3,5,435
12357,40853.67153,1,6264.55,3,0,5,305
12358,40885.43472,2,1168.06,5,2,4,524
12359,40879.47292,6,6245.53,5,4,5,545
12360,40834.64028,3,2662.06,3,3,5,335
12361,40599.57708,1,189.9,1,0,1,101
12362,40883.65278,13,5188.58,5,5,5,555
12363,40777.42917,2,552,2,2,3,223
12364,40879.43194,4,1313.1,5,3,4,534
12365,40595.58611,3,320.69,1,3,2,132
12367,40882.7,1,168.9,5,0,1,501
12370,40835.61875,4,3541.94,3,3,5,335
12371,40842.42778,2,1887.96,3,2,4,324
12372,40815.50833,3,1298.04,2,3,4,234
12373,40575.54861,1,364.6,1,0,2,102
12374,40861.65069,1,742.93,4,0,3,403
12375,40884.47708,3,455.42,5,3,2,532
12377,40571.65625,2,1628.12,1,2,4,124
12378,40757.44028,1,4008.62,2,0,5,205
12379,40805.42292,3,850.29,2,3,3,233
12380,40865.47708,5,2720.56,4,4,5,445
12381,40882.53056,6,1818.96,5,4,4,544
12383,40702.33472,6,1839.31,1,4,4,144
12384,40858.36042,3,566.16,4,3,3,433
12386,40549.52569,2,401.9,1,2,2,122
12388,40871.52083,6,2780.66,4,4,5,445
12390,40807.39792,1,549.84,2,0,3,203
12391,40865.50486,1,439.66,4,0,2,402
12393,40814.65347,4,1582.6,2,3,4,234
12394,40823.33889,2,1272.48,3,2,4,324
12395,40871.51389,15,2998.28,4,5,5,455
12397,40851.41111,2,2409.9,3,2,5,325
12398,40841.43542,1,1635.66,3,0,4,304
12399,40767.55208,4,1108.65,2,3,4,234
12401,40583.57639,1,84.3,1,0,1,101
12402,40563.57569,1,225.6,1,0,1,101
12403,40837.45833,2,427.7,3,2,2,322
12405,40738.36944,1,1710.39,2,0,4,204
12406,40864.80694,3,3280.75,4,3,5,435
12407,40837.42431,5,1708.12,3,4,4,344
12408,40854.52083,9,2857.57,3,5,5,355
12409,40808.44306,7,11056.93,2,4,5,245
12410,40585.65764,3,681.08,1,3,3,133
12412,40812.42778,3,1226.88,2,3,4,234
12413,40820.375,5,748.15,3,4,3,343
12414,40669.61875,3,562.41,1,3,3,133
12415,40862.59861,25,124324.45,4,5,5,455
12417,40883.61944,12,3578.8,5,5,5,555
12418,40774.46389,1,668.58,2,0,3,203
12420,40823.37153,1,600.39,3,0,3,303
12421,40871.37986,5,806.27,4,4,3,443
12422,40791.40833,3,803.56,2,3,3,233
12423,40886.42361,9,1849.11,5,5,4,554
12424,40724.50417,1,1760.96,2,0,4,204
12425,40808.72986,1,777.2,2,0,3,203
12426,40692.51806,1,582.73,1,0,3,103
12427,40875.45,5,742.37,4,4,3,443
12428,40861.34861,12,7917.2,4,5,5,455
12429,40877.72361,4,3773.8,5,3,5,535
12430,40843.63125,1,256.4,3,0,2,302
12431,40851.49653,18,6348.89,3,5,5,355
12432,40844.48819,5,5059.32,3,4,5,345
12433,40886.41806,7,13477.87,5,4,5,545
12434,40802.52639,4,765.19,2,3,3,233
12435,40807.37917,2,7829.89,2,2,5,225
12436,40787.50625,1,509.01,2,0,3,203
12437,40885.48264,19,4896.66,5,5,5,555
12438,40872.56111,2,2906.85,4,2,5,425
12441,40520.44792,1,173.55,1,0,1,101
12442,40883.59861,1,172.06,5,0,1,501
12444,40865.55764,5,5005.46,4,4,5,445
12445,40864.77986,1,133.4,4,0,1,401
12446,40829.53472,1,1002.31,3,0,4,304
12447,40643.55903,1,476.49,1,0,3,103
12448,40842.57361,1,449.45,3,0,2,302
12449,40864.57361,4,4067.29,4,3,5,435
12450,40730.61181,2,197.88,2,2,1,221
12451,40876.36111,6,9035.52,5,4,5,545
12452,40870.43611,3,430.57,4,3,2,432
12453,40752.58889,1,707.09,2,0,3,203
12454,40833.62986,2,1322,3,2,4,324
12455,40813.64653,6,2466.86,2,4,5,245
12456,40842.61181,4,3153.89,3,3,5,335
12457,40828.57361,11,2096.78,3,5,5,355
12458,40815.64236,2,947.4,2,2,4,224
12461,40792.70625,2,826.88,2,2,3,223
12462,40884.58472,4,1124.01,5,3,4,534
12463,40840.57153,7,1309.63,3,4,4,344
12464,40876.56458,8,1212.05,5,5,4,554
12465,40879.48194,3,733.89,5,3,3,533
12468,40743.57083,3,724.04,2,3,3,233
12471,40884.65486,49,18792.52,5,5,5,555
12472,40856.48125,13,6246.48,4,5,5,455
12473,40857.575,9,2873.73,4,5,5,455
12474,40869.61042,30,7166.77,4,5,5,455
12475,40833.42361,1,723.38,3,0,3,303
12476,40885.58889,20,6546.58,5,5,5,555
12477,40864.41042,9,13117.01,4,5,5,455
12478,40883.41389,1,680.99,5,0,3,503
12479,40883.39236,3,517.3,5,3,3,533
12480,40858.61944,4,3281.63,4,3,5,435
12481,40864.35347,11,5574.36,4,5,5,455
12483,40869.71042,13,2447.13,4,5,5,455
12484,40854.48403,8,4485.37,3,5,5,355
12488,40877.36806,3,1298.66,5,3,4,534
12489,40550.55069,1,334.93,1,0,2,102
12490,40881.67153,10,5417.93,5,5,5,555
12491,40848.5125,1,460.4,3,0,2,302
12492,40823.63542,2,263.21,3,2,2,322
12493,40721.42847,3,416.79,2,3,2,232
12494,40877.38958,12,1157.35,5,5,4,554
12497,40805.52014,1,1043.1,2,0,4,204
12498,40865.53681,3,403.7,4,3,2,432
12500,40863.68056,13,4224.27,4,5,5,455
12501,40571.57917,2,2119.68,1,2,5,125
12502,40791.49444,5,3723.87,2,4,5,245
12503,40549.49375,1,,1,0,1,101
12504,40868.66806,4,318,4,3,2,432
12505,40585.56875,1,-4.5,1,0,1,101
12506,40654.37083,1,73.5,1,0,1,101
12507,40752.71458,4,1258.06,2,3,4,234
12508,40860.65069,2,397.88,4,2,2,422
12509,40602.61458,1,176.5,1,0,1,101
12510,40744.42708,2,982.57,2,2,4,224
12512,40820.62153,2,138.03,3,2,1,321
12513,40802.53125,2,586.79,2,2,3,223
12514,40619.69306,1,1017.68,1,0,4,104
12515,40533.65486,1,383.7,1,0,2,102
12516,40809.38403,2,1312.06,2,2,4,224
12517,40858.58611,6,2443.65,4,4,5,445
12518,40886.42569,5,2061.93,5,4,5,545
12519,40823.39306,1,340.84,3,0,2,302
12520,40807.64097,6,2582.51,2,4,5,245
12521,40744.45208,1,599.68,2,0,3,203
12522,40847.64583,2,192.72,3,2,1,321
12523,40885.49028,13,1770.57,5,5,4,554
12524,40877.64653,8,4485.72,5,5,5,555
12526,40886.50625,3,1316.66,5,3,4,534
12527,40805.49653,3,348.71,2,3,2,232
12528,40877.61111,8,1927.28,5,5,4,554
12530,40827.52361,5,1623.63,3,4,4,344
12531,40872.46667,1,125.22,4,0,1,401
12532,40856.57431,1,349.83,4,0,2,402
12534,40756.43472,1,1089.18,2,0,4,204
12535,40795.36667,2,716.35,2,2,3,223
12536,40879.52986,5,4106.82,5,4,5,545
12538,40857.71944,1,363.95,4,0,2,402
12539,40864.5625,5,3852.5,4,4,5,445
12540,40867.47986,19,13309.04,4,5,5,455
12541,40857.44444,3,981.18,4,3,4,434
12544,40857.46667,2,372.7,4,2,2,422
12545,40811.56875,2,1000.39,2,2,4,224
12546,40840.50625,3,1161.5,3,3,4,334
12547,40689.52639,2,207.8,1,2,1,121
12548,40720.64931,1,95.2,2,0,1,201
12550,40807.60764,1,964.83,2,0,4,204
12551,40529.47431,1,168,1,0,1,101
12552,40848.41806,2,457.62,3,2,2,322
12553,40878.69306,14,3661.61,5,5,5,555
12556,40836.54583,2,604.24,3,2,3,323
12557,40870.70764,5,11990.96,4,4,5,445
12558,40885.42639,2,63,5,2,1,521
12559,40576.40903,3,536.21,1,3,3,133
12560,40881.57917,4,2101.39,5,3,5,535
12561,40584.48542,1,238.85,1,0,1,101
12562,40878.72222,7,3781.74,5,4,5,545
12564,40625.62153,1,456.9,1,0,2,102
12565,40605.48819,2,131.17,1,2,1,121
12566,40814.41458,2,346.7,2,2,2,222
12567,40864.45972,11,9197.94,4,5,5,455
12569,40884.68333,33,4100.99,5,5,5,555
12571,40847.42986,2,519.61,3,2,3,323
12572,40878.38889,3,1004.72,5,3,4,534
12573,40659.66111,1,160.54,1,0,1,101
12574,40571.38889,1,218.45,1,0,1,101
12576,40851.42431,6,1306.98,3,4,4,344
12577,40851.56111,4,564.2,3,3,3,333
12578,40865.5625,4,2753.36,4,3,5,435
12579,40813.58125,3,428.72,2,3,2,232
12580,40640.43333,1,415.7,1,0,2,102
12581,40847.37222,1,197.71,3,0,1,301
12582,40648.36458,2,511.36,1,2,3,123
12583,40884.33819,18,7205.34,5,5,5,555
12584,40883.39931,18,1927.95,5,5,4,554
12585,40652.56875,4,1999.81,1,3,4,134
12586,40869.68333,2,196.94,4,2,1,421
12587,40879.53264,1,144,5,0,1,501
12588,40847.62569,1,214.9,3,0,1,301
12589,40858.42986,2,646.68,4,2,3,423
12590,40696.60069,3,9861.38,1,3,5,135
12591,40569.60764,1,452.85,1,0,2,102
12592,40794.62778,2,437.6,2,2,2,222
12593,40778.52986,3,418.1,2,3,2,232
12594,40849.51389,11,3338.22,3,5,5,355
12596,40835.54306,2,618.27,3,2,3,323
12597,40867.56458,5,3683.13,4,4,5,445
12598,40877.5125,9,3002.68,5,5,5,555
12599,40857.56528,7,1032.58,4,4,4,444
12600,40858.43681,11,2599.04,4,5,5,455
12601,40697.42847,6,569.56,1,4,3,143
12602,40828.47361,1,153.12,3,0,1,301
12603,40865.44583,1,739.2,4,0,3,403
12604,40807.58889,2,254.18,2,2,2,222
12605,40521.65347,1,-7.5,1,0,1,101
12607,40828.67847,2,417,3,2,2,322
12609,40808.69028,3,1126.85,2,3,4,234
12610,40864.39861,7,2057.99,4,4,5,445
12611,40834.55,1,1193.32,3,0,4,304
12612,40829.50833,2,643.59,3,2,3,323
12613,40855.5625,6,3218.98,4,4,5,445
12614,40609.43194,1,315.6,1,0,2,102
12615,40884.62639,4,2291.19,5,3,5,535
12616,40801.70972,5,657.25,2,4,3,243
12617,40857.61042,1,352.98,4,0,2,402
12618,40865.46528,1,177.31,4,0,1,401
12619,40870.61944,13,3214.81,4,5,5,455
12620,40872.43056,3,1339.41,4,3,4,434
12621,40885.47569,23,13612.07,5,5,5,555
12622,40654.69375,1,180.1,1,0,1,101
12623,40610.57639,1,305.1,1,0,2,102
12624,40780.62778,2,641.13,2,2,3,223
12625,40675.4125,3,2632.32,1,3,5,135
12626,40863.67083,13,6496.35,4,5,5,455
12627,40876.50486,7,4478.53,5,4,5,545
12628,40882.55208,4,769.61,5,3,3,533
12630,40877.45,2,1308.38,5,2,4,524
12631,40829.57847,1,640.5,3,0,3,303
12633,40828.48611,5,2140.63,3,4,5,345
12635,40797.46111,2,1689.18,2,2,4,224
12637,40819.57361,11,6002.65,3,5,5,355
12638,40853.54931,1,671.69,3,0,3,303
12639,40648.53333,1,486.1,1,0,3,103
12640,40863.49444,3,1174.58,4,3,4,434
12641,40771.55972,1,185.9,2,0,1,201
12642,40861.62708,3,1013.26,4,3,4,434
12643,40758.53889,6,3344.64,2,4,5,245
12644,40757.43958,1,477.91,2,0,3,203
12645,40853.52639,5,1755.38,3,4,4,344
12646,40882.42639,2,1346.97,5,2,4,524
12647,40864.53889,13,3686.92,4,5,5,455
12648,40732.49653,1,318.05,2,0,2,202
12649,40779.61181,4,603.71,2,3,3,233
12650,40883.69028,1,314.44,5,0,2,502
12651,40552.53194,1,114,1,0,1,101
12652,40564.70903,2,914.53,1,2,4,124
12653,40738.44514,2,2209.85,2,2,5,225
12654,40876.42361,5,601.98,5,4,3,543
12656,40869.57083,8,3982.72,4,5,5,455
12657,40875.65764,5,1346.06,5,4,4,544
12658,40868.43194,1,686.05,4,0,3,403
12659,40857.49514,1,91.68,4,0,1,401
12660,40875.55972,1,245.1,5,0,2,502
12662,40886.49931,12,3817.08,5,5,5,555
12664,40878.71319,10,4881.88,5,5,5,555
12665,40562.35694,2,61.75,1,2,1,121
12666,40527.6125,1,-91.44,1,0,1,101
12667,40828.70833,1,620.13,3,0,3,303
12668,40879.63194,6,3758.18,5,4,5,545
12669,40736.4125,4,1607.73,2,3,4,234
12670,40876.64097,6,2986.15,5,4,5,545
12672,40557.38889,1,225.9,1,0,1,101
12673,40881.57986,2,610.52,5,2,3,523
12674,40875.51528,7,1952.26,4,4,4,444
12676,40862.51736,6,1331.39,4,4,4,444
12678,40844.54444,13,17603.26,3,5,5,355
12679,40834.57153,9,1058.67,3,5,4,354
12680,40886.53472,4,862.81,5,3,3,533
12681,40872.48264,27,13731.59,4,5,5,455
12682,40883.41667,31,12279.82,5,5,5,555
12683,40882.68819,20,8272.09,5,5,5,555
12684,40879.41181,7,2283.63,5,4,5,545
12685,40858.57361,6,2863.08,4,4,5,445
12686,40515.41042,1,89.14,1,0,1,101
12688,40773.36736,1,4873.81,2,0,5,205
12689,40861.35486,2,1247.61,4,2,4,424
12690,40681.38125,1,389.01,1,0,2,102
12691,40858.70069,6,1035.8,4,4,4,444
12693,40766.38611,6,845.96,2,4,3,243
12694,40816.54583,2,869.67,3,2,3,323
12695,40879.55694,4,582.1,5,3,3,533
12697,40865.67847,5,939.02,4,4,4,444
12700,40879.45069,6,4939.99,5,4,5,545
12701,40807.44931,2,797.71,2,2,3,223
12702,40867.44167,1,219,4,0,1,401
12703,40822.80764,2,274.7,3,2,2,322
12704,40879.55208,10,2340.84,5,5,5,555
12705,40871.55347,14,6814.24,4,5,5,455
12707,40595.35972,1,603.42,1,0,3,103
12708,40857.41111,16,2616.32,4,5,5,455
12709,40883.69583,26,9264.1,5,5,5,555
12710,40790.5,4,1130.57,2,3,4,234
12712,40864.38542,17,4352.63,4,5,5,455
12713,40886.51111,1,853.59,5,0,3,503
12714,40877.65486,5,4708.86,5,4,5,545
12715,40780.64028,1,353.86,2,0,2,202
12716,40883.37153,2,1053.49,5,2,4,524
12717,40735.61875,3,1030.98,2,3,4,234
12718,40815.69306,1,238.25,2,0,1,201
12719,40881.57292,3,608.1,5,3,3,533
12720,40884.33542,29,5731.28,5,5,5,555
12721,40855.50903,7,2628.98,3,4,5,345
12722,40801.61806,6,904.33,2,4,3,243
12723,40883.42986,5,725.07,5,4,3,543
12724,40881.66806,4,1031.41,5,3,4,534
12725,40515.65625,1,427.8,1,0,2,102
12726,40858.56597,7,2609.1,4,4,5,445
12727,40876.49028,9,3980.7,5,5,5,555
12728,40815.64653,4,836.33,2,3,3,233
12729,40773.48611,1,453.01,2,0,2,202
12731,40863.49931,14,18879.41,4,5,5,455
12732,40707.48125,1,236.26,1,0,1,101
12733,40652.67986,1,383.95,1,0,2,102
12734,40534.53264,1,110.4,1,0,1,101
12735,40571.56736,2,779.57,1,2,3,123
12736,40554.33125,1,234,1,0,1,101
12738,40514.76875,1,155.35,1,0,1,101
12739,40808.54167,2,1013.04,2,2,4,224
12740,40823.44722,1,427.6,3,0,2,302
12743,40752.68125,2,540.13,2,2,3,223
12744,40835.47083,10,9120.39,3,5,5,355
12747,40884.60694,11,4196.01,5,5,5,555
12748,40886.51389,225,31055.77,5,5,5,555
12749,40883.41389,8,3868.2,5,5,5,555
12750,40758.38403,1,275.88,2,0,2,202
12752,40805.56389,1,4366.78,2,0,5,205
12753,40883.48611,11,21257.01,5,5,5,555
12754,40651.375,6,2949.12,1,4,5,145
12755,40637.425,4,2203.2,1,3,5,135
12756,40800.39653,1,112.08,2,0,1,201
12757,40871.52083,19,4257.7,4,5,5,455
12758,40770.43194,2,2791.59,2,2,5,225
12759,40834.61736,3,1531.44,3,3,4,334
12762,40879.43264,2,1923.72,5,2,4,524
12763,40748.59167,2,494.08,2,2,3,223
12764,40570.42986,1,1693.88,1,0,4,104
12766,40883.36528,7,6989.63,5,4,5,545
12769,40648.43403,1,1143.6,1,0,4,104
12770,40676.39792,1,1351.45,1,0,4,104
12772,40827.38819,1,892.47,3,0,3,303
12775,40869.68958,6,1351.24,4,4,4,444
12778,40867.48542,7,822.23,4,4,3,443
12779,40865.71528,12,3893.7,4,5,5,455
12781,40865.65625,5,711.72,4,4,3,443
12782,40882.38611,6,2318.32,5,4,5,545
12783,40884.66389,8,1603.87,5,5,4,554
12784,40877.65139,2,532.82,5,2,3,523
12785,40884.53194,2,305.71,5,2,2,522
12787,40877.36389,3,463.66,5,3,2,532
12789,40821.56528,1,91.85,3,0,1,301
12790,40694.59306,1,324.92,1,0,2,102
12791,40513.47708,1,192.6,0,0,1,001
12792,40630.48333,1,400.54,1,0,2,102
12793,40552.50833,2,545.48,1,2,3,123
12794,40833.62083,2,860.41,3,2,3,323
12795,40868.43542,1,430.48,4,0,2,402
12797,40526.68333,3,239.18,1,3,2,132
12798,40876.66111,3,6977.04,5,3,5,535
12802,40703.40556,2,427.58,1,2,2,122
12808,40850.42014,3,483.65,3,3,3,333
12809,40718.63542,2,484.36,2,2,3,223
12811,40626.40417,3,514.85,1,3,3,133
12812,40842.4125,1,229.64,3,0,1,301
12814,40785.50764,1,125.92,2,0,1,201
12815,40739.43125,2,1063.46,2,2,4,224
12816,40791.52847,2,572.2,2,2,3,223
12817,40605.68611,1,166.04,1,0,1,101
12818,40708.57917,2,1517.88,1,2,4,124
12820,40883.63333,4,942.34,5,3,4,534
12821,40672.66042,1,92.72,1,0,1,101
12822,40816.41944,3,918.98,3,3,4,334
12823,40812.31597,5,1759.5,2,4,4,244
12824,40827.53403,1,397.12,3,0,2,302
12826,40884.43403,8,1468.12,5,5,4,554
12827,40881.51181,3,430.15,5,3,2,532
12828,40884.36458,6,1018.71,5,4,4,544
12829,40564.53889,3,253.05,1,3,2,132
12830,40849.49583,7,6748.4,3,4,5,345
12831,40624.54306,1,215.05,1,0,1,101
12832,40854.5625,2,383.03,3,2,2,322
12833,40741.57361,1,417.38,2,0,2,202
12834,40604.40903,1,312.38,1,0,2,102
12836,40827.63194,5,2612.86,3,4,5,345
12837,40713.67153,1,134.1,2,0,1,201
12838,40853.51389,2,672.6,3,2,3,323
12839,40884.52292,16,5588.66,5,5,5,555
12840,40743.39514,6,2714.27,2,4,5,245
12841,40882.46736,25,3854.87,5,5,5,555
12842,40816.64792,2,1118.99,3,2,4,324
12843,40821.50625,9,1680.76,3,5,4,354
12844,40857.56319,2,325.96,4,2,2,422
12845,40619.56528,4,354.09,1,3,2,132
12847,40864.55278,1,862.36,4,0,3,403
12849,40855.57014,2,1010.29,4,2,4,424
12851,40790.52847,1,135.18,2,0,1,201
12852,40596.62222,2,299.75,1,2,2,122
12853,40779.45833,9,1934.7,2,5,4,254
12854,40808.51042,5,1289.15,2,4,4,244
12855,40514.40069,1,38.1,1,0,1,101
12856,40879.45278,8,2159.73,5,5,5,555
12857,40676.43056,2,1106.4,1,2,4,124
12863,40834.59375,2,521.2,3,2,3,323
12864,40748.54375,1,147.12,2,0,1,201
12865,40860.60486,3,1548.07,4,3,4,434
12866,40603.59097,1,559.12,1,0,3,103
12867,40860.64583,10,3964.41,4,5,5,455
12868,40701.44583,6,1607.06,1,4,4,144
12870,40520.60208,1,-14.9,1,0,1,101
12871,40802.62986,2,380.64,2,2,2,222
12872,40560.45278,2,599.97,1,2,3,123
12873,40604.62361,1,374,1,0,2,102
12875,40743.64583,2,343.23,2,2,2,222
12876,40829.51806,2,2218.02,3,2,5,325
12877,40883.4375,12,1537.72,5,5,4,554
12878,40868.60417,3,841.64,4,3,3,433
12879,40842.51667,4,552.57,3,3,3,333
12881,40611.48889,1,298,1,0,2,102
12882,40877.67917,2,1463.04,5,2,4,524
12883,40862.39722,4,703.47,4,3,3,433
12884,40798.54861,1,309.05,2,0,2,202
12885,40823.56944,4,1158.27,3,3,4,334
12886,40819.42292,3,1356.09,3,3,4,334
12888,40672.66806,4,313.77,1,3,2,132
12890,40862.72639,1,376.72,4,0,2,402
12891,40701.52153,3,331,1,3,2,132
12893,40856.52361,1,176.55,4,0,1,401
12895,40844.57708,3,364.3,3,3,2,332
12897,40682.50903,2,216.5,1,2,1,121
12901,40878.42153,36,16752.1,5,5,5,555
12902,40622.50417,1,138.68,1,0,1,101
12904,40868.60694,2,496.06,4,2,3,423
12906,40875.41319,4,2919.81,4,3,5,435
12908,40828.42431,4,750,3,3,3,333
12909,40847.52986,8,2128.83,3,5,5,355
12910,40863.60278,8,3075.04,4,5,5,455
12912,40884.37153,5,1662.3,5,4,4,544
12913,40882.50764,5,2483.63,5,4,5,545
12915,40738.48194,2,363.65,2,2,2,222
12916,40748.44097,5,2921.15,2,4,5,245
12917,40758.69583,1,594,2,0,3,203
12919,40878.57431,8,1301.44,5,5,4,554
12920,40869.62847,1,162.78,4,0,1,401
12921,40883.41389,49,16389.74,5,5,5,555
12922,40725.64931,1,405.38,2,0,2,202
12923,40822.68056,1,176.97,3,0,1,301
12924,40798.57986,5,929.95,2,4,4,244
12925,40882.46597,2,694.05,5,2,3,523
12928,40851.6,5,2062.7,3,4,5,345
12929,40764.60417,2,105.1,2,2,1,221
12930,40808.6375,4,409.9,2,3,2,232
12931,40865.52708,20,35454.81,4,5,5,455
12933,40862.69306,4,606.28,4,3,3,433
12935,40884.72569,8,2156.45,5,5,5,555
12936,40869.73056,5,1063.9,4,4,4,444
12937,40871.62847,4,1504.27,4,3,4,434
12938,40861.47292,1,114.14,4,0,1,401
12939,40822.60625,8,11581.8,3,5,5,355
12940,40840.58611,4,876.29,3,3,3,333
12942,40755.61042,3,675.6,2,3,3,233
12943,40585.63403,1,-3.75,1,0,1,101
12944,40851.46111,2,604.51,3,2,3,323
12945,40598.59375,1,462.95,1,0,2,102
12947,40743.42083,11,1537.29,2,5,4,254
12948,40870.71528,8,2053.7,4,5,5,455
12949,40856.47569,10,4158.02,4,5,5,455
12950,40884.55347,3,1843,5,3,4,534
12951,40878.50972,8,1042.07,5,5,4,554
12952,40881.44097,5,1382.84,5,4,4,544
12953,40877.39167,1,329.85,5,0,2,502
12955,40885.68681,14,4751.26,5,5,5,555
12956,40580.67222,1,108.07,1,0,1,101
12957,40882.68889,12,3989.04,5,5,5,555
12962,40879.66319,2,266.39,5,2,2,522
12963,40878.53819,9,1841.03,5,5,4,554
12965,40797.64653,1,771.91,2,0,3,203
12966,40877.52639,1,160.18,5,0,1,501
12967,40883.59653,4,1209.75,5,3,4,534
12968,40774.65556,1,135.95,2,0,1,201
12970,40879.60417,4,410.15,5,3,2,532
12971,40883.51389,86,10966.26,5,5,5,555
12974,40689.39792,1,144.8,1,0,1,101
12976,40675.41319,1,738.6,1,0,3,103
12977,40730.69444,1,39.24,2,0,1,201
12980,40731.4875,12,7092.06,2,5,5,255
12981,40857.5,2,372.22,4,2,2,422
12982,40647.45069,2,377.2,1,2,2,122
12984,40868.52569,1,97.5,4,0,1,401
12985,40886.44861,3,1263.02,5,3,4,534
12987,40813.50208,3,545,2,3,3,233
12988,40594.60486,1,505.82,1,0,3,103
12989,40883.64444,19,6854.51,5,5,5,555
12990,40855.54236,3,409.5,4,3,2,432
12991,40863.64861,2,503.76,4,2,3,423
12993,40863.65903,4,414.76,4,3,2,432
12994,40882.65486,5,902.22,5,4,3,543
12995,40809.38889,2,200.72,2,2,1,221
12997,40864.65764,7,1197.94,4,4,4,444
12999,40690.55833,3,455.88,1,3,2,132
13000,40780.44653,3,534.85,2,3,3,233
13001,40882.61875,14,9765.07,5,5,5,555
13002,40568.6375,1,120.95,1,0,1,101
13003,40781.45139,3,149.05,2,3,1,231
13004,40875.47708,22,5618.43,4,5,5,455
13005,40713.45347,3,468.95,2,3,2,232
13006,40830.57569,1,81.57,3,0,1,301
13008,40563.6,2,229.47,1,2,1,121
13011,40514.72361,1,50.55,1,0,1,101
13012,40877.54514,11,1371.62,5,5,4,554
13013,40885.62569,15,4786.99,5,5,5,555
13014,40884.39167,16,3365.43,5,5,5,555
13015,40833.55486,5,3346.28,3,4,5,345
13016,40813.58889,3,789.89,2,3,3,233
13017,40879.66181,1,204,5,0,1,501
13018,40870.56111,27,7277.79,4,5,5,455
13021,40882.69236,12,2606.9,5,5,5,555
13023,40822.68542,2,689.9,3,2,3,323
13026,40885.70694,8,951.15,5,5,4,554
13027,40773.40208,6,6912,2,4,5,245
13028,40864.46528,3,683.08,4,3,3,433
13029,40856.38403,3,1247.5,4,3,4,434
13030,40875.60417,2,752.44,5,2,3,523
13032,40848.41389,3,996.52,3,3,4,334
13033,40529.59931,1,190.55,1,0,1,101
13034,40832.51458,2,642.77,3,2,3,323
13035,40829.51597,3,886.63,3,3,3,333
13037,40748.65694,3,881.07,2,3,3,233
13038,40806.60903,3,908.46,2,3,3,233
13040,40878.44306,2,676.99,5,2,3,523
13043,40633.50972,2,471.57,1,2,3,123
13044,40595.63889,1,560.47,1,0,3,103
13045,40787.62778,1,305.28,2,0,2,202
13046,40856.35833,2,629.31,4,2,3,423
13047,40855.50694,17,3094.1,3,5,5,355
13048,40872.55764,5,1819.41,4,4,4,444
13049,40822.64653,2,656.68,3,2,3,323
13050,40877.72778,28,5689.61,5,5,5,555
13052,40674.59167,1,348.15,1,0,2,102
13055,40822.78958,4,1201.96,3,3,4,334
13058,40862.52986,3,271.4,4,3,2,432
13059,40637.44444,1,183.4,1,0,1,101
13060,40633.48403,1,307.53,1,0,2,102
13061,40814.66944,1,248.61,2,0,2,202
13062,40695.63333,1,346.98,1,0,2,102
13064,40874.52153,4,1105.59,4,3,4,434
13065,40513.70278,1,205.86,1,0,1,101
13066,40862.56875,3,430.9,4,3,2,432
13067,40804.56806,1,115.46,2,0,1,201
13068,40876.625,2,344,5,2,2,522
13069,40886.36042,26,3922.14,5,5,5,555
13070,40694.57292,1,228.8,1,0,1,101
13072,40620.34167,1,177.15,1,0,1,101
13075,40757.42986,1,919.61,2,0,4,204
13077,40885.80833,4,728.02,5,3,3,533
13078,40885.78333,43,12432.28,5,5,5,555
13079,40882.70347,5,220.1,5,4,1,541
13080,40707.62431,1,58.08,1,0,1,101
13081,40885.55069,21,27989.56,5,5,5,555
13082,40760.67778,10,3595.48,2,5,5,255
13083,40882.62569,2,303.75,5,2,2,522
13085,40729.50764,3,302.38,2,3,2,232
13089,40884.37639,114,57356.13,5,5,5,555
13090,40878.52708,18,8706.39,5,5,5,555
13091,40865.7,2,335.42,4,2,2,422
13092,40816.47083,6,477.83,3,4,3,343
13093,40619.71944,12,7758.47,1,5,5,155
13094,40865.58819,16,1708.86,4,5,4,454
13095,40816.50208,1,74.4,3,0,1,301
13097,40854.44653,14,5886.12,3,5,5,355
13098,40885.59306,41,28663.88,5,5,5,555
13099,40787.73611,1,207.36,2,0,1,201
13101,40652.60903,1,101.19,1,0,1,101
13102,40885.53611,26,6354.29,5,5,5,555
13103,40847.40139,1,243.94,3,0,2,302
13104,40883.54861,6,1098.48,5,4,4,544
13106,40758.49306,2,76.5,2,2,1,221
13107,40842.61944,5,1524.07,3,4,4,344
13108,40514.44097,1,350.06,1,0,2,102
13109,40884.52639,5,766.84,5,4,3,543
13110,40855.60417,8,1452.87,4,5,4,454
13113,40886.53403,39,11190,5,5,5,555
13115,40878.40208,14,2210.63,5,5,5,555
13116,40769.60833,2,485.19,2,2,3,223
13117,40865.50139,8,984.91,4,5,4,454
13118,40867.53194,6,1125,4,4,4,444
13120,40648.42986,1,30.6,1,0,1,101
13121,40617.70208,2,254.73,1,2,2,122
13122,40792.66181,2,922.39,2,2,4,224
13124,40797.53125,3,3808.68,2,3,5,235
13126,40882.41667,10,2079.99,5,5,5,555
13127,40809.43472,1,259.17,2,0,2,202
13130,40792.64583,1,64,2,0,1,201
13131,40863.55625,4,1039.3,4,3,4,434
13132,40625.53056,1,77.3,1,0,1,101
13133,40613.43819,2,109.8,1,2,1,121
13134,40814.39028,7,1740.63,2,4,4,244
13135,40690.45278,1,3096,1,0,5,105
13136,40836.80069,11,2545.38,3,5,5,355
13137,40876.50625,9,3573.35,5,5,5,555
13138,40864.70208,6,962.39,4,4,4,444
13139,40870.57917,8,5060.79,4,5,5,455
13140,40778.64792,3,422.47,2,3,2,232
13141,40802.4125,6,2385.8,2,4,5,245
13142,40867.67153,1,307.09,4,0,2,402
13144,40554.46875,1,110.95,1,0,1,101
13145,40847.53125,5,614.77,3,4,3,343
13146,40860.64514,1,273.91,4,0,2,402
13147,40876.58264,4,712.8,5,3,3,533
13148,40857.64097,17,3344.62,4,5,5,455
13149,40872.54792,4,1676.06,4,3,4,434
13151,40683.53819,2,1250.37,1,2,4,124
13153,40881.50972,1,486.22,5,0,3,503
13154,40742.63958,1,-611.86,2,0,1,201
13155,40853.65347,4,971.76,3,3,4,334
13157,40837.57639,5,1739.57,3,4,4,344
13158,40792.49861,4,1201.06,2,3,4,234
13159,40878.47222,5,1379.75,5,4,4,544
13160,40864.54653,1,91.8,4,0,1,401
13161,40573.58542,1,112.75,1,0,1,101
13162,40764.66597,5,1644.99,2,4,4,244
13165,40840.62847,2,1021.48,3,2,4,324
13166,40604.60278,2,414.7,1,2,2,122
13167,40868.51667,4,791.33,4,3,3,433
13168,40850.53889,5,1290.54,3,4,4,344
13169,40823.50764,2,712.88,3,2,3,323
13170,40860.51319,1,122.85,4,0,1,401
13171,40878.62917,5,426.81,5,4,2,542
13173,40882.66042,2,353.65,5,2,2,522
13174,40870.60764,3,2743.47,4,3,5,435
13176,40840.65486,1,481.49,3,0,3,303
13177,40822.41389,1,282.45,3,0,2,302
13178,40860.67639,11,5725.47,4,5,5,455
13182,40841.57361,1,121.18,3,0,1,301
13183,40879.4375,9,3957.78,5,5,5,555
13184,40872.50139,12,1646.45,4,5,4,454
13185,40619.49722,1,71.4,1,0,1,101
13186,40847.48611,5,1539.69,3,4,4,344
13187,40549.78958,1,236.02,1,0,1,101
13188,40875.64444,1,114.6,5,0,1,501
13189,40868.44375,2,274.36,4,2,2,422
13192,40791.59236,2,911.94,2,2,3,223
13193,40825.60417,1,117.88,3,0,1,301
13194,40751.37569,1,60.7,2,0,1,201
13196,40875.57917,4,1802.82,5,3,4,534
13198,40876.63681,8,3384.09,5,5,5,555
13199,40883.52083,37,9803.96,5,5,5,555
13200,40867.64931,4,870.09,4,3,3,433
13203,40877.44792,4,874.02,5,3,3,533
13207,40871.61944,2,250.26,4,2,2,422
13208,40828.4125,6,1217.65,3,4,4,344
13209,40856.57917,11,5820.16,4,5,5,455
13210,40793.34583,1,353.48,2,0,2,202
13211,40876.61319,3,1197.42,5,3,4,534
13212,40877.63333,4,779.33,5,3,3,533
13213,40830.4875,6,1518.43,3,4,4,344
13216,40619.5125,1,333.74,1,0,2,102
13217,40764.64722,5,133.62,2,4,1,241
13218,40759.70764,1,62.64,2,0,1,201
13220,40808.56806,4,819.29,2,3,3,233
13221,40646.70694,2,847.41,1,2,3,123
13223,40686.54375,2,163.2,1,2,1,121
13224,40826.625,3,2150.85,3,3,5,335
13225,40883.56181,8,6651.84,5,5,5,555
13226,40613.60764,1,108.21,1,0,1,101
13227,40685.49097,1,257.7,1,0,2,102
13228,40805.60278,1,358,2,0,2,202
13229,40661.50486,1,160.95,1,0,1,101
13230,40882.66875,17,2712.07,5,5,5,555
13232,40874.44375,7,1340.6,4,4,4,444
13233,40812.55903,2,605.12,2,2,3,223
13235,40675.40833,2,101.17,1,2,1,121
13236,40862.53472,3,727.27,4,3,3,433
13238,40875.64583,5,680.83,5,4,3,543
13239,40625.43403,1,329.56,1,0,2,102
13240,40790.58889,4,663.65,2,3,3,233
13242,40774.53681,3,270.4,2,3,2,232
13243,40683.55139,1,585.12,1,0,3,103
13244,40794.49028,1,121.74,2,0,1,201
13245,40836.48611,1,430.5,3,0,2,302
13246,40868.70139,7,1954.32,4,4,4,444
13247,40869.45764,4,501.12,4,3,3,433
13248,40762.52778,2,465.68,2,2,2,222
13249,40794.55972,3,711.41,2,3,3,233
13253,40730.42292,2,1030.4,2,2,4,224
13255,40883.45556,3,390.66,5,3,2,532
13256,40872.66458,1,0,4,0,1,401
13258,40875.39653,3,672.83,4,3,3,433
13259,40825.45,1,292.32,3,0,2,302
13260,40825.55625,1,557.62,3,0,3,303
13261,40618.51528,2,944.1,1,2,4,124
13262,40623.62917,1,200.29,1,0,1,101
13263,40885.58264,35,7441.12,5,5,5,555
13265,40833.62639,5,2092.66,3,4,5,345
13266,40875.61042,19,3772.67,5,5,5,555
13267,40884.46667,26,4421.44,5,5,5,555
13268,40869.49375,15,3127.7,4,5,5,455
13269,40885.62014,17,5312.97,5,5,5,555
13270,40520.62014,1,590,1,0,3,103
13271,40849.61319,2,172.37,3,2,1,321
13272,40855.58333,2,276.56,4,2,2,422
13273,40773.58472,1,138.98,2,0,1,201
13276,40823.53056,2,590.93,3,2,3,323
13277,40871.38958,4,258.4,4,3,2,432
13278,40846.49236,1,542.73,3,0,3,303
13279,40822.78542,2,126.3,3,2,1,321
13280,40764.55139,3,798.46,2,3,3,233
13282,40868.64792,6,1047.84,4,4,4,444
13283,40827.40972,2,93.66,3,2,1,321
13284,40564.43403,2,196.15,1,2,1,121
13285,40863.55486,4,2709.12,4,3,5,435
13291,40731.44167,1,361.11,2,0,2,202
13292,40848.41944,2,578.94,3,2,3,323
13294,40697.37083,2,873.74,1,2,3,123
13295,40527.47292,2,197.95,1,2,1,121
13296,40749.57361,1,87.4,2,0,1,201
13297,40879.39722,4,2089.85,5,3,5,535
13298,40885.54931,1,360,5,0,2,502
13299,40618.53819,1,142.5,1,0,1,101
13300,40722.49931,2,365.29,2,2,2,222
13301,40783.47569,4,618.09,2,3,3,233
13302,40731.74722,1,63.75,2,0,1,201
13304,40535.60764,1,300.42,1,0,2,102
13305,40882.63542,10,2000.86,5,5,4,554
13307,40766.71806,1,15,2,0,1,201
13308,40864.39653,4,1367.61,4,3,4,434
13309,40879.69028,5,1456.79,5,4,4,544
13310,40878.34931,6,1083.63,5,4,4,544
13311,40882.53819,2,598.57,5,2,3,523
13313,40864.7,5,1555.32,4,4,4,444
13314,40885.52014,4,578.66,5,3,3,533
13316,40849.56944,5,5570.69,3,4,5,345
13317,40822.80625,8,2145.07,3,5,5,355
13318,40885.78542,3,640.76,5,3,3,533
13319,40881.56528,35,10681.34,5,5,5,555
13320,40816.53611,6,1506.7,3,4,4,344
13321,40814.64167,2,567.36,2,2,3,223
13322,40869.59792,1,199.48,4,0,1,401
13323,40883.71667,5,787.85,5,4,3,543
13324,40854.66042,12,7072.8,3,5,5,355
13325,40805.44167,1,675.3,2,0,3,203
13327,40848.43125,9,3617.57,3,5,5,355
13328,40570.64028,1,1308.48,1,0,4,104
13329,40855.43681,4,740.4,3,3,3,333
13330,40794.51875,3,1140.93,2,3,4,234
13332,40872.5625,1,350.9,4,0,2,402
13334,40804.63958,3,3513.57,2,3,5,235
13336,40809.58681,1,795.12,2,0,3,203
13338,40732.62014,3,446.82,2,3,2,232
13339,40686.35486,1,860.12,1,0,3,103
13340,40841.55208,7,10736.48,3,4,5,345
13341,40626.40972,1,775.85,1,0,3,103
13343,40714.48403,2,303.93,2,2,2,222
13344,40819.40625,3,2543.72,3,3,5,335
13345,40610.35694,2,377.6,1,2,2,122
13347,40816.56111,1,341.36,3,0,2,302
13348,40822.72778,1,233.76,3,0,1,301
13349,40876.33819,1,247.32,5,0,2,502
13350,40870.68958,3,910.72,4,3,3,433
13351,40820.53819,1,373.94,3,0,2,302
13352,40879.49861,2,389.28,5,2,2,522
13354,40815.55347,1,743.53,2,0,3,203
13355,40764.61667,1,674.7,2,0,3,203
13356,40806.60625,1,768.24,2,0,3,203
13357,40629.58056,1,609.4,1,0,3,103
13358,40618.49444,1,439.03,1,0,2,102
13359,40827.7,2,431.26,3,2,2,322
13362,40883.58125,5,3085.49,5,4,5,545
13363,40869.52778,2,992.5,4,2,4,424
13364,40820.40833,2,45,3,2,1,321
13365,40878.36042,3,2191.22,5,3,5,535
13366,40836.56736,1,56.16,3,0,1,301
13368,40630.41597,2,623.4,1,2,3,123
13369,40532.58472,2,283.75,1,2,2,122
13370,40520.66458,2,738.32,1,2,3,123
13372,40797.53194,1,378.64,2,0,2,202
13373,40826.45208,3,3312.25,3,3,5,335
13375,40805.66736,2,772.9,2,2,3,223
13376,40787.67778,3,1019.76,2,3,4,234
13379,40860.57292,3,572.56,4,3,3,433
13381,40865.70764,7,3642.41,4,4,5,445
13382,40606.41875,1,222.99,1,0,1,101
13384,40856.46111,9,4122.28,4,5,5,455
13385,40557.41111,1,534.57,1,0,3,103
13388,40765.56597,2,627.15,2,2,3,223
13389,40875.58403,3,797.96,5,3,3,533
13390,40812.35972,1,544.08,2,0,3,203
13391,40683.45139,1,59.8,1,0,1,101
13394,40885.48333,10,2327.8,5,5,5,555
13395,40701.62778,1,307.72,1,0,2,102
13396,40865.40417,4,1359.97,4,3,4,434
13397,40814.45556,6,1539.18,2,4,4,244
13398,40694.55347,1,457.34,1,0,2,102
13402,40759.66042,2,621.23,2,2,3,223
13403,40869.35278,1,75,4,0,1,401
13404,40885.65069,2,252.49,5,2,2,522
13405,40812.70903,3,572.45,2,3,3,233
13408,40885.37847,77,27562.41,5,5,5,555
13410,40878.37361,7,988.91,5,4,4,544
13411,40779.58125,1,213.55,2,0,1,201
13414,40753.48958,3,1390.5,2,3,4,234
13416,40843.37222,2,712.5,3,2,3,323
13417,40882.36736,2,640.83,5,2,3,523
13418,40875.43264,23,5890.44,4,5,5,455
13419,40823.53403,1,221.06,3,0,1,301
13420,40752.50694,4,140.35,2,3,1,231
13421,40846.59792,3,1831.61,3,3,4,334
13422,40835.57292,2,2601.55,3,2,5,325
13425,40778.71736,3,1624.21,2,3,4,234
13426,40886.37431,12,3633.7,5,5,5,555
13427,40867.54306,3,582.6,4,3,3,433
13428,40876.59722,1,205.98,5,0,1,501
13429,40876.38194,4,1006.8,5,3,4,534
13430,40868.34653,4,648.69,4,3,3,433
13431,40819.57569,2,1269.1,3,2,4,324
13434,40812.60417,2,534.24,2,2,3,223
13435,40881.62431,9,3794.49,5,5,5,555
13436,40885.43958,1,196.89,5,0,1,501
13437,40872.58333,7,3408.06,4,4,5,445
13439,40631.59722,1,283.71,1,0,2,102
13441,40795.40139,1,296.64,2,0,2,202
13447,40863.56806,4,1104.23,4,3,4,434
13448,40870.52292,10,3465.67,4,5,5,455
13449,40863.35278,1,291.88,4,0,2,402
13450,40860.49583,6,2043.72,4,4,5,445
13451,40860.66528,6,2847.01,4,4,5,445
13452,40627.59653,2,590,1,2,3,123
13453,40721.39861,2,356.98,2,2,2,222
13455,40862.47292,4,1007.35,4,3,4,434
13456,40869.3875,7,1737.82,4,4,4,444
13458,40879.64514,22,9537.92,5,5,5,555
13460,40857.72014,2,183.44,4,2,1,421
13461,40848.37569,3,1445,3,3,4,334
13462,40703.82847,2,143.25,1,2,1,121
13464,40828.62569,1,674.68,3,0,3,303
13466,40786.64514,2,297.95,2,2,2,222
13467,40876.41736,2,1071.91,5,2,4,524
13468,40885.44375,41,5656.75,5,5,5,555
13470,40787.62292,2,165,2,2,1,221
13471,40885.65556,4,2508.13,5,3,5,535
13473,40826.47222,3,417.54,3,3,2,332
13474,40650.57847,1,226.84,1,0,1,101
13475,40695.57778,4,1431.78,1,3,4,134
13476,40708.5,4,1217.77,1,3,4,134
13477,40849.50278,8,1441.53,3,5,4,354
13479,40688.70069,3,291,1,3,2,132
13481,40841.37986,8,1791.81,3,5,4,354
13482,40654.71042,1,184.64,1,0,1,101
13483,40821.49514,1,140.34,3,0,1,301
13484,40645.6875,1,313.8,1,0,2,102
13485,40653.58194,1,454.24,1,0,2,102
13486,40808.55069,3,1122.41,2,3,4,234
13487,40829.50486,3,575.4,3,3,3,333
13488,40869.61181,17,8910.61,4,5,5,455
13489,40781.55278,4,449.52,2,3,2,232
13491,40835.35556,10,1215.82,3,5,4,354
13492,40750.60069,3,1269.84,2,3,4,234
13493,40611.64931,2,618.63,1,2,3,123
13494,40575.49861,1,316.26,1,0,2,102
13495,40879.47292,6,1990.12,5,4,4,544
13496,40876.45694,3,617.93,5,3,3,533
13497,40604.37778,3,348.05,1,3,2,132
13499,40869.47292,7,1151.96,4,4,4,444
13500,40863.64931,4,1166.77,4,3,4,434
13501,40644.39931,2,1310.47,1,2,4,124
13502,40870.44375,3,292,4,3,2,432
13503,40815.55764,1,216.85,2,0,1,201
13504,40822.55556,1,295.93,3,0,2,302
13505,40819.50972,8,4282.88,3,5,5,355
13506,40574.64375,3,452.82,1,3,2,132
13507,40883.55069,4,2479.16,5,3,5,535
13508,40643.49861,1,110.97,1,0,1,101
13509,40878.42361,7,979.72,5,4,4,544
13510,40885.57361,5,1795.24,5,4,4,544
13512,40626.41875,1,251.21,1,0,2,102
13513,40760.49306,1,205.1,2,0,1,201
13514,40813.40208,1,152.2,2,0,1,201
13515,40814.47639,4,891.12,2,3,3,233
13516,40865.55208,3,1389.41,4,3,4,434
13517,40827.48819,5,2109.07,3,4,5,345
13518,40801.43681,1,659.44,2,0,3,203
13519,40836.66389,2,110.8,3,2,1,321
13520,40828.43056,8,3607.75,3,5,5,355
13521,40885.57639,3,1074.42,5,3,4,534
13522,40856.63264,1,125.8,4,0,1,401
13523,40853.63264,6,3920.38,3,4,5,345
13524,40846.52361,5,680.18,3,4,3,343
13525,40872.50069,2,628.78,4,2,3,423
13527,40853.50278,8,2228.06,3,5,5,355
13529,40808.38542,2,307.76,2,2,2,222
13531,40681.70556,2,483.8,1,2,3,123
13532,40853.51736,1,213.26,3,0,1,301
13533,40704.49583,3,269.09,1,3,2,132
13534,40884.61944,40,5613.08,5,5,5,555
13536,40885.69306,7,3444.39,5,4,5,545
13538,40843.69028,7,1280.85,3,4,4,344
13539,40801.42917,4,605.84,2,3,3,233
13544,40847.49792,2,276.06,3,2,2,322
13546,40874.61806,3,621.09,4,3,3,433
13548,40790.61806,2,682.41,2,2,3,223
13549,40861.38889,8,916.12,4,5,4,454
13551,40567.61528,1,91.8,1,0,1,101
13552,40820.63819,16,3564.53,3,5,5,355
13555,40813.525,4,4149.28,2,3,5,235
13557,40858.64167,2,584.06,4,2,3,423
13558,40881.475,4,605.06,5,3,3,533
13560,40879.54931,1,171.42,5,0,1,501
13561,40671.52708,1,141.86,1,0,1,101
13562,40805.45208,3,1799.33,2,3,4,234
13563,40802.61458,2,777.53,2,2,3,223
13564,40742.60764,5,623.39,2,4,3,243
13565,40867.60625,2,240.22,4,2,2,422
13566,40846.49931,2,874.71,3,2,3,323
13568,40713.6125,1,187.05,2,0,1,201
13569,40869.54653,2,343.66,4,2,2,422
13570,40643.56667,1,239.49,1,0,2,102
13571,40874.44931,12,2088.94,4,5,5,455
13572,40681.49931,1,1384.25,1,0,4,104
13573,40836.60625,2,290.25,3,2,2,322
13575,40863.55139,5,732.07,4,4,3,443
13576,40876.64861,20,6703.3,5,5,5,555
13577,40861.63819,5,1658.3,4,4,4,444
13579,40872.36181,2,467.04,4,2,2,422
13581,40577.61181,1,118,1,0,1,101
13583,40731.44444,1,781.03,2,0,3,203
13584,40580.53403,1,142.4,1,0,1,101
13587,40855.47014,3,413,3,3,2,332
13588,40871.44583,13,2454.48,4,5,5,455
13589,40872.50694,2,379.65,4,2,2,422
13590,40875.5375,7,1976.12,4,4,4,444
13591,40822.51806,3,1117.13,3,3,4,334
13592,40851.40903,4,247.96,3,3,2,332
13593,40778.56597,5,1965.08,2,4,4,244
13594,40834.42986,1,396.97,3,0,2,302
13596,40881.50069,2,664.11,5,2,3,523
13598,40839.60764,2,147.29,3,2,1,321
13599,40885.80972,31,5078.57,5,5,5,555
13600,40574.64375,1,219.52,1,0,1,101
13601,40841.72986,2,698,3,2,3,323
13602,40822.49097,1,428.89,3,0,2,302
13603,40860.66458,1,164.34,4,0,1,401
13606,40857.74028,3,276.75,4,3,2,432
13607,40846.67847,1,683.01,3,0,3,303
13610,40874.65139,9,1100.48,4,5,4,454
13611,40797.61875,4,1158.2,2,3,4,234
13614,40862.61597,4,1585.46,4,3,4,434
13615,40574.47847,2,399.99,1,2,2,122
13617,40846.57639,3,544.18,3,3,3,333
13618,40713.46458,1,177.34,2,0,1,201
13621,40770.35139,1,213.85,2,0,1,201
13623,40856.5,7,652.4,4,4,3,443
13626,40634.42014,1,257.23,1,0,2,102
13627,40827.59722,7,1624.02,3,4,4,344
13629,40863.55625,11,7792.36,4,5,5,455
13630,40881.63611,11,1995.68,5,5,4,554
13631,40787.41458,12,3021.77,2,5,5,255
13632,40862.45208,6,2114.68,4,4,5,445
13634,40853.56944,5,1547.36,3,4,4,344
13635,40819.45486,1,1071.03,3,0,4,304
13636,40850.4375,6,941.62,3,4,4,344
13637,40834.56389,3,804.3,3,3,3,333
13638,40871.44306,1,122.64,4,0,1,401
13639,40812.56667,1,1033.34,2,0,4,204
13642,40671.52361,1,312.28,1,0,2,102
13643,40855.65069,3,519.44,4,3,3,433
13644,40878.34583,5,2622.52,5,4,5,545
13645,40766.67431,1,252.1,2,0,2,202
13647,40877.5,5,1640.22,5,4,4,544
13649,40630.49375,2,346.6,1,2,2,122
13650,40870.51528,6,1809.34,4,4,4,444
13651,40851.62431,2,94.2,3,2,1,321
13652,40841.36875,3,1095.08,3,3,4,334
13654,40843.68333,6,2726.05,3,4,5,345
13655,40772.60069,2,932.97,2,2,4,224
13656,40722.43819,2,379.65,2,2,2,222
13657,40876.52222,2,382.14,5,2,2,522
13658,40877.42569,7,2588.47,5,4,5,545
13659,40689.83056,3,1540.65,1,3,4,134
13662,40801.50278,7,862.58,2,4,3,243
13663,40707.65556,1,189.47,1,0,1,101
13666,40826.65208,3,84.65,3,3,1,331
13667,40737.65417,1,299.05,2,0,2,202
13668,40884.50972,29,6162.31,5,5,5,555
13669,40836.39722,2,218.55,3,2,1,321
13670,40811.64236,1,349.7,2,0,2,202
13672,40585.57986,6,9.54,1,4,1,141
13673,40868.50764,2,387.44,4,2,2,422
13675,40735.53958,2,486.82,2,2,3,223
13678,40735.42639,1,232.6,2,0,1,201
13680,40885.57431,5,3100.01,5,4,5,545
13681,40869.46736,4,827.83,4,3,3,433
13682,40699.5875,1,59.5,1,0,1,101
13684,40601.43403,2,65.13,1,2,1,121
13685,40884.48681,7,3119.44,5,4,5,545
13686,40704.38194,1,72,1,0,1,101
13689,40823.55625,1,910,3,0,3,303
13690,40827.62708,1,172.25,3,0,1,301
13692,40862.47014,5,1466.87,4,4,4,444
13693,40561.64097,2,-32,1,2,1,121
13694,40883.39722,60,64404.1,5,5,5,555
13695,40855.60139,15,2504.13,4,5,5,455
13697,40848.38472,1,151.3,3,0,1,301
13699,40731.70208,1,308.58,2,0,2,202
13700,40860.54167,10,2248.63,4,5,5,455
13703,40568.54861,1,99.5,1,0,1,101
13704,40881.63403,10,2295.31,5,5,5,555
13705,40879.52222,3,711.86,5,3,3,533
13706,40584.38958,1,330.79,1,0,2,102
13707,40619.75208,2,806.41,1,2,3,123
13708,40615.57361,1,285.33,1,0,2,102
13709,40883.43611,17,6250.75,5,5,5,555
13710,40855.34444,1,180.48,3,0,1,301
13711,40668.43819,2,252.06,1,2,2,122
13712,40640.52292,1,228.84,1,0,1,101
13715,40605.80625,7,1056.99,1,4,4,144
13716,40617.57569,1,138.28,1,0,1,101
13717,40854.59236,7,1432.26,3,4,4,344
13718,40640.55833,2,306.55,1,2,2,122
13719,40871.64306,5,1041.68,4,4,4,444
13720,40770.53194,4,799.9,2,3,3,233
13721,40850.58681,1,524.14,3,0,3,303
13722,40766.64306,4,2369.16,2,3,5,235
13723,40669.71111,1,199.85,1,0,1,101
13725,40837.41875,11,1843.81,3,5,4,354
13726,40848.45069,2,1079.66,3,2,4,324
13727,40858.40694,2,333.48,4,2,2,422
13728,40850.45069,6,1016.14,3,4,4,344
13730,40751.35764,2,752.6,2,2,3,223
13731,40667.60625,2,610.59,1,2,3,123
13732,40858.65903,1,491.86,4,0,3,403
13735,40862.46806,8,2775.93,4,5,5,455
13736,40881.63819,3,730.8,5,3,3,533
13737,40686.68889,1,339.6,1,0,2,102
13739,40868.56597,1,216.9,4,0,1,401
13740,40646.43889,1,350.75,1,0,2,102
13741,40815.38819,4,666.33,2,3,3,233
13742,40870.46319,14,3079.27,4,5,5,455
13743,40884.42292,8,1340.15,5,5,4,554
13744,40791.63819,2,1080.52,2,2,4,224
13745,40735.59792,2,291.54,2,2,2,222
13747,40513.44236,1,79.6,0,0,1,001
13748,40791.40625,4,948.25,2,3,4,234
13750,40833.51111,5,1647.26,3,4,4,344
13751,40598.66389,1,296.25,1,0,2,102
13752,40762.59444,6,1175.38,2,4,4,244
13753,40599.53333,1,741.26,1,0,3,103
13754,40735.49375,2,282.6,2,2,2,222
13755,40883.51806,10,2134.62,5,5,5,555
13756,40884.69722,15,5145.12,5,5,5,555
13758,40875.46597,7,3190.55,4,4,5,445
13759,40853.61597,2,659.41,3,2,3,323
13760,40832.67569,2,286.79,3,2,2,322
13761,40836.58403,2,1070.65,3,2,4,324
13762,40682.64097,2,120,1,2,1,121
13763,40823.63403,3,1706.46,3,3,4,334
13764,40816.50208,3,1519.42,3,3,4,334
13767,40884.625,51,16945.71,5,5,5,555
13769,40884.63056,16,2771.87,5,5,5,555
13771,40822.59583,5,2631.7,3,4,5,345
13772,40853.48819,3,1125.88,3,3,4,334
13774,40805.50417,1,345,2,0,2,202
13777,40886.51736,40,25810.35,5,5,5,555
13778,40783.64236,1,178.7,2,0,1,201
13780,40879.57569,2,360.01,5,2,2,522
13781,40636.50556,1,127.84,1,0,1,101
13782,40874.49583,6,908.86,4,4,3,443
13784,40877.39792,11,2462.79,5,5,5,555
13786,40519.57847,1,230.4,1,0,1,101
13787,40811.50417,2,309.04,2,2,2,222
13790,40882.65833,1,348.8,5,0,2,502
13791,40843.60972,3,1047.68,3,3,4,334
13792,40820.60486,2,195.55,3,2,1,321
13798,40885.66042,63,36485.42,5,5,5,555
13799,40770.50486,2,688.86,2,2,3,223
13800,40577.51875,1,558.32,1,0,3,103
13801,40820.42708,1,324.8,3,0,2,302
13802,40748.55972,6,4431.27,2,4,5,245
13803,40631.53958,1,277.07,1,0,2,102
13804,40856.52222,7,2635.79,4,4,5,445
13805,40834.61806,2,924.6,3,2,4,324
13806,40823.48819,1,256.38,3,0,2,302
13807,40519.65833,1,112.6,1,0,1,101
13808,40881.5125,5,1747.66,5,4,4,544
13809,40581.55208,1,155.05,1,0,1,101
13810,40858.35625,4,904.55,4,3,3,433
13811,40703.4125,4,591.75,1,3,3,133
13812,40844.60208,3,539,3,3,3,333
13813,40847.44306,5,1353.41,3,4,4,344
13814,40830.70625,3,1579.12,3,3,4,334
13815,40864.59653,5,4014.91,4,4,5,445
13816,40863.35972,4,555.04,4,3,3,433
13817,40857.74236,2,382.98,4,2,2,422
13819,40585.44306,3,1140.35,1,3,4,134
13821,40742.40903,2,385.64,2,2,2,222
13822,40881.50903,2,632,5,2,3,523
13823,40868.43194,2,957.66,4,2,4,424
13824,40854.52847,5,1698.94,3,4,4,344
13826,40728.68542,2,174.65,2,2,1,221
13827,40829.52639,3,412.05,3,3,2,332
13828,40864.66806,1,209.49,4,0,1,401
13829,40527.69167,1,,1,0,1,101
13831,40870.65347,6,2198.45,4,4,5,445
13832,40869.52153,2,40.95,4,2,1,421
13833,40727.56042,1,383.85,2,0,2,202
13835,40861.65069,4,834.57,4,3,3,433
13837,40675.50694,2,266.59,1,2,2,122
13838,40881.45833,4,674.82,5,3,3,533
13841,40634.50694,1,85,1,0,1,101
13842,40828.45208,9,3385.62,3,5,5,355
13844,40875.55625,1,361.62,5,0,2,502
13845,40822.35069,1,312.98,3,0,2,302
13846,40862.50486,4,847.61,4,3,3,433
13848,40794.54028,3,1255,2,3,4,234
13849,40835.45764,2,1537.95,3,2,4,324
13850,40798.75,2,1586.81,2,2,4,224
13851,40791.525,3,2651.46,2,3,5,235
13853,40878.34167,2,1056.94,5,2,4,524
13854,40878.37917,29,8059.02,5,5,5,555
13856,40718.41875,5,363.4,2,4,2,242
13858,40829.67847,1,216.17,3,0,1,301
13859,40560.67639,1,201.16,1,0,1,101
13860,40885.53958,5,1240,5,4,4,544
13862,40868.68333,10,2187.31,4,5,5,455
13863,40641.71042,2,299.56,1,2,2,122
13865,40828.56319,4,501.56,3,3,3,333
13866,40812.62083,1,145.67,2,0,1,201
13867,40855.65833,3,1015.29,4,3,4,434
13868,40879.68889,2,3192.54,5,2,5,525
13869,40763.57847,4,3088.2,2,3,5,235
13870,40884.55764,10,2751.25,5,5,5,555
13871,40864.45069,13,6389.8,4,5,5,455
13873,40767.42222,4,381.7,2,3,2,232
13874,40528.76389,1,540.45,1,0,3,103
13875,40833.4,5,1786.79,3,4,4,344
13876,40823.43194,1,122.7,3,0,1,301
13877,40800.65903,1,117.24,2,0,1,201
13878,40832.51319,1,1281.53,3,0,4,304
13880,40865.57222,13,3219.77,4,5,5,455
13881,40883.53472,22,17159.52,5,5,5,555
13882,40884.46944,6,1131.28,5,4,4,544
13883,40885.80556,9,2548.8,5,5,5,555
13884,40879.6875,6,781.3,5,4,3,543
13885,40697.62986,2,506.8,1,2,3,123
13886,40815.55347,1,243.56,2,0,2,202
13887,40682.72361,1,349.55,1,0,2,102
13888,40767.42569,2,595.67,2,2,3,223
13889,40794.38403,1,416.9,2,0,2,202
13890,40885.65,14,1860.86,5,5,4,554
13892,40860.49306,4,632.97,4,3,3,433
13893,40589.47917,1,821.1,1,0,3,103
13894,40864.56597,5,535.97,4,4,3,443
13895,40865.71875,5,2588.12,4,4,5,445
13897,40836.60417,1,328.5,3,0,2,302
13898,40561.43611,1,155.93,1,0,1,101
13899,40870.56944,2,388.52,4,2,2,422
13900,40703.80972,3,740.95,1,3,3,133
13901,40814.61667,5,2867.2,2,4,5,245
13904,40849.57014,2,332.64,3,2,2,322
13908,40807.49236,5,2347.05,2,4,5,245
13911,40829.65486,9,2580.91,3,5,5,355
13914,40883.45417,3,613.95,5,3,3,533
13917,40837.41389,2,272.04,3,2,2,322
13918,40837.51736,2,1212.84,3,2,4,324
13919,40833.64167,3,350.16,3,3,2,332
13922,40535.44306,1,172.25,1,0,1,101
13923,40833.52292,1,351.13,3,0,2,302
13924,40885.40208,11,1709.08,5,5,4,554
13925,40850.54167,5,616.65,3,4,3,343
13926,40863.55278,1,223.85,4,0,1,401
13927,40812.5,1,348.99,2,0,2,202
13928,40876.43958,4,464.57,5,3,2,532
13929,40717.64306,3,802.85,2,3,3,233
13930,40829.40625,2,337.34,3,2,2,322
13931,40801.41875,3,1230.93,2,3,4,234
13932,40592.50139,1,307.4,1,0,2,102
13933,40777.58542,2,608.79,2,2,3,223
13934,40623.36042,1,922.1,1,0,4,104
13936,40715.73889,2,361.28,2,2,2,222
13937,40717.69097,1,158.85,2,0,1,201
13938,40851.60903,1,71.66,3,0,1,301
13939,40863.56458,4,556.75,4,3,3,433
13940,40869.63542,4,839.14,4,3,3,433
13941,40865.40486,7,4930.11,4,4,5,445
13946,40807.56458,3,561.57,2,3,3,233
13947,40821.6125,1,90.6,3,0,1,301
13948,40526.42917,1,102,1,0,1,101
13949,40884.39931,6,2447.12,5,4,5,545
13950,40875.61389,5,728.56,5,4,3,543
13951,40710.69653,3,674.45,2,3,3,233
13952,40675.81042,3,3246.09,1,3,5,135
13953,40879.66944,7,3515.68,5,4,5,545
13954,40885.53472,3,378.59,5,3,2,532
13955,40732.72153,2,322.96,2,2,2,222
13956,40881.55556,5,1019.27,5,4,4,544
13958,40514.71042,1,-102.45,1,0,1,101
13959,40807.62917,3,598.2,2,3,3,233
13960,40865.64375,2,230.22,4,2,1,421
13962,40865.36597,2,169.55,4,2,1,421
13963,40578.61319,4,664.54,1,3,3,133
13967,40741.50139,1,80.7,2,0,1,201
13969,40879.63264,20,8982.61,5,5,5,555
13971,40878.35208,11,2702.22,5,5,5,555
13972,40816.49583,2,190.25,3,2,1,321
13973,40599.63958,1,264.7,1,0,2,102
13974,40837.61181,1,413.59,3,0,2,302
13975,40855.55486,7,2438.19,4,4,5,445
13976,40680.38403,1,357.98,1,0,2,102
13978,40872.48333,2,196.79,4,2,1,421
13979,40813.56389,1,869.87,2,0,3,203
13980,40826.56528,1,200.14,3,0,1,301
13982,40847.68333,5,1861.11,3,4,4,344
13983,40857.4625,13,2590.46,4,5,5,455
13984,40860.52639,6,488.03,4,4,3,443
13985,40882.7125,16,7024.53,5,5,5,555
13986,40869.625,1,320.46,4,0,2,402
13988,40867.42708,9,4098.8,4,5,5,455
13989,40821.40764,2,1266.08,3,2,4,324
13990,40673.63819,1,311.3,1,0,2,102
13991,40874.67917,7,850.63,4,4,3,443
13992,40856.64097,1,76.8,4,0,1,401
13993,40854.54167,12,3409.66,3,5,5,355
13994,40883.46181,6,2313.14,5,4,5,545
13995,40871.59861,6,1383.49,4,4,4,444
13999,40876.56944,15,3865.26,5,5,5,555
14000,40680.57222,2,633.71,1,2,3,123
14001,40841.43819,4,2030.33,3,3,5,335
14002,40752.66319,2,529.73,2,2,3,223
14004,40843.61111,7,4582.64,3,4,5,345
14005,40877.52847,5,2874.72,5,4,5,545
14006,40771.40208,3,962.19,2,3,4,234
14009,40688.65764,3,685.93,1,3,3,133
14012,40609.51806,1,328.8,1,0,2,102
14013,40776.62569,3,473.02,2,3,3,233
14014,40809.55417,1,505.18,2,0,3,203
14015,40834.41806,1,917.34,3,0,4,304
14016,40732.60208,5,4328.46,2,4,5,245
14019,40840.42569,4,1398.96,3,3,4,334
14020,40870.39028,2,642.8,4,2,3,423
14021,40731.65694,3,631.9,2,3,3,233
14022,40661.61042,1,440,1,0,2,102
14023,40879.58194,2,584.07,5,2,3,523
14024,40765.47917,2,327.7,2,2,2,222
14027,40826.37569,1,104.82,3,0,1,301
14029,40823.61528,2,467.66,3,2,2,322
14030,40868.7,8,2358.84,4,5,5,455
14031,40879.71736,23,16050.64,5,5,5,555
14032,40884.64097,18,2929.84,5,5,5,555
14034,40864.58472,4,614.09,4,3,3,433
14035,40858.41875,5,1428.02,4,4,4,444
14036,40602.39306,1,626.65,1,0,3,103
14037,40710.58125,2,147.2,2,2,1,221
14038,40808.56736,4,1554.48,2,3,4,234
14039,40853.575,1,152.2,3,0,1,301
14040,40846.52917,15,3533.34,3,5,5,355
14041,40620.55903,1,141.41,1,0,1,101
14044,40860.50347,4,647.87,4,3,3,433
14045,40777.64375,4,1659.75,2,3,4,234
14046,40602.61667,1,154.99,1,0,1,101
14047,40878.48819,7,1290.01,5,4,4,544
14048,40609.57569,2,375.13,1,2,2,122
14049,40870.51389,6,5541.84,4,4,5,445
14050,40855.41667,2,746.36,3,2,3,323
14051,40886.43056,26,15579.34,5,5,5,555
14052,40867.52083,1,225.36,4,0,1,401
14053,40762.60208,2,260.25,2,2,2,222
14054,40821.65903,1,92.46,3,0,1,301
14055,40780.62778,1,725.64,2,0,3,203
14056,40885.56667,29,8077.06,5,5,5,555
14057,40863.43889,18,6141.1,4,5,5,455
14059,40620.42083,1,183.6,1,0,1,101
14060,40882.52014,20,6140.42,5,5,5,555
14062,40877.41944,12,10464.85,5,5,5,555
14064,40857.55139,7,1169.57,4,4,4,444
14066,40620.51458,1,152.55,1,0,1,101
14067,40823.43125,2,374.7,3,2,2,322
14068,40566.66806,1,265.85,1,0,2,102
14071,40883.51875,9,1315.1,5,5,4,554
14073,40865.67639,2,139.54,4,2,1,421
14075,40882.35972,3,942.26,5,3,4,534
14076,40757.63819,1,118.67,2,0,1,201
14077,40846.52431,5,499.42,3,4,3,343
14078,40785.51111,6,1049.37,2,4,4,244
14079,40762.50694,1,375.1,2,0,2,202
14080,40854.46458,1,45.6,3,0,1,301
14081,40619.6,4,891.77,1,3,3,133
14082,40522.45972,1,182.25,1,0,1,101
14083,40882.55139,9,1003.66,5,5,4,554
14085,40884.57361,18,4418.62,5,5,5,555
14087,40884.52847,2,178.72,5,2,1,521
14088,40876.67778,14,50588.89,5,5,5,555
14089,40830.44306,1,161,3,0,1,301
14090,40562.45208,1,76.32,1,0,1,101
14092,40879.50903,17,4063.1,5,5,5,555
14093,40874.68542,1,433.86,4,0,2,402
14096,40882.72014,18,57921.52,5,5,5,555
14098,40850.42569,1,147.35,3,0,1,301
14099,40870.57847,12,3092.97,4,5,5,455
14100,40749.45903,1,191.95,2,0,1,201
14101,40813.51944,6,5976.79,2,4,5,245
14102,40881.65139,8,1060.33,5,5,4,554
14104,40732.53472,2,216.21,2,2,1,221
14105,40801.67569,2,1260.33,2,2,4,224
14107,40835.50833,8,2688.48,3,5,5,355
14108,40856.44514,3,594.16,4,3,3,433
14109,40863.57708,2,112.2,4,2,1,421
14110,40883.51806,13,5669.65,5,5,5,555
14111,40872.57222,5,688.6,4,4,3,443
14112,40864.52083,12,2822.17,4,5,5,455
14113,40883.5125,8,1802.92,5,5,4,554
14114,40613.40417,2,386.53,1,2,2,122
14116,40867.43681,5,1382.74,4,4,4,444
14117,40743.40903,1,90,2,0,1,201
14119,40532.58194,1,-19.9,1,0,1,101
14121,40883.51319,6,2765.3,5,4,5,545
14124,40802.56389,1,419.58,2,0,2,202
14125,40876.53264,3,2725.67,5,3,5,535
14126,40879.48958,3,643.63,5,3,3,533
14127,40764.45069,3,709.71,2,3,3,233
14128,40826.5,2,637.5,3,2,3,323
14129,40885.45972,4,1123.86,5,3,4,534
14130,40567.67014,1,480.91,1,0,3,103
14132,40884.56597,12,3580.13,5,5,5,555
14133,40757.48194,5,590.34,2,4,3,243
14135,40885.48472,15,4690.31,5,5,5,555
14138,40885.53056,2,982.38,5,2,4,524
14139,40840.56528,1,415.82,3,0,2,302
14140,40883.37847,3,935.05,5,3,4,534
14141,40884.41181,6,894.03,5,4,3,543
14142,40513.68958,1,311.81,1,0,2,102
14143,40753.40833,1,115.8,2,0,1,201
14145,40840.50694,5,3742.2,3,4,5,345
14146,40878.42917,6,3256.57,5,4,5,545
14147,40837.56667,3,483.4,3,3,3,333
14148,40653.50139,1,157.2,1,0,1,101
14149,40674.52361,3,274.43,1,3,2,132
14150,40851.42014,2,658.64,3,2,3,323
14152,40811.5375,3,611.09,2,3,3,233
14154,40647.68472,2,1345.62,1,2,4,124
14155,40620.59236,1,118.75,1,0,1,101
14156,40877.45417,65,115736.59,5,5,5,555
14157,40867.48056,3,392.44,4,3,2,432
14158,40846.63056,1,507.66,3,0,3,303
14159,40867.525,14,4625.5,4,5,5,455
14161,40671.48681,3,1097.62,1,3,4,134
14162,40713.48333,2,289.36,2,2,2,222
14163,40799.6375,4,2445.91,2,3,5,235
14164,40816.51667,2,1631.77,3,2,4,324
14165,40611.52708,1,120.44,1,0,1,101
14167,40847.60347,4,562.59,3,3,3,333
14171,40788.69653,1,363.79,2,0,2,202
14173,40876.49583,4,450.84,5,3,2,532
14174,40853.55347,1,134.46,3,0,1,301
14175,40835.57083,7,3108.06,3,4,5,345
14176,40589.55,5,574,1,4,3,143
14177,40802.41111,5,544.51,2,4,3,243
14178,40878.50069,7,1600.26,5,4,4,544
14179,40846.50486,2,714.93,3,2,3,323
14180,40876.45556,31,4640.77,5,5,5,555
14184,40820.52986,1,452.89,3,0,2,302
14185,40555.57778,1,197.65,1,0,1,101
14188,40878.40694,10,2018.91,5,5,4,554
14189,40884.66319,24,4634.31,5,5,5,555
14191,40885.39097,14,4690.01,5,5,5,555
14193,40819.39861,2,853.39,3,2,3,323
14194,40882.44306,31,11233.75,5,5,5,555
14195,40685.43681,3,962.7,1,3,4,134
14196,40780.43403,1,335.52,2,0,2,202
14198,40882.69028,7,663.5,5,4,3,543
14199,40668.57222,1,185.4,1,0,1,101
14201,40826.56042,9,688.04,3,5,3,353
14204,40884.56806,1,150.61,5,0,1,501
14205,40876.49722,4,263.78,5,3,2,532
14206,40647.69306,2,308.26,1,2,2,122
14208,40792.53333,1,151.74,2,0,1,201
14209,40876.42917,7,2067.13,5,4,5,545
14210,40795.53819,7,1900.89,2,4,4,244
14211,40833.55764,13,2208.3,3,5,5,355
14212,40797.53125,1,1070.48,2,0,4,204
14213,40515.40764,1,-1192.2,1,0,0,100
14214,40856.43819,7,1000.23,4,4,4,444
14215,40875.51319,7,1777.92,4,4,4,444
14216,40883.62222,4,1839.3,5,3,4,534
14217,40885.49514,24,1948.36,5,5,4,554
14218,40844.41667,1,169.48,3,0,1,301
14219,40882.68264,1,89.94,5,0,1,501
14220,40639.55764,2,632.4,1,2,3,123
14221,40844.57083,10,3432.89,3,5,5,355
14222,40709.69583,1,683.17,2,0,3,203
14223,40794.56806,4,975.23,2,3,4,234
14224,40776.55833,4,1046.87,2,3,4,234
14226,40858.48194,7,2184.24,4,4,5,445
14227,40860.65833,13,3315.71,4,5,5,455
14229,40835.41944,6,1465.6,3,4,4,344
14231,40707.64931,5,822.06,1,4,3,143
14232,40855.51181,8,2043.93,3,5,5,355
14233,40843.39236,5,1447.51,3,4,4,344
14234,40864.74514,4,775.46,4,3,3,433
14235,40876.55972,6,3144.86,5,4,5,545
14236,40806.38403,2,490.86,2,2,3,223
14237,40513.55556,1,161,1,0,1,101
14238,40560.61111,1,146.85,1,0,1,101
14239,40843.61111,14,2323.5,3,5,5,355
14240,40856.57292,2,890.34,4,2,3,423
14241,40703.49028,1,213.7,1,0,1,101
14242,40652.49028,2,280.55,1,2,2,122
14243,40878.46667,14,2550.88,5,5,5,555
14245,40710.60625,5,1677.48,2,4,4,244
14246,40776.49306,3,1474.06,2,3,4,234
14247,40608.63958,1,136.77,1,0,1,101
14248,40568.61458,1,302.58,1,0,2,102
14250,40879.60417,3,1904.05,5,3,4,534
14251,40885.35556,5,2879.7,5,4,5,545
14256,40632.69375,3,969.06,1,3,4,134
14257,40835.56806,6,3087.27,3,4,5,345
14258,40877.64375,10,12650.08,5,5,5,555
14259,40745.44722,1,120,2,0,1,201
14261,40836.41944,2,1163.45,3,2,4,324
14262,40878.59514,8,2618.23,5,5,5,555
14264,40732.43056,3,319.47,2,3,2,232
14265,40777.56389,2,530.18,2,2,3,223
14267,40736.46597,7,1339.09,2,4,4,244
14270,40555.39792,1,492.65,1,0,3,103
14271,40661.53264,1,112.32,1,0,1,101
14272,40813.42222,2,437.96,2,2,2,222
14273,40835.55556,4,559.97,3,3,3,333
14276,40798.74236,5,1019.39,2,4,4,244
14277,40871.62569,4,3928.8,4,3,5,435
14280,40690.44236,1,134.04,1,0,1,101
14282,40883.71111,15,3701.44,5,5,5,555
14284,40856.34097,3,578.45,4,3,3,433
14285,40865.61806,4,1910.01,4,3,4,434
14286,40863.44028,5,4631.45,4,4,5,445
14287,40878.55903,4,156.23,5,3,1,531
14288,40674.63681,2,413.85,1,2,2,122
14289,40878.48889,6,911.26,5,4,3,543
14290,40875.58472,6,2307.45,5,4,5,545
14291,40885.43472,11,3873.3,5,5,5,555
14292,40879.49306,14,4819.33,5,5,5,555
14293,40883.63681,4,1046.56,5,3,4,534
14295,40846.65972,2,157.7,3,2,1,321
14297,40869.37917,5,1284.06,4,4,4,444
14298,40883.62778,45,50913.44,5,5,5,555
14299,40878.67014,18,2855.35,5,5,5,555
14300,40868.37292,1,43.2,4,0,1,401
14301,40779.37778,2,632.04,2,2,3,223
14304,40664.49306,2,272.1,1,2,2,122
14305,40815.64514,5,1803.76,2,4,4,244
14306,40835.55764,3,2083.42,3,3,5,335
14307,40798.40139,6,2995.72,2,4,5,245
14309,40878.56458,10,2319.68,5,5,5,555
14311,40661.82569,2,229.71,1,2,1,121
14312,40840.40694,6,1611.59,3,4,4,344
14314,40780.44375,1,120,2,0,1,201
14315,40865.64931,7,2456.98,4,4,5,445
14317,40822.44722,1,508.58,3,0,3,303
14320,40680.39167,3,373.11,1,3,2,132
14321,40876.40764,5,1535.79,5,4,4,544
14323,40772.48403,4,574.26,2,3,3,233
14326,40652.46389,2,183.85,1,2,1,121
14327,40723.58194,1,311.65,2,0,2,202
14329,40878.35208,14,4889.14,5,5,5,555
14331,40762.55347,2,462.66,2,2,2,222
14332,40864.49583,3,866.31,4,3,3,433
14333,40822.80903,2,351.45,3,2,2,322
14334,40870.41736,9,2555.06,4,5,5,455
14335,40870.57014,2,466.61,4,2,2,422
14336,40870.48611,4,1614.91,4,3,4,434
14338,40728.66667,4,554.22,2,3,3,233
14339,40652.47986,4,294.91,1,3,2,132
14340,40668.40556,1,134.7,1,0,1,101
14341,40841.65833,8,2161.16,3,5,5,355
14342,40865.55625,6,608.71,4,4,3,443
14344,40759.57708,8,889.93,2,5,3,253
14345,40848.41042,1,108.98,3,0,1,301
14346,40766.40764,2,1021.58,2,2,4,224
14348,40626.68264,1,409.57,1,0,2,102
14349,40876.65208,1,133.5,5,0,1,501
14350,40616.51875,2,258.7,1,2,2,122
14351,40722.49722,1,51,2,0,1,201
14352,40729.65347,4,1078.96,2,3,4,234
14353,40671.67083,1,90.6,1,0,1,101
14354,40881.48056,2,163.62,5,2,1,521
14355,40521.51111,1,174.4,1,0,1,101
14356,40826.71944,4,666.94,3,3,3,333
14357,40843.68264,1,225.12,3,0,1,301
14359,40867.55347,6,897.58,4,4,3,443
14360,40855.38333,4,2128.23,3,3,5,335
14362,40864.63056,1,151.5,4,0,1,401
14364,40778.45903,8,3717.35,2,5,5,255
14367,40878.55486,19,9139.07,5,5,5,555
14368,40567.41111,1,155,1,0,1,101
14371,40591.69097,1,100.5,1,0,1,101
14373,40528.65278,1,76.55,1,0,1,101
14375,40701.57222,1,235.56,1,0,1,101
14377,40695.56389,2,617.05,1,2,3,123
14379,40842.69653,2,348.1,3,2,2,322
14381,40834.71528,1,202.68,3,0,1,301
14382,40860.67917,1,631.48,4,0,3,403
14383,40848.66181,3,1247.69,3,3,4,334
14385,40877.65,3,202.11,5,3,1,531
14386,40590.40625,1,142.4,1,0,1,101
14387,40854.52014,3,1727.6,3,3,4,334
14388,40878.46736,10,3172.04,5,5,5,555
14389,40878.38819,5,999.72,5,4,4,544
14390,40876.57569,13,4582.22,5,5,5,555
14393,40668.76111,1,67.95,1,0,1,101
14395,40884.60694,12,3467.76,5,5,5,555
14396,40821.67292,2,487.99,3,2,3,323
14397,40886.41458,23,2561.68,5,5,5,555
14400,40745.75347,2,574.7,2,2,3,223
14401,40882.5625,14,4063.68,5,5,5,555
14403,40756.53958,5,1426.31,2,4,4,244
14404,40853.52083,7,1409.72,3,4,4,344
14406,40767.70417,1,156.75,2,0,1,201
14407,40779.58472,9,2111.08,2,5,5,255
14408,40876.48681,7,2599.03,5,4,5,545
14409,40815.7625,7,1908.25,2,4,4,244
14410,40871.46944,15,643.45,4,5,3,453
14411,40576.45556,1,1063,1,0,4,104
14412,40851.55139,3,761.33,3,3,3,333
14413,40524.56736,1,121.05,1,0,1,101
14414,40795.50625,8,1485.13,2,5,4,254
14415,40885.60972,18,5768.95,5,5,5,555
14416,40864.64028,2,490.22,4,2,3,423
14418,40883.48542,3,1951.65,5,3,4,534
14419,40876.47361,6,1051.79,5,4,4,544
14420,40801.70625,2,385.87,2,2,2,222
14421,40829.55833,2,813.11,3,2,3,323
14422,40886.47639,6,4263.64,5,4,5,545
14423,40668.63333,1,265.2,1,0,2,102
14424,40869.49167,1,322.08,4,0,2,402
14426,40868.49097,16,4142.9,4,5,5,455
14427,40836.59931,2,363.34,3,2,2,322
14428,40879.55347,7,1209.37,5,4,4,544
14431,40588.45556,2,423.26,1,2,2,122
14432,40877.33611,6,2257.12,5,4,5,545
14434,40865.37222,6,1372.8,4,4,4,444
14436,40788.42569,1,89.06,2,0,1,201
14437,40743.62222,2,-43.4,2,2,1,221
14438,40580.62222,1,131.9,1,0,1,101
14439,40567.48542,1,2661.24,1,0,5,105
14440,40878.65417,5,2357.68,5,4,5,545
14441,40886.37986,10,1575.14,5,5,4,554
14442,40885.49514,5,1561.62,5,4,4,544
14443,40833.42361,7,1400.88,3,4,4,344
14446,40886.48194,4,1021.01,5,3,4,534
14447,40868.35278,5,1163.23,4,4,4,444
14448,40877.57639,2,375.35,5,2,2,522
14449,40868.50417,4,900.64,4,3,3,433
14450,40706.44861,3,483.25,1,3,3,133
14451,40826.56806,2,662.59,3,2,3,323
14452,40876.50417,2,259.05,5,2,2,522
14453,40696.59375,1,119.93,1,0,1,101
14456,40881.58264,14,3027.56,5,5,5,555
14457,40576.40208,1,113.64,1,0,1,101
14459,40731.56597,1,1837.92,2,0,4,204
14460,40776.59653,4,434.34,2,3,2,232
14461,40738.71597,3,2103.06,2,3,5,235
14462,40823.39028,14,1962.45,3,5,4,354
14463,40788.63889,3,529.62,2,3,3,233
14465,40640.52639,3,1038.44,1,3,4,134
14466,40857.58819,7,2272.4,4,4,5,445
14467,40869.53333,4,596.26,4,3,3,433
14470,40875.43819,2,461.19,4,2,2,422
14472,40783.45903,8,1864.42,2,5,4,254
14473,40812.63194,2,234.34,2,2,1,221
14474,40843.53958,2,537.71,3,2,3,323
14475,40815.44861,6,799.82,2,4,3,243
14476,40629.65208,1,193,1,0,1,101
14477,40867.46597,5,1307.81,4,4,4,444
14479,40633.37986,2,316.25,1,2,2,122
14480,40875.69097,1,279.05,5,0,2,502
14481,40722.44306,2,636.51,2,2,3,223
14482,40868.55139,6,2022.81,4,4,5,445
14483,40737.40625,2,129.2,2,2,1,221
14484,40836.59097,1,321.92,3,0,2,302
14485,40848.51736,1,162.8,3,0,1,301
14487,40860.51181,7,1183.58,4,4,4,444
14488,40835.61042,2,1047.43,3,2,4,324
14489,40679.61875,1,463.38,1,0,2,102
14491,40711.64028,2,340.93,2,2,2,222
14493,40879.67639,7,2377.84,5,4,5,545
14494,40861.38958,1,139.56,4,0,1,401
14495,40836.51944,2,123.8,3,2,1,321
14496,40575.37569,2,538.81,1,2,3,123
14497,40585.63889,2,457.47,1,2,2,122
14498,40844.50625,5,1957.32,3,4,4,344
14499,40860.54236,3,808.44,4,3,3,433
14500,40798.69792,3,356.85,2,3,2,232
14501,40822.84375,3,190.31,3,3,1,331
14502,40867.49306,14,2322.85,4,5,5,455
14503,40883.5625,6,3543.26,5,4,5,545
14504,40839.66667,4,673.26,3,3,3,333
14505,40869.65625,11,5817.89,4,5,5,455
14506,40869.54306,5,1978.52,4,4,4,444
14507,40863.51458,7,1352.88,4,4,4,444
14508,40864.825,2,268.05,4,2,2,422
14511,40875.71181,6,1267.41,5,4,4,544
14512,40699.52708,2,275.28,1,2,2,122
14513,40786.47569,4,438.49,2,3,2,232
14514,40825.67014,4,1055.35,3,3,4,334
14515,40869.48403,6,2102.09,4,4,5,445
14517,40853.59722,2,330.45,3,2,2,322
14518,40822.61319,1,174.37,3,0,1,301
14520,40885.40694,2,270.6,5,2,2,522
14522,40862.55833,4,974.54,4,3,4,434
14523,40778.55069,1,241.09,2,0,2,202
14524,40855.52014,9,1843.83,4,5,4,454
14525,40878.37014,13,4150.07,5,5,5,555
14527,40884.51319,85,7824.64,5,5,5,555
14528,40849.71458,1,364.22,3,0,2,302
14529,40826.64375,3,620.04,3,3,3,333
14530,40861.44306,6,2862.11,4,4,5,445
14532,40650.54514,4,932.85,1,3,4,134
14533,40862.50347,9,1896.62,4,5,4,454
14534,40884.51319,25,4065.1,5,5,5,555
14535,40827.68333,4,2839.99,3,3,5,335
14536,40627.51458,1,170.95,1,0,1,101
14537,40829.45417,1,355.56,3,0,2,302
14538,40822.43819,2,388.25,3,2,2,322
14539,40871.40972,2,537.48,4,2,3,423
14540,40877.42708,3,996.26,5,3,4,534
14541,40828.42222,8,1453.35,3,5,4,354
14542,40701.34653,1,103.25,1,0,1,101
14543,40883.43889,21,3033.17,5,5,5,555
14544,40862.62917,2,2004.3,4,2,4,424
14546,40882.68958,9,2497.86,5,5,5,555
14547,40883.4625,9,4048.94,5,5,5,555
14548,40736.51319,2,652.8,2,2,3,223
14549,40575.57431,1,289.24,1,0,2,102
14550,40876.50833,2,757.37,5,2,3,523
14551,40868.56667,2,186.23,4,2,1,421
14552,40735.53403,1,164.22,2,0,1,201
14553,40867.55556,5,861.87,4,4,3,443
14554,40876.69722,4,2296.39,5,3,5,535
14555,40829.68333,2,312.54,3,2,2,322
14557,40822.85833,2,220,3,2,1,321
14560,40879.64028,24,2174.18,5,5,5,555
14561,40811.52708,3,1080.76,2,3,4,234
14562,40883.46181,22,4776.52,5,5,5,555
14565,40791.52569,6,3073.77,2,4,5,245
14566,40776.46181,1,1432,2,0,4,204
14567,40851.58125,3,1524.46,3,3,4,334
14569,40885.62361,1,227.39,5,0,1,501
14570,40606.45694,2,218.06,1,2,1,121
14572,40883.61111,10,2796.99,5,5,5,555
14573,40707.46875,12,1590.12,1,5,4,154
14576,40514.74375,1,35.4,1,0,1,101
14577,40874.53264,4,859.71,4,3,3,433
14578,40883.72083,1,168.63,5,0,1,501
14581,40870.52708,1,138.6,4,0,1,401
14582,40846.49722,1,114.11,3,0,1,301
14583,40881.52222,5,986.96,5,4,4,544
14584,40717.77292,5,1033.06,2,4,4,244
14585,40836.60625,1,157.05,3,0,1,301
14586,40659.73056,3,134.16,1,3,1,131
14587,40868.48194,10,1577.39,4,5,4,454
14589,40515.4875,1,39.75,1,0,1,101
14591,40871.58125,4,1320.21,4,3,4,434
14592,40851.69097,3,570.46,3,3,3,333
14593,40865.53333,3,617.15,4,3,3,433
14594,40879.56111,2,363.33,5,2,2,522
14595,40867.50833,6,1740.6,4,4,4,444
14597,40875.55069,2,866.24,4,2,3,423
14598,40842.55486,1,221.97,3,0,1,301
14600,40581.40833,1,393.33,1,0,2,102
14601,40876.40833,1,213.96,5,0,1,501
14603,40612.43542,1,660,1,0,3,103
14606,40885.81111,129,11647.15,5,5,5,555
14607,40871.44097,17,13867.1,4,5,5,455
14608,40882.70278,4,1785.15,5,3,4,534
14609,40814.5375,4,601.56,2,3,3,233
14616,40644.4125,3,406.08,1,3,2,132
14618,40877.57292,4,538.59,5,3,3,533
14619,40647.71736,2,379.51,1,2,2,122
14620,40682.59306,3,393.28,1,3,2,132
14621,40885.68194,6,1765.76,5,4,4,544
14622,40702.52917,1,320.58,1,0,2,102
14623,40854.58056,6,866.8,3,4,3,343
14624,40829.57222,2,225.85,3,2,1,321
14625,40701.65278,5,848.48,1,4,3,143
14626,40878.37153,7,2772.07,5,4,5,545
14627,40575.45069,1,-21.85,1,0,1,101
14628,40795.62361,2,671.96,2,2,3,223
14629,40882.70486,3,938.06,5,3,4,534
14631,40836.47014,3,1006.98,3,3,4,334
14632,40624.36736,1,114.56,1,0,1,101
14633,40620.71319,1,344.9,1,0,2,102
14636,40850.675,2,609.85,3,2,3,323
14638,40836.42361,1,443.6,3,0,2,302
14639,40834.62917,8,2952.34,3,5,5,355
14640,40871.45833,8,2024.45,4,5,5,455
14641,40865.44583,1,110.46,4,0,1,401
14642,40828.46389,1,96.12,3,0,1,301
14643,40716.61181,3,668.61,2,3,3,233
14644,40877.62361,4,780.46,5,3,3,533
14645,40730.38542,2,597.09,2,2,3,223
14646,40885.50833,77,279585.86,5,5,5,555
14647,40685.56944,1,236.04,1,0,1,101
14649,40882.52083,4,1408.61,5,3,4,534
14651,40819.66111,2,653.75,3,2,3,323
14652,40809.59792,1,114.18,2,0,1,201
14653,40885.57292,8,1926.65,5,5,4,554
14655,40883.45278,5,1930.15,5,4,4,544
14656,40717.57708,2,291.05,2,2,2,222
14657,40869.53264,5,838.27,4,4,3,443
14658,40881.64931,2,247.15,5,2,2,522
14659,40878.51181,12,2456.53,5,5,5,555
14660,40800.48194,2,285.74,2,2,2,222
14661,40860.49375,1,107.95,4,0,1,401
14662,40858.50903,4,744.32,4,3,3,433
14664,40867.45764,2,636.24,4,2,3,423
14665,40826.49583,7,1416.38,3,4,4,344
14666,40862.53958,1,195.25,4,0,1,401
14667,40876.47917,27,9169.99,5,5,5,555
14669,40645.48819,3,1259.24,1,3,4,134
14670,40606.59236,2,392.86,1,2,2,122
14672,40652.42986,2,765.55,1,2,3,123
14673,40883.60486,5,1736.4,5,4,4,544
14675,40870.54028,1,596.36,4,0,3,403
14676,40855.56181,8,2543.24,4,5,5,455
14679,40515.42153,1,-2.55,1,0,1,101
14680,40861.70764,23,27427.34,4,5,5,455
14681,40815.66111,3,498.95,2,3,3,233
14682,40699.50833,2,52,1,2,1,121
14684,40861.48125,5,1201.51,4,4,4,444
14687,40780.49931,1,628.38,2,0,3,203
14688,40879.51806,27,5096.11,5,5,5,555
14689,40678.47361,1,112.8,1,0,1,101
14690,40842.65208,3,341.96,3,3,2,332
14691,40856.52083,5,2114.33,4,4,5,445
14692,40749.63056,5,582.05,2,4,3,243
14693,40622.53472,1,172.9,1,0,1,101
14696,40882.57153,9,2070.97,5,5,5,555
14697,40668.65208,2,188.61,1,2,1,121
14698,40885.51806,5,1222.47,5,4,4,544
14699,40672.62083,1,109.13,1,0,1,101
14700,40854.61111,3,2195.1,3,3,5,335
14701,40876.52639,12,2462.94,5,5,5,555
14702,40885.81181,18,3210.29,5,5,5,555
14703,40872.39097,1,318.17,4,0,2,402
14704,40875.53542,9,1511.7,4,5,4,454
14705,40688.52708,1,179,1,0,1,101
14708,40884.34792,4,1096.67,5,3,4,534
14709,40871.65347,14,4911.14,4,5,5,455
14710,40872.62014,4,599.48,4,3,3,433
14711,40876.62361,12,2811.12,5,5,5,555
14712,40857.54097,3,917.07,4,3,4,434
14713,40877.68472,12,2660.1,5,5,5,555
14714,40862.54653,1,160.19,4,0,1,401
14715,40862.50694,4,867.38,4,3,3,433
14716,40843.72847,2,307.51,3,2,2,322
14719,40885.52986,6,1589.23,5,4,4,544
14720,40881.50139,3,663.81,5,3,3,533
14722,40739.62361,1,180.42,2,0,1,201
14723,40876.64097,6,1122.36,5,4,4,544
14725,40862.52917,1,655.58,4,0,3,403
14727,40612.61458,1,268.58,1,0,2,102
14729,40513.52986,1,313.49,1,0,2,102
14730,40885.61042,7,1956.24,5,4,4,544
14731,40839.6625,3,380.02,3,3,2,332
14732,40878.60694,10,2686.34,5,5,5,555
14733,40877.62083,15,9479.54,5,5,5,555
14735,40883.50625,32,5837.69,5,5,5,555
14737,40883.42778,3,1164.55,5,3,4,534
14738,40847.53958,9,1289.94,3,5,4,354
14739,40884.60556,8,3899.1,5,5,5,555
14740,40695.63681,4,1423.21,1,3,4,134
14741,40875.36667,6,1400.34,4,4,4,444
14744,40870.53542,9,1088.53,4,5,4,454
14745,40774.42014,6,1167.16,2,4,4,244
14747,40639.42847,2,294.3,1,2,2,122
14748,40857.77292,6,1311.79,4,4,4,444
14752,40843.49653,1,389.64,3,0,2,302
14753,40799.61806,1,563.15,2,0,3,203
14754,40842.50069,2,638.05,3,2,3,323
14755,40877.475,12,4965.38,5,5,5,555
14756,40871.75903,1,738.96,4,0,3,403
14757,40811.60833,1,420.5,2,0,2,202
14758,40742.34792,4,1484.06,2,3,4,234
14759,40882.50208,3,1625.97,5,3,4,534
14760,40592.60833,2,53.8,1,2,1,121
14761,40828.50694,2,255.9,3,2,2,322
14762,40623.34722,1,300.52,1,0,2,102
14764,40843.44861,2,250.55,3,2,2,322
14765,40857.82847,3,254.11,4,3,2,432
14766,40878.67014,8,2423.07,5,5,5,555
14768,40869.5375,3,139.5,4,3,1,431
14769,40884.43333,11,10438.5,5,5,5,555
14770,40654.59792,2,876.42,1,2,3,123
14772,40774.62778,1,139.26,2,0,1,201
14775,40828.64375,3,1011.9,3,3,4,334
14776,40835.64861,13,2327.58,3,5,5,355
14777,40882.55556,2,-17.45,5,2,1,521
14778,40759.64097,2,730.86,2,2,3,223
14779,40606.52917,3,386.15,1,3,2,132
14780,40832.53194,2,447.68,3,2,2,322
14782,40567.46667,1,200.1,1,0,1,101
14784,40860.5625,2,294.55,4,2,2,422
14785,40876.55625,2,77.4,5,2,1,521
14788,40879.7125,2,679.44,5,2,3,523
14789,40858.37431,1,197.64,4,0,1,401
14790,40870.39444,4,745.06,4,3,3,433
14792,40823.38819,2,2.22045E-16,3,2,1,321
14793,40882.68403,2,214.14,5,2,1,521
14794,40884.42431,9,1272.11,5,5,4,554
14795,40720.54444,1,131.45,2,0,1,201
14796,40885.64653,27,7802.71,5,5,5,555
14798,40834.45694,3,173.74,3,3,1,331
14799,40835.67778,1,157.7,3,0,1,301
14800,40839.53194,15,4313.39,3,5,5,355
14801,40825.64167,1,193.14,3,0,1,301
14803,40724.58194,3,845.55,2,3,3,233
14804,40878.47222,1,353.27,5,0,2,502
14805,40871.68056,4,554.65,4,3,3,433
14806,40811.64722,1,193.39,2,0,1,201
14808,40847.51458,14,2477.88,3,5,5,355
14810,40846.47153,11,2090.37,3,5,5,355
14813,40517.49792,2,152.88,1,2,1,121
14815,40850.48333,2,797.22,3,2,3,323
14816,40689.55278,1,271.85,1,0,2,102
14817,40686.56597,2,1110.34,1,2,4,124
14818,40813.45903,3,657.8,2,3,3,233
14819,40822.57014,2,272.07,3,2,2,322
14820,40865.65347,4,507.29,4,3,3,433
14821,40520.36319,1,48.8,1,0,1,101
14823,40706.55,3,321.43,1,3,2,132
14824,40876.59722,4,1127.71,5,3,4,534
14825,40883.48472,12,2221.01,5,5,5,555
14828,40690.42778,3,2139.76,1,3,5,135
14829,40857.67778,6,689.65,4,4,3,443
14830,40833.60347,1,197.13,3,0,1,301
14834,40869.4375,8,1698.35,4,5,4,454
14836,40876.69792,3,102.45,5,3,1,531
14837,40797.45694,5,1646.2,2,4,4,244
14840,40619.5,1,62.85,1,0,1,101
14841,40833.62708,6,3295.76,3,4,5,345
14842,40851.54792,8,2751.8,3,5,5,355
14844,40823.44514,4,3189.81,3,3,5,335
14847,40738.45278,1,309.4,2,0,2,202
14849,40865.45694,25,7904.28,4,5,5,455
14850,40575.47292,2,278.15,1,2,2,122
14851,40863.59722,2,511.35,4,2,3,423
14852,40828.55556,6,2836.69,3,4,5,345
14853,40878.40556,3,463.05,5,3,2,532
14854,40808.70833,8,2730.09,2,5,5,255
14855,40767.58472,2,645.65,2,2,3,223
14856,40850.62014,3,1311.38,3,3,4,334
14857,40827.39097,3,1165.65,3,3,4,334
14859,40874.47083,5,1352.04,4,4,4,444
14860,40878.40556,2,168.62,5,2,1,521
14861,40834.5375,1,125.79,3,0,1,301
14862,40861.41736,2,841.2,4,2,3,423
14863,40857.62778,1,266.76,4,0,2,402
14865,40879.68403,2,52.2,5,2,1,521
14866,40876.48958,13,14197.45,5,5,5,555
14867,40701.48542,4,701.33,1,3,3,133
14868,40883.61736,9,2939.64,5,5,5,555
14869,40883.45486,3,721.95,5,3,3,533
14870,40625.45208,1,327.25,1,0,2,102
14871,40883.57083,4,501.28,5,3,3,533
14873,40676.57778,1,519.68,1,0,3,103
14875,40877.61181,5,1448.72,5,4,4,544
14878,40874.46875,9,1485.54,4,5,4,454
14880,40809.57083,3,690.59,2,3,3,233
14881,40867.4625,1,255.4,4,0,2,402
14882,40860.53264,2,589.7,4,2,3,423
14883,40868.43264,6,756.64,4,4,3,443
14885,40755.50347,1,765.32,2,0,3,203
14886,40634.37222,1,364.8,1,0,2,102
14887,40807.64722,1,1862,2,0,4,204
14888,40679.62361,1,369.2,1,0,2,102
14889,40550.63819,1,135.9,1,0,1,101
14890,40633.49792,1,125.65,1,0,1,101
14891,40738.75556,2,554.38,2,2,3,223
14893,40877.52153,2,1237.85,5,2,4,524
14894,40801.57708,1,655.75,2,0,3,203
14895,40879.39097,24,11045.26,5,5,5,555
14896,40682.43056,2,468.77,1,2,2,122
14897,40879.43889,4,1366.38,5,3,4,534
14898,40863.62083,8,1194.11,4,5,4,454
14901,40875.71458,10,1414.99,5,5,4,554
14902,40865.71458,2,319.11,4,2,2,422
14903,40865.67153,10,2729.18,4,5,5,455
14904,40884.53819,2,1025.44,5,2,4,524
14905,40732.56667,3,599.9,2,3,3,233
14907,40883.59306,10,3478.85,5,5,5,555
14908,40812.53889,1,277.8,2,0,2,202
14910,40884.42083,6,389.86,5,4,2,542
14911,40885.6625,248,135216.58,5,5,5,555
14912,40870.52014,3,869.6,4,3,3,433
14913,40851.35347,4,1227.43,3,3,4,334
14915,40801.43542,3,258.83,2,3,2,232
14916,40816.38889,5,1264.84,2,4,4,244
14918,40771.49306,2,1610.15,2,2,4,224
14920,40674.43889,2,977.77,1,2,4,124
14921,40856.55347,2,1316.07,4,2,4,424
14923,40836.49375,1,749.1,3,0,3,303
14924,40641.39236,1,310.05,1,0,2,102
14929,40854.72292,1,223.88,3,0,1,301
14930,40778.43819,3,2372.86,2,3,5,235
14931,40882.42986,6,1257.68,5,4,4,544
14932,40521.49167,1,363.53,1,0,2,102
14934,40814.40625,3,1888.84,2,3,4,234
14935,40589.61389,1,1784.71,1,0,4,104
14936,40877.62986,9,8117.42,5,5,5,555
14937,40830.52014,4,1617.63,3,3,4,334
14944,40857.38194,13,5842.95,4,5,5,455
14946,40872.56458,1,100.9,4,0,1,401
14947,40814.65833,2,290.82,2,2,2,222
14948,40863.71944,7,1066.57,4,4,4,444
14950,40878.40417,2,361.25,5,2,2,522
14951,40807.63542,1,311.69,2,0,2,202
14952,40840.57639,15,7942.79,3,5,5,355
14953,40861.62431,1,285.67,4,0,2,402
14954,40874.60417,1,294.85,4,0,2,402
14957,40633.74931,1,58.49,1,0,1,101
14958,40739.59722,3,483.73,2,3,3,233
14959,40827.68611,5,684.97,3,4,3,343
14960,40878.5375,2,226.31,5,2,1,521
14961,40876.40417,12,7006.58,5,5,5,555
14962,40616.40417,1,126.7,1,0,1,101
14963,40877.51111,5,1481.7,5,4,4,544
14964,40639.59236,1,206.21,1,0,1,101
14965,40790.55556,2,599,2,2,3,223
14966,40872.51389,1,192.38,4,0,1,401
14967,40837.4625,1,463.8,3,0,2,302
14968,40856.58194,1,147.59,4,0,1,401
14970,40818.57222,4,1592.06,3,3,4,334
14971,40851.71319,3,1097.98,3,3,4,334
14972,40758.62083,1,114.77,2,0,1,201
14973,40779.66042,3,1314.45,2,3,4,234
14974,40849.54236,1,89.94,3,0,1,301
14975,40829.58889,1,279.94,3,0,2,302
14976,40829.69236,8,790.86,3,5,3,353
14978,40814.54653,5,1921.37,2,4,4,244
14981,40640.57292,1,102.12,1,0,1,101
14984,40867.60278,2,206.12,4,2,1,421
14985,40688.60347,2,292.01,1,2,2,122
14987,40871.41597,2,326.4,4,2,2,422
14988,40675.50347,1,334.54,1,0,2,102
14995,40848.48542,2,231.98,3,2,1,321
14997,40840.56111,4,540.98,3,3,3,333
14998,40716.72917,2,414.87,2,2,2,222
15000,40839.4875,1,501.77,3,0,3,303
15002,40771.44722,4,1641.76,2,3,4,234
15004,40739.58681,1,1220.77,2,0,4,204
15005,40871.51736,36,6179.6,4,5,5,455
15006,40835.63056,1,502.09,3,0,3,303
15007,40727.66667,1,156.91,2,0,1,201
15009,40874.56597,3,1267.53,4,3,4,434
15010,40851.52917,1,308.94,3,0,2,302
15012,40833.51528,2,420.54,3,2,2,322
15014,40843.83819,2,257.67,3,2,2,322
15016,40714.50417,1,170.04,2,0,1,201
15017,40853.43958,1,125.58,3,0,1,301
15018,40848.53264,4,456.26,3,3,2,332
15019,40620.52431,1,252.81,1,0,2,102
15021,40878.49514,13,1846.18,5,5,4,554
15022,40875.52431,4,852.39,4,3,3,433
15023,40883.72431,12,6687.11,5,5,5,555
15024,40877.50417,10,1643.93,5,5,4,554
15025,40853.63889,1,361.96,3,0,2,302
15026,40806.57778,3,469,2,3,2,232
15027,40856.42778,6,1051.95,4,4,4,444
15028,40878.5875,4,627.13,5,3,3,533
15030,40815.45139,2,518.28,2,2,3,223
15031,40882.59653,4,653.19,5,3,3,533
15032,40630.64583,5,4959.1,1,4,5,145
15033,40882.52778,11,2543.26,5,5,5,555
15034,40871.50764,11,4253.21,4,5,5,455
15035,40797.46389,1,252.73,2,0,2,202
15036,40814.65417,3,432.35,2,3,2,232
15038,40843.6125,7,645.84,3,4,3,343
15039,40877.47986,52,19672.64,5,5,5,555
15041,40716.67778,1,179.93,2,0,1,201
15042,40687.68403,1,135.93,1,0,1,101
15043,40855.60139,1,537,4,0,3,403
15044,40867.55556,22,7563.88,4,5,5,455
15045,40735.48125,3,735.66,2,3,3,233
15046,40877.65972,16,4940.66,5,5,5,555
15047,40617.45069,1,343.62,1,0,2,102
15048,40821.62153,5,377.52,3,4,2,342
15049,40613.50903,1,121.17,1,0,1,101
15050,40861.67847,5,1727.17,4,4,4,444
15051,40863.65139,3,1383.36,4,3,4,434
15052,40567.66111,1,207.73,1,0,1,101
15053,40882.50556,3,693.95,5,3,3,533
15054,40874.62639,2,302.48,4,2,2,422
15057,40611.63681,2,1489.5,1,2,4,124
15058,40861.62292,11,2102.54,4,5,5,455
15059,40846.48264,11,1325.82,3,5,4,354
15060,40878.57431,4,294.25,5,3,2,532
15061,40883.50417,52,54288.74,5,5,5,555
15062,40815.70208,4,987.86,2,3,4,234
15063,40673.55903,1,370.8,1,0,2,102
15065,40849.40625,6,3135.98,3,4,5,345
15066,40855.41389,2,780.59,3,2,3,323
15067,40808.55556,3,1744.76,2,3,4,234
15068,40840.61597,2,553.36,3,2,3,323
15069,40707.59444,1,1109.53,1,0,4,104
15070,40514.47431,1,106.2,1,0,1,101
15071,40793.48819,2,982.07,2,2,4,224
15073,40877.44722,4,710.43,5,3,3,533
15074,40781.61458,1,748.87,2,0,3,203
15075,40809.51875,1,773.03,2,0,3,203
15076,40714.34931,1,880.85,2,0,3,203
15078,40879.65347,36,9662.35,5,5,5,555
15079,40674.53125,5,893.66,1,4,3,143
15081,40864.71389,6,487.35,4,4,3,443
15083,40630.5125,1,88.2,1,0,1,101
15087,40605.44028,1,306.94,1,0,2,102
15088,40865.55139,3,1140.27,4,3,4,434
15089,40876.68819,6,2420.84,5,4,5,545
15090,40578.58542,1,381.32,1,0,2,102
15091,40833.44931,2,476.96,3,2,3,323
15092,40671.59028,2,457.81,1,2,2,122
15093,40868.54792,9,4410.14,4,5,5,455
15095,40783.50069,5,1364.7,2,4,4,244
15096,40844.43542,1,219.39,3,0,1,301
15097,40882.58542,1,248.08,5,0,2,502
15098,40704.65208,5,39916.5,1,4,5,145
15099,40802.55069,1,410.48,2,0,2,202
15100,40556.71458,6,635.1,1,4,3,143
15101,40878.42917,3,310.03,5,3,2,532
15103,40855.62014,2,703.36,4,2,3,423
15104,40720.48264,3,968.64,2,3,4,234
15105,40868.70417,7,2298.93,4,4,5,445
15106,40869.38611,7,1407.73,4,4,4,444
15107,40575.61528,8,298.66,1,5,2,152
15108,40745.43333,5,1291.75,2,4,4,244
15109,40646.41181,2,463.75,1,2,2,122
15110,40863.46944,7,973.2,4,4,4,444
15111,40857.70694,3,1567.48,4,3,4,434
15113,40877.34931,4,3439.41,5,3,5,535
15114,40856.62847,10,2760.56,4,5,5,455
15115,40868.62431,1,340.11,4,0,2,402
15116,40869.51736,4,1352.75,4,3,4,434
15117,40872.34167,6,1550.13,4,4,4,444
15118,40752.62083,1,244.8,2,0,2,202
15119,40641.38056,1,266.4,1,0,2,102
15120,40757.42014,2,358.82,2,2,2,222
15121,40836.61875,2,457.72,3,2,2,322
15122,40801.68542,6,1612.13,2,4,4,244
15123,40879.55,2,2199.31,5,2,5,525
15124,40864.42292,2,184.19,4,2,1,421
15125,40861.58125,23,11296.05,4,5,5,455
15127,40821.4375,1,406.53,3,0,2,302
15128,40826.57917,8,1419.54,3,5,4,354
15129,40836.61111,10,3447.4,3,5,5,355
15130,40717.42708,1,330.11,2,0,2,202
15132,40868.71528,5,977.93,4,4,4,444
15133,40759.44722,3,982.42,2,3,4,234
15134,40872.37153,8,1387.99,4,5,4,454
15135,40653.66528,2,127.15,1,2,1,121
15136,40884.51806,4,1282.45,5,3,4,534
15139,40647.48542,2,178.96,1,2,1,121
15140,40834.58819,8,2350,3,5,5,355
15142,40840.53542,1,498.74,3,0,3,303
15143,40661.50208,1,259.45,1,0,2,102
15144,40878.63333,18,6530.04,5,5,5,555
15145,40882.72292,4,1194.73,5,3,4,534
15146,40722.50625,3,1313.66,2,3,4,234
15147,40668.47222,2,608.65,1,2,3,123
15148,40876.34792,1,301.29,5,0,2,502
15149,40753.45694,1,520.8,2,0,3,203
15150,40869.53611,11,5289.03,4,5,5,455
15152,40877.52222,16,4684.24,5,5,5,555
15153,40855.71458,1,329.25,4,0,2,402
15154,40812.69653,2,240.27,2,2,2,222
15156,40885.76528,3,966.53,5,3,4,534
15157,40883.47778,5,1869.5,5,4,4,544
15158,40841.57847,1,401.4,3,0,2,302
15159,40885.50347,34,18573.68,5,5,5,555
15160,40529.59375,1,158.16,1,0,1,101
15163,40868.54861,2,304.47,4,2,2,422
15164,40818.50347,3,838.1,3,3,3,333
15165,40513.58542,1,487.75,1,0,3,103
15167,40566.52847,1,158.8,1,0,1,101
15168,40861.47639,1,106.56,4,0,1,401
15171,40562.52708,2,1034.5,1,2,4,124
15172,40878.49375,5,1624.05,5,4,4,544
15174,40564.37917,1,135.75,1,0,1,101
15175,40815.47986,1,224.14,2,0,1,201
15178,40626.63333,1,40.5,1,0,1,101
15179,40868.53681,7,2186.2,4,4,5,445
15180,40519.62292,1,87.5,1,0,1,101
15181,40820.58194,5,680.28,3,4,3,343
15182,40732.56736,2,622.85,2,2,3,223
15184,40857.57014,2,402.2,4,2,2,422
15185,40816.5875,1,310.62,3,0,2,302
15186,40872.62361,2,411.41,4,2,2,422
15187,40885.49722,18,4670.08,5,5,5,555
15189,40885.55694,53,15802.14,5,5,5,555
15192,40767.48681,3,1044.32,2,3,4,234
15193,40826.34931,1,499.32,3,0,3,303
15194,40883.63194,22,7521.17,5,5,5,555
15195,40884.51389,1,3861,5,0,5,505
15197,40878.34306,5,656.44,5,4,3,543
15198,40794.6125,2,193.64,2,2,1,221
15199,40827.63333,4,1268.7,3,3,4,334
15201,40808.41181,11,927.84,2,5,4,254
15203,40861.34444,6,1832.84,4,4,4,444
15204,40529.57569,1,316.58,1,0,2,102
15205,40801.81667,3,648.83,2,3,3,233
15206,40876.57014,4,420.3,5,3,2,532
15208,40885.725,6,867.62,5,4,3,543
15210,40661.67431,1,331.18,1,0,2,102
15211,40826.56319,2,894.41,3,2,3,323
15212,40647.55,2,88.95,1,2,1,121
15213,40568.51736,3,325.05,1,3,2,132
15214,40885.50486,8,1666.48,5,5,4,554
15215,40842.51944,6,615.99,3,4,3,343
15216,40799.48681,1,96.6,2,0,1,201
15218,40876.49167,11,5756.89,5,5,5,555
15219,40710.70625,1,305.75,2,0,2,202
15220,40835.52708,7,1773.92,3,4,4,344
15221,40520.54722,2,131.1,1,2,1,121
15222,40568.33542,1,585,1,0,3,103
15223,40661.47986,3,571.9,1,3,3,133
15224,40528.62639,3,310.48,1,3,2,132
15225,40652.61875,1,409.4,1,0,2,102
15226,40576.48681,1,154.41,1,0,1,101
15227,40850.49931,5,1219.4,3,4,4,344
15228,40820.58056,5,3376.96,3,4,5,345
15230,40647.61042,2,429.6,1,2,2,122
15232,40773.68542,2,612.06,2,2,3,223
15234,40610.37014,1,197,1,0,1,101
15235,40669.40556,11,2247.51,1,5,5,155
15236,40588.45278,1,321.05,1,0,2,102
15237,40885.40694,4,1412.32,5,3,4,534
15238,40857.60278,5,1056.54,4,4,4,444
15239,40876.59306,3,764.34,5,3,3,533
15240,40842.40972,7,1685.57,3,4,4,344
15241,40820.37847,9,1738.59,3,5,4,354
15243,40812.59167,1,316.68,2,0,2,202
15244,40821.55486,2,631.57,3,2,3,323
15245,40752.78889,3,2515.84,2,3,5,235
15246,40648.61458,2,514.15,1,2,3,123
15247,40764.53611,1,356,2,0,2,202
15249,40855.48958,15,6657.36,3,5,5,355
15251,40877.62639,15,10327.11,5,5,5,555
15252,40850.5625,2,740.78,3,2,3,323
15253,40870.68194,5,915.3,4,4,4,444
15254,40759.62778,1,300.36,2,0,2,202
15255,40820.52986,1,890.85,3,0,3,303
15256,40738.49097,1,98.45,2,0,1,201
15257,40605.58125,2,317.15,1,2,2,122
15258,40718.52083,2,623.16,2,2,3,223
15260,40786.57986,7,1810.77,2,4,4,244
15261,40751.63889,1,254.82,2,0,2,202
15262,40563.51111,1,178.95,1,0,1,101
15263,40780.43472,1,156.51,2,0,1,201
15264,40822.57569,1,393.74,3,0,2,302
15265,40735.61528,2,1506.12,2,2,4,224
15266,40548.56944,1,119.3,1,0,1,101
15267,40864.66597,5,1717.36,4,4,4,444
15269,40863.39722,1,408.8,4,0,2,402
15270,40871.39167,9,2298.2,4,5,5,455
15271,40879.59097,16,2472.09,5,5,5,555
15272,40829.54097,2,721.94,3,2,3,323
15274,40882.70625,2,716.57,5,2,3,523
15275,40855.74583,2,614.23,4,2,3,423
15276,40820.69375,1,135.31,3,0,1,301
15277,40840.42222,1,260.94,3,0,2,302
15279,40532.45,2,277.41,1,2,2,122
15280,40714.71806,1,113.12,2,0,1,201
15281,40828.38194,12,2239.95,3,5,5,355
15286,40837.46389,1,240.55,3,0,2,302
15287,40864.64861,3,485.24,4,3,3,433
15288,40843.70694,5,2306.52,3,4,5,345
15289,40857.57569,4,935.1,4,3,4,434
15290,40882.48542,21,7848.77,5,5,5,555
15291,40861.45972,20,4596.51,4,5,5,455
15292,40685.625,1,178.39,1,0,1,101
15296,40842.68958,10,3610.31,3,5,5,355
15297,40876.68889,4,635.04,5,3,3,533
15298,40884.72014,14,4764.1,5,5,5,555
15299,40819.59653,11,4435.09,3,5,5,355
15300,40822.71389,1,496.44,3,0,3,303
15301,40836.41458,14,5043.12,3,5,5,355
15303,40596.58264,1,574.02,1,0,3,103
15304,40826.43264,10,680.3,3,5,3,353
15306,40822.53889,3,1174.35,3,3,4,334
15307,40791.48472,1,205.3,2,0,1,201
15308,40616.51667,2,302.27,1,2,2,122
15311,40886.5,118,59614.09,5,5,5,555
15312,40811.54861,5,921.1,2,4,4,244
15313,40776.66806,1,52,2,0,1,201
15314,40687.61042,1,327.97,1,0,2,102
15315,40822.53542,3,551.54,3,3,3,333
15316,40560.48194,1,165,1,0,1,101
15318,40883.47917,1,312.62,5,0,2,502
15319,40603.53333,1,204.5,1,0,1,101
15320,40842.56042,1,267.13,3,0,2,302
15321,40837.58194,4,2663.48,3,3,5,335
15322,40822.85972,2,632.97,3,2,3,323
15325,40783.49653,1,162.29,2,0,1,201
15326,40553.48472,1,311.71,1,0,2,102
15327,40834.49653,1,208.75,3,0,1,301
15329,40851.53889,5,1022.5,3,4,4,344
15330,40854.74306,2,817.92,3,2,3,323
15332,40520.61319,4,1661.06,1,3,4,134
15333,40678.56042,1,1028.56,1,0,4,104
15334,40730.47361,3,350.82,2,3,2,232
15335,40833.53472,1,173.97,3,0,1,301
15339,40820.53542,3,557.57,3,3,3,333
15341,40806.40278,1,2020.52,2,0,4,204
15342,40770.68056,2,391.76,2,2,2,222
15343,40799.57986,1,364.5,2,0,2,202
15344,40886.44792,5,476.58,5,4,3,543
15345,40851.55833,2,367.69,3,2,2,322
15346,40554.47083,1,252.42,1,0,2,102
15347,40520.64236,1,201.6,1,0,1,101
15348,40814.55347,1,158.04,2,0,1,201
15349,40728.67083,2,463.91,2,2,2,222
15350,40513.56458,1,115.65,1,0,1,101
15351,40874.53611,10,1854.03,4,5,4,454
15353,40632.51042,2,770.12,1,2,3,123
15355,40857.57222,2,277.05,4,2,2,422
15356,40855.54931,10,2718.03,4,5,5,455
15358,40882.37778,28,8235.65,5,5,5,555
15360,40847.39931,1,427.93,3,0,2,302
15361,40525.41111,1,418.92,1,0,2,102
15363,40645.65833,2,318.05,1,2,2,122
15364,40791.40694,2,913.19,2,2,3,223
15365,40861.35347,9,1486.45,4,5,4,454
15366,40811.62569,2,602.51,2,2,3,223
15367,40829.59236,5,1867.69,3,4,4,344
15368,40865.6125,1,446.94,4,0,2,402
15369,40742.63264,1,-1592.49,2,0,0,200
15370,40846.45694,8,2360.55,3,5,5,355
15372,40749.69375,1,2007.4,2,0,4,204
15373,40878.62847,13,2255.11,5,5,5,555
15374,40758.41597,1,168,2,0,1,201
15376,40846.62778,3,1221.56,3,3,4,334
15379,40717.55069,8,3631.89,2,5,5,255
15380,40878.50903,6,1682.36,5,4,4,544
15381,40673.49653,2,596.85,1,2,3,123
15382,40872.45694,8,5927.86,4,5,5,455
15384,40717.45625,3,635.76,2,3,3,233
15385,40846.63264,1,316.88,3,0,2,302
15386,40700.57431,1,394.14,1,0,2,102
15388,40616.57847,1,140.54,1,0,1,101
15389,40714.67917,1,500,2,0,3,203
15392,40882.45903,5,1515.73,5,4,4,544
15393,40870.7,2,231.86,4,2,1,421
15394,40877.49236,4,2183.54,5,3,5,535
15395,40561.52778,1,107.45,1,0,1,101
15396,40774.45556,1,288.18,2,0,2,202
15397,40597.39236,1,94,1,0,1,101
15398,40870.69931,3,1339.63,4,3,4,434
15399,40885.54444,3,815.77,5,3,3,533
15400,40794.58125,6,666.7,2,4,3,243
15402,40738.51181,2,626.77,2,2,3,223
15405,40697.61389,1,349.1,1,0,2,102
15406,40868.67639,5,426.61,4,4,2,442
15407,40853.49653,4,1046.74,3,3,4,334
15408,40622.62639,1,267.18,1,0,2,102
15410,40802.61597,9,3450.84,2,5,5,255
15411,40860.63819,5,1336.43,4,4,4,444
15412,40715.64167,1,190.53,2,0,1,201
15414,40877.40972,3,774.9,5,3,3,533
15415,40573.59236,1,559.61,1,0,3,103
15416,40822.40139,5,3974.37,3,4,5,345
15417,40801.64306,1,508.8,2,0,3,203
15419,40862.39097,1,135.86,4,0,1,401
15421,40828.38889,4,950.36,3,3,4,334
15422,40563.67847,2,97.7,1,2,1,121
15423,40848.58403,1,43.5,3,0,1,301
15424,40632.54306,2,383.34,1,2,2,122
15426,40867.65,7,1386.58,4,4,4,444
15427,40853.60347,3,1435.58,3,3,4,334
15428,40871.70417,1,93.78,4,0,1,401
15429,40860.51944,3,364.9,4,3,2,432
15432,40863.6875,1,171.19,4,0,1,401
15433,40807.68333,3,417.87,2,3,2,232
15434,40878.56458,6,1017.48,5,4,4,544
15435,40864.69375,1,149.29,4,0,1,401
15436,40874.67014,3,1068.59,4,3,4,434
15437,40624.54931,1,200.16,1,0,1,101
15438,40755.59653,1,156.58,2,0,1,201
15440,40832.51111,3,383.68,3,3,2,332
15442,40638.51667,1,594,1,0,3,103
15443,40885.44444,8,3195.14,5,5,5,555
15444,40877.73403,2,1413.16,5,2,4,524
15445,40622.62917,1,113.5,1,0,1,101
15447,40556.47639,1,155.17,1,0,1,101
15448,40574.44583,1,494.64,1,0,3,103
15449,40860.62639,5,971.22,4,4,4,444
15450,40856.71597,1,429.84,4,0,2,402
15452,40857.50903,3,528.48,4,3,3,433
15453,40885.45764,7,1380.62,5,4,4,544
15454,40524.59792,1,179.1,1,0,1,101
15456,40603.57708,3,434.59,1,3,2,132
15457,40624.64653,1,237.07,1,0,1,101
15458,40861.54722,1,161.64,4,0,1,401
15460,40532.67222,1,214.26,1,0,1,101
15462,40792.54931,3,234.6,2,3,1,231
15463,40857.53958,1,126.14,4,0,1,401
15464,40548.66389,1,1044.65,1,0,4,104
15465,40867.42431,23,6945.02,4,5,5,455
15466,40801.58889,1,334.53,2,0,2,202
15467,40877.59514,4,524.88,5,3,3,533
15468,40851.54931,5,438.46,3,4,2,342
15469,40843.80278,4,504.5,3,3,3,333
15471,40884.59167,1,454.48,5,0,2,502
15472,40773.63681,1,371.56,2,0,2,202
15473,40872.63542,10,1771.2,4,5,4,454
15475,40809.63889,1,454.11,2,0,2,202
15478,40846.59653,2,1399.92,3,2,4,324
15480,40770.60556,1,905.5,2,0,3,203
15482,40871.44861,16,8486.52,4,5,5,455
15483,40725.54653,4,225.26,2,3,1,231
15484,40885.62708,5,3563.11,5,4,5,545
15485,40856.60486,3,2569.54,4,3,5,435
15488,40794.42431,1,91.32,2,0,1,201
15489,40864.37014,4,1090.03,4,3,4,434
15491,40791.66389,7,3090.85,2,4,5,245
15492,40858.62014,2,659.46,4,2,3,423
15493,40854.50278,7,1918.86,3,4,4,344
15494,40865.61875,2,1280.58,4,2,4,424
15497,40869.49375,3,1259.7,4,3,4,434
15498,40886.43611,35,12677.46,5,5,5,555
15500,40878.57431,4,1131.56,5,3,4,534
15502,40871.53333,21,5761.46,4,5,5,455
15503,40524.45625,1,141.04,1,0,1,101
15504,40805.57292,1,52.83,2,0,1,201
15505,40834.33056,7,3497.14,3,4,5,345
15506,40864.50764,3,983.62,4,3,4,434
15507,40715.47153,1,475.86,2,0,3,203
15508,40697.65486,6,1000.27,1,4,4,144
15510,40556.50694,1,250,1,0,2,102
15511,40875.40486,5,900.53,4,4,3,443
15512,40731.43056,2,121,2,2,1,221
15513,40855.68125,22,14530.16,4,5,5,455
15514,40874.61111,12,3087.45,4,5,5,455
15516,40842.45208,3,62.43,3,3,1,331
15517,40653.58472,1,267.03,1,0,2,102
15518,40822.54514,13,1890.99,3,5,4,354
15520,40885.45694,1,343.5,5,0,2,502
15521,40850.57778,11,2714.65,3,5,5,355
15522,40854.47639,2,398.84,3,2,2,322
15523,40802.68681,1,412.01,2,0,2,202
15524,40862.50625,1,440,4,0,2,402
15525,40884.65208,4,719.47,5,3,3,533
15526,40853.62778,2,148.44,3,2,1,321
15527,40868.51181,10,2347.57,4,5,5,455
15528,40632.67639,1,229.33,1,0,1,101
15529,40864.47847,12,3958.99,4,5,5,455
15530,40865.51736,4,1497.31,4,3,4,434
15531,40878.77986,2,1980.34,5,2,4,524
15532,40861.61875,6,1500.88,4,4,4,444
15533,40867.64931,5,748.06,4,4,3,443
15535,40713.66806,7,477.4,2,4,3,243
15537,40723.54861,1,110.92,2,0,1,201
15539,40879.56667,1,538.46,5,0,3,503
15540,40875.57708,1,213.3,5,0,1,501
15541,40772.62361,1,85.13,2,0,1,201
15543,40598.64306,1,127.86,1,0,1,101
15544,40878.38611,11,3542.51,5,5,5,555
15545,40832.55833,2,292.72,3,2,2,322
15547,40879.53611,14,4927.59,5,5,5,555
15549,40809.68194,4,1643.96,2,3,4,234
15550,40882.65139,4,575.63,5,3,3,533
15551,40850.52569,1,436.06,3,0,2,302
15552,40669.61597,1,90.12,1,0,1,101
15553,40826.58472,1,437.23,3,0,2,302
15554,40609.375,1,217.2,1,0,1,101
15555,40874.67986,20,4747.89,4,5,5,455
15556,40862.67222,1,279.77,4,0,2,402
15557,40858.53194,1,468.91,4,0,2,402
15561,40875.46319,5,722.74,4,4,3,443
15562,40535.41319,1,134.55,1,0,1,101
15563,40878.4,7,1349.69,5,4,4,544
15565,40836.60625,2,173.16,3,2,1,321
15567,40868.45,1,186.01,4,0,1,401
15568,40884.47708,3,758.29,5,3,3,533
15569,40783.42708,5,1375.71,2,4,4,244
15570,40879.61597,13,4110.27,5,5,5,555
15571,40875.41806,4,650.43,4,3,3,433
15572,40882.42292,7,2533.42,5,4,5,545
15573,40855.48472,2,597.8,3,2,3,323
15574,40709.50069,4,675.64,2,3,3,233
15576,40849.50208,1,921.37,3,0,4,304
15577,40735.71042,3,258.88,2,3,2,232
15578,40724.54375,1,127.1,2,0,1,201
15579,40818.53125,2,344.35,3,2,2,322
15581,40766.40139,14,3675.77,2,5,5,255
15582,40862.41319,3,682.91,4,3,3,433
15584,40863.45486,5,718.36,4,4,3,443
15585,40710.35972,1,455.3,2,0,2,202
15587,40836.56736,4,913.68,3,3,3,333
15589,40634.47361,4,456.58,1,3,2,132
15590,40597.69167,1,-30.19,1,0,1,101
15592,40840.37431,1,388.58,3,0,2,302
15593,40816.49028,1,199.8,3,0,1,301
15594,40871.37014,6,1767.53,4,4,4,444
15596,40786.45486,9,1343.34,2,5,4,254
15597,40857.49028,2,315.72,4,2,2,422
15598,40851.55139,3,235.68,3,3,1,331
15599,40860.48889,2,761.74,4,2,3,423
15601,40875.63542,17,6745.36,5,5,5,555
15602,40878.59306,14,1253.63,5,5,4,554
15603,40808.41944,1,48.48,2,0,1,201
15604,40834.61597,1,216.39,3,0,1,301
15605,40850.59514,5,1198.23,3,4,4,344
15606,40829.56389,11,2641.64,3,5,5,355
15607,40550.53056,1,104.76,1,0,1,101
15608,40858.55556,4,1093.68,4,3,4,434
15609,40704.41319,2,270.03,1,2,2,122
15610,40835.44167,1,112.46,3,0,1,301
15611,40877.525,15,1568.39,5,5,4,554
15612,40850.61944,2,195.15,3,2,1,321
15615,40876.6125,27,10360.04,5,5,5,555
15618,40854.35694,5,747.03,3,4,3,343
15619,40876.34306,1,336.4,5,0,2,502
15620,40836.80347,6,1539.4,3,4,4,344
15621,40882.58403,6,1158.77,5,4,4,544
15622,40883.62292,16,3294.53,5,5,5,555
15623,40745.72639,1,301.03,2,0,2,202
15624,40770.48472,4,588.13,2,3,3,233
15625,40786.67569,8,1519.56,2,5,4,254
15626,40812.41875,2,675.8,2,2,3,223
15628,40882.43333,10,2865.64,5,5,5,555
15630,40841.65,3,1180.4,3,3,4,334
15632,40871.41042,10,3177.31,4,5,5,455
15634,40869.68611,1,243.55,4,0,2,402
15636,40797.47014,2,724.76,2,2,3,223
15637,40834.35278,1,223.36,3,0,1,301
15638,40585.63333,1,,1,0,1,101
15639,40752.60417,1,425.32,2,0,2,202
15640,40882.60764,17,12346.74,5,5,5,555
15641,40781.58611,4,1887.2,2,3,4,234
15643,40707.72153,6,647.4,1,4,3,143
15644,40720.62083,4,803.54,2,3,3,233
15645,40868.49653,1,612.01,4,0,3,403
15646,40729.41181,4,425.14,2,3,2,232
15648,40682.66181,4,633.05,1,3,3,133
15649,40550.56528,2,816,1,2,3,123
15651,40850.36181,3,646.3,3,3,3,333
15652,40795.59861,1,337.74,2,0,2,202
15653,40794.45069,2,877.44,2,2,3,223
15654,40877.54722,2,922.53,5,2,4,524
15655,40653.68611,2,511.32,1,2,3,123
15656,40841.62222,4,748.5,3,3,3,333
15657,40864.51319,1,30,4,0,1,401
15658,40696.64028,8,958.9,1,5,4,154
15659,40843.39097,1,306.45,3,0,2,302
15660,40861.70694,11,1569.35,4,5,4,454
15661,40569.58056,2,309.8,1,2,2,122
15663,40780.65972,1,138.14,2,0,1,201
15664,40836.45625,2,358.63,3,2,2,322
15665,40718.62292,2,2222.21,2,2,5,225
15667,40847.45556,1,301.32,3,0,2,302
15668,40669.44375,1,76.32,1,0,1,101
15669,40846.66875,5,677.69,3,4,3,343
15670,40590.45139,1,173.05,1,0,1,101
15671,40868.52986,10,2635.49,4,5,5,455
15673,40798.675,4,2791.33,2,3,5,235
15674,40813.63681,8,1774.02,2,5,4,254
15675,40805.575,3,323.69,2,3,2,232
15676,40877.73542,5,3324.09,5,4,5,545
15677,40837.65,1,657.23,3,0,3,303
15678,40834.39236,1,352.7,3,0,2,302
15679,40862.67986,4,781.28,4,3,3,433
15680,40877.57361,3,1333.68,5,3,4,534
15681,40868.55903,6,1041.36,4,4,4,444
15683,40769.53889,1,193.75,2,0,1,201
15687,40878.35625,11,2981.5,5,5,5,555
15689,40767.40069,2,254.1,2,2,2,222
15690,40882.66597,2,239.76,5,2,2,522
15691,40634.63403,1,136.8,1,0,1,101
15692,40858.59167,1,191.04,4,0,1,401
15694,40886.40556,15,6423.6,5,5,5,555
15695,40620.35556,2,409.98,1,2,2,122
15696,40853.58472,12,2619.11,3,5,5,355
15699,40869.35139,1,309.65,4,0,2,402
15700,40714.70347,3,664.03,2,3,3,233
15701,40884.61042,4,1542.14,5,3,4,534
15703,40622.45208,1,211.5,1,0,1,101
15704,40746.56597,4,2293.62,2,3,5,235
15705,40685.65069,1,143.1,1,0,1,101
15706,40827.42639,7,1001.81,3,4,4,344
15707,40851.60764,4,931.18,3,3,4,334
15708,40846.45417,11,3200.73,3,5,5,355
15709,40603.44306,1,133.25,1,0,1,101
15712,40877.58958,5,1072.36,5,4,4,544
15713,40743.56528,3,346.75,2,3,2,232
15714,40875.47639,2,330.03,4,2,2,422
15716,40741.49931,4,1101.11,2,3,4,234
15717,40652.55625,1,150.3,1,0,1,101
15719,40854.52014,14,5034.37,3,5,5,355
15720,40862.61667,1,598.73,4,0,3,403
15721,40875.50972,1,476.44,4,0,3,403
15722,40851.48819,6,2169.86,3,4,5,345
15723,40522.46667,1,190.7,1,0,1,101
15724,40685.61111,3,212.3,1,3,1,131
15725,40871.61875,1,415.25,4,0,2,402
15727,40870.525,7,5159.06,4,4,5,445
15728,40837.58542,1,-134.8,3,0,1,301
15729,40688.69653,2,85,1,2,1,121
15730,40821.52153,4,1108.38,3,3,4,334
15732,40674.6,2,294.12,1,2,2,122
15733,40604.37847,1,162.3,1,0,1,101
15734,40772.45139,2,1339.45,2,2,4,224
15737,40872.47292,12,1170.21,4,5,4,454
15738,40868.35139,19,4788.77,4,5,5,455
15739,40820.57083,1,449.12,3,0,2,302
15740,40837.60347,1,154.88,3,0,1,301
15743,40870.72153,4,775.96,4,3,3,433
15744,40809.41111,1,34.8,2,0,1,201
15745,40878.47083,6,1071.24,5,4,4,544
15746,40752.64375,2,182.96,2,2,1,221
15747,40874.51806,3,946.64,4,3,4,434
15748,40846.53542,1,144.36,3,0,1,301
15749,40651.55556,4,28550.9,1,3,5,135
15750,40884.52361,9,2478.32,5,5,5,555
15752,40847.48403,8,2618.15,3,5,5,355
15753,40582.52847,1,79.2,1,0,1,101
15754,40836.48889,4,455.67,3,3,2,332
15755,40885.79097,8,2318.88,5,5,5,555
15756,40825.5625,4,528.01,3,3,3,333
15757,40821.50972,2,714.42,3,2,3,323
15758,40862.45,1,205.25,4,0,1,401
15759,40668.63403,3,253.04,1,3,2,132
15762,40821.67708,2,583.75,3,2,3,323
15763,40855.40556,3,1048.67,3,3,4,334
15764,40805.67778,10,3245.47,2,5,5,255
15766,40822.71042,1,315.06,3,0,2,302
15768,40771.45,4,621.83,2,3,3,233
15769,40879.57778,28,53896.72,5,5,5,555
15773,40881.53333,1,635.68,5,0,3,503
15774,40818.50278,1,270.8,3,0,2,302
15775,40641.53889,1,104.9,1,0,1,101
15776,40753.57361,1,241.62,2,0,2,202
15777,40645.69653,5,1021.61,1,4,4,144
15780,40703.50069,3,475.28,1,3,3,133
15781,40861.62292,4,333.56,4,3,2,432
15782,40877.45069,4,2593.94,5,3,5,535
15783,40876.40972,1,246.3,5,0,2,502
15785,40857.50556,8,2303.75,4,5,5,455
15786,40843.45347,5,4821,3,4,5,345
15787,40860.62153,3,946.21,4,3,4,434
15789,40528.60764,1,351.3,1,0,2,102
15790,40876.62014,1,218.75,5,0,1,501
15791,40843.42639,3,1604.44,3,3,4,334
15793,40877.63056,4,948.96,5,3,4,534
15795,40737.44653,1,610.01,2,0,3,203
15796,40885.82986,10,2705.66,5,5,5,555
15797,40773.71111,4,2207.4,2,3,5,235
15799,40811.53194,3,884.14,2,3,3,233
15800,40779.59931,2,699.08,2,2,3,223
15801,40840.57778,4,1042.19,3,3,4,334
15802,40744.48611,3,-451.42,2,3,1,231
15803,40835.62222,1,415.82,3,0,2,302
15804,40886.52153,19,4098.55,5,5,5,555
15805,40863.68889,20,5431.37,4,5,5,455
15806,40840.60764,3,784.58,3,3,3,333
15807,40836.59028,3,903.9,3,3,3,333
15808,40580.60625,5,3641.07,1,4,5,145
15809,40851.50347,6,414.21,3,4,2,342
15810,40808.40139,6,1145.43,2,4,4,244
15811,40869.64514,9,2171.32,4,5,5,455
15812,40779.59653,5,1801.14,2,4,4,244
15813,40679.34236,2,1303.91,1,2,4,124
15814,40883.62569,6,1842.73,5,4,4,544
15815,40823.52917,5,2100.6,3,4,5,345
15819,40837.61806,4,1905.45,3,3,4,334
15820,40567.5,1,206.98,1,0,1,101
15821,40842.65833,2,570.96,3,2,3,323
15822,40883.61806,2,885.47,5,2,3,523
15823,40549.54028,2,-498.76,1,2,1,121
15825,40714.56042,1,532.94,2,0,3,203
15826,40835.55833,4,1649.36,3,3,4,334
15827,40813.64931,19,1676.48,2,5,4,254
15829,40787.69792,2,636.14,2,2,3,223
15830,40857.56597,2,547.7,4,2,3,423
15831,40828.55139,4,801.76,3,3,3,333
15832,40632.64514,1,836.79,1,0,3,103
15834,40816.61181,6,2201.3,3,4,5,345
15835,40842.65764,4,954.09,3,3,4,334
15836,40841.65069,2,117.47,3,2,1,321
15837,40822.37569,1,391.98,3,0,2,302
15838,40875.58333,21,33350.76,5,5,5,555
15839,40861.55903,5,1020.74,4,4,4,444
15840,40828.38056,3,345.66,3,3,2,332
15841,40822.77153,6,1209.1,3,4,4,344
15843,40583.42986,1,118.95,1,0,1,101
15844,40840.63819,1,130.74,3,0,1,301
15845,40869.40417,10,3701.87,4,5,5,455
15847,40848.61181,2,389.27,3,2,2,322
15850,40867.59306,2,241.63,4,2,2,422
15852,40700.47361,2,160.71,1,2,1,121
15853,40835.44306,1,110.8,3,0,1,301
15854,40882.56875,11,2973.8,5,5,5,555
15855,40750.43056,5,712.24,2,4,3,243
15856,40882.71458,30,15982.48,5,5,5,555
15857,40868.5125,1,297,4,0,2,402
15858,40871.53333,5,1435.07,4,4,4,444
15860,40846.47569,8,977.21,3,5,4,354
15861,40874.66597,10,3154.42,4,5,5,455
15862,40878.56111,4,832.88,5,3,3,533
15863,40861.53403,2,68.84,4,2,1,421
15864,40864.56389,8,1769.78,4,5,4,454
15865,40846.52986,3,895.13,3,3,3,333
15866,40785.58958,1,230.53,2,0,1,201
15867,40881.56736,16,3795.29,5,5,5,555
15869,40609.72431,2,149.64,1,2,1,121
15870,40854.45694,1,356.48,3,0,2,302
15872,40872.49653,2,316.25,4,2,2,422
15874,40823.54028,9,4330.67,3,5,5,355
15877,40885.49792,3,479.83,5,3,3,533
15880,40517.54792,2,329.03,1,2,2,122
15881,40574.70764,8,438.24,1,5,2,152
15882,40688.48264,4,516.36,1,3,3,133
15883,40884.71181,2,406.56,5,2,2,522
15885,40794.44653,3,379.35,2,3,2,232
15886,40826.60069,1,181.09,3,0,1,301
15888,40807.40556,2,141.27,2,2,1,221
15889,40730.46528,2,420.07,2,2,2,222
15891,40660.52431,1,511.68,1,0,3,103
15894,40633.57639,2,258.25,1,2,2,122
15895,40737.43542,1,179.17,2,0,1,201
15897,40692.57639,2,208.59,1,2,1,121
15898,40885.64097,6,1379.63,5,4,4,544
15899,40518.44167,1,56.25,1,0,1,101
15900,40863.51319,1,337.28,4,0,2,402
15901,40870.52986,3,355.88,4,3,2,432
15903,40877.33889,8,5126.34,5,5,5,555
15904,40878.61806,1,164.68,5,0,1,501
15906,40867.51667,8,1521.79,4,5,4,454
15907,40883.51458,3,882.72,5,3,3,533
15909,40713.44306,1,191.94,2,0,1,201
15910,40886.45208,8,1228.88,5,5,4,554
15912,40708.60347,2,264.62,1,2,2,122
15916,40870.57361,10,1488.48,4,5,4,454
15917,40639.44444,1,123.1,1,0,1,101
15918,40696.4875,2,334.23,1,2,2,122
15919,40867.47778,2,535.77,4,2,3,423
15920,40732.64653,4,167.5,2,3,1,231
15921,40714.46042,1,323.03,2,0,2,202
15922,40514.54514,2,363.6,1,2,2,122
15923,40514.51111,1,127.08,1,0,1,101
15925,40692.64931,1,207.15,1,0,1,101
15930,40819.61944,1,426.63,3,0,2,302
15932,40882.71736,11,2461.85,5,5,5,555
15933,40865.55139,3,1107.46,4,3,4,434
15935,40647.56042,2,416.86,1,2,2,122
15937,40822.65833,1,145.35,3,0,1,301
15938,40774.53889,5,404.58,2,4,2,242
15939,40797.47917,16,6102.26,2,5,5,255
15940,40575.68125,2,35.8,1,2,1,121
15942,40753.37569,1,337.44,2,0,2,202
15944,40610.43958,1,325.1,1,0,2,102
15945,40521.55139,1,181,1,0,1,101
15947,40804.44861,1,1708.24,2,0,4,204
15948,40878.64722,2,955.24,5,2,4,524
15949,40870.38125,2,364.72,4,2,2,422
15950,40885.44028,5,1750.06,5,4,4,544
15951,40885.78958,3,669.57,5,3,3,533
15952,40853.47083,4,786.07,3,3,3,333
15953,40871.64722,10,1632.43,4,5,4,454
15955,40862.59375,14,4389.81,4,5,5,455
15957,40855.50972,1,428.89,3,0,2,302
15958,40812.57014,1,104.35,2,0,1,201
15963,40867.48125,2,470.76,4,2,3,423
15965,40869.69722,4,808.87,4,3,3,433
15967,40863.65347,2,398.33,4,2,2,422
15969,40884.4625,4,582.9,5,3,3,533
15970,40583.50556,1,314.1,1,0,2,102
15971,40869.53472,12,4199.85,4,5,5,455
15973,40651.40208,3,99.77,1,3,1,131
15974,40847.55069,8,3448.27,3,5,5,355
15975,40802.56458,1,371.01,2,0,2,202
15976,40721.54167,2,427.64,2,2,2,222
15977,40869.56181,2,1054.73,4,2,4,424
15978,40809.63958,1,1098.78,2,0,4,204
15980,40798.40347,3,2398.86,2,3,5,235
15981,40862.33333,8,3408.48,4,5,5,455
15983,40864.73194,4,1465.12,4,3,4,434
15984,40884.51111,11,2794.43,5,5,5,555
15985,40763.68819,3,1142.42,2,3,4,234
15986,40856.63681,1,168.12,4,0,1,401
15987,40874.65139,7,1437.45,4,4,4,444
15988,40867.55764,1,156.78,4,0,1,401
15990,40842.66528,2,792.11,3,2,3,323
15992,40883.45833,1,41.99,5,0,1,501
15993,40878.44792,10,2741.12,5,5,5,555
15994,40832.51944,1,427.07,3,0,2,302
15996,40798.63472,7,1016.68,2,4,4,244
15998,40850.53125,6,3074.42,3,4,5,345
16000,40884.51181,3,12393.7,5,3,5,535
16003,40857.41458,5,2735.37,4,4,5,445
16005,40874.57431,4,578.71,4,3,3,433
16006,40675.55,1,101.4,1,0,1,101
16007,40839.46181,4,1700.71,3,3,4,334
16008,40863.43889,3,478.78,4,3,3,433
16009,40864.70208,4,972.11,4,3,4,434
16010,40641.42639,3,392.4,1,3,2,132
16011,40878.68819,16,3352.96,5,5,5,555
16012,40851.55903,3,1415.29,3,3,4,334
16013,40883.44167,51,37022.25,5,5,5,555
16014,40851.47431,4,637.58,3,3,3,333
16015,40883.45694,4,694.38,5,3,3,533
16016,40883.60764,10,1440.06,5,5,4,554
16017,40839.53889,1,211.88,3,0,1,301
16018,40847.59236,2,408.9,3,2,2,322
16019,40885.42083,10,3627.24,5,5,5,555
16020,40870.47083,2,851.01,4,2,3,423
16022,40626.55278,1,602.63,1,0,3,103
16023,40840.69028,3,719.81,3,3,3,333
16024,40874.55972,1,251.03,4,0,2,402
16025,40857.48958,1,439.66,4,0,2,402
16026,40843.57847,1,236.09,3,0,1,301
16027,40795.44931,7,852.12,2,4,3,243
16029,40848.43542,73,65765.61,3,5,5,355
16030,40577.47778,1,331.24,1,0,2,102
16031,40794.54653,2,548.94,2,2,3,223
16033,40881.53056,27,8703.71,5,5,5,555
16034,40690.67847,3,437.7,1,3,2,132
16036,40799.62014,2,758.92,2,2,3,223
16037,40617.38403,3,855.02,1,3,3,133
16038,40879.52778,4,454.33,5,3,2,532
16040,40821.57431,3,1313.55,3,3,4,334
16041,40856.51736,3,3166.4,4,3,5,435
16042,40864.74306,7,1181.37,4,4,4,444
16043,40849.53472,4,773.99,3,3,3,333
16045,40767.52847,4,1340.7,2,3,4,234
16048,40801.425,3,243.69,2,3,2,232
16049,40846.55486,3,1078.96,3,3,4,334
16050,40713.48889,1,137.9,2,0,1,201
16052,40832.63403,1,362.06,3,0,2,302
16053,40854.47292,2,1511.95,3,2,4,324
16054,40741.54722,1,783.9,2,0,3,203
16055,40666.39306,1,134.8,1,0,1,101
16056,40841.63819,1,650.75,3,0,3,303
16057,40882.69167,9,2155.22,5,5,5,555
16059,40821.41389,6,1453.16,3,4,4,344
16061,40617.61181,1,-29.95,1,0,1,101
16062,40877.51042,4,1153.62,5,3,4,534
16063,40626.62222,2,335.32,1,2,2,122
16065,40521.54375,1,367.14,1,0,2,102
16066,40870.49583,5,1521.87,4,4,4,444
16070,40864.65972,2,852.15,4,2,3,423
16071,40842.46806,1,326.24,3,0,2,302
16072,40598.60556,1,584.32,1,0,3,103
16073,40595.52292,2,94.35,1,2,1,121
16076,40883.62431,11,2173.53,5,5,5,555
16078,40603.40764,1,79.2,1,0,1,101
16079,40870.53333,3,1352,4,3,4,434
16080,40805.44583,3,176.6,2,3,1,231
16081,40830.54583,5,2806.9,3,4,5,345
16083,40786.44931,2,1317.62,2,2,4,224
16084,40587.67014,1,436.18,1,0,2,102
16085,40863.55833,5,981.51,4,4,4,444
16086,40827.54792,6,1119.31,3,4,4,344
16091,40732.36458,2,315.06,2,2,2,222
16092,40788.49028,5,809.36,2,4,3,243
16093,40780.46458,1,17,2,0,1,201
16094,40875.53125,5,1041.83,4,4,4,444
16096,40622.56806,1,320.62,1,0,2,102
16097,40646.57431,1,185.05,1,0,1,101
16098,40799.41597,8,2005.63,2,5,4,254
16099,40836.55069,3,731.9,3,3,3,333
16101,40877.70417,3,1260.96,5,3,4,534
16102,40844.55486,3,1842.14,3,3,4,334
16103,40879.59444,6,1429.64,5,4,4,544
16104,40825.43264,1,302.36,3,0,2,302
16105,40638.42569,1,336.96,1,0,2,102
16106,40821.44236,1,108.38,3,0,1,301
16107,40869.40278,7,3204.16,4,4,5,445
16108,40802.49375,2,816.1,2,2,3,223
16109,40668.38681,2,611.88,1,2,3,123
16110,40841.60764,3,1320.95,3,3,4,334
16112,40743.60278,4,195.74,2,3,1,231
16113,40703.67778,1,161.38,1,0,1,101
16114,40716.42569,1,135.75,2,0,1,201
16115,40877.48056,8,1665.83,5,5,4,554
16116,40681.39097,2,592.88,1,2,3,123
16117,40697.4875,1,232.21,1,0,1,101
16119,40878.63264,2,423.36,5,2,2,522
16120,40827.59861,5,1294.14,3,4,4,344
16121,40829.54097,2,865.16,3,2,3,323
16122,40813.64861,4,684.42,2,3,3,233
16123,40835.3875,1,307.78,3,0,2,302
16124,40570.67014,2,187.15,1,2,1,121
16125,40519.65833,1,289.35,1,0,2,102
16126,40857.66875,4,6287.77,4,3,5,435
16127,40847.58194,1,656.25,3,0,3,303
16128,40869.46806,5,1880.22,4,4,4,444
16131,40835.49514,5,3506.54,3,4,5,345
16133,40883.475,46,14338.66,5,5,5,555
16134,40865.42014,3,603.69,4,3,3,433
16135,40624.52083,1,517.55,1,0,3,103
16136,40827.38194,3,709.38,3,3,3,333
16138,40518.63194,1,-7.95,1,0,1,101
16139,40868.35903,3,635.41,4,3,3,433
16140,40834.45764,4,720.77,3,3,3,333
16141,40798.54931,1,620.4,2,0,3,203
16142,40637.42778,1,535.34,1,0,3,103
16143,40883.59236,7,2419.84,5,4,5,545
16144,40640.42292,1,175.2,1,0,1,101
16145,40878.43958,18,3746.98,5,5,5,555
16146,40729.59722,3,734.13,2,3,3,233
16147,40753.41458,1,375,2,0,2,202
16148,40590.58403,1,76.32,1,0,1,101
16149,40882.47847,2,280.52,5,2,2,522
16150,40848.39514,11,1911.07,3,5,4,354
16152,40618.40764,1,1829.04,1,0,4,104
16153,40837.45139,5,1824.23,3,4,4,344
16156,40878.52917,13,2994.62,5,5,5,555
16157,40871.48681,4,644.24,4,3,3,433
16159,40605.51875,1,348.2,1,0,2,102
16160,40822.77083,4,1009.45,3,3,4,334
16161,40885.50694,25,5364.93,5,5,5,555
16162,40634.62708,1,37.4,1,0,1,101
16163,40661.82153,3,856.6,1,3,3,133
16164,40869.62778,4,802.53,4,3,3,433
16168,40876.53125,27,3787.6,5,5,5,555
16169,40878.64444,4,1822.97,5,3,4,534
16170,40836.34792,7,1880.42,3,4,4,344
16171,40827.61875,1,73.2,3,0,1,301
16172,40791.55694,4,1140.21,2,3,4,234
16173,40871.45347,7,1406.57,4,4,4,444
16174,40760.55972,3,1009.55,2,3,4,234
16175,40792.60556,4,1037.59,2,3,4,234
16177,40836.53958,1,331.95,3,0,2,302
16178,40748.67014,1,197.9,2,0,1,201
16179,40826.40347,1,215.83,3,0,1,301
16180,40786.68611,10,10217.48,2,5,5,255
16181,40813.56806,1,305.54,2,0,2,202
16182,40814.55764,4,6617.65,2,3,5,235
16183,40819.62431,1,338.71,3,0,2,302
16184,40822.73819,7,1155.54,3,4,4,344
16185,40870.40347,2,529.41,4,2,3,423
16186,40864.52986,13,4006.94,4,5,5,455
16187,40855.40972,17,6841.24,3,5,5,355
16188,40842.51319,4,981.86,3,3,4,334
16189,40871.49097,2,215.48,4,2,1,421
16190,40846.66597,1,215.08,3,0,1,301
16191,40884.47639,25,4913.32,5,5,5,555
16193,40650.48958,1,314.45,1,0,2,102
16198,40811.62361,1,400.68,2,0,2,202
16200,40882.61111,2,1068.87,5,2,4,524
16201,40883.66806,5,1821.52,5,4,4,544
16202,40526.44653,1,365.27,1,0,2,102
16203,40828.52153,5,589.15,3,4,3,343
16204,40863.56944,1,384.18,4,0,2,402
16205,40856.39722,4,761.38,4,3,3,433
16206,40832.44514,4,537.06,3,3,3,333
16207,40861.57708,1,394.38,4,0,2,402
16208,40842.48333,2,664.26,3,2,3,323
16209,40798.49861,5,2262.62,2,4,5,245
16210,40885.525,18,21086.3,5,5,5,555
16211,40805.68264,2,542.77,2,2,3,223
16212,40867.54167,3,681.19,4,3,3,433
16213,40808.41875,1,159,2,0,1,201
16214,40716.47917,3,1062.75,2,3,4,234
16215,40806.42917,1,242.35,2,0,2,202
16216,40619.64861,1,914.93,1,0,4,104
16217,40651.56319,4,259.39,1,3,2,132
16218,40857.41597,8,3054.87,4,5,5,455
16221,40850.48819,3,860.86,3,3,3,333
16222,40568.56806,1,773.55,1,0,3,103
16224,40829.74375,4,1295.3,3,3,4,334
16225,40842.35417,5,1096.32,3,4,4,344
16226,40683.61181,3,255.12,1,3,2,132
16227,40667.68542,2,308.32,1,2,2,122
16229,40799.71944,2,1010.6,2,2,4,224
16230,40697.42083,2,542.03,1,2,3,123
16232,40854.46667,5,983.23,3,4,4,344
16233,40815.72708,5,422.13,2,4,2,242
16235,40846.45556,6,858.41,3,4,3,343
16236,40808.59028,1,432.2,2,0,2,202
16239,40830.35347,3,372.9,3,3,2,332
16240,40878.58472,5,3693.81,5,4,5,545
16241,40877.46389,13,2591.97,5,5,5,555
16242,40878.63333,8,3577.46,5,5,5,555
16243,40853.52222,2,409.1,3,2,2,322
16244,40675.42917,2,1522.75,1,2,4,124
16245,40863.42639,5,1352.36,4,4,4,444
16247,40716.59931,1,114.56,2,0,1,201
16248,40825.48056,1,152.94,3,0,1,301
16249,40834.42153,5,1800.07,3,4,4,344
16250,40625.62986,2,389.44,1,2,2,122
16252,40520.67708,1,-155.09,1,0,1,101
16253,40855.47431,3,3665.62,3,3,5,335
16255,40870.52778,10,2609.3,4,5,5,455
16256,40629.50972,2,732.63,1,2,3,123
16257,40710.42431,1,46.95,2,0,1,201
16258,40841.5625,5,5203.51,3,4,5,345
16260,40836.40278,1,1035.45,3,0,4,304
16261,40869.72431,4,744.39,4,3,3,433
16262,40526.49653,1,-31.65,1,0,1,101
16265,40877.69514,11,5438.75,5,5,5,555
16266,40813.50556,7,861.89,2,4,3,243
16268,40815.77083,1,667.65,2,0,3,203
16270,40533.60139,1,1141.24,1,0,4,104
16271,40884.53125,6,1398.69,5,4,4,544
16272,40770.45417,2,411.7,2,2,2,222
16274,40513.64931,1,351.75,1,0,2,102
16275,40690.52847,1,559.87,1,0,3,103
16276,40710.39861,1,810.6,2,0,3,203
16278,40863.67292,3,537.83,4,3,3,433
16279,40865.625,4,1496.68,4,3,4,434
16281,40814.62292,1,2062.06,2,0,5,205
16282,40547.4875,1,168.3,1,0,1,101
16283,40881.50556,7,1531.51,5,4,4,544
16284,40855.675,2,812.68,4,2,3,423
16287,40717.38056,1,142.5,2,0,1,201
16292,40769.60417,2,280.9,2,2,2,222
16293,40878.38403,10,2236.74,5,5,5,555
16295,40877.34514,4,1328.55,5,3,4,534
16297,40674.46875,4,275.4,1,3,2,132
16298,40864.49931,3,598.2,4,3,3,433
16302,40779.39236,2,212.82,2,2,1,221
16303,40861.45069,4,5345.83,4,3,5,435
16305,40748.5125,1,361.22,2,0,2,202
16306,40673.50833,8,602.27,1,5,3,153
16308,40849.475,4,2560,3,3,5,335
16309,40795.51806,3,686.67,2,3,3,233
16311,40869.37083,2,616.26,4,2,3,423
16313,40883.54306,2,274.15,5,2,2,522
16315,40556.49792,1,226.37,1,0,1,101
16316,40822.575,12,2880.56,3,5,5,355
16317,40767.53194,3,1341.65,2,3,4,234
16318,40851.54514,1,328.15,3,0,2,302
16319,40669.47708,1,404.4,1,0,2,102
16320,40714.64236,2,1038.46,2,2,4,224
16321,40814.62153,6,230.7,2,4,1,241
16322,40885.65347,2,326.75,5,2,2,522
16323,40690.61667,1,207.5,1,0,1,101
16324,40758.54028,3,408.59,2,3,2,232
16325,40842.68681,5,510.54,3,4,3,343
16326,40881.42431,15,3070.87,5,5,5,555
16327,40872.55764,6,3820.27,4,4,5,445
16330,40869.51667,4,242.21,4,3,2,432
16332,40858.59861,8,1585.7,4,5,4,454
16333,40879.51319,21,26626.8,5,5,5,555
16337,40850.41875,1,151.05,3,0,1,301
16338,40729.58056,1,214.8,2,0,1,201
16339,40602.57014,1,94.05,1,0,1,101
16340,40779.62014,1,549.07,2,0,3,203
16341,40862.38333,6,1959.38,4,4,4,444
16342,40811.60833,4,322.41,2,3,2,232
16343,40870.73958,2,328.58,4,2,2,422
16344,40728.65972,1,101.1,2,0,1,201
16345,40842.66875,1,584.96,3,0,3,303
16347,40875.55139,2,851.2,4,2,3,423
16348,40854.65556,7,1415.65,3,4,4,344
16349,40596.52778,1,53.5,1,0,1,101
16350,40865.66181,5,1100.47,4,4,4,444
16351,40554.43472,1,153.9,1,0,1,101
16352,40869.43889,2,494.44,4,2,3,423
16353,40883.51597,22,6675.71,5,5,5,555
16354,40823.60278,2,395.8,3,2,2,322
16356,40689.49375,4,210.32,1,3,1,131
16357,40853.66944,3,658.88,3,3,3,333
16358,40885.63125,5,2024.95,5,4,5,545
16359,40879.71111,12,1710.37,5,5,4,554
16360,40882.51111,8,3404.38,5,5,5,555
16361,40877.52222,4,891.21,5,3,3,533
16362,40854.54236,9,652.07,3,5,3,353
16363,40833.59306,1,109.36,3,0,1,301
16364,40875.47708,2,705.79,4,2,3,423
16365,40869.475,9,1540.42,4,5,4,454
16366,40868.34653,1,327.3,4,0,2,402
16367,40849.55069,2,805.71,3,2,3,323
16368,40884.55,2,479.91,5,2,3,523
16369,40868.68403,3,1553.66,4,3,4,434
16370,40804.66319,4,1311.94,2,3,4,234
16372,40853.54722,2,355.73,3,2,2,322
16374,40820.63958,2,470.93,3,2,3,323
16376,40878.48472,3,965.47,5,3,4,534
16377,40619.65347,1,676.2,1,0,3,103
16378,40639.62986,3,362.95,1,3,2,132
16379,40882.65139,5,2131.9,5,4,5,545
16380,40825.65278,1,1780.59,3,0,4,304
16383,40812.53125,2,668.36,2,2,3,223
16384,40797.47153,2,584.5,2,2,3,223
16385,40826.55,3,554.86,3,3,3,333
16386,40858.51944,2,302.57,4,2,2,422
16387,40564.48194,1,94.36,1,0,1,101
16389,40833.61181,5,1362.27,3,4,4,344
16392,40617.50764,1,217.89,1,0,1,101
16393,40884.53542,20,2952.75,5,5,5,555
16394,40836.80278,9,1412.06,3,5,4,354
16395,40826.53472,5,1486.9,3,4,4,344
16398,40742.42639,4,1631.15,2,3,4,234
16399,40867.675,2,408.02,4,2,2,422
16400,40792.51875,1,303.93,2,0,2,202
16401,40885.76042,20,4061.24,5,5,5,555
16402,40622.51736,2,293.45,1,2,2,122
16403,40584.69444,2,161.05,1,2,1,121
16404,40816.62153,1,443.05,3,0,2,302
16405,40584.64167,2,167.25,1,2,1,121
16406,40868.49792,1,154.35,4,0,1,401
16407,40874.46181,9,2121.98,4,5,5,455
16409,40850.69792,5,2022.98,3,4,5,345
16411,40867.55764,2,211.7,4,2,1,421
16412,40833.52431,1,151.83,3,0,1,301
16413,40830.50556,1,262.2,3,0,2,302
16414,40865.40417,2,126.25,4,2,1,421
16415,40842.56597,1,200.27,3,0,1,301
16416,40860.53472,4,1046.99,4,3,4,434
16418,40842.52708,3,631.12,3,3,3,333
16419,40774.52292,7,959.48,2,4,4,244
16422,40869.58333,74,33907.69,4,5,5,455
16423,40862.38958,1,346.12,4,0,2,402
16424,40695.56944,2,133.56,1,2,1,121
16425,40584.60417,1,302.7,1,0,2,102
16426,40884.58403,10,1886.61,5,5,4,554
16427,40623.71528,2,241.06,1,2,2,122
16428,40805.68819,1,-2.95,2,0,1,201
16429,40780.57917,1,284.55,2,0,2,202
16430,40829.61597,1,300.85,3,0,2,302
16431,40673.58958,3,623.28,1,3,3,133
16432,40822.58264,1,287.4,3,0,2,302
16433,40858.58958,1,189.3,4,0,1,401
16434,40857.60278,7,1511.8,4,4,4,444
16438,40881.45208,5,798.35,5,4,3,543
16440,40879.50139,5,3640.67,5,4,5,545
16441,40819.74167,2,381.2,3,2,2,322
16442,40885.48819,3,609.3,5,3,3,533
16444,40840.57639,5,638.77,3,4,3,343
16445,40853.52222,1,230.51,3,0,1,301
16446,40886.39375,3,168472.49,5,3,5,535
16447,40751.53125,1,255.91,2,0,2,202
16448,40688.68611,1,182.99,1,0,1,101
16449,40696.46319,3,674.69,1,3,3,133
16450,40737.49097,1,311.92,2,0,2,202
16451,40799.38681,1,266.97,2,0,2,202
16454,40842.48611,3,-8.15,3,3,1,331
16455,40823.51181,7,1841.18,3,4,4,344
16456,40787.57639,5,2158.18,2,4,5,245
16457,40668.55486,1,208.36,1,0,1,101
16458,40884.39861,18,3482.74,5,5,5,555
16460,40858.57361,3,814.72,4,3,3,433
16461,40709.50486,1,142.92,2,0,1,201
16462,40822.76111,4,136,3,3,1,331
16463,40865.58403,7,1403.7,4,4,4,444
16464,40867.50764,3,1308.91,4,3,4,434
16466,40853.48264,7,1600.91,3,4,4,344
16468,40812.59236,1,74.9,2,0,1,201
16469,40863.51736,4,632.07,4,3,3,433
16470,40835.50764,5,757.44,3,4,3,343
16471,40612.40347,1,223.95,1,0,1,101
16473,40722.38194,4,314.86,2,3,2,232
16474,40879.54306,11,1824.25,5,5,4,554
16475,40798.60903,4,544.3,2,3,3,233
16477,40823.40556,7,2494.46,3,4,5,345
16478,40861.66042,3,331,4,3,2,432
16479,40876.56944,2,300.83,5,2,2,522
16480,40811.48611,1,769.29,2,0,3,203
16482,40871.52292,1,220.62,4,0,1,401
16483,40694.54722,1,139.35,1,0,1,101
16484,40713.50417,3,379.4,2,3,2,232
16485,40809.65972,1,363.65,2,0,2,202
16488,40853.57083,4,492.2,3,3,3,333
16491,40840.42917,1,731.5,3,0,3,303
16493,40814.46736,6,1329.66,2,4,4,244
16494,40590.53403,1,826.53,1,0,3,103
16495,40883.55556,3,650.21,5,3,3,533
16496,40878.43819,4,1562.22,5,3,4,534
16497,40837.45486,6,3000.37,3,4,5,345
16498,40725.62986,3,86.12,2,3,1,231
16499,40526.63889,5,319.1,1,4,2,142
16500,40882.50278,6,400.86,5,4,2,542
16503,40780.49028,5,1421.43,2,4,4,244
16504,40861.6375,1,465.88,4,0,2,402
16505,40855.50972,1,777.6,3,0,3,303
16506,40867.51181,2,90.3,4,2,1,421
16509,40590.39236,1,363.7,1,0,2,102
16510,40514.56875,1,248.1,1,0,2,102
16511,40865.44514,3,918.33,4,3,4,434
16513,40882.42917,4,874.59,5,3,3,533
16515,40834.54861,5,1624.14,3,4,4,344
16516,40856.62431,1,101.7,4,0,1,401
16517,40609.57639,1,162.7,1,0,1,101
16518,40825.62778,3,480.92,3,3,3,333
16519,40861.65347,2,215.08,4,2,1,421
16520,40700.55833,4,1036.62,1,3,4,134
16523,40885.37917,27,9295.67,5,5,5,555
16525,40884.62986,29,12197.57,5,5,5,555
16526,40715.50139,1,290.36,2,0,2,202
16527,40805.68125,1,228.06,2,0,1,201
16528,40883.53125,1,244.41,5,0,2,502
16529,40696.72431,1,455.25,1,0,2,102
16531,40864.68681,7,1244.59,4,4,4,444
16532,40869.46389,3,6748.8,4,3,5,435
16533,40867.54722,5,1031.62,4,4,4,444
16535,40881.6375,1,598.79,5,0,3,503
16536,40779.55556,2,539.02,2,2,3,223
16539,40884.36181,4,1388.81,5,3,4,534
16542,40833.44931,1,119.62,3,0,1,301
16545,40722.44236,1,339.3,2,0,2,202
16546,40596.47222,3,-95.93,1,3,1,131
16549,40876.62917,10,4038.2,5,5,5,555
16550,40778.46667,9,2266.25,2,5,5,255
16551,40791.40139,3,922.12,2,3,4,234
16552,40644.41944,2,379.73,1,2,2,122
16553,40723.65417,14,5715.57,2,5,5,255
16554,40883.61944,7,656.55,5,4,3,543
16555,40851.60486,2,285.89,3,2,2,322
16556,40820.48333,7,3313.79,3,4,5,345
16557,40862.58611,2,281.85,4,2,2,422
16558,40886.43056,24,8262.04,5,5,5,555
16560,40865.71181,3,816.51,4,3,3,433
16561,40881.49306,2,511.12,5,2,3,523
16563,40833.49375,1,1077.74,3,0,4,304
16565,40522.63958,1,173.7,1,0,1,101
16566,40871.69028,6,614.01,4,4,3,443
16567,40692.58125,2,865.6,1,2,3,123
16569,40883.64722,1,124.2,5,0,1,501
16570,40878.37222,15,3635.95,5,5,5,555
16571,40883.58819,5,1285.22,5,4,4,544
16572,40759.69028,4,999.7,2,3,4,234
16573,40813.47014,4,648.41,2,3,3,233
16574,40815.56875,1,451.44,2,0,2,202
16579,40521.625,1,-30.6,1,0,1,101
16581,40731.65972,2,70.44,2,2,1,221
16582,40773.70972,1,313.62,2,0,2,202
16583,40513.50208,1,233.45,1,0,1,101
16584,40806.57292,3,908.03,2,3,3,233
16586,40638.39722,1,463.95,1,0,2,102
16587,40654.66042,1,225.15,1,0,1,101
16589,40815.61806,3,459.24,2,3,2,232
16591,40818.44653,1,213.5,3,0,1,301
16592,40882.57569,19,4107.12,5,5,5,555
16593,40836.52847,3,334.71,3,3,2,332
16594,40811.58889,1,181.09,2,0,1,201
16595,40825.55208,1,360.16,3,0,2,302
16596,40871.41806,2,250.15,4,2,2,422
16597,40882.65556,1,90.04,5,0,1,501
16598,40609.57083,2,140.7,1,2,1,121
16600,40882.66667,6,829.12,5,4,3,543
16601,40846.46458,1,242.7,3,0,2,302
16602,40855.67917,2,509.73,4,2,3,423
16603,40812.42083,2,482.47,2,2,3,223
16607,40869.43333,16,3333.67,4,5,5,455
16609,40871.56389,9,5450.96,4,5,5,455
16610,40667.55069,1,75.66,1,0,1,101
16611,40700.65694,2,120.99,1,2,1,121
16612,40854.31806,4,1187.66,3,3,4,334
16613,40816.66111,1,618.59,3,0,3,303
16614,40704.48333,1,506.19,1,0,3,103
16616,40871.68819,2,500.42,4,2,3,423
16617,40651.44097,1,151.85,1,0,1,101
16618,40855.57778,6,2630.64,4,4,5,445
16619,40633.51389,2,204.41,1,2,1,121
16620,40883.51319,2,178.96,5,2,1,521
16621,40835.48472,4,813.48,3,3,3,333
16623,40641.42292,1,129.45,1,0,1,101
16624,40806.52708,2,810.57,2,2,3,223
16625,40612.53472,1,333.08,1,0,2,102
16626,40886.49722,20,4379.65,5,5,5,555
16627,40807.60972,1,322.8,2,0,2,202
16628,40857.53125,6,2183.04,4,4,5,445
16629,40813.44028,2,417.73,2,2,2,222
16633,40869.57014,7,2878.15,4,4,5,445
16634,40664.50625,2,217.9,1,2,1,121
16637,40854.55347,5,1124.59,3,4,4,344
16638,40864.46458,11,1676.47,4,5,4,454
16639,40861.57431,4,1169.38,4,3,4,434
16641,40781.53403,1,231.1,2,0,1,201
16642,40882.47986,3,679.83,5,3,3,533
16643,40641.35,1,487.51,1,0,3,103
16644,40709.52708,2,833.78,2,2,3,223
16647,40717.49097,2,214.06,2,2,1,221
16648,40848.41111,2,275.9,3,2,2,322
16650,40815.41042,1,518.42,2,0,3,203
16652,40833.48819,10,6654.26,3,5,5,355
16653,40870.61875,3,1166.92,4,3,4,434
16654,40745.64097,5,594.97,2,4,3,243
16655,40869.47569,6,3792.82,4,4,5,445
16656,40864.61319,21,8568.24,4,5,5,455
16657,40877.49167,4,874.43,5,3,3,533
16658,40518.57431,1,123.24,1,0,1,101
16659,40697.62708,1,39.12,1,0,1,101
16660,40870.62014,5,810.45,4,4,3,443
16665,40524.58542,1,135.4,1,0,1,101
16666,40867.58403,1,118.98,4,0,1,401
16667,40818.64306,2,567.18,3,2,3,323
16668,40871.73819,6,306.72,4,4,2,442
16669,40863.51806,3,1353.03,4,3,4,434
16670,40870.39861,17,4037.46,4,5,5,455
16671,40858.56944,3,1692.27,4,3,4,434
16672,40884.68681,23,8093.59,5,5,5,555
16674,40832.47986,2,319.61,3,2,2,322
16676,40853.50069,5,1575.72,3,4,4,344
16678,40884.51181,17,3098.83,5,5,5,555
16679,40520.57708,1,129.75,1,0,1,101
16680,40843.73264,1,183.7,3,0,1,301
16681,40814.46597,6,1770.34,2,4,4,244
16682,40882.50903,5,1028,5,4,4,544
16684,40882.5875,30,65978.48,5,5,5,555
16685,40825.58194,2,324.24,3,2,2,322
16686,40839.57569,9,2991.4,3,5,5,355
16688,40885.64167,4,1260.86,5,3,4,534
16689,40811.48542,3,348.26,2,3,2,232
16690,40843.45694,3,208.63,3,3,1,331
16692,40630.61528,2,1276,1,2,4,124
16693,40818.46528,2,477.86,3,2,3,323
16696,40751.59931,4,657.9,2,3,3,233
16697,40645.71667,1,112.75,1,0,1,101
16698,40660.45278,2,1998,1,2,4,124
16700,40878.45833,17,5040,5,5,5,555
16701,40878.46528,18,5150.27,5,5,5,555
16705,40886.50556,29,13946.13,5,5,5,555
16706,40849.57639,3,531.35,3,3,3,333
16708,40841.51389,1,656.63,3,0,3,303
16709,40802.45556,5,3029.87,2,4,5,245
16710,40867.61806,10,2467.99,4,5,5,455
16711,40883.68889,5,1651.03,5,4,4,544
16712,40877.575,10,3615.21,5,5,5,555
16713,40868.525,21,6856.13,4,5,5,455
16714,40668.46458,4,1129.06,1,3,4,134
16715,40808.76042,1,301.72,2,0,2,202
16716,40620.41875,3,319.8,1,3,2,132
16717,40877.7375,9,3293.06,5,5,5,555
16718,40517.54375,1,606.05,1,0,3,103
16719,40872.39375,8,1765.17,4,5,4,454
16720,40860.68194,1,152.95,4,0,1,401
16721,40624.67222,1,292.47,1,0,2,102
16722,40869.56111,16,4711.21,4,5,5,455
16723,40795.54236,2,589.15,2,2,3,223
16725,40584.70278,8,752.32,1,5,3,153
16726,40860.62014,5,1358.74,4,4,4,444
16727,40522.575,1,256.32,1,0,2,102
16728,40840.60833,5,1048.28,3,4,4,344
16729,40850.79931,26,7170.49,3,5,5,355
16730,40834.59097,4,702.79,3,3,3,333
16732,40855.4125,1,603.75,3,0,3,303
16734,40834.57222,3,646.76,3,3,3,333
16735,40808.49236,7,2216.06,2,4,5,245
16737,40833.54375,1,417.6,3,0,2,302
16738,40589.40694,1,3.75,1,0,1,101
16739,40714.71875,2,312.55,2,2,2,222
16742,40840.50139,2,29,3,2,1,321
16743,40857.55069,8,2196.88,4,5,5,455
16744,40875.54583,7,1318.03,4,4,4,444
16745,40800.49861,18,7157.1,2,5,5,255
16746,40882.52292,19,6676.76,5,5,5,555
16747,40861.56736,4,826.96,4,3,3,433
16748,40869.42847,5,1515.9,4,4,4,444
16750,40842.53333,5,623.93,3,4,3,343
16751,40856.45,1,1764.72,4,0,4,404
16752,40514.5125,1,207.5,1,0,1,101
16753,40828.55139,1,223.92,3,0,1,301
16754,40514.73472,1,2002.4,1,0,4,104
16755,40772.55625,5,1463.23,2,4,4,244
16756,40672.39792,1,239.4,1,0,2,102
16757,40568.49931,1,106.83,1,0,1,101
16758,40821.61597,1,369.34,3,0,2,302
16759,40879.52917,4,772.84,5,3,3,533
16761,40790.46875,1,316.62,2,0,2,202
16762,40867.48819,3,1207.24,4,3,4,434
16763,40701.6,2,594.9,1,2,3,123
16764,40883.48681,18,2754.85,5,5,5,555
16765,40592.65347,1,34,1,0,1,101
16766,40613.64028,2,1145.6,1,2,4,124
16767,40856.40417,11,5575.56,4,5,5,455
16768,40839.44306,5,458.04,3,4,2,342
16769,40626.57014,1,361.54,1,0,2,102
16770,40829.51458,6,737.8,3,4,3,343
16771,40853.56111,5,2247.29,3,4,5,345
16773,40829.60903,1,171.59,3,0,1,301
16774,40819.52847,5,654.92,3,4,3,343
16775,40876.64028,11,1695.66,5,5,4,554
16776,40826.54444,1,388.28,3,0,2,302
16777,40806.57014,2,222.62,2,2,1,221
16778,40812.575,2,245.94,2,2,2,222
16779,40884.62083,28,10552.75,5,5,5,555
16780,40786.67292,2,425.19,2,2,2,222
16781,40521.6375,2,294.65,1,2,2,122
16782,40876.55556,19,2230.3,5,5,5,555
16784,40867.51389,1,107.6,4,0,1,401
16788,40763.62014,2,594.39,2,2,3,223
16789,40878.63333,1,80.8,5,0,1,501
16790,40883.49514,8,1520.12,5,5,4,554
16791,40857.8,8,1690.28,4,5,4,454
16792,40604.61181,2,110.38,1,2,1,121
16793,40829.63056,1,243.84,3,0,2,302
16794,40885.74583,12,1200.56,5,5,4,554
16795,40521.58889,1,414.88,1,0,2,102
16796,40797.58403,1,305.62,2,0,2,202
16800,40875.5875,1,1162.65,5,0,4,504
16801,40723.64792,5,1036.33,2,4,4,244
16803,40821.60278,1,332.3,3,0,2,302
16804,40863.69653,3,536.99,4,3,3,433
16805,40713.47431,2,460.59,2,2,2,222
16806,40783.64375,4,783.75,2,3,3,233
16807,40744.5,3,1121.59,2,3,4,234
16808,40787.81528,2,288.42,2,2,2,222
16809,40863.65625,6,912.74,4,4,3,443
16810,40694.64722,2,275.64,1,2,2,122
16811,40882.48542,2,547.07,5,2,3,523
16812,40526.52431,1,479.35,1,0,3,103
16813,40878.58542,10,1660.16,5,5,4,554
16814,40872.56042,22,6425.6,4,5,5,455
16816,40783.59444,4,417.06,2,3,2,232
16817,40884.46042,13,1446.95,5,5,4,554
16818,40876.44514,13,3317.97,5,5,5,555
16820,40791.50417,1,497.61,2,0,3,203
16823,40659.625,1,358.38,1,0,2,102
16824,40871.52639,2,460.64,4,2,2,422
16825,40848.49375,2,775.18,3,2,3,323
16826,40835.58681,1,341.7,3,0,2,302
16828,40793.63194,2,128.5,2,2,1,221
16829,40730.45,1,197.22,2,0,1,201
16830,40848.48264,1,325.91,3,0,2,302
16832,40702.65,3,199.15,1,3,1,131
16833,40885.61042,4,1106.53,5,3,4,534
16834,40659.40069,1,413.46,1,0,2,102
16835,40758.57639,2,180.85,2,2,1,221
16836,40847.42014,2,251.87,3,2,2,322
16837,40855.60208,12,3167.73,4,5,5,455
16838,40689.55069,3,582.9,1,3,3,133
16839,40878.37708,39,15382.78,5,5,5,555
16841,40850.49375,7,1774.62,3,4,4,344
16842,40822.73472,4,1260.44,3,3,4,334
16843,40844.37917,17,10183.82,3,5,5,355
16846,40836.57986,1,214.32,3,0,1,301
16847,40843.56181,1,193.44,3,0,1,301
16848,40834.3625,1,281.42,3,0,2,302
16849,40700.38611,1,124.57,1,0,1,101
16850,40553.46458,1,332.41,1,0,2,102
16851,40882.56389,3,342.45,5,3,2,532
16852,40876.55694,2,144.91,5,2,1,521
16855,40863.50208,2,328.4,4,2,2,422
16856,40872.37431,1,35.4,4,0,1,401
16858,40520.61944,2,345.89,1,2,2,122
16859,40780.59167,5,525.14,2,4,3,243
16861,40827.37847,3,151.65,3,3,1,331
16863,40857.64097,4,501.35,4,3,3,433
16866,40746.42083,3,207.74,2,3,1,231
16869,40864.50139,5,806.92,4,4,3,443
16871,40864.81042,7,2761.49,4,4,5,445
16872,40809.67014,3,680.02,2,3,3,233
16873,40882.50347,10,7083.31,5,5,5,555
16875,40822.80556,9,2023.47,3,5,5,355
16877,40874.57431,6,846.62,4,4,3,443
16878,40862.36944,2,8.88178E-16,4,2,1,421
16880,40856.48125,7,1491.43,4,4,4,444
16881,40820.43958,1,432,3,0,2,302
16882,40820.44583,3,705.12,3,3,3,333
16883,40699.53542,2,272.48,1,2,2,122
16884,40849.49444,2,429.84,3,2,2,322
16885,40871.56944,3,455.86,4,3,2,432
16887,40851.58819,1,192.33,3,0,1,301
16889,40692.46181,3,1578.67,1,3,4,134
16891,40885.46875,5,742.43,5,4,3,543
16892,40885.55417,7,489.49,5,4,3,543
16893,40520.50417,1,145.93,1,0,1,101
16895,40822.51042,1,219.14,3,0,1,301
16897,40587.65625,3,213.03,1,3,1,131
16898,40860.65556,4,436.68,4,3,2,432
16899,40879.50208,6,1271.61,5,4,4,544
16900,40875.45139,5,187.69,4,4,1,441
16902,40770.59514,1,1706.88,2,0,4,204
16903,40857.64722,1,363.2,4,0,2,402
16904,40882.54861,16,3657.1,5,5,5,555
16905,40881.58403,8,3020.65,5,5,5,555
16906,40805.49236,4,577.82,2,3,3,233
16907,40857.75278,5,928.76,4,4,4,444
16909,40822.75417,2,379.14,3,2,2,322
16910,40882.53542,8,1510.91,5,5,4,554
16912,40863.66042,12,2508.87,4,5,5,455
16913,40596.53889,1,113.44,1,0,1,101
16914,40850.64375,1,183.76,3,0,1,301
16915,40877.69375,6,621.68,5,4,3,543
16916,40863.50556,2,562.41,4,2,3,423
16917,40610.49653,1,391.52,1,0,2,102
16918,40837.53472,7,1043.34,3,4,4,344
16919,40730.56597,11,2592.25,2,5,5,255
16921,40825.68194,1,169.79,3,0,1,301
16923,40874.54167,26,6780.25,4,5,5,455
16924,40865.53681,4,722.64,4,3,3,433
16926,40515.57083,1,230.25,1,0,1,101
16927,40771.46528,3,543.05,2,3,3,233
16928,40806.63194,19,2778.5,2,5,5,255
16929,40883.35903,7,1295.39,5,4,4,544
16930,40860.67569,3,383.59,4,3,2,432
16931,40881.55208,21,4597.24,5,5,5,555
16932,40833.59167,1,161.94,3,0,1,301
16933,40885.5375,5,530.08,5,4,3,543
16934,40832.52778,2,950.93,3,2,4,324
16936,40861.46111,1,261.9,4,0,2,402
16938,40878.43056,5,1878.43,5,4,4,544
16940,40834.55208,3,3049.88,3,3,5,335
16942,40874.52778,10,1878.51,4,5,4,454
16943,40675.49792,3,816.73,1,3,3,133
16945,40865.48542,18,4345.5,4,5,5,455
16947,40651.40139,1,406.48,1,0,2,102
16948,40748.53194,3,435.02,2,3,2,232
16949,40883.46319,7,1286.27,5,4,4,544
16950,40830.37917,3,1178.56,3,3,4,334
16951,40763.55903,4,1277.75,2,3,4,234
16952,40777.54375,2,167.61,2,2,1,221
16953,40856.6625,1,20.8,4,0,1,401
16954,40886.40694,9,2085.08,5,5,5,555
16955,40702.44167,5,518.67,1,4,3,143
16956,40877.60278,2,292.34,5,2,2,522
16957,40647.58056,2,416.64,1,2,2,122
16959,40799.62708,1,117.35,2,0,1,201
16960,40848.48264,3,507.05,3,3,3,333
16961,40770.57361,1,234.17,2,0,1,201
16963,40699.575,1,110.55,1,0,1,101
16965,40660.50556,1,201.19,1,0,1,101
16966,40878.56944,10,2148.47,5,5,5,555
16967,40697.6,1,319.02,1,0,2,102
16968,40882.62639,2,439.43,5,2,2,522
16969,40847.55,3,650.41,3,3,3,333
16971,40884.38542,2,357.21,5,2,2,522
16976,40619.68958,1,251.52,1,0,2,102
16978,40809.53472,1,344.33,2,0,2,202
16979,40883.51458,8,1842.05,5,5,4,554
16980,40631.69167,2,1048.26,1,2,4,124
16982,40826.51944,1,384.06,3,0,2,302
16983,40874.50694,8,1899.77,4,5,4,454
16984,40808.76458,5,4379.48,2,4,5,245
16985,40869.56458,11,5461.62,4,5,5,455
16986,40857.49653,2,1873.2,4,2,4,424
16987,40883.72639,7,1616.8,5,4,4,544
16988,40881.66806,1,126.12,5,0,1,501
16989,40879.69375,6,1133.25,5,4,4,544
16990,40668.35417,1,179,1,0,1,101
16992,40876.49306,6,1601.86,5,4,4,544
16995,40514.71458,1,-1.25,1,0,1,101
16996,40856.69653,9,1427.46,4,5,4,454
16997,40598.72778,3,702,1,3,3,133
16998,40737.40903,6,287.02,2,4,2,242
16999,40863.57847,2,484.82,4,2,3,423
17001,40886.40139,11,3989.57,5,5,5,555
17002,40813.7,4,1487.78,2,3,4,234
17004,40840.60069,2,1412.94,3,2,4,324
17006,40882.50625,4,781.78,5,3,3,533
17007,40836.44931,7,877.43,3,4,3,343
17010,40870.46111,2,185.46,4,2,1,421
17011,40856.5625,1,270.9,4,0,2,402
17014,40878.58958,4,562.68,5,3,3,533
17015,40858.44792,3,1838.61,4,3,4,434
17017,40884.39722,27,8611.11,5,5,5,555
17018,40846.4875,2,920.1,3,2,4,324
17019,40875.54583,4,1262.76,4,3,4,434
17022,40855.71458,1,71,4,0,1,401
17024,40841.57431,3,95.85,3,3,1,331
17025,40826.37917,3,357.77,3,3,2,332
17026,40701.60278,2,154.83,1,2,1,121
17027,40808.51667,7,837.94,2,4,3,243
17029,40776.4625,2,716,2,2,3,223
17030,40823.36736,1,146.87,3,0,1,301
17031,40875.43264,2,380.35,4,2,2,422
17033,40800.60694,3,1030.14,2,3,4,234
17034,40870.63472,4,734.57,4,3,3,433
17035,40641.47431,3,388.33,1,3,2,132
17037,40808.72222,2,1253.22,2,2,4,224
17038,40856.57639,1,112.4,4,0,1,401
17040,40749.42986,1,449.73,2,0,2,202
17041,40860.47292,4,1055.69,4,3,4,434
17042,40884.51806,5,1036.58,5,4,4,544
17043,40854.64792,4,1735.18,3,3,4,334
17044,40878.37083,3,897.43,5,3,3,533
17045,40773.71458,3,339.44,2,3,2,232
17046,40729.6,1,642.02,2,0,3,203
17047,40801.56042,3,1100.9,2,3,4,234
17048,40771.61875,6,864.32,2,4,3,243
17049,40884.45,11,5594.78,5,5,5,555
17050,40790.575,6,3190.59,2,4,5,245
17051,40692.59236,1,240.89,1,0,2,102
17052,40858.61806,1,399.09,4,0,2,402
17053,40758.45486,2,496.38,2,2,3,223
17054,40858.53889,6,1353.83,4,4,4,444
17058,40805.42569,3,1179.89,2,3,4,234
17059,40857.51875,5,3080.39,4,4,5,445
17060,40620.56042,1,234.24,1,0,1,101
17061,40813.475,12,5116.13,2,5,5,255
17062,40573.45903,5,529.43,1,4,3,143
17063,40878.36528,11,1446.59,5,5,4,554
17064,40828.42917,3,855.45,3,3,3,333
17065,40743.61458,1,-112.35,2,0,1,201
17068,40874.55139,22,4531.34,4,5,5,455
17069,40858.71736,13,2655.22,4,5,5,455
17070,40772.70903,1,304.24,2,0,2,202
17071,40878.37917,14,2385.48,5,5,5,555
17073,40869.49097,4,1446.09,4,3,4,434
17075,40869.49861,5,813.77,4,4,3,443
17076,40850.74514,3,841.08,3,3,3,333
17078,40850.80347,2,453.08,3,2,2,322
17079,40808.64861,1,118.8,2,0,1,201
17080,40864.54097,3,285.5,4,3,2,432
17081,40861.53889,2,288.91,4,2,2,422
17082,40853.63681,2,2003.85,3,2,4,324
17083,40777.65486,3,1405.78,2,3,4,234
17084,40851.62083,2,2747.99,3,2,5,325
17085,40763.59375,6,1550.8,2,4,4,244
17086,40879.57917,6,2050.08,5,4,5,545
17088,40858.59931,4,1991.01,4,3,4,434
17090,40882.57222,8,2041.85,5,5,5,555
17091,40884.44653,9,3802.81,5,5,5,555
17092,40836.82708,4,1774.03,3,3,4,334
17094,40568.725,2,270.2,1,2,2,122
17095,40864.69444,6,1088.2,4,4,4,444
17096,40877.62847,7,992.68,5,4,4,544
17097,40884.71181,9,942.87,5,5,4,554
17100,40868.69167,1,971.74,4,0,4,404
17101,40876.58125,4,1621.73,5,3,4,534
17102,40625.42222,1,25.5,1,0,1,101
17105,40727.66181,2,665.78,2,2,3,223
17107,40854.36181,7,10813.98,3,4,5,345
17109,40857.70764,8,867.88,4,5,3,453
17110,40721.54028,1,163.3,2,0,1,201
17111,40839.66597,1,231.61,3,0,1,301
17114,40881.51181,10,739.72,5,5,3,553
17115,40878.60417,5,806.9,5,4,3,543
17117,40598.57917,1,116.2,1,0,1,101
17118,40569.51319,1,157.02,1,0,1,101
17119,40883.61111,3,593.61,5,3,3,533
17120,40653.63958,1,307.46,1,0,2,102
17122,40767.60625,1,138.32,2,0,1,201
17123,40725.44931,1,345.3,2,0,2,202
17124,40701.58472,1,294.24,1,0,2,102
17125,40836.61181,1,230.5,3,0,1,301
17126,40734.57778,7,976.55,2,4,4,244
17128,40552.50139,1,157.09,1,0,1,101
17131,40881.53611,5,2463.17,5,4,5,545
17133,40871.51875,7,4892.24,4,4,5,445
17134,40780.41181,2,413.2,2,2,2,222
17135,40870.7,7,1139.73,4,4,4,444
17138,40611.49583,1,380.5,1,0,2,102
17139,40871.425,15,10585.57,4,5,5,455
17140,40639.56458,1,454.12,1,0,2,102
17142,40647.76528,1,579,1,0,3,103
17144,40885.74792,2,984.57,5,2,4,524
17146,40781.53056,3,749.78,2,3,3,233
17147,40864.52222,6,1679.64,4,4,4,444
17148,40835.41597,1,124.88,3,0,1,301
17152,40692.51319,4,1689.5,1,3,4,134
17153,40862.57083,1,213.78,4,0,1,401
17154,40811.57083,1,329.34,2,0,2,202
17155,40869.52639,2,251.7,4,2,2,422
17157,40879.38194,3,306.55,5,3,2,532
17158,40854.63542,3,1266.97,3,3,4,334
17159,40865.45278,4,1534.73,4,3,4,434
17160,40855.58681,6,3518.03,4,4,5,445
17162,40858.48194,10,1722.81,4,5,4,454
17163,40865.37292,2,293.1,4,2,2,422
17164,40854.38472,8,2466.4,3,5,5,355
17165,40602.69375,1,158.68,1,0,1,101
17166,40848.40694,3,189.49,3,3,1,331
17169,40836.80208,4,816.88,3,3,3,333
17171,40597.69236,1,224.91,1,0,1,101
17172,40812.50278,2,313.26,2,2,2,222
17173,40881.61111,9,3755.65,5,5,5,555
17174,40669.49097,1,59.9,1,0,1,101
17175,40842.64653,5,1430.94,3,4,4,344
17176,40685.52847,1,306.13,1,0,2,102
17179,40708.7,3,711.79,2,3,3,233
17180,40830.65694,6,768.32,3,4,3,343
17181,40829.61667,2,239.92,3,2,2,322
17183,40879.42153,8,3286.91,5,5,5,555
17186,40840.43056,2,144,3,2,1,321
17187,40660.52708,1,203.95,1,0,1,101
17188,40875.57847,9,2275.58,5,5,5,555
17189,40780.81875,2,383.75,2,2,2,222
17190,40828.48125,3,444.74,3,3,2,332
17191,40858.70694,7,2095.13,4,4,5,445
17193,40851.53264,9,1674.46,3,5,4,354
17194,40613.50347,2,262.62,1,2,2,122
17197,40857.43889,1,1013.01,4,0,4,404
17198,40863.44375,3,692.22,4,3,3,433
17201,40833.49653,1,342.63,3,0,2,302
17203,40851.51875,6,3561.73,3,4,5,345
17204,40717.57917,9,1386.91,2,5,4,254
17205,40833.53194,1,384.08,3,0,2,302
17206,40833.55903,1,204.24,3,0,1,301
17211,40860.50208,9,2314.67,4,5,5,455
17212,40633.82083,1,226.85,1,0,1,101
17213,40846.62014,11,2741.08,3,5,5,355
17214,40826.55347,7,1067.42,3,4,4,344
17217,40652.72153,1,113.5,1,0,1,101
17218,40882.57778,10,1951.97,5,5,4,554
17219,40855.47569,1,114.23,3,0,1,301
17220,40862.57431,14,3191.35,4,5,5,455
17221,40879.56597,2,334.48,5,2,2,522
17222,40821.58194,1,354.15,3,0,2,302
17223,40576.66458,2,416.89,1,2,2,122
17226,40578.49444,1,393.49,1,0,2,102
17227,40868.45208,6,939.32,4,4,4,444
17228,40871.43333,8,1929.49,4,5,4,454
17229,40790.58056,2,318.76,2,2,2,222
17230,40622.675,11,3466.67,1,5,5,155
17231,40874.6375,14,3079.52,4,5,5,455
17232,40884.51458,2,417.77,5,2,2,522
17233,40851.5875,1,190.88,3,0,1,301
17234,40704.47222,1,149.89,1,0,1,101
17235,40861.66042,2,550.06,4,2,3,423
17236,40874.5,6,916.13,4,4,4,444
17237,40875.62639,2,314.69,5,2,2,522
17238,40884.48264,17,3719.1,5,5,5,555
17239,40574.40347,2,379.95,1,2,2,122
17242,40778.62153,2,1135.04,2,2,4,224
17243,40885.55972,30,8510.15,5,5,5,555
17244,40833.63819,1,954.9,3,0,4,304
17245,40682.44653,1,171.45,1,0,1,101
17247,40871.63958,1,280.09,4,0,2,402
17248,40766.56528,1,318.65,2,0,2,202
17250,40883.51042,2,381.97,5,2,2,522
17251,40524.4625,1,269.83,1,0,2,102
17252,40770.40625,2,348.91,2,2,2,222
17253,40868.54097,1,178.26,4,0,1,401
17254,40882.53194,2,271.19,5,2,2,522
17255,40846.5125,2,291.48,3,2,2,322
17256,40779.5625,2,240,2,2,2,222
17259,40738.62569,2,581.23,2,2,3,223
17262,40834.53889,5,1253.36,3,4,4,344
17263,40678.60556,1,63.44,1,0,1,101
17265,40748.45069,2,550.01,2,2,3,223
17266,40884.59167,3,296.58,5,3,2,532
17267,40759.72361,2,317.2,2,2,2,222
17268,40779.42083,4,763.64,2,3,3,233
17272,40844.69236,5,2144.53,3,4,5,345
17274,40851.55278,1,107.82,3,0,1,301
17277,40659.53264,2,1065.35,1,2,4,124
17278,40645.54861,1,246.04,1,0,2,102
17279,40829.49861,1,187.83,3,0,1,301
17282,40756.60347,3,1685.46,2,3,4,234
17284,40826.60972,7,1636.58,3,4,4,344
17286,40865.53264,1,151.37,4,0,1,401
17287,40860.56042,7,1049.06,4,4,4,444
17288,40877.67292,7,1418.28,5,4,4,544
17289,40855.50069,4,922.77,3,3,4,334
17290,40883.52639,2,525.76,5,2,3,523
17291,40578.54444,1,550.8,1,0,3,103
17293,40878.60903,9,1854.06,5,5,4,554
17295,40858.45069,3,547,4,3,3,433
17297,40869.61319,1,129.48,4,0,1,401
17298,40785.69653,2,498.42,2,2,3,223
17299,40875.50069,4,669.11,4,3,3,433
17301,40865.57153,1,163.24,4,0,1,401
17302,40872.4,6,1119.93,4,4,4,444
17303,40525.56389,1,250.04,1,0,2,102
17306,40876.50972,20,8600.73,5,5,5,555
17307,40521.64167,1,-152.64,1,0,1,101
17309,40791.63889,1,82.75,2,0,1,201
17311,40808.59097,2,1384.85,2,2,4,224
17312,40748.49444,3,644.3,2,3,3,233
17313,40869.39097,2,2288.13,4,2,5,425
17314,40862.40347,11,2514.76,4,5,5,455
17315,40886.49861,43,6193.43,5,5,5,555
17317,40840.72639,5,2524.02,3,4,5,345
17320,40786.56319,3,1200.62,2,3,4,234
17321,40878.57014,2,700.86,5,2,3,523
17323,40871.72847,9,894.44,4,5,3,453
17324,40869.44028,4,986.48,4,3,4,434
17325,40606.54792,1,96.8,1,0,1,101
17329,40872.6,2,523.11,4,2,3,423
17330,40864.37222,2,363.9,4,2,2,422
17331,40763.49653,1,175.2,2,0,1,201
17333,40801.42431,1,494.25,2,0,3,203
17334,40585.69028,3,306.6,1,3,2,132
17337,40735.62222,7,1897.51,2,4,4,244
17338,40869.59931,10,6461.79,4,5,5,455
17339,40792.56181,2,243.36,2,2,2,222
17340,40877.71667,14,11900.54,5,5,5,555
17341,40730.52292,3,682.29,2,3,3,233
17343,40531.62986,1,193.64,1,0,1,101
17344,40840.53889,1,157.62,3,0,1,301
17345,40871.62708,5,519.69,4,4,3,443
17346,40883.5125,16,2577.85,5,5,5,555
17347,40800.55,1,228.96,2,0,1,201
17348,40872.47569,5,1161.64,4,4,4,444
17349,40707.60347,1,98.25,1,0,1,101
17350,40878.65764,5,1251.44,5,4,4,544
17351,40850.78125,3,587.15,3,3,3,333
17353,40757.72153,2,1740,2,2,4,224
17354,40836.44028,1,1393.06,3,0,4,304
17356,40575.46319,1,178.22,1,0,1,101
17357,40862.6875,2,384.39,4,2,2,422
17358,40583.70625,2,360.81,1,2,2,122
17359,40875.60903,1,127.86,5,0,1,501
17360,40869.54931,3,568.24,4,3,3,433
17361,40837.65486,3,488.2,3,3,3,333
17362,40647.61319,2,312.23,1,2,2,122
17364,40886.375,12,4442.27,5,5,5,555
17365,40874.50903,8,4767.36,4,5,5,455
17367,40648.59792,1,167.55,1,0,1,101
17368,40863.64306,9,1315.72,4,5,4,454
17370,40814.42639,4,446.18,2,3,2,232
17371,40869.5625,3,418.4,4,3,2,432
17372,40846.48403,8,1337.18,3,5,4,354
17373,40846.64444,4,646.92,3,3,3,333
17374,40668.37847,2,495.77,1,2,3,123
17375,40696.72917,4,372.5,1,3,2,132
17376,40816.525,2,203.2,3,2,1,321
17377,40863.47014,21,4086.6,4,5,5,455
17379,40875.58056,1,389.72,5,0,2,502
17381,40878.49931,30,20272.43,5,5,5,555
17382,40821.54514,1,65.4,3,0,1,301
17383,40882.73333,1,193.39,5,0,1,501
17384,40867.65833,2,336.4,4,2,2,422
17385,40872.45972,1,256.11,4,0,2,402
17386,40879.47778,6,2686.42,5,4,5,545
17387,40867.45833,2,746.81,4,2,3,423
17388,40809.43819,4,1259.56,2,3,4,234
17389,40886.40139,43,31300.08,5,5,5,555
17391,40723.41528,2,508.8,2,2,3,223
17392,40580.53333,2,417.27,1,2,2,122
17394,40667.55694,1,203.87,1,0,1,101
17396,40847.59167,6,7330.8,3,4,5,345
17397,40864.58889,2,681.41,4,2,3,423
17398,40772.40833,3,653.38,2,3,3,233
17400,40760.65139,5,2097.84,2,4,5,245
17402,40882.42708,13,2649.45,5,5,5,555
17403,40850.6375,1,263.92,3,0,2,302
17404,40882.68472,17,31906.82,5,5,5,555
17405,40885.71667,5,967.22,5,4,4,544
17406,40556.53611,5,1912.72,1,4,4,144
17408,40723.53681,1,32.65,2,0,1,201
17409,40702.44167,2,771.85,1,2,3,123
17410,40870.65694,5,1214.72,4,4,4,444
17411,40874.60069,4,778.94,4,3,3,433
17412,40884.48333,7,1258.06,5,4,4,544
17414,40843.50903,2,778,3,2,3,323
17415,40807.53472,1,507.84,2,0,3,203
17416,40857.53264,9,6883.34,4,5,5,455
17418,40844.54167,2,463.46,3,2,2,322
17419,40875.57431,14,4200.97,5,5,5,555
17420,40836.61944,3,598.83,3,3,3,333
17422,40870.56042,10,1859.13,4,5,4,454
17423,40841.70069,4,663.63,3,3,3,333
17425,40867.64583,2,759.17,4,2,3,423
17426,40882.675,7,5037.26,5,4,5,545
17427,40815.47847,1,100.8,2,0,1,201
17428,40886.40625,32,17078.45,5,5,5,555
17429,40766.42569,4,512.12,2,3,3,233
17430,40854.39167,2,265.76,3,2,2,322
17431,40573.60833,1,403.3,1,0,2,102
17432,40868.73125,2,365.76,4,2,2,422
17433,40798.6,1,303.16,2,0,2,202
17434,40884.55278,9,2348.42,5,5,5,555
17436,40885.52083,2,216.3,5,2,1,521
17438,40639.71944,2,378.3,1,2,2,122
17440,40739.44167,5,177.1,2,4,1,241
17442,40857.62083,10,2227.26,4,5,5,455
17443,40667.44931,1,534.24,1,0,3,103
17444,40739.50347,3,2940.04,2,3,5,235
17446,40710.44583,2,120.9,2,2,1,221
17447,40846.59583,2,541.53,3,2,3,323
17448,40742.51806,1,-4287.63,2,0,0,200
17449,40884.70556,8,2505.31,5,5,5,555
17450,40878.56181,55,187734.17,5,5,5,555
17451,40885.62639,8,1648.95,5,5,4,554
17453,40869.40417,2,486.72,4,2,3,423
17454,40694.58194,4,517.53,1,3,3,133
17455,40683.52153,1,131.7,1,0,1,101
17456,40521.64097,1,249.86,1,0,2,102
17457,40760.53333,5,1737.7,2,4,4,244
17458,40871.54236,1,316.5,4,0,2,402
17459,40843.55903,2,657.3,3,2,3,323
17460,40808.45694,8,452.63,2,5,2,252
17461,40864.43125,3,735.82,4,3,3,433
17462,40835.56667,3,662.94,3,3,3,333
17463,40870.56944,6,1860.81,4,4,4,444
17464,40728.55486,1,289.96,2,0,2,202
17466,40876.55208,2,763.28,5,2,3,523
17468,40876.64792,2,137,5,2,1,521
17469,40870.55208,6,1843.06,4,4,4,444
17470,40842.52917,5,1125.07,3,4,4,344
17472,40695.62292,3,697.54,1,3,3,133
17475,40807.62153,1,194.37,2,0,1,201
17480,40813.43125,2,506.51,2,2,3,223
17481,40883.51944,5,1249.34,5,4,4,544
17483,40821.54861,3,414.04,3,3,2,332
17486,40625.58333,1,396.87,1,0,2,102
17489,40828.37222,2,376.64,3,2,2,322
17490,40886.38056,11,1926.88,5,5,4,554
17491,40885.67917,11,3573.12,5,5,5,555
17492,40638.63958,1,374.57,1,0,2,102
17495,40879.50556,2,497.56,5,2,3,523
17496,40528.36042,1,271.05,1,0,2,102
17498,40811.51736,1,272.22,2,0,2,202
17499,40597.38472,1,622.88,1,0,3,103
17500,40869.60069,3,1138,4,3,4,434
17501,40666.40764,2,288.6,1,2,2,122
17502,40877.55069,4,689.1,5,3,3,533
17503,40884.3875,2,564,5,2,3,523
17504,40680.54097,10,2793.28,1,5,5,155
17505,40725.53472,2,1145.84,2,2,4,224
17506,40816.5375,2,294.29,3,2,2,322
17507,40625.49167,2,605.58,1,2,3,123
17508,40606.34028,1,387.31,1,0,2,102
17509,40829.51111,11,6100.74,3,5,5,355
17510,40862.41667,1,308.48,4,0,2,402
17511,40884.425,47,90631.38,5,5,5,555
17512,40858.50764,11,2920.04,4,5,5,455
17513,40814.69583,1,513.2,2,0,3,203
17514,40758.65625,1,208.65,2,0,1,201
17515,40855.58611,4,639.02,4,3,3,433
17516,40871.70208,5,764.88,4,4,3,443
17517,40578.49167,1,153.94,1,0,1,101
17519,40869.69653,7,1839.07,4,4,4,444
17520,40833.50278,1,546.81,3,0,3,303
17521,40862.58333,4,721.96,4,3,3,433
17522,40885.52153,5,1070.71,5,4,4,544
17523,40875.55556,4,652.74,4,3,3,433
17524,40525.60556,1,145,1,0,1,101
17525,40527.50347,1,422.7,1,0,2,102
17526,40885.78889,7,721.7,5,4,3,543
17527,40833.52222,6,888.86,3,4,3,343
17528,40885.56042,11,3586.14,5,5,5,555
17530,40885.77917,11,2367.12,5,5,5,555
17531,40766.42986,2,293.45,2,2,2,222
17534,40833.53264,1,223.36,3,0,1,301
17535,40606.63889,1,164.4,1,0,1,101
17536,40709.55764,1,76.5,2,0,1,201
17537,40857.45556,2,887.67,4,2,3,423
17538,40861.50833,1,98.42,4,0,1,401
17540,40878.375,3,570.4,5,3,3,533
17542,40617.48958,1,170.75,1,0,1,101
17545,40843.58611,3,660.11,3,3,3,333
17547,40514.60347,1,-11.8,1,0,1,101
17548,40669.41667,3,-111.48,1,3,1,131
17549,40863.41597,2,148.86,4,2,1,421
17550,40689.58958,3,267.16,1,3,2,132
17551,40527.59167,1,290.34,1,0,2,102
17552,40844.50972,5,909.96,3,4,3,343
17553,40757.41667,1,1487.6,2,0,4,204
17554,40885.59375,5,1952.45,5,4,4,544
17555,40867.51528,2,480.31,4,2,3,423
17556,40681.45,1,157.9,1,0,1,101
17557,40872.53958,3,541.46,4,3,3,433
17560,40792.3875,5,854.95,2,4,3,243
17561,40867.53681,1,169.8,4,0,1,401
17562,40872.59792,8,1122.38,4,5,4,454
17564,40862.56042,3,454.01,4,3,2,432
17566,40878.82917,2,874.81,5,2,3,523
17567,40879.65833,10,4012.56,5,5,5,555
17569,40554.59375,1,344.14,1,0,2,102
17571,40836.66458,4,1425.67,3,3,4,334
17572,40815.74514,4,226.75,2,3,1,231
17573,40857.54236,3,362.9,4,3,2,432
17574,40644.40764,1,185.65,1,0,1,101
17576,40878.75833,21,3462.08,5,5,5,555
17578,40696.4875,2,124.74,1,2,1,121
17579,40882.51944,4,440.2,5,3,2,532
17580,40634.52847,3,215.72,1,3,1,131
17581,40886.51458,30,10931.11,5,5,5,555
17582,40650.55417,1,175.27,1,0,1,101
17584,40879.71667,3,1242.3,5,3,4,534
17585,40777.5625,4,1121.82,2,3,4,234
17588,40786.56736,3,1240.2,2,3,4,234
17589,40826.70694,4,2404.17,3,3,5,335
17590,40884.53819,3,1472.7,5,3,4,534
17591,40813.57083,8,2192.72,2,5,5,255
17593,40883.4375,6,3923.08,5,4,5,545
17594,40801.69028,2,993.18,2,2,4,224
17595,40874.67222,2,386.69,4,2,2,422
17596,40863.59097,7,2808.34,4,4,5,445
17597,40673.49583,1,2044.37,1,0,5,105
17600,40869.40486,1,161.67,4,0,1,401
17601,40647.75139,1,116.01,1,0,1,101
17602,40884.57847,9,5022.02,5,5,5,555
17603,40836.80486,5,-1165.3,3,4,0,340
17604,40669.57153,2,309.36,1,2,2,122
17608,40853.54583,2,191.99,3,2,1,321
17609,40846.51944,6,1097.48,3,4,4,344
17611,40883.40694,19,3924.77,5,5,5,555
17612,40833.62431,10,2007.76,3,5,4,354
17613,40864.45208,16,4519.77,4,5,5,455
17614,40829.66736,1,390.07,3,0,2,302
17615,40756.5875,3,329.6,2,3,2,232
17616,40713.42431,3,571.2,2,3,3,233
17618,40881.49306,3,930.28,5,3,4,534
17619,40574.59583,1,214.37,1,0,1,101
17620,40827.50556,1,81.44,3,0,1,301
17621,40865.71597,4,1336.1,4,3,4,434
17623,40854.48056,1,527.05,3,0,3,303
17624,40872.45278,2,843.48,4,2,3,423
17625,40868.56667,4,2022.9,4,3,5,435
17628,40805.63958,1,75.75,2,0,1,201
17629,40881.45556,9,1814.12,5,5,4,554
17630,40717.49861,2,503.6,2,2,3,223
17631,40885.40764,3,528.33,5,3,3,533
17633,40855.55903,6,1277.14,4,4,4,444
17634,40850.54792,9,2358.59,3,5,5,355
17636,40878.35347,2,265.93,5,2,2,522
17637,40855.53542,2,547.06,4,2,3,423
17639,40610.64028,1,108.5,1,0,1,101
17640,40800.38403,1,621.66,2,0,3,203
17642,40767.38264,2,712.29,2,2,3,223
17643,40513.60972,1,101.55,1,0,1,101
17644,40885.57153,17,2768.98,5,5,5,555
17646,40667.55347,4,995.66,1,3,4,134
17647,40821.65139,1,133.06,3,0,1,301
17648,40826.40347,5,1789.55,3,4,4,344
17649,40752.45139,2,861.74,2,2,3,223
17650,40865.61944,1,166.08,4,0,1,401
17651,40875.43681,14,3886.67,4,5,5,455
17652,40861.53819,18,4737.13,4,5,5,455
17653,40857.60139,5,1175.88,4,4,4,444
17654,40609.55347,1,117.55,1,0,1,101
17655,40876.48194,8,2571.74,5,5,5,555
17656,40813.54444,5,1674.69,2,4,4,244
17658,40876.49097,3,510.88,5,3,3,533
17659,40883.39514,14,2954.75,5,5,5,555
17660,40745.56736,1,178.75,2,0,1,201
17663,40861.37222,9,1788.27,4,5,4,454
17664,40868.47847,2,604.64,4,2,3,423
17666,40883.37917,2,728.16,5,2,3,523
17667,40820.60556,5,2055.51,3,4,5,345
17668,40885.55903,2,347.75,5,2,2,522
17669,40844.37014,7,3406.72,3,4,5,345
17670,40659.38333,1,205.7,1,0,1,101
17671,40871.51458,6,1404.08,4,4,4,444
17672,40843.45556,4,3106.62,3,3,5,335
17673,40885.54583,7,1588.07,5,4,4,544
17674,40812.56597,2,551.04,2,2,3,223
17675,40885.75208,41,20098.1,5,5,5,555
17676,40882.63611,7,1383.27,5,4,4,544
17677,40885.41389,43,16201.37,5,5,5,555
17678,40623.49444,1,298.11,1,0,2,102
17679,40834.32153,2,1992.11,3,2,4,324
17680,40863.52917,1,184.4,4,0,1,401
17682,40876.66597,7,2474.33,5,4,5,545
17684,40843.46528,1,239.41,3,0,2,302
17685,40870.48333,7,3191.53,4,4,5,445
17686,40879.65208,7,5739.46,5,4,5,545
17690,40856.63681,16,4717.3,4,5,5,455
17691,40528.72222,2,290.4,1,2,2,122
17692,40759.58403,5,733.44,2,4,3,243
17693,40750.71667,3,187.02,2,3,1,231
17694,40745.5,1,283.12,2,0,2,202
17695,40755.44444,2,765.34,2,2,3,223
17696,40848.57153,14,2201.05,3,5,5,355
17697,40650.65278,1,338.95,1,0,2,102
17698,40626.48194,1,154.95,1,0,1,101
17700,40870.49375,6,2508.89,4,4,5,445
17701,40634.51736,1,417.95,1,0,2,102
17702,40856.66875,6,1736.72,4,4,4,444
17703,40851.66042,3,798.74,3,3,3,333
17704,40718.40278,2,885.19,2,2,3,223
17705,40883.57292,10,1796.12,5,5,4,554
17706,40882.56528,20,10098.37,5,5,5,555
17707,40701.62708,2,152.4,1,2,1,121
17708,40699.425,2,263.33,1,2,2,122
17709,40717.49653,1,137.45,2,0,1,201
17711,40876.48611,2,385.1,5,2,2,522
17712,40842.51944,1,522.91,3,0,3,303
17714,40566.43889,1,153,1,0,1,101
17715,40686.52222,1,326.4,1,0,2,102
17716,40864.5,12,5625.79,4,5,5,455
17718,40654.56875,1,139.35,1,0,1,101
17719,40849.44167,18,5382.8,3,5,5,355
17720,40860.62778,4,1195.94,4,3,4,434
17722,40790.64028,6,2410.64,2,4,5,245
17723,40759.77569,6,3276.4,2,4,5,245
17724,40829.45347,4,995.65,3,3,4,334
17725,40870.69028,14,3371.13,4,5,5,455
17727,40877.63958,2,1042.55,5,2,4,524
17728,40883.36944,5,2515.68,5,4,5,545
17730,40883.65486,15,5288.83,5,5,5,555
17731,40807.62639,5,961.2,2,4,4,244
17732,40514.39514,1,303.97,1,0,2,102
17733,40848.34444,2,692.19,3,2,3,323
17734,40833.52292,3,700.63,3,3,3,333
17735,40884.69931,19,13110.02,5,5,5,555
17736,40877.65,4,337.49,5,3,2,532
17737,40877.63611,2,168.24,5,2,1,521
17738,40867.62847,5,1863.35,4,4,4,444
17739,40875.38333,8,2786.05,4,5,5,455
17742,40773.64444,2,355.11,2,2,2,222
17744,40883.50764,7,2306.68,5,4,5,545
17746,40652.47639,2,98.8,1,2,1,121
17747,40786.56181,2,64.65,2,2,1,221
17749,40708.65625,2,674.52,1,2,3,123
17750,40881.58958,9,1725.21,5,5,4,554
17752,40527.67986,1,80.64,1,0,1,101
17754,40886.47222,6,1632.31,5,4,4,544
17757,40885.64653,31,5573.59,5,5,5,555
17758,40867.61458,9,3453.75,4,5,5,455
17759,40869.66806,3,819.96,4,3,3,433
17760,40865.45556,2,287.59,4,2,2,422
17761,40854.43264,1,712.78,3,0,3,303
17763,40623.60069,1,15,1,0,1,101
17764,40836.46042,2,772.55,3,2,3,323
17765,40728.52847,3,367.63,2,3,2,232
17767,40871.6125,1,271.2,4,0,2,402
17768,40878.55694,3,2081.9,5,3,5,535
17769,40874.47083,12,3920.08,4,5,5,455
17770,40688.52361,5,1143.27,1,4,4,144
17771,40830.48819,2,245.81,3,2,2,322
17772,40876.46181,2,173.45,5,2,1,521
17774,40790.53403,5,1203.78,2,4,4,244
17775,40632.45139,1,56.4,1,0,1,101
17777,40862.50139,3,652.46,4,3,3,433
17779,40865.59375,5,642.17,4,4,3,443
17781,40727.66667,2,188.02,2,2,1,221
17783,40814.67153,2,283.47,2,2,2,222
17785,40833.57153,1,131.94,3,0,1,301
17786,40801.53542,2,267.24,2,2,2,222
17787,40734.475,4,1817.54,2,3,4,234
17788,40813.42292,2,1117.9,2,2,4,224
17789,40605.55139,1,225.9,1,0,1,101
17790,40860.47917,14,1965.55,4,5,4,454
17791,40857.50625,1,106.1,4,0,1,401
17793,40861.6,1,300.34,4,0,2,402
17795,40707.525,2,342.83,1,2,2,122
17796,40846.65139,4,690,3,3,3,333
17797,40864.55625,3,799.18,4,3,3,433
17799,40864.63611,12,3024.19,4,5,5,455
17800,40849.53958,9,1199.01,3,5,4,354
17802,40804.62222,4,1251.84,2,3,4,234
17805,40813.49236,1,512.31,2,0,3,203
17806,40875.59167,1,552.52,5,0,3,503
17809,40870.54167,15,4693.62,4,5,5,455
17811,40882.57361,51,7619.51,5,5,5,555
17812,40874.49097,4,699.81,4,3,3,433
17813,40872.67569,7,1711.5,4,4,4,444
17816,40850.48194,4,36.56,3,3,1,331
17817,40882.61042,3,387.68,5,3,2,532
17819,40815.45278,8,3661.07,2,5,5,255
17820,40695.63472,2,-24.05,1,2,1,121
17824,40835.59306,1,298.4,3,0,2,302
17827,40881.625,5,1987.33,5,4,4,544
17828,40878.39861,9,1729.97,5,5,4,554
17829,40588.53194,1,889.24,1,0,3,103
17830,40885.51944,3,398.7,5,3,2,532
17831,40853.63125,1,35.4,3,0,1,301
17832,40837.48819,1,164.73,3,0,1,301
17835,40884.49167,3,346.92,5,3,2,532
17836,40839.67569,1,110.21,3,0,1,301
17837,40844.67708,10,1523.03,3,5,4,354
17838,40860.48472,6,2481,4,4,5,445
17839,40844.72708,1,318.15,3,0,2,302
17841,40885.50486,168,40024.47,5,5,5,555
17843,40583.64792,1,205.48,1,0,1,101
17844,40780.47708,1,51.56,2,0,1,201
17846,40801.63889,1,2033.1,2,0,5,205
17848,40805.70069,9,901.2,2,5,3,253
17849,40668.57361,4,605.8,1,3,3,133
17850,40584.60972,34,5303.48,1,5,5,155
17852,40875.525,2,114.34,4,2,1,421
17854,40701.68125,2,311.26,1,2,2,122
17855,40514.40556,1,208.97,1,0,1,101
17856,40885.40278,6,1393.79,5,4,4,544
17857,40883.57014,25,26763.34,5,5,5,555
17858,40881.49722,12,5140.66,5,5,5,555
17859,40582.43889,1,141.92,1,0,1,101
17860,40518.52847,1,226.45,1,0,1,101
17861,40883.68125,9,2056.28,5,5,5,555
17862,40563.51597,1,330.9,1,0,2,102
17863,40827.57292,6,3160,3,4,5,345
17864,40874.46875,3,589.94,4,3,3,433
17865,40856.50556,27,10273.14,4,5,5,455
17866,40744.46458,2,325.7,2,2,2,222
17867,40856.59375,8,583.52,4,5,3,453
17869,40779.67778,5,428.18,2,4,2,242
17870,40884.62986,13,1868.57,5,5,4,554
17871,40682.48056,1,155.9,1,0,1,101
17873,40806.69514,6,1764.36,2,4,4,244
17874,40701.5375,7,658.26,1,4,3,143
17877,40716.54167,1,237.61,2,0,1,201
17878,40843.475,1,379.45,3,0,2,302
17879,40713.525,1,178.52,2,0,1,201
17880,40522.43125,1,458.92,1,0,2,102
17881,40582.71944,1,133.35,1,0,1,101
17883,40883.74236,4,664.34,5,3,3,533
17884,40883.48125,4,695.07,5,3,3,533
17885,40874.61111,1,156.34,4,0,1,401
17886,40855.42292,3,869.28,3,3,3,333
17887,40757.72847,1,111.35,2,0,1,201
17888,40868.42917,10,587.73,4,5,3,453
17889,40674.68472,2,201.37,1,2,1,121
17890,40564.47153,2,586.89,1,2,3,123
17891,40724.83889,1,203.86,2,0,1,201
17892,40830.70069,3,244.1,3,3,2,332
17893,40661.57639,1,107.21,1,0,1,101
17894,40815.39097,8,1118.96,2,5,4,254
17895,40842.70833,1,95.45,3,0,1,301
17896,40863.58264,1,256.32,4,0,2,402
17897,40714.47431,4,516.31,2,3,3,233
17898,40801.62222,2,152.06,2,2,1,221
17899,40727.62361,1,154.55,2,0,1,201
17900,40722.50625,4,60,2,3,1,231
17901,40857.72847,1,110.38,4,0,1,401
17904,40865.58125,2,168.32,4,2,1,421
17905,40815.73125,4,798.99,2,3,3,233
17906,40639.72569,1,72.9,1,0,1,101
17908,40513.48958,1,232.03,0,0,1,001
17911,40877.61944,1,366.23,5,0,2,502
17912,40576.60069,6,294.66,1,4,2,142
17913,40828.44792,2,411.6,3,2,2,322
17914,40883.49861,1,329.36,5,0,2,502
17917,40841.55556,3,335.03,3,3,2,332
17919,40798.57014,1,1304.04,2,0,4,204
17920,40882.60347,17,4122.45,5,5,5,555
17921,40822.78889,4,820.23,3,3,3,333
17923,40604.63542,1,207.5,1,0,1,101
17924,40885.81111,13,2894.33,5,5,5,555
17925,40514.42361,1,244.08,1,0,2,102
17926,40753.61042,2,397.29,2,2,2,222
17928,40841.57778,2,212.54,3,2,1,321
17929,40875.66736,5,834.5,5,4,3,543
17930,40851.43264,5,1740.48,3,4,4,344
17931,40752.77292,2,408.36,2,2,2,222
17932,40857.82569,3,1331.57,4,3,4,434
17934,40835.46944,2,704.25,3,2,3,323
17935,40748.55417,2,145.79,2,2,1,221
17936,40881.56389,1,380.13,5,0,2,502
17937,40878.48958,7,4301.22,5,4,5,545
17939,40727.51875,1,99.14,2,0,1,201
17940,40837.56042,14,2152.18,3,5,5,355
17941,40756.35417,1,304.56,2,0,2,202
17942,40879.44792,1,77.5,5,0,1,501
17946,40653.70833,2,149.58,1,2,1,121
17947,40849.54514,1,176.68,3,0,1,301
17948,40739.54028,1,358.56,2,0,2,202
17949,40885.78194,52,53230.84,5,5,5,555
17950,40814.6375,4,472.12,2,3,3,233
17951,40847.52083,4,990.84,3,3,4,334
17954,40881.59375,16,2286.14,5,5,5,555
17955,40688.5,4,557.3,1,3,3,133
17956,40637.57431,1,12.75,1,0,1,101
17957,40820.62361,1,111.68,3,0,1,301
17958,40770.51319,1,508.46,2,0,3,203
17960,40715.59375,1,73.78,2,0,1,201
17961,40865.70486,39,1296.44,4,5,4,454
17962,40744.59444,1,102.41,2,0,1,201
17964,40855.44722,2,463.21,3,2,2,322
17965,40849.39653,14,2611.64,3,5,5,355
17966,40849.43472,5,1098.43,3,4,4,344
17967,40515.47153,1,112.27,1,0,1,101
17968,40513.51597,1,265.1,1,0,2,102
17969,40720.54167,2,228.2,2,2,1,221
17970,40675.83542,1,562.79,1,0,3,103
17972,40645.51111,1,135.19,1,0,1,101
17973,40835.44028,1,337.04,3,0,2,302
17974,40862.48403,3,709.03,4,3,3,433
17975,40871.56042,14,4388.06,4,5,5,455
17976,40514.57569,1,321.79,1,0,2,102
17977,40857.56111,1,288.14,4,0,2,402
17978,40521.58681,1,300.92,1,0,2,102
17979,40851.50347,4,712.51,3,3,3,333
17980,40721.50069,3,811.45,2,3,3,233
17984,40741.66597,1,152.68,2,0,1,201
17985,40864.6,1,631.35,4,0,3,403
17986,40830.59861,1,20.8,3,0,1,301
17987,40701.59861,1,198.57,1,0,1,101
17988,40875.45833,8,191.17,4,5,1,451
17990,40650.48889,3,630.84,1,3,3,133
17991,40661.66528,2,93.35,1,2,1,121
17994,40765.48819,6,651.09,2,4,3,243
17995,40605.52083,1,76.1,1,0,1,101
17997,40812.67569,12,1503.09,2,5,4,254
17999,40849.66389,2,381.04,3,2,2,322
18001,40874.66806,2,417.23,4,2,2,422
18004,40524.57431,1,157.92,1,0,1,101
18005,40883.49375,2,228.57,5,2,1,521
18006,40863.70278,1,444.68,4,0,2,402
18008,40816.63681,9,2116.19,3,5,5,355
18009,40651.57778,2,242.29,1,2,2,122
18010,40630.51875,1,174.8,1,0,1,101
18011,40513.73264,1,102.79,1,0,1,101
18013,40731.59097,2,187.29,2,2,1,221
18014,40858.64444,1,162.22,4,0,1,401
18015,40882.61736,1,120.03,5,0,1,501
18016,40854.55903,5,1477.66,3,4,4,344
18017,40805.67708,3,523,2,3,3,233
18018,40778.73403,2,122.14,2,2,1,221
18019,40835.50694,1,38.45,3,0,1,301
18022,40851.53125,1,617.76,3,0,3,303
18024,40734.52778,3,389.78,2,3,2,232
18027,40788.44306,1,115.31,2,0,1,201
18030,40882.69236,3,220.7,5,3,1,531
18032,40552.64722,1,73.5,1,0,1,101
18033,40821.72778,1,97.97,3,0,1,301
18034,40865.51528,2,419.07,4,2,2,422
18035,40851.52708,3,718.93,3,3,3,333
18036,40854.61111,3,403.12,3,3,2,332
18037,40732.56875,6,70.02,2,4,1,241
18040,40867.59722,2,357.2,4,2,2,422
18041,40875.48542,22,4129.5,4,5,5,455
18042,40833.49236,1,165.05,3,0,1,301
18043,40862.53333,3,529.29,4,3,3,433
18044,40882.60139,11,2085.65,5,5,5,555
18045,40841.54653,1,178.34,3,0,1,301
18048,40683.62361,2,172.29,1,2,1,121
18050,40527.60069,1,74.4,1,0,1,101
18053,40820.72986,2,297.07,3,2,2,322
18055,40879.60069,11,6729.29,5,5,5,555
18056,40598.60208,1,363.65,1,0,2,102
18058,40877.35972,1,170.16,5,0,1,501
18059,40877.70972,4,296.71,5,3,2,532
18061,40865.47222,10,2119.41,4,5,5,455
18062,40713.61597,3,720.52,2,3,3,233
18064,40753.69375,2,814,2,2,3,223
18065,40881.4375,12,2380.08,5,5,5,555
18066,40811.64583,1,318,2,0,2,202
18067,40846.66528,1,396.33,3,0,2,302
18068,40597.61806,1,101.7,1,0,1,101
18069,40860.67014,7,1999.64,4,4,4,444
18071,40629.49931,2,453,1,2,2,122
18072,40731.72361,2,99,2,2,1,221
18073,40772.58472,13,3846.74,2,5,5,255
18074,40513.41181,1,489.6,0,0,3,003
18075,40863.63958,14,2538.72,4,5,5,455
18077,40878.56389,11,2594.91,5,5,5,555
18078,40669.60556,2,336.13,1,2,2,122
18079,40841.64375,4,3618.19,3,3,5,335
18080,40868.33472,2,1231.5,4,2,4,424
18081,40850.6875,3,343.45,3,3,2,332
18082,40861.53125,1,680.84,4,0,3,403
18084,40870.58125,2,87.53,4,2,1,421
18085,40556.63681,2,689.95,1,2,3,123
18086,40612.56528,1,101.34,1,0,1,101
18087,40788.63333,4,3770.12,2,3,5,235
18088,40825.57014,1,167.67,3,0,1,301
18092,40884.55139,12,9065.76,5,5,5,555
18093,40793.65486,5,2083.42,2,4,5,245
18094,40805.39444,7,3017.3,2,4,5,245
18095,40574.53472,2,580.05,1,2,3,123
18096,40875.53056,3,897.85,4,3,3,433
18097,40879.46944,7,2657.45,5,4,5,545
18099,40759.66111,1,168.31,2,0,1,201
18101,40875.56736,2,222.4,5,2,1,521
18102,40886.49306,57,256438.49,5,5,5,555
18104,40849.58819,1,754.64,3,0,3,303
18105,40849.50278,1,113.48,3,0,1,301
18106,40557.51597,1,421.9,1,0,2,102
18108,40638.35069,2,264.65,1,2,2,122
18109,40885.48333,31,7888.77,5,5,5,555
18110,40867.54097,2,168.55,4,2,1,421
18112,40874.61319,2,352.69,4,2,2,422
18113,40518.52153,1,76.32,1,0,1,101
18114,40596.55556,1,220.1,1,0,1,101
18116,40819.45833,8,1403.11,3,5,4,354
18117,40861.53264,1,334.37,4,0,2,402
18118,40876.48056,31,5570.37,5,5,5,555
18119,40519.49931,1,180.7,1,0,1,101
18120,40672.57292,1,111.15,1,0,1,101
18121,40737.53681,2,653.3,2,2,3,223
18122,40878.54722,6,1793.06,5,4,4,544
18123,40862.59931,2,574.44,4,2,3,423
18125,40857.52014,5,1141.35,4,4,4,444
18126,40826.51319,1,206.83,3,0,1,301
18127,40867.58681,3,359.83,4,3,2,432
18129,40643.59444,1,112.55,1,0,1,101
18130,40878.36181,4,1058.49,5,3,4,534
18133,40675.63819,2,931.5,1,2,4,124
18135,40857.81389,5,681.91,4,4,3,443
18136,40823.65278,4,761.83,3,3,3,333
18138,40591.61875,1,152.65,1,0,1,101
18139,40869.67917,8,8423.46,4,5,5,455
18141,40526.46458,1,-35.4,1,0,1,101
18142,40735.56528,4,1014.9,2,3,4,234
18143,40770.50486,2,1000.16,2,2,4,224
18144,40879.53194,12,2888.75,5,5,5,555
18145,40874.47361,4,2861.55,4,3,5,435
18146,40746.50556,2,160.35,2,2,1,221
18147,40841.49028,2,179.34,3,2,1,321
18149,40836.50278,3,612.08,3,3,3,333
18150,40854.70069,3,566.58,3,3,3,333
18151,40752.48264,2,653.35,2,2,3,223
18154,40883.69514,2,399.19,5,2,2,522
18155,40811.56389,4,347.82,2,3,2,232
18156,40874.51667,2,695.44,4,2,3,423
18158,40877.67986,3,451.75,5,3,2,532
18159,40585.60139,1,530.15,1,0,3,103
18160,40829.65972,2,638.06,3,2,3,323
18161,40876.65139,6,1612.79,5,4,4,544
18164,40855.74236,2,394.7,4,2,2,422
18165,40709.55764,1,302.46,2,0,2,202
18167,40883.40903,6,1367.51,5,4,4,544
18168,40710.80625,8,1123.74,2,5,4,254
18169,40826.5125,1,202.65,3,0,1,301
18170,40853.60764,3,980.31,3,3,4,334
18171,40828.38403,7,1208.51,3,4,4,344
18172,40872.46667,22,7490.17,4,5,5,455
18173,40800.47639,4,2106.84,2,3,5,235
18174,40879.70556,1,104,5,0,1,501
18176,40533.52292,2,448.65,1,2,2,122
18177,40855.61389,6,1313.62,4,4,4,444
18178,40773.27361,6,1573.41,2,4,4,244
18179,40877.68264,6,1793.17,5,4,4,544
18180,40882.36042,6,1843.75,5,4,4,544
18181,40862.63056,1,366.85,4,0,2,402
18183,40668.74097,6,600.52,1,4,3,143
18184,40871.64444,1,49.8,4,0,1,401
18185,40637.57083,1,304.25,1,0,2,102
18188,40871.69861,4,1998.49,4,3,4,434
18189,40809.52778,3,1084.34,2,3,4,234
18190,40694.61667,3,274.51,1,3,2,132
18191,40625.50556,1,207.8,1,0,1,101
18192,40815.41181,1,957.97,2,0,4,204
18193,40736.45556,3,212.96,2,3,1,231
18194,40822.82917,2,922,3,2,4,324
18196,40791.68194,2,689.13,2,2,3,223
18198,40882.61736,21,5083.06,5,5,5,555
18200,40780.78125,1,163.8,2,0,1,201
18202,40687.50833,3,1396.99,1,3,4,134
18203,40729.54653,1,160.42,2,0,1,201
18204,40815.69722,4,1970.85,2,3,4,234
18205,40850.55694,2,517.36,3,2,3,323
18209,40858.50486,1,139.1,4,0,1,401
18210,40885.45972,6,2621.38,5,4,5,545
18211,40861.34028,5,600.07,4,4,3,443
18212,40560.67639,1,216.07,1,0,1,101
18213,40650.43125,1,232.48,1,0,1,101
18215,40797.67014,1,299.34,2,0,2,202
18216,40855.70486,1,481.75,4,0,3,403
18217,40857.55417,2,621.75,4,2,3,423
18218,40680.59444,4,606.22,1,3,3,133
18219,40884.48819,11,2069.77,5,5,5,555
18220,40667.47431,2,302.78,1,2,2,122
18221,40864.61111,6,1033.31,4,4,4,444
18222,40794.44792,1,443,2,0,2,202
18223,40885.49375,27,6315.23,5,5,5,555
18224,40623.4375,1,158.95,1,0,1,101
18225,40883.56042,17,5356.86,5,5,5,555
18226,40848.41458,14,5192.1,3,5,5,355
18227,40669.51597,1,93.75,1,0,1,101
18228,40836.80625,3,769.2,3,3,3,333
18229,40875.40833,20,7276.9,4,5,5,455
18230,40877.55694,10,2716.6,5,5,5,555
18231,40694.59583,6,2069.67,1,4,5,145
18232,40805.49236,5,582.47,2,4,3,243
18233,40561.36389,1,440,1,0,2,102
18235,40815.35208,3,1796.48,2,3,4,234
18236,40857.3375,6,882.24,4,4,3,443
18237,40884.53403,5,987.1,5,4,4,544
18239,40668.52639,5,1561.61,1,4,4,144
18240,40840.54583,1,422.58,3,0,2,302
18241,40877.50694,18,2073.09,5,5,5,555
18242,40814.57153,4,2232.49,2,3,5,235
18245,40879.61667,8,2561.36,5,5,5,555
18246,40863.49236,2,596.1,4,2,3,423
18248,40773.25972,4,783.02,2,3,3,233
18249,40869.62986,1,95.34,4,0,1,401
18250,40585.58264,2,342.92,1,2,2,122
18251,40799.62708,1,4314.72,2,0,5,205
18252,40836.52986,2,518.27,3,2,3,323
18255,40797.55278,1,103.3,2,0,1,201
18256,40532.35208,1,-50.1,1,0,1,101
18257,40847.61667,12,2280.38,3,5,5,355
18259,40862.52361,3,2338.6,4,3,5,435
18260,40714.52569,8,2580.15,2,5,5,255
18261,40843.65,2,324.24,3,2,2,322
18262,40746.66944,1,149.48,2,0,1,201
18263,40863.67986,4,1211.08,4,3,4,434
18265,40814.59028,2,801.51,2,2,3,223
18268,40752.80069,2,0,2,2,1,221
18269,40528.65208,2,138.9,1,2,1,121
18270,40848.58125,3,238.95,3,3,2,332
18272,40884.52986,7,3064.78,5,4,5,545
18273,40884.55278,3,255,5,3,2,532
18274,40869.42917,2,30,4,2,1,421
18276,40865.70903,3,323.36,4,3,2,432
18277,40828.64028,2,97.63,3,2,1,321
18278,40813.49861,1,173.9,2,0,1,201
18280,40609.41111,1,180.6,1,0,1,101
18281,40706.45347,1,80.82,1,0,1,101
18282,40879.48819,3,176.6,5,3,1,531
18283,40883.50139,16,2045.53,5,5,5,555
18287,40844.39514,3,1837.28,3,3,4,334
